/*******************************************************************************
 * Size: 16 px
 * Bpp: 4
 * Opts: --no-compress --no-prefilter --bpp 4 --size 16 --format lvgl --lv-font-name ui_font_ru_16 --font arial.ttf -r 0x20-0x7F,0x400-0x45F,0xB0,0xAB,0xBB,0x2010-0x2027,0x2116,0x20BD,0x2190-0x2193 --font lvgl-symbols.woff -r 0xF000-0xF2FF,0xF304,0xF55A,0xF7C2,0xF8A2 -o ../../src/ui/fonts/ui_font_ru_16.c
 ******************************************************************************/

#ifdef LV_LVGL_H_INCLUDE_SIMPLE
#include "lvgl.h"
#else
#include "lvgl.h"
#endif

#ifndef UI_FONT_RU_16
#define UI_FONT_RU_16 1
#endif

#if UI_FONT_RU_16

/*-----------------
 *    BITMAPS
 *----------------*/

/*Store the image of the glyphs*/
static LV_ATTRIBUTE_LARGE_CONST const uint8_t glyph_bitmap[] = {
    /* U+0020 " " */

    /* U+0021 "!" */
    0xaf, 0x2a, 0xf2, 0x9f, 0x19, 0xf1, 0x8f, 0x7,
    0xf0, 0x5e, 0x4, 0xd0, 0x3c, 0x0, 0x10, 0x6b,
    0x9, 0xf1,

    /* U+0022 "\"" */
    0x4f, 0x5a, 0xf4, 0xf5, 0xaf, 0x2f, 0x49, 0xd0,
    0xf1, 0x6b, 0x4, 0x1, 0x20,

    /* U+0023 "#" */
    0x0, 0xe, 0x40, 0x4e, 0x0, 0x2, 0xf0, 0x7,
    0xa0, 0x0, 0x5d, 0x0, 0xb7, 0xd, 0xff, 0xff,
    0xff, 0xfb, 0x33, 0xd8, 0x35, 0xf4, 0x20, 0xf,
    0x30, 0x5d, 0x0, 0x3, 0xf0, 0x8, 0xa0, 0xd,
    0xff, 0xff, 0xff, 0xfb, 0x2a, 0xa3, 0x3f, 0x63,
    0x20, 0xb6, 0x1, 0xf1, 0x0, 0xe, 0x30, 0x4e,
    0x0, 0x1, 0xf1, 0x7, 0xb0, 0x0,

    /* U+0024 "$" */
    0x0, 0x0, 0x60, 0x0, 0x0, 0x5, 0xaf, 0x93,
    0x0, 0x8, 0xfa, 0xec, 0xf3, 0x0, 0xf8, 0xd,
    0xd, 0xa0, 0x2f, 0x40, 0xd0, 0x43, 0x1, 0xf8,
    0xd, 0x0, 0x0, 0x9, 0xfa, 0xd0, 0x0, 0x0,
    0x7, 0xef, 0xf9, 0x0, 0x0, 0x0, 0xd8, 0xf9,
    0x0, 0x0, 0xd, 0x8, 0xf0, 0x3c, 0x10, 0xd0,
    0x5f, 0x13, 0xf6, 0xd, 0x8, 0xf0, 0xc, 0xf6,
    0xd7, 0xf7, 0x0, 0x1a, 0xff, 0xe8, 0x0, 0x0,
    0x0, 0xd0, 0x0, 0x0, 0x0, 0x6, 0x0, 0x0,

    /* U+0025 "%" */
    0x3, 0xdf, 0xb1, 0x0, 0x9, 0x80, 0x0, 0xd,
    0x81, 0xb9, 0x0, 0x2e, 0x10, 0x0, 0xf, 0x20,
    0x6c, 0x0, 0xa7, 0x0, 0x0, 0xe, 0x60, 0xaa,
    0x2, 0xe0, 0x0, 0x0, 0x4, 0xef, 0xc1, 0xb,
    0x70, 0x0, 0x0, 0x0, 0x1, 0x0, 0x3e, 0x6,
    0xdb, 0x20, 0x0, 0x0, 0x0, 0xb6, 0x3f, 0x38,
    0xc0, 0x0, 0x0, 0x4, 0xd0, 0x8a, 0x1, 0xf1,
    0x0, 0x0, 0xc, 0x50, 0xa9, 0x0, 0xf3, 0x0,
    0x0, 0x4d, 0x0, 0x8a, 0x1, 0xf2, 0x0, 0x0,
    0xd5, 0x0, 0x4e, 0x27, 0xd0, 0x0, 0x5, 0xc0,
    0x0, 0x8, 0xec, 0x20,

    /* U+0026 "&" */
    0x0, 0x9, 0xee, 0x80, 0x0, 0x0, 0x8, 0xe5,
    0x7f, 0x50, 0x0, 0x0, 0xda, 0x0, 0xd9, 0x0,
    0x0, 0xa, 0xe0, 0x1f, 0x50, 0x0, 0x0, 0x2f,
    0xbe, 0x90, 0x0, 0x0, 0x4, 0xef, 0xb0, 0x0,
    0x0, 0x6, 0xf8, 0x8f, 0x60, 0x83, 0x1, 0xf8,
    0x0, 0xbf, 0x8f, 0x40, 0x4f, 0x30, 0x0, 0xdf,
    0xd0, 0x2, 0xf8, 0x0, 0x8, 0xfc, 0x0, 0xa,
    0xf8, 0x5a, 0xfa, 0xfc, 0x10, 0x8, 0xef, 0xc5,
    0x5, 0xc0, 0x0, 0x0, 0x0, 0x0, 0x0, 0x0,

    /* U+0027 "'" */
    0x4f, 0x54, 0xf5, 0x3f, 0x31, 0xf1, 0x4, 0x0,

    /* U+0028 "(" */
    0x0, 0x9, 0x70, 0x3, 0xe0, 0x0, 0xc7, 0x0,
    0x3f, 0x10, 0x9, 0xc0, 0x0, 0xd9, 0x0, 0xf,
    0x70, 0x0, 0xf7, 0x0, 0xe, 0x70, 0x0, 0xd9,
    0x0, 0x8, 0xd0, 0x0, 0x3f, 0x10, 0x0, 0xc7,
    0x0, 0x4, 0xe0, 0x0, 0x9, 0x70,

    /* U+0029 ")" */
    0xb, 0x40, 0x0, 0x3e, 0x10, 0x0, 0xb8, 0x0,
    0x6, 0xe0, 0x0, 0x1f, 0x40, 0x0, 0xd8, 0x0,
    0xb, 0xa0, 0x0, 0xbb, 0x0, 0xc, 0xa0, 0x0,
    0xe8, 0x0, 0x1f, 0x40, 0x6, 0xe0, 0x0, 0xc7,
    0x0, 0x3e, 0x10, 0xc, 0x50, 0x0,

    /* U+002A "*" */
    0x0, 0x79, 0x0, 0x27, 0x78, 0x64, 0x3a, 0xff,
    0xb5, 0x2, 0xdd, 0x40, 0x9, 0x74, 0xc0, 0x0,
    0x0, 0x0,

    /* U+002B "+" */
    0x0, 0x0, 0x0, 0x0, 0x0, 0x0, 0xf, 0x50,
    0x0, 0x0, 0x0, 0xf5, 0x0, 0x0, 0x11, 0x1f,
    0x61, 0x10, 0x1f, 0xff, 0xff, 0xff, 0x70, 0x44,
    0x4f, 0x84, 0x42, 0x0, 0x0, 0xf5, 0x0, 0x0,
    0x0, 0xf, 0x50, 0x0, 0x0, 0x0, 0xf5, 0x0,
    0x0,

    /* U+002C "," */
    0x6b, 0x9, 0xf0, 0xd, 0x5, 0xa0, 0x20, 0x0,

    /* U+002D "-" */
    0x38, 0x88, 0x67, 0xff, 0xfd,

    /* U+002E "." */
    0x6b, 0x8, 0xf1,

    /* U+002F "/" */
    0x0, 0xd, 0x50, 0x1, 0xf0, 0x0, 0x5c, 0x0,
    0xa, 0x70, 0x0, 0xe3, 0x0, 0x3e, 0x0, 0x7,
    0xa0, 0x0, 0xc6, 0x0, 0xf, 0x10, 0x4, 0xd0,
    0x0, 0x98, 0x0, 0xd, 0x40, 0x0,

    /* U+0030 "0" */
    0x0, 0x5d, 0xfc, 0x40, 0x0, 0x5f, 0x84, 0xbf,
    0x20, 0xd, 0xa0, 0x0, 0xda, 0x1, 0xf5, 0x0,
    0x8, 0xe0, 0x3f, 0x20, 0x0, 0x6f, 0x14, 0xf2,
    0x0, 0x5, 0xf1, 0x4f, 0x10, 0x0, 0x5f, 0x13,
    0xf2, 0x0, 0x6, 0xf0, 0x1f, 0x40, 0x0, 0x8e,
    0x0, 0xd9, 0x0, 0xd, 0xa0, 0x5, 0xf8, 0x4a,
    0xf2, 0x0, 0x6, 0xdf, 0xc4, 0x0,

    /* U+0031 "1" */
    0x0, 0x4, 0xf0, 0x3, 0xef, 0x6, 0xfe, 0xf4,
    0xf7, 0x7f, 0x11, 0x7, 0xf0, 0x0, 0x7f, 0x0,
    0x7, 0xf0, 0x0, 0x7f, 0x0, 0x7, 0xf0, 0x0,
    0x7f, 0x0, 0x7, 0xf0, 0x0, 0x7f,

    /* U+0032 "2" */
    0x0, 0x7d, 0xfd, 0x60, 0x0, 0x8f, 0x74, 0x8f,
    0x70, 0xf, 0x70, 0x0, 0x9e, 0x1, 0x82, 0x0,
    0x7, 0xf0, 0x0, 0x0, 0x0, 0xcd, 0x0, 0x0,
    0x0, 0x6f, 0x50, 0x0, 0x0, 0x6f, 0x80, 0x0,
    0x0, 0x7f, 0x80, 0x0, 0x0, 0x9f, 0x60, 0x0,
    0x0, 0x7f, 0x50, 0x0, 0x0, 0x2f, 0xc7, 0x77,
    0x77, 0x6, 0xff, 0xff, 0xff, 0xf1,

    /* U+0033 "3" */
    0x0, 0x7d, 0xfc, 0x30, 0x0, 0x8f, 0x74, 0xbf,
    0x20, 0xf, 0x70, 0x0, 0xe8, 0x0, 0x31, 0x0,
    0xe, 0x80, 0x0, 0x0, 0x18, 0xf2, 0x0, 0x0,
    0x7f, 0xf8, 0x0, 0x0, 0x2, 0x37, 0xf8, 0x0,
    0x0, 0x0, 0x8, 0xf0, 0x16, 0x10, 0x0, 0x5f,
    0x21, 0xf7, 0x0, 0xa, 0xf0, 0xa, 0xf7, 0x49,
    0xf6, 0x0, 0x8, 0xdf, 0xd5, 0x0,

    /* U+0034 "4" */
    0x0, 0x0, 0xd, 0x90, 0x0, 0x0, 0x8, 0xf9,
    0x0, 0x0, 0x3, 0xfe, 0x90, 0x0, 0x0, 0xd7,
    0xd9, 0x0, 0x0, 0x8c, 0xd, 0x90, 0x0, 0x3f,
    0x20, 0xd9, 0x0, 0xd, 0x80, 0xd, 0x90, 0x8,
    0xd1, 0x11, 0xd9, 0x10, 0xcf, 0xff, 0xff, 0xff,
    0x23, 0x44, 0x44, 0xeb, 0x40, 0x0, 0x0, 0xd,
    0x90, 0x0, 0x0, 0x0, 0xd9, 0x0,

    /* U+0035 "5" */
    0x0, 0xff, 0xff, 0xfb, 0x0, 0x3f, 0x76, 0x66,
    0x40, 0x6, 0xf0, 0x0, 0x0, 0x0, 0x9c, 0x0,
    0x0, 0x0, 0xc, 0xcc, 0xff, 0x80, 0x0, 0xff,
    0x64, 0x9f, 0x90, 0x4, 0x20, 0x0, 0x9f, 0x10,
    0x0, 0x0, 0x4, 0xf3, 0x16, 0x10, 0x0, 0x5f,
    0x21, 0xf7, 0x0, 0xa, 0xe0, 0xa, 0xf6, 0x49,
    0xf5, 0x0, 0x8, 0xdf, 0xd5, 0x0,

    /* U+0036 "6" */
    0x0, 0x4c, 0xfe, 0x70, 0x0, 0x4f, 0x94, 0x7f,
    0x70, 0xc, 0xa0, 0x0, 0x8b, 0x1, 0xf4, 0x0,
    0x0, 0x0, 0x4f, 0x3b, 0xff, 0x80, 0x5, 0xfe,
    0x84, 0x9f, 0x70, 0x6f, 0x90, 0x0, 0x9e, 0x5,
    0xf4, 0x0, 0x5, 0xf1, 0x3f, 0x40, 0x0, 0x5f,
    0x10, 0xea, 0x0, 0xa, 0xd0, 0x6, 0xf8, 0x48,
    0xf5, 0x0, 0x5, 0xdf, 0xd6, 0x0,

    /* U+0037 "7" */
    0x3f, 0xff, 0xff, 0xff, 0x21, 0x66, 0x66, 0x6e,
    0xd0, 0x0, 0x0, 0x6, 0xf3, 0x0, 0x0, 0x1,
    0xf8, 0x0, 0x0, 0x0, 0x9e, 0x0, 0x0, 0x0,
    0x1f, 0x80, 0x0, 0x0, 0x7, 0xf1, 0x0, 0x0,
    0x0, 0xcb, 0x0, 0x0, 0x0, 0x1f, 0x60, 0x0,
    0x0, 0x4, 0xf2, 0x0, 0x0, 0x0, 0x7f, 0x0,
    0x0, 0x0, 0x9, 0xd0, 0x0, 0x0,

    /* U+0038 "8" */
    0x0, 0x6d, 0xfc, 0x40, 0x0, 0x6f, 0x84, 0xaf,
    0x30, 0xc, 0xa0, 0x0, 0xd9, 0x0, 0xda, 0x0,
    0xc, 0xa0, 0x6, 0xf4, 0x6, 0xf5, 0x0, 0xa,
    0xff, 0xf8, 0x0, 0xb, 0xe6, 0x48, 0xf6, 0x3,
    0xf5, 0x0, 0x8, 0xf0, 0x5f, 0x20, 0x0, 0x4f,
    0x22, 0xf5, 0x0, 0x7, 0xf1, 0xa, 0xf6, 0x47,
    0xf8, 0x0, 0x8, 0xef, 0xd6, 0x0,

    /* U+0039 "9" */
    0x0, 0x8e, 0xfb, 0x30, 0x0, 0xaf, 0x74, 0x9f,
    0x30, 0x2f, 0x70, 0x0, 0xab, 0x4, 0xf2, 0x0,
    0x6, 0xf0, 0x3f, 0x40, 0x0, 0x8f, 0x20, 0xdd,
    0x41, 0x5e, 0xf3, 0x2, 0xdf, 0xfd, 0x6f, 0x20,
    0x0, 0x23, 0x5, 0xf1, 0x5, 0x10, 0x0, 0x8e,
    0x0, 0xe7, 0x0, 0x1e, 0x90, 0x8, 0xf6, 0x4c,
    0xe1, 0x0, 0x8, 0xef, 0xb2, 0x0,

    /* U+003A ":" */
    0x8f, 0x6, 0xb0, 0x0, 0x0, 0x0, 0x0, 0x0,
    0x0, 0x0, 0x6, 0xb0, 0x8f, 0x0,

    /* U+003B ";" */
    0x9f, 0x6, 0xb0, 0x0, 0x0, 0x0, 0x0, 0x0,
    0x0, 0x0, 0x6, 0xb0, 0x9f, 0x0, 0xd0, 0x5a,
    0x2, 0x0,

    /* U+003C "<" */
    0x0, 0x0, 0x0, 0x0, 0x0, 0x0, 0x0, 0x3,
    0xa7, 0x0, 0x0, 0x5c, 0xfc, 0x30, 0x6, 0xdf,
    0xa3, 0x0, 0x1e, 0xe8, 0x10, 0x0, 0x1, 0xee,
    0x81, 0x0, 0x0, 0x0, 0x6d, 0xfa, 0x30, 0x0,
    0x0, 0x5, 0xcf, 0xc3, 0x0, 0x0, 0x0, 0x3b,
    0x70, 0x0, 0x0, 0x0, 0x0,

    /* U+003D "=" */
    0x1f, 0xff, 0xff, 0xff, 0x70, 0x66, 0x66, 0x66,
    0x62, 0x0, 0x0, 0x0, 0x0, 0x0, 0x11, 0x11,
    0x11, 0x10, 0x1f, 0xff, 0xff, 0xff, 0x70, 0x44,
    0x44, 0x44, 0x42,

    /* U+003E ">" */
    0x0, 0x0, 0x0, 0x0, 0x2, 0xd6, 0x0, 0x0,
    0x0, 0xa, 0xfe, 0x71, 0x0, 0x0, 0x1, 0x8e,
    0xf9, 0x20, 0x0, 0x0, 0x6, 0xdf, 0x60, 0x0,
    0x0, 0x6d, 0xf5, 0x0, 0x18, 0xef, 0x92, 0x0,
    0xaf, 0xe7, 0x10, 0x0, 0x2d, 0x60, 0x0, 0x0,
    0x0, 0x0, 0x0, 0x0, 0x0,

    /* U+003F "?" */
    0x0, 0x7d, 0xfd, 0x60, 0x0, 0x9f, 0x74, 0x8f,
    0x70, 0x1f, 0x80, 0x0, 0x9f, 0x1, 0x82, 0x0,
    0x6, 0xf0, 0x0, 0x0, 0x0, 0xcc, 0x0, 0x0,
    0x0, 0xbe, 0x20, 0x0, 0x0, 0xae, 0x20, 0x0,
    0x0, 0x2f, 0x40, 0x0, 0x0, 0x4, 0xf1, 0x0,
    0x0, 0x0, 0x1, 0x0, 0x0, 0x0, 0x4, 0xb2,
    0x0, 0x0, 0x0, 0x6f, 0x30, 0x0,

    /* U+0040 "@" */
    0x0, 0x0, 0x6, 0xbe, 0xfe, 0xc6, 0x0, 0x0,
    0x0, 0x2, 0xee, 0x85, 0x35, 0x8e, 0xd2, 0x0,
    0x0, 0x3f, 0x90, 0x0, 0x0, 0x0, 0xae, 0x10,
    0x0, 0xc9, 0x0, 0x8e, 0xe5, 0x8d, 0xb, 0x90,
    0x5, 0xd0, 0xb, 0xe5, 0x5e, 0xea, 0x3, 0xf0,
    0xb, 0x70, 0x6f, 0x20, 0x6, 0xf6, 0x0, 0xf3,
    0xf, 0x30, 0xda, 0x0, 0x3, 0xf3, 0x0, 0xe4,
    0x1f, 0x11, 0xf6, 0x0, 0x4, 0xf0, 0x1, 0xf2,
    0x1f, 0x12, 0xf5, 0x0, 0x9, 0xd0, 0x7, 0xd0,
    0xf, 0x30, 0xf8, 0x0, 0x3f, 0xa0, 0x3f, 0x50,
    0xa, 0x90, 0x9f, 0x88, 0xef, 0xd8, 0xf8, 0x0,
    0x4, 0xf3, 0x9, 0xfc, 0x28, 0xfd, 0x60, 0x21,
    0x0, 0x9e, 0x50, 0x0, 0x0, 0x0, 0x8, 0xf3,
    0x0, 0x8, 0xfd, 0x85, 0x44, 0x69, 0xed, 0x20,
    0x0, 0x0, 0x28, 0xce, 0xff, 0xda, 0x50, 0x0,

    /* U+0041 "A" */
    0x0, 0x0, 0xd, 0xf3, 0x0, 0x0, 0x0, 0x0,
    0x2f, 0xd9, 0x0, 0x0, 0x0, 0x0, 0x8c, 0x7f,
    0x0, 0x0, 0x0, 0x0, 0xe8, 0x1f, 0x60, 0x0,
    0x0, 0x4, 0xf2, 0xb, 0xc0, 0x0, 0x0, 0xa,
    0xc0, 0x5, 0xf2, 0x0, 0x0, 0xf, 0x71, 0x11,
    0xf8, 0x0, 0x0, 0x6f, 0xff, 0xff, 0xfe, 0x0,
    0x0, 0xcc, 0x44, 0x44, 0x6f, 0x50, 0x1, 0xf6,
    0x0, 0x0, 0xe, 0xb0, 0x7, 0xf1, 0x0, 0x0,
    0x9, 0xf1, 0xd, 0xc0, 0x0, 0x0, 0x3, 0xf8,

    /* U+0042 "B" */
    0xdf, 0xff, 0xfe, 0xa1, 0xd, 0xd7, 0x77, 0x9f,
    0xc0, 0xdb, 0x0, 0x0, 0x6f, 0x3d, 0xb0, 0x0,
    0x4, 0xf2, 0xdb, 0x22, 0x24, 0xcb, 0xd, 0xff,
    0xff, 0xff, 0x30, 0xdc, 0x55, 0x56, 0xcf, 0x3d,
    0xb0, 0x0, 0x0, 0xea, 0xdb, 0x0, 0x0, 0xc,
    0xcd, 0xb0, 0x0, 0x1, 0xfa, 0xdd, 0x77, 0x78,
    0xdf, 0x3d, 0xff, 0xff, 0xfb, 0x30,

    /* U+0043 "C" */
    0x0, 0x4, 0xbe, 0xfc, 0x60, 0x0, 0x8, 0xfc,
    0x76, 0xaf, 0xa0, 0x5, 0xf7, 0x0, 0x0, 0x7f,
    0x50, 0xcd, 0x0, 0x0, 0x0, 0xa5, 0xf, 0x80,
    0x0, 0x0, 0x0, 0x2, 0xf6, 0x0, 0x0, 0x0,
    0x0, 0x2f, 0x60, 0x0, 0x0, 0x0, 0x0, 0xf8,
    0x0, 0x0, 0x0, 0x20, 0xc, 0xd0, 0x0, 0x0,
    0xe, 0xb0, 0x5f, 0x70, 0x0, 0x7, 0xf5, 0x0,
    0x9f, 0xb7, 0x7b, 0xfa, 0x0, 0x0, 0x6c, 0xef,
    0xc6, 0x0,

    /* U+0044 "D" */
    0xcf, 0xff, 0xfe, 0xb3, 0x0, 0xcd, 0x77, 0x78,
    0xef, 0x50, 0xcc, 0x0, 0x0, 0xd, 0xe0, 0xcc,
    0x0, 0x0, 0x4, 0xf5, 0xcc, 0x0, 0x0, 0x0,
    0xf9, 0xcc, 0x0, 0x0, 0x0, 0xea, 0xcc, 0x0,
    0x0, 0x0, 0xea, 0xcc, 0x0, 0x0, 0x0, 0xf9,
    0xcc, 0x0, 0x0, 0x4, 0xf5, 0xcc, 0x0, 0x0,
    0xc, 0xe0, 0xcd, 0x77, 0x78, 0xef, 0x40, 0xcf,
    0xff, 0xfe, 0xa3, 0x0,

    /* U+0045 "E" */
    0xbf, 0xff, 0xff, 0xff, 0x8b, 0xe7, 0x77, 0x77,
    0x73, 0xbc, 0x0, 0x0, 0x0, 0xb, 0xc0, 0x0,
    0x0, 0x0, 0xbc, 0x22, 0x22, 0x22, 0xb, 0xff,
    0xff, 0xff, 0xf2, 0xbd, 0x55, 0x55, 0x55, 0xb,
    0xc0, 0x0, 0x0, 0x0, 0xbc, 0x0, 0x0, 0x0,
    0xb, 0xc0, 0x0, 0x0, 0x0, 0xbe, 0x77, 0x77,
    0x77, 0x5b, 0xff, 0xff, 0xff, 0xfd,

    /* U+0046 "F" */
    0xbf, 0xff, 0xff, 0xff, 0xb, 0xe7, 0x77, 0x77,
    0x70, 0xbd, 0x0, 0x0, 0x0, 0xb, 0xd0, 0x0,
    0x0, 0x0, 0xbd, 0x22, 0x22, 0x20, 0xb, 0xff,
    0xff, 0xff, 0x30, 0xbe, 0x55, 0x55, 0x51, 0xb,
    0xd0, 0x0, 0x0, 0x0, 0xbd, 0x0, 0x0, 0x0,
    0xb, 0xd0, 0x0, 0x0, 0x0, 0xbd, 0x0, 0x0,
    0x0, 0xb, 0xd0, 0x0, 0x0, 0x0,

    /* U+0047 "G" */
    0x0, 0x3, 0xae, 0xfe, 0xa3, 0x0, 0x0, 0x6f,
    0xd8, 0x67, 0xdf, 0x50, 0x3, 0xfa, 0x0, 0x0,
    0xb, 0xe0, 0xa, 0xe0, 0x0, 0x0, 0x3, 0xa1,
    0xf, 0x90, 0x0, 0x0, 0x0, 0x0, 0x1f, 0x70,
    0x0, 0x1, 0x11, 0x10, 0x1f, 0x70, 0x0, 0x6f,
    0xff, 0xf7, 0xf, 0x90, 0x0, 0x14, 0x45, 0xf7,
    0xa, 0xe0, 0x0, 0x0, 0x0, 0xf7, 0x3, 0xfb,
    0x0, 0x0, 0x5, 0xf7, 0x0, 0x6f, 0xe9, 0x78,
    0xdf, 0xc2, 0x0, 0x2, 0x9d, 0xfe, 0xb5, 0x0,

    /* U+0048 "H" */
    0xbc, 0x0, 0x0, 0x4, 0xf4, 0xbc, 0x0, 0x0,
    0x4, 0xf4, 0xbc, 0x0, 0x0, 0x4, 0xf4, 0xbc,
    0x0, 0x0, 0x4, 0xf4, 0xbd, 0x22, 0x22, 0x25,
    0xf4, 0xbf, 0xff, 0xff, 0xff, 0xf4, 0xbd, 0x55,
    0x55, 0x57, 0xf4, 0xbc, 0x0, 0x0, 0x4, 0xf4,
    0xbc, 0x0, 0x0, 0x4, 0xf4, 0xbc, 0x0, 0x0,
    0x4, 0xf4, 0xbc, 0x0, 0x0, 0x4, 0xf4, 0xbc,
    0x0, 0x0, 0x4, 0xf4,

    /* U+0049 "I" */
    0x8f, 0x8, 0xf0, 0x8f, 0x8, 0xf0, 0x8f, 0x8,
    0xf0, 0x8f, 0x8, 0xf0, 0x8f, 0x8, 0xf0, 0x8f,
    0x8, 0xf0,

    /* U+004A "J" */
    0x0, 0x0, 0xc, 0xc0, 0x0, 0x0, 0xcc, 0x0,
    0x0, 0xc, 0xc0, 0x0, 0x0, 0xcc, 0x0, 0x0,
    0xc, 0xc0, 0x0, 0x0, 0xcc, 0x0, 0x0, 0xc,
    0xc0, 0x0, 0x0, 0xcc, 0x4a, 0x0, 0xc, 0xb6,
    0xf1, 0x0, 0xe9, 0x1f, 0xc7, 0xbf, 0x40, 0x4d,
    0xfd, 0x60,

    /* U+004B "K" */
    0xdb, 0x0, 0x0, 0x2e, 0xd1, 0xdb, 0x0, 0x2,
    0xed, 0x10, 0xdb, 0x0, 0x2e, 0xd1, 0x0, 0xdb,
    0x1, 0xdd, 0x10, 0x0, 0xdb, 0x1d, 0xe1, 0x0,
    0x0, 0xdc, 0xcf, 0xf2, 0x0, 0x0, 0xdf, 0xe3,
    0xfc, 0x0, 0x0, 0xde, 0x20, 0x6f, 0x70, 0x0,
    0xdb, 0x0, 0xb, 0xf3, 0x0, 0xdb, 0x0, 0x1,
    0xed, 0x0, 0xdb, 0x0, 0x0, 0x5f, 0x90, 0xdb,
    0x0, 0x0, 0xb, 0xf4,

    /* U+004C "L" */
    0xdb, 0x0, 0x0, 0x0, 0xdb, 0x0, 0x0, 0x0,
    0xdb, 0x0, 0x0, 0x0, 0xdb, 0x0, 0x0, 0x0,
    0xdb, 0x0, 0x0, 0x0, 0xdb, 0x0, 0x0, 0x0,
    0xdb, 0x0, 0x0, 0x0, 0xdb, 0x0, 0x0, 0x0,
    0xdb, 0x0, 0x0, 0x0, 0xdb, 0x0, 0x0, 0x0,
    0xdd, 0x77, 0x77, 0x72, 0xdf, 0xff, 0xff, 0xf5,

    /* U+004D "M" */
    0xdf, 0xa0, 0x0, 0x0, 0x1f, 0xf2, 0xdf, 0xe0,
    0x0, 0x0, 0x6f, 0xf2, 0xdc, 0xf4, 0x0, 0x0,
    0xbd, 0xf2, 0xda, 0xc9, 0x0, 0x1, 0xf7, 0xf2,
    0xda, 0x7e, 0x0, 0x6, 0xc5, 0xf2, 0xda, 0x2f,
    0x30, 0xb, 0x75, 0xf2, 0xda, 0xd, 0x80, 0x1f,
    0x25, 0xf2, 0xda, 0x7, 0xd0, 0x6d, 0x5, 0xf2,
    0xda, 0x2, 0xf2, 0xb7, 0x5, 0xf2, 0xda, 0x0,
    0xd8, 0xf2, 0x5, 0xf2, 0xda, 0x0, 0x8f, 0xd0,
    0x5, 0xf2, 0xda, 0x0, 0x3f, 0x70, 0x5, 0xf2,

    /* U+004E "N" */
    0xcf, 0x20, 0x0, 0x3, 0xf4, 0xcf, 0xb0, 0x0,
    0x3, 0xf4, 0xcf, 0xf6, 0x0, 0x3, 0xf4, 0xca,
    0xbe, 0x10, 0x3, 0xf4, 0xca, 0x2f, 0xa0, 0x3,
    0xf4, 0xca, 0x7, 0xf4, 0x3, 0xf4, 0xca, 0x0,
    0xce, 0x3, 0xf4, 0xca, 0x0, 0x3f, 0x93, 0xf4,
    0xca, 0x0, 0x8, 0xf6, 0xf4, 0xca, 0x0, 0x0,
    0xdf, 0xf4, 0xca, 0x0, 0x0, 0x4f, 0xf4, 0xca,
    0x0, 0x0, 0xa, 0xf4,

    /* U+004F "O" */
    0x0, 0x4, 0xbe, 0xfd, 0x70, 0x0, 0x0, 0x8f,
    0xc7, 0x69, 0xfd, 0x20, 0x4, 0xf8, 0x0, 0x0,
    0x2e, 0xc0, 0xc, 0xd0, 0x0, 0x0, 0x6, 0xf4,
    0xf, 0x80, 0x0, 0x0, 0x0, 0xf8, 0x2f, 0x60,
    0x0, 0x0, 0x0, 0xea, 0x2f, 0x50, 0x0, 0x0,
    0x0, 0xda, 0x1f, 0x70, 0x0, 0x0, 0x0, 0xf9,
    0xc, 0xd0, 0x0, 0x0, 0x5, 0xf4, 0x4, 0xf8,
    0x0, 0x0, 0x2e, 0xc0, 0x0, 0x7f, 0xc7, 0x69,
    0xfd, 0x20, 0x0, 0x4, 0xbe, 0xfd, 0x70, 0x0,

    /* U+0050 "P" */
    0xcf, 0xff, 0xff, 0xc6, 0xc, 0xd7, 0x77, 0x7c,
    0xf6, 0xcc, 0x0, 0x0, 0xd, 0xdc, 0xc0, 0x0,
    0x0, 0x9f, 0xcc, 0x0, 0x0, 0xc, 0xdc, 0xc2,
    0x22, 0x39, 0xf7, 0xcf, 0xff, 0xff, 0xfa, 0xc,
    0xd5, 0x54, 0x41, 0x0, 0xcc, 0x0, 0x0, 0x0,
    0xc, 0xc0, 0x0, 0x0, 0x0, 0xcc, 0x0, 0x0,
    0x0, 0xc, 0xc0, 0x0, 0x0, 0x0,

    /* U+0051 "Q" */
    0x0, 0x5, 0xbe, 0xfd, 0x70, 0x0, 0x0, 0x9f,
    0xc7, 0x6a, 0xfd, 0x10, 0x5, 0xf7, 0x0, 0x0,
    0x3f, 0xb0, 0xd, 0xb0, 0x0, 0x0, 0x7, 0xf2,
    0x2f, 0x60, 0x0, 0x0, 0x1, 0xf7, 0x4f, 0x40,
    0x0, 0x0, 0x0, 0xf9, 0x4f, 0x40, 0x0, 0x0,
    0x0, 0xf9, 0x2f, 0x60, 0x0, 0x0, 0x1, 0xf7,
    0xd, 0xc0, 0x0, 0x32, 0x6, 0xf3, 0x5, 0xf7,
    0x0, 0x8f, 0x9f, 0xb0, 0x0, 0x8f, 0xc7, 0x6c,
    0xff, 0x30, 0x0, 0x4, 0xbe, 0xfc, 0x7a, 0xf7,
    0x0, 0x0, 0x0, 0x0, 0x0, 0x45,

    /* U+0052 "R" */
    0xbf, 0xff, 0xff, 0xeb, 0x20, 0xb, 0xd5, 0x55,
    0x58, 0xee, 0x0, 0xbc, 0x0, 0x0, 0x5, 0xf5,
    0xb, 0xc0, 0x0, 0x0, 0x3f, 0x50, 0xbc, 0x11,
    0x11, 0x4d, 0xe1, 0xb, 0xff, 0xff, 0xff, 0xc3,
    0x0, 0xbd, 0x44, 0x6e, 0xb0, 0x0, 0xb, 0xc0,
    0x0, 0x3f, 0xa0, 0x0, 0xbc, 0x0, 0x0, 0x8f,
    0x50, 0xb, 0xc0, 0x0, 0x0, 0xee, 0x0, 0xbc,
    0x0, 0x0, 0x6, 0xf8, 0xb, 0xc0, 0x0, 0x0,
    0xd, 0xf1,

    /* U+0053 "S" */
    0x0, 0x4b, 0xef, 0xd8, 0x0, 0x4, 0xfd, 0x87,
    0xaf, 0xc0, 0xb, 0xd0, 0x0, 0x5, 0xf4, 0xc,
    0xb0, 0x0, 0x0, 0x93, 0x7, 0xf9, 0x30, 0x0,
    0x0, 0x0, 0x7f, 0xff, 0xb6, 0x0, 0x0, 0x0,
    0x48, 0xcf, 0xd1, 0x0, 0x0, 0x0, 0x3, 0xf9,
    0x3f, 0x40, 0x0, 0x0, 0xac, 0xe, 0xc0, 0x0,
    0x1, 0xea, 0x5, 0xfe, 0x97, 0x9e, 0xf2, 0x0,
    0x3b, 0xef, 0xea, 0x20,

    /* U+0054 "T" */
    0xaf, 0xff, 0xff, 0xff, 0xf7, 0x47, 0x77, 0xed,
    0x77, 0x73, 0x0, 0x0, 0xda, 0x0, 0x0, 0x0,
    0x0, 0xda, 0x0, 0x0, 0x0, 0x0, 0xda, 0x0,
    0x0, 0x0, 0x0, 0xda, 0x0, 0x0, 0x0, 0x0,
    0xda, 0x0, 0x0, 0x0, 0x0, 0xda, 0x0, 0x0,
    0x0, 0x0, 0xda, 0x0, 0x0, 0x0, 0x0, 0xda,
    0x0, 0x0, 0x0, 0x0, 0xda, 0x0, 0x0, 0x0,
    0x0, 0xda, 0x0, 0x0,

    /* U+0055 "U" */
    0xbc, 0x0, 0x0, 0x4, 0xf4, 0xbc, 0x0, 0x0,
    0x4, 0xf4, 0xbc, 0x0, 0x0, 0x4, 0xf4, 0xbc,
    0x0, 0x0, 0x4, 0xf4, 0xbc, 0x0, 0x0, 0x4,
    0xf4, 0xbc, 0x0, 0x0, 0x4, 0xf4, 0xbc, 0x0,
    0x0, 0x4, 0xf4, 0xbd, 0x0, 0x0, 0x4, 0xf3,
    0x9e, 0x0, 0x0, 0x6, 0xf2, 0x5f, 0x50, 0x0,
    0xc, 0xe0, 0xd, 0xfa, 0x79, 0xdf, 0x50, 0x0,
    0x8d, 0xfe, 0xb4, 0x0,

    /* U+0056 "V" */
    0xbe, 0x0, 0x0, 0x0, 0x2f, 0x55, 0xf3, 0x0,
    0x0, 0x8, 0xf0, 0xf, 0x90, 0x0, 0x0, 0xe9,
    0x0, 0xae, 0x0, 0x0, 0x3f, 0x30, 0x4, 0xf3,
    0x0, 0x9, 0xd0, 0x0, 0xe, 0x90, 0x0, 0xe7,
    0x0, 0x0, 0x8e, 0x0, 0x4f, 0x10, 0x0, 0x2,
    0xf4, 0xa, 0xb0, 0x0, 0x0, 0xc, 0x90, 0xf5,
    0x0, 0x0, 0x0, 0x6e, 0x5f, 0x0, 0x0, 0x0,
    0x1, 0xfd, 0x90, 0x0, 0x0, 0x0, 0xa, 0xf3,
    0x0, 0x0,

    /* U+0057 "W" */
    0xad, 0x0, 0x0, 0x7f, 0xa0, 0x0, 0xb, 0xc6,
    0xf1, 0x0, 0xb, 0xee, 0x0, 0x0, 0xe8, 0x2f,
    0x40, 0x0, 0xf7, 0xf2, 0x0, 0x2f, 0x40, 0xe8,
    0x0, 0x4f, 0x1e, 0x70, 0x6, 0xf0, 0xa, 0xb0,
    0x8, 0xc0, 0xab, 0x0, 0xab, 0x0, 0x6f, 0x0,
    0xc8, 0x6, 0xf0, 0xe, 0x70, 0x2, 0xf3, 0x1f,
    0x30, 0x2f, 0x31, 0xf3, 0x0, 0xe, 0x65, 0xf0,
    0x0, 0xd7, 0x5f, 0x0, 0x0, 0xa9, 0x9b, 0x0,
    0x9, 0xb9, 0xb0, 0x0, 0x6, 0xdd, 0x70, 0x0,
    0x5e, 0xc6, 0x0, 0x0, 0x2f, 0xf2, 0x0, 0x1,
    0xff, 0x20, 0x0, 0x0, 0xee, 0x0, 0x0, 0xc,
    0xe0, 0x0,

    /* U+0058 "X" */
    0x1f, 0xb0, 0x0, 0x0, 0xbd, 0x0, 0x6f, 0x60,
    0x0, 0x7f, 0x30, 0x0, 0xbf, 0x20, 0x3f, 0x70,
    0x0, 0x1, 0xec, 0xd, 0xc0, 0x0, 0x0, 0x5,
    0xfc, 0xe1, 0x0, 0x0, 0x0, 0xb, 0xf6, 0x0,
    0x0, 0x0, 0x1, 0xef, 0xc0, 0x0, 0x0, 0x0,
    0xbe, 0x6f, 0x70, 0x0, 0x0, 0x7f, 0x40, 0xaf,
    0x30, 0x0, 0x2f, 0x90, 0x1, 0xed, 0x0, 0xd,
    0xd0, 0x0, 0x4, 0xf8, 0x9, 0xf3, 0x0, 0x0,
    0xa, 0xf3,

    /* U+0059 "Y" */
    0xaf, 0x30, 0x0, 0x0, 0x8f, 0x31, 0xec, 0x0,
    0x0, 0x2f, 0x80, 0x5, 0xf7, 0x0, 0xc, 0xd0,
    0x0, 0xb, 0xf1, 0x6, 0xf3, 0x0, 0x0, 0x1f,
    0xa1, 0xe9, 0x0, 0x0, 0x0, 0x7f, 0xcd, 0x0,
    0x0, 0x0, 0x0, 0xcf, 0x40, 0x0, 0x0, 0x0,
    0x8, 0xf0, 0x0, 0x0, 0x0, 0x0, 0x8f, 0x0,
    0x0, 0x0, 0x0, 0x8, 0xf0, 0x0, 0x0, 0x0,
    0x0, 0x8f, 0x0, 0x0, 0x0, 0x0, 0x8, 0xf0,
    0x0, 0x0,

    /* U+005A "Z" */
    0xf, 0xff, 0xff, 0xff, 0xf3, 0x7, 0x77, 0x77,
    0x7e, 0xf1, 0x0, 0x0, 0x0, 0x8f, 0x50, 0x0,
    0x0, 0x4, 0xf9, 0x0, 0x0, 0x0, 0x2e, 0xc0,
    0x0, 0x0, 0x0, 0xce, 0x10, 0x0, 0x0, 0x9,
    0xf4, 0x0, 0x0, 0x0, 0x5f, 0x70, 0x0, 0x0,
    0x2, 0xfb, 0x0, 0x0, 0x0, 0xd, 0xd1, 0x0,
    0x0, 0x0, 0x9f, 0x97, 0x77, 0x77, 0x72, 0xaf,
    0xff, 0xff, 0xff, 0xf6,

    /* U+005B "[" */
    0xef, 0xf3, 0xe9, 0x30, 0xe8, 0x0, 0xe8, 0x0,
    0xe8, 0x0, 0xe8, 0x0, 0xe8, 0x0, 0xe8, 0x0,
    0xe8, 0x0, 0xe8, 0x0, 0xe8, 0x0, 0xe8, 0x0,
    0xe8, 0x0, 0xe9, 0x30, 0xef, 0xf3,

    /* U+005C "\\" */
    0xd4, 0x0, 0x9, 0x80, 0x0, 0x4d, 0x0, 0x0,
    0xf1, 0x0, 0xc, 0x60, 0x0, 0x7a, 0x0, 0x3,
    0xe0, 0x0, 0xe, 0x30, 0x0, 0xa7, 0x0, 0x5,
    0xc0, 0x0, 0x1f, 0x0, 0x0, 0xd5,

    /* U+005D "]" */
    0xbf, 0xf6, 0x23, 0xf6, 0x0, 0xf6, 0x0, 0xf6,
    0x0, 0xf6, 0x0, 0xf6, 0x0, 0xf6, 0x0, 0xf6,
    0x0, 0xf6, 0x0, 0xf6, 0x0, 0xf6, 0x0, 0xf6,
    0x0, 0xf6, 0x23, 0xf6, 0xbf, 0xf6,

    /* U+005E "^" */
    0x0, 0x7, 0x30, 0x0, 0x0, 0x3f, 0xb0, 0x0,
    0x0, 0xab, 0xf2, 0x0, 0x1, 0xf3, 0xb9, 0x0,
    0x8, 0xd0, 0x5f, 0x10, 0xe, 0x70, 0xe, 0x70,
    0x5f, 0x10, 0x8, 0xd0,

    /* U+005F "_" */
    0x3f, 0xff, 0xff, 0xff, 0xff, 0x10, 0x22, 0x22,
    0x22, 0x22, 0x20,

    /* U+0060 "`" */
    0x5, 0x30, 0xa, 0xe0, 0x0, 0xd6,

    /* U+0061 "a" */
    0x0, 0x9e, 0xfe, 0x90, 0x0, 0xbe, 0x54, 0x7f,
    0x80, 0xc, 0x40, 0x0, 0xbc, 0x0, 0x0, 0x14,
    0x7d, 0xc0, 0x5, 0xdf, 0xfb, 0xdc, 0x2, 0xfa,
    0x20, 0xa, 0xc0, 0x6f, 0x20, 0x0, 0xec, 0x3,
    0xfa, 0x34, 0xcf, 0xd0, 0x6, 0xdf, 0xd9, 0x6f,
    0x10,

    /* U+0062 "b" */
    0xf7, 0x0, 0x0, 0x0, 0xf7, 0x0, 0x0, 0x0,
    0xf7, 0x0, 0x0, 0x0, 0xf8, 0xaf, 0xe7, 0x0,
    0xff, 0xa4, 0x8f, 0x60, 0xfc, 0x0, 0xa, 0xe0,
    0xf7, 0x0, 0x4, 0xf1, 0xf5, 0x0, 0x3, 0xf3,
    0xf6, 0x0, 0x4, 0xf2, 0xfa, 0x0, 0x8, 0xe0,
    0xff, 0x61, 0x5f, 0x60, 0xf8, 0xcf, 0xd6, 0x0,

    /* U+0063 "c" */
    0x0, 0x7d, 0xfd, 0x50, 0x9, 0xf8, 0x49, 0xf3,
    0x1f, 0x70, 0x0, 0xc7, 0x4f, 0x30, 0x0, 0x0,
    0x5f, 0x10, 0x0, 0x0, 0x4f, 0x20, 0x0, 0x33,
    0x1f, 0x70, 0x0, 0xca, 0x9, 0xf7, 0x49, 0xf3,
    0x0, 0x7e, 0xfc, 0x40,

    /* U+0064 "d" */
    0x0, 0x0, 0x0, 0xac, 0x0, 0x0, 0x0, 0xac,
    0x0, 0x0, 0x0, 0xac, 0x0, 0x9e, 0xf8, 0xac,
    0xa, 0xf6, 0x5c, 0xfc, 0x2f, 0x60, 0x0, 0xec,
    0x5f, 0x10, 0x0, 0xac, 0x6f, 0x0, 0x0, 0x8c,
    0x5f, 0x10, 0x0, 0xac, 0x1f, 0x70, 0x0, 0xec,
    0x9, 0xf7, 0x4b, 0xfc, 0x0, 0x8e, 0xf9, 0x9c,

    /* U+0065 "e" */
    0x0, 0x7d, 0xfd, 0x50, 0x0, 0x8f, 0x84, 0x9f,
    0x50, 0x1f, 0x80, 0x0, 0xad, 0x5, 0xf3, 0x0,
    0x5, 0xf1, 0x6f, 0xff, 0xff, 0xff, 0x35, 0xf4,
    0x33, 0x33, 0x30, 0x1f, 0x60, 0x0, 0x6b, 0x0,
    0x9f, 0x74, 0x7f, 0x90, 0x0, 0x7d, 0xfd, 0x80,
    0x0,

    /* U+0066 "f" */
    0x1, 0xcf, 0xd0, 0x8f, 0x75, 0x9, 0xc0, 0xd,
    0xff, 0xf6, 0x2a, 0xd2, 0x10, 0x9c, 0x0, 0x9,
    0xc0, 0x0, 0x9c, 0x0, 0x9, 0xc0, 0x0, 0x9c,
    0x0, 0x9, 0xc0, 0x0, 0x9c, 0x0,

    /* U+0067 "g" */
    0x0, 0x9e, 0xf9, 0x8d, 0xa, 0xf7, 0x4c, 0xfd,
    0x2f, 0x60, 0x0, 0xed, 0x6f, 0x10, 0x0, 0x9d,
    0x7f, 0x0, 0x0, 0x8d, 0x5f, 0x10, 0x0, 0x9d,
    0x2f, 0x60, 0x0, 0xed, 0x9, 0xf6, 0x4b, 0xfd,
    0x0, 0x9e, 0xf9, 0xac, 0x15, 0x10, 0x0, 0xca,
    0xe, 0xb4, 0x49, 0xf3, 0x3, 0xbe, 0xfc, 0x40,

    /* U+0068 "h" */
    0xf7, 0x0, 0x0, 0xf, 0x70, 0x0, 0x0, 0xf7,
    0x0, 0x0, 0xf, 0x89, 0xfe, 0x90, 0xff, 0xa5,
    0x8f, 0x7f, 0xc0, 0x0, 0xbb, 0xf8, 0x0, 0x9,
    0xcf, 0x70, 0x0, 0x9d, 0xf7, 0x0, 0x9, 0xdf,
    0x70, 0x0, 0x9d, 0xf7, 0x0, 0x9, 0xdf, 0x70,
    0x0, 0x9d,

    /* U+0069 "i" */
    0xf7, 0xa5, 0x0, 0xf7, 0xf7, 0xf7, 0xf7, 0xf7,
    0xf7, 0xf7, 0xf7, 0xf7,

    /* U+006A "j" */
    0x0, 0xf7, 0x0, 0xb5, 0x0, 0x0, 0x0, 0xf7,
    0x0, 0xf7, 0x0, 0xf7, 0x0, 0xf7, 0x0, 0xf7,
    0x0, 0xf7, 0x0, 0xf7, 0x0, 0xf7, 0x0, 0xf7,
    0x0, 0xf6, 0x37, 0xf4, 0x9f, 0xa0,

    /* U+006B "k" */
    0xf7, 0x0, 0x0, 0xf, 0x70, 0x0, 0x0, 0xf7,
    0x0, 0x0, 0xf, 0x70, 0xa, 0xf3, 0xf7, 0x9,
    0xf3, 0xf, 0x77, 0xf4, 0x0, 0xfc, 0xfa, 0x0,
    0xf, 0xfb, 0xf2, 0x0, 0xf8, 0xd, 0xc0, 0xf,
    0x70, 0x4f, 0x60, 0xf7, 0x0, 0xbe, 0x1f, 0x70,
    0x2, 0xfa,

    /* U+006C "l" */
    0xf7, 0xf7, 0xf7, 0xf7, 0xf7, 0xf7, 0xf7, 0xf7,
    0xf7, 0xf7, 0xf7, 0xf7,

    /* U+006D "m" */
    0xf6, 0xaf, 0xe7, 0x2b, 0xfd, 0x50, 0xff, 0x72,
    0x8f, 0xe6, 0x2a, 0xf1, 0xfb, 0x0, 0x1f, 0x90,
    0x2, 0xf3, 0xf8, 0x0, 0xf, 0x60, 0x1, 0xf4,
    0xf7, 0x0, 0xf, 0x60, 0x1, 0xf4, 0xf7, 0x0,
    0xf, 0x60, 0x1, 0xf4, 0xf7, 0x0, 0xf, 0x60,
    0x1, 0xf4, 0xf7, 0x0, 0xf, 0x60, 0x1, 0xf4,
    0xf7, 0x0, 0xf, 0x60, 0x1, 0xf4,

    /* U+006E "n" */
    0xf6, 0xaf, 0xe9, 0xf, 0xf7, 0x25, 0xf7, 0xfb,
    0x0, 0xb, 0xbf, 0x70, 0x0, 0x9c, 0xf7, 0x0,
    0x9, 0xcf, 0x70, 0x0, 0x9c, 0xf7, 0x0, 0x9,
    0xcf, 0x70, 0x0, 0x9c, 0xf7, 0x0, 0x9, 0xc0,

    /* U+006F "o" */
    0x0, 0x7d, 0xfd, 0x60, 0x0, 0x9f, 0x74, 0x9f,
    0x70, 0x2f, 0x70, 0x0, 0x9f, 0x6, 0xf1, 0x0,
    0x4, 0xf3, 0x7f, 0x0, 0x0, 0x2f, 0x46, 0xf1,
    0x0, 0x4, 0xf3, 0x2f, 0x70, 0x0, 0x9f, 0x0,
    0xaf, 0x74, 0x9f, 0x70, 0x0, 0x8e, 0xfd, 0x60,
    0x0,

    /* U+0070 "p" */
    0xf7, 0xbf, 0xe7, 0x0, 0xff, 0x70, 0x4f, 0x70,
    0xfb, 0x0, 0x8, 0xe0, 0xf6, 0x0, 0x4, 0xf2,
    0xf5, 0x0, 0x3, 0xf3, 0xf7, 0x0, 0x4, 0xf2,
    0xfc, 0x0, 0xa, 0xe0, 0xff, 0xa4, 0x8f, 0x60,
    0xf8, 0xbf, 0xd5, 0x0, 0xf7, 0x0, 0x0, 0x0,
    0xf7, 0x0, 0x0, 0x0, 0xf7, 0x0, 0x0, 0x0,

    /* U+0071 "q" */
    0x0, 0x9e, 0xf9, 0x8c, 0xa, 0xf6, 0x4c, 0xfc,
    0x2f, 0x60, 0x0, 0xec, 0x5f, 0x10, 0x0, 0xac,
    0x6f, 0x0, 0x0, 0x8c, 0x5f, 0x20, 0x0, 0x9c,
    0x1f, 0x70, 0x0, 0xec, 0x8, 0xf7, 0x4b, 0xfc,
    0x0, 0x7e, 0xf9, 0xac, 0x0, 0x0, 0x0, 0xac,
    0x0, 0x0, 0x0, 0xac, 0x0, 0x0, 0x0, 0xac,

    /* U+0072 "r" */
    0xf7, 0xdf, 0x5f, 0xf8, 0x71, 0xfb, 0x0, 0xf,
    0x80, 0x0, 0xf7, 0x0, 0xf, 0x70, 0x0, 0xf7,
    0x0, 0xf, 0x70, 0x0, 0xf7, 0x0, 0x0,

    /* U+0073 "s" */
    0x3, 0xcf, 0xea, 0x10, 0xe, 0xa4, 0x5d, 0xc0,
    0x3f, 0x30, 0x3, 0x80, 0xe, 0xe8, 0x40, 0x0,
    0x2, 0xaf, 0xfe, 0x70, 0x0, 0x0, 0x4a, 0xf3,
    0x4e, 0x10, 0x1, 0xf5, 0x1e, 0xc4, 0x4b, 0xe1,
    0x3, 0xbe, 0xfb, 0x30,

    /* U+0074 "t" */
    0x0, 0x0, 0x0, 0x49, 0x0, 0xb, 0xb0, 0x0,
    0xbb, 0x0, 0xbf, 0xff, 0x21, 0xbc, 0x20, 0xb,
    0xb0, 0x0, 0xbb, 0x0, 0xb, 0xb0, 0x0, 0xbb,
    0x0, 0xa, 0xb0, 0x0, 0x9e, 0x61, 0x3, 0xef,
    0x30,

    /* U+0075 "u" */
    0xf7, 0x0, 0xa, 0xcf, 0x70, 0x0, 0xac, 0xf7,
    0x0, 0xa, 0xcf, 0x70, 0x0, 0xac, 0xf7, 0x0,
    0xa, 0xcf, 0x70, 0x0, 0xbc, 0xe9, 0x0, 0xe,
    0xca, 0xf6, 0x5c, 0xec, 0x1a, 0xfe, 0x78, 0xc0,

    /* U+0076 "v" */
    0xad, 0x0, 0x0, 0xca, 0x4f, 0x20, 0x2, 0xf4,
    0xe, 0x80, 0x7, 0xe0, 0x9, 0xd0, 0xc, 0x90,
    0x3, 0xf2, 0x2f, 0x30, 0x0, 0xd8, 0x7e, 0x0,
    0x0, 0x8c, 0xc8, 0x0, 0x0, 0x2f, 0xf3, 0x0,
    0x0, 0xd, 0xd0, 0x0,

    /* U+0077 "w" */
    0xda, 0x0, 0x1f, 0xa0, 0x1, 0xf4, 0x8e, 0x0,
    0x5f, 0xd0, 0x5, 0xf0, 0x3f, 0x20, 0x9c, 0xf1,
    0xa, 0xb0, 0xf, 0x60, 0xd6, 0xf5, 0xe, 0x60,
    0xa, 0xa1, 0xf2, 0xb9, 0x2f, 0x20, 0x6, 0xe4,
    0xe0, 0x7d, 0x7d, 0x0, 0x1, 0xfb, 0xa0, 0x3f,
    0xc9, 0x0, 0x0, 0xdf, 0x60, 0xf, 0xf4, 0x0,
    0x0, 0x8f, 0x20, 0xb, 0xf0, 0x0,

    /* U+0078 "x" */
    0x5f, 0x60, 0x5, 0xf5, 0xa, 0xe1, 0x1e, 0xa0,
    0x1, 0xe9, 0xae, 0x10, 0x0, 0x6f, 0xf4, 0x0,
    0x0, 0x1f, 0xf1, 0x0, 0x0, 0x9e, 0xe9, 0x0,
    0x4, 0xf5, 0x5f, 0x40, 0xd, 0xb0, 0xc, 0xd0,
    0x8f, 0x20, 0x2, 0xf9,

    /* U+0079 "y" */
    0x8e, 0x0, 0x0, 0xba, 0x2f, 0x40, 0x1, 0xf4,
    0xd, 0xa0, 0x7, 0xe0, 0x7, 0xf0, 0xc, 0x90,
    0x1, 0xf5, 0x2f, 0x30, 0x0, 0xba, 0x7d, 0x0,
    0x0, 0x5f, 0xc7, 0x0, 0x0, 0xe, 0xf2, 0x0,
    0x0, 0xa, 0xc0, 0x0, 0x0, 0xe, 0x60, 0x0,
    0x17, 0xce, 0x0, 0x0, 0xe, 0xe4, 0x0, 0x0,

    /* U+007A "z" */
    0x6f, 0xff, 0xff, 0xf6, 0x13, 0x33, 0x3c, 0xe1,
    0x0, 0x0, 0x7f, 0x30, 0x0, 0x4, 0xf7, 0x0,
    0x0, 0x2e, 0xa0, 0x0, 0x0, 0xcd, 0x0, 0x0,
    0xa, 0xf2, 0x0, 0x0, 0x6f, 0x84, 0x44, 0x42,
    0xbf, 0xff, 0xff, 0xfa,

    /* U+007B "{" */
    0x0, 0x4d, 0xf0, 0xc, 0xc5, 0x0, 0xe6, 0x0,
    0xf, 0x60, 0x0, 0xf5, 0x0, 0x7f, 0x10, 0x8f,
    0x30, 0x2, 0xbb, 0x0, 0x1, 0xf3, 0x0, 0xf,
    0x50, 0x0, 0xf6, 0x0, 0xe, 0x60, 0x0, 0xd6,
    0x0, 0xa, 0xc5, 0x0, 0x2d, 0xf0,

    /* U+007C "|" */
    0x8b, 0x8b, 0x8b, 0x8b, 0x8b, 0x8b, 0x8b, 0x8b,
    0x8b, 0x8b, 0x8b, 0x8b, 0x8b, 0x8b, 0x8b,

    /* U+007D "}" */
    0x9f, 0x70, 0x3, 0x8f, 0x20, 0x1, 0xf3, 0x0,
    0xf, 0x40, 0x0, 0xf5, 0x0, 0xb, 0xc2, 0x0,
    0xc, 0xe0, 0x6, 0xe5, 0x0, 0xd7, 0x0, 0xf,
    0x40, 0x0, 0xf4, 0x0, 0xf, 0x40, 0x1, 0xf3,
    0x3, 0x9f, 0x10, 0x9f, 0x60, 0x0,

    /* U+007E "~" */
    0x3, 0x77, 0x30, 0x0, 0x33, 0xff, 0xff, 0xd9,
    0xca, 0x46, 0x12, 0x8d, 0xfc, 0x30, 0x0, 0x0,
    0x0, 0x0,

    /* U+00AB "«" */
    0x0, 0x54, 0x5, 0x50, 0x2f, 0x22, 0xf2, 0xc,
    0x90, 0xc9, 0x7, 0xf1, 0x6f, 0x10, 0xbd, 0xa,
    0xd0, 0x2, 0xf5, 0x1f, 0x60, 0x7, 0xd0, 0x6e,
    0x0, 0xc, 0x60, 0xc7,

    /* U+00B0 "°" */
    0x2c, 0xd5, 0xc, 0x31, 0xd1, 0xd0, 0x8, 0x4c,
    0x41, 0xd2, 0x2c, 0xd5, 0x0,

    /* U+00BB "»" */
    0x64, 0x6, 0x40, 0x5, 0xe1, 0x4e, 0x10, 0xc,
    0x90, 0xba, 0x0, 0x3f, 0x43, 0xf5, 0x1, 0xf8,
    0xf, 0x90, 0x8d, 0x8, 0xe0, 0x1f, 0x41, 0xf4,
    0xa, 0x90, 0x9a, 0x0,

    /* U+0400 "Ѐ" */
    0x0, 0x5, 0x30, 0x0, 0x0, 0x0, 0xae, 0x0,
    0x0, 0x0, 0x0, 0xd6, 0x0, 0x0, 0x0, 0x0,
    0x0, 0x0, 0xbf, 0xff, 0xff, 0xff, 0x8b, 0xe7,
    0x77, 0x77, 0x73, 0xbc, 0x0, 0x0, 0x0, 0xb,
    0xc0, 0x0, 0x0, 0x0, 0xbc, 0x22, 0x22, 0x22,
    0xb, 0xff, 0xff, 0xff, 0xf2, 0xbd, 0x55, 0x55,
    0x55, 0xb, 0xc0, 0x0, 0x0, 0x0, 0xbc, 0x0,
    0x0, 0x0, 0xb, 0xc0, 0x0, 0x0, 0x0, 0xbe,
    0x77, 0x77, 0x77, 0x5b, 0xff, 0xff, 0xff, 0xfd,

    /* U+0401 "Ё" */
    0x0, 0x87, 0x9, 0x60, 0x0, 0xc, 0xb0, 0xe9,
    0x0, 0x0, 0x0, 0x0, 0x0, 0xb, 0xff, 0xff,
    0xff, 0xf8, 0xbe, 0x77, 0x77, 0x77, 0x3b, 0xc0,
    0x0, 0x0, 0x0, 0xbc, 0x0, 0x0, 0x0, 0xb,
    0xc2, 0x22, 0x22, 0x20, 0xbf, 0xff, 0xff, 0xff,
    0x2b, 0xd5, 0x55, 0x55, 0x50, 0xbc, 0x0, 0x0,
    0x0, 0xb, 0xc0, 0x0, 0x0, 0x0, 0xbc, 0x0,
    0x0, 0x0, 0xb, 0xe7, 0x77, 0x77, 0x75, 0xbf,
    0xff, 0xff, 0xff, 0xd0,

    /* U+0402 "Ђ" */
    0x9f, 0xff, 0xff, 0xff, 0xf8, 0x0, 0x0, 0x47,
    0x77, 0xed, 0x77, 0x73, 0x0, 0x0, 0x0, 0x0,
    0xcb, 0x0, 0x0, 0x0, 0x0, 0x0, 0x0, 0xcb,
    0x0, 0x0, 0x0, 0x0, 0x0, 0x0, 0xcc, 0x8d,
    0xff, 0xd5, 0x0, 0x0, 0x0, 0xcf, 0xc7, 0x45,
    0xbf, 0x50, 0x0, 0x0, 0xcb, 0x0, 0x0, 0xc,
    0xe0, 0x0, 0x0, 0xcb, 0x0, 0x0, 0x6, 0xf2,
    0x0, 0x0, 0xcb, 0x0, 0x0, 0x6, 0xf1, 0x0,
    0x0, 0xcb, 0x0, 0x0, 0xb, 0xe0, 0x0, 0x0,
    0xcb, 0x0, 0x76, 0xaf, 0x60, 0x0, 0x0, 0xcb,
    0x1, 0xdf, 0xe7, 0x0,

    /* U+0403 "Ѓ" */
    0x0, 0x1, 0x52, 0x0, 0x0, 0xa, 0xe1, 0x0,
    0x0, 0x1f, 0x30, 0x0, 0x0, 0x0, 0x0, 0x0,
    0xbf, 0xff, 0xff, 0xfa, 0xbe, 0x77, 0x77, 0x74,
    0xbc, 0x0, 0x0, 0x0, 0xbc, 0x0, 0x0, 0x0,
    0xbc, 0x0, 0x0, 0x0, 0xbc, 0x0, 0x0, 0x0,
    0xbc, 0x0, 0x0, 0x0, 0xbc, 0x0, 0x0, 0x0,
    0xbc, 0x0, 0x0, 0x0, 0xbc, 0x0, 0x0, 0x0,
    0xbc, 0x0, 0x0, 0x0, 0xbc, 0x0, 0x0, 0x0,

    /* U+0404 "Є" */
    0x0, 0x4, 0xbe, 0xfd, 0x70, 0x0, 0x7, 0xfc,
    0x87, 0xaf, 0xb0, 0x3, 0xf7, 0x0, 0x0, 0x5f,
    0x60, 0xbd, 0x0, 0x0, 0x0, 0x74, 0xf, 0xa2,
    0x22, 0x10, 0x0, 0x1, 0xff, 0xff, 0xfb, 0x0,
    0x0, 0x1f, 0xa5, 0x55, 0x30, 0x0, 0x0, 0xfa,
    0x0, 0x0, 0x0, 0x21, 0xc, 0xe0, 0x0, 0x0,
    0xd, 0xb0, 0x5f, 0x90, 0x0, 0x7, 0xf5, 0x0,
    0x9f, 0xb6, 0x6a, 0xfa, 0x0, 0x0, 0x6c, 0xff,
    0xc6, 0x0,

    /* U+0405 "Ѕ" */
    0x0, 0x4b, 0xef, 0xd8, 0x0, 0x4, 0xfd, 0x87,
    0xaf, 0xc0, 0xb, 0xd0, 0x0, 0x5, 0xf4, 0xc,
    0xb0, 0x0, 0x0, 0x93, 0x7, 0xf9, 0x30, 0x0,
    0x0, 0x0, 0x7f, 0xff, 0xb6, 0x0, 0x0, 0x0,
    0x48, 0xcf, 0xd1, 0x0, 0x0, 0x0, 0x3, 0xf9,
    0x3f, 0x40, 0x0, 0x0, 0xac, 0xe, 0xc0, 0x0,
    0x1, 0xea, 0x5, 0xfe, 0x97, 0x9e, 0xf2, 0x0,
    0x3b, 0xef, 0xea, 0x20,

    /* U+0406 "І" */
    0x8f, 0x8, 0xf0, 0x8f, 0x8, 0xf0, 0x8f, 0x8,
    0xf0, 0x8f, 0x8, 0xf0, 0x8f, 0x8, 0xf0, 0x8f,
    0x8, 0xf0,

    /* U+0407 "Ї" */
    0xa5, 0xb, 0x4f, 0x80, 0xf6, 0x0, 0x0, 0x0,
    0x8f, 0x0, 0x8, 0xf0, 0x0, 0x8f, 0x0, 0x8,
    0xf0, 0x0, 0x8f, 0x0, 0x8, 0xf0, 0x0, 0x8f,
    0x0, 0x8, 0xf0, 0x0, 0x8f, 0x0, 0x8, 0xf0,
    0x0, 0x8f, 0x0, 0x8, 0xf0, 0x0,

    /* U+0408 "Ј" */
    0x0, 0x0, 0xc, 0xc0, 0x0, 0x0, 0xcc, 0x0,
    0x0, 0xc, 0xc0, 0x0, 0x0, 0xcc, 0x0, 0x0,
    0xc, 0xc0, 0x0, 0x0, 0xcc, 0x0, 0x0, 0xc,
    0xc0, 0x0, 0x0, 0xcc, 0x4a, 0x0, 0xc, 0xb6,
    0xf1, 0x0, 0xe9, 0x1f, 0xc7, 0xbf, 0x40, 0x4d,
    0xfd, 0x60,

    /* U+0409 "Љ" */
    0x0, 0xff, 0xff, 0xff, 0xf3, 0x0, 0x0, 0x0,
    0x0, 0xf, 0xb7, 0x77, 0x9f, 0x30, 0x0, 0x0,
    0x0, 0x0, 0xf8, 0x0, 0x5, 0xf3, 0x0, 0x0,
    0x0, 0x0, 0xf, 0x80, 0x0, 0x5f, 0x30, 0x0,
    0x0, 0x0, 0x0, 0xf8, 0x0, 0x5, 0xf4, 0x11,
    0x10, 0x0, 0x0, 0xf, 0x80, 0x0, 0x5f, 0xff,
    0xff, 0xfb, 0x10, 0x0, 0xf8, 0x0, 0x5, 0xf6,
    0x44, 0x58, 0xfc, 0x0, 0xf, 0x80, 0x0, 0x5f,
    0x30, 0x0, 0x8, 0xf3, 0x0, 0xf8, 0x0, 0x5,
    0xf3, 0x0, 0x0, 0x5f, 0x40, 0xf, 0x70, 0x0,
    0x5f, 0x30, 0x0, 0x7, 0xf2, 0x38, 0xf4, 0x0,
    0x5, 0xf6, 0x44, 0x47, 0xfb, 0xc, 0xf9, 0x0,
    0x0, 0x5f, 0xff, 0xff, 0xe9, 0x0, 0x0, 0x0,
    0x0, 0x0, 0x0, 0x0, 0x0, 0x0, 0x0,

    /* U+040A "Њ" */
    0xbc, 0x0, 0x1, 0xf7, 0x0, 0x0, 0x0, 0xb,
    0xc0, 0x0, 0x1f, 0x70, 0x0, 0x0, 0x0, 0xbc,
    0x0, 0x1, 0xf7, 0x0, 0x0, 0x0, 0xb, 0xc0,
    0x0, 0x1f, 0x70, 0x0, 0x0, 0x0, 0xbd, 0x11,
    0x12, 0xf8, 0x11, 0x10, 0x0, 0xb, 0xff, 0xff,
    0xff, 0xff, 0xff, 0xfc, 0x30, 0xbd, 0x44, 0x45,
    0xf9, 0x44, 0x57, 0xef, 0x1b, 0xc0, 0x0, 0x1f,
    0x70, 0x0, 0x4, 0xf7, 0xbc, 0x0, 0x1, 0xf7,
    0x0, 0x0, 0x1f, 0x8b, 0xc0, 0x0, 0x1f, 0x70,
    0x0, 0x4, 0xf6, 0xbc, 0x0, 0x1, 0xfa, 0x66,
    0x67, 0xee, 0xb, 0xc0, 0x0, 0x1f, 0xff, 0xff,
    0xeb, 0x20,

    /* U+040B "Ћ" */
    0x9f, 0xff, 0xff, 0xff, 0xf8, 0x0, 0x4, 0x77,
    0x7e, 0xd7, 0x77, 0x30, 0x0, 0x0, 0x0, 0xcb,
    0x0, 0x0, 0x0, 0x0, 0x0, 0xc, 0xb0, 0x0,
    0x0, 0x0, 0x0, 0x0, 0xcd, 0x8d, 0xff, 0xd5,
    0x0, 0x0, 0xc, 0xfd, 0x85, 0x5b, 0xf4, 0x0,
    0x0, 0xcb, 0x0, 0x0, 0xe, 0xb0, 0x0, 0xc,
    0xb0, 0x0, 0x0, 0xad, 0x0, 0x0, 0xcb, 0x0,
    0x0, 0x9, 0xe0, 0x0, 0xc, 0xb0, 0x0, 0x0,
    0x9f, 0x0, 0x0, 0xcb, 0x0, 0x0, 0x9, 0xf0,
    0x0, 0xc, 0xb0, 0x0, 0x0, 0x9f,

    /* U+040C "Ќ" */
    0x0, 0x0, 0x44, 0x0, 0x0, 0x0, 0x3f, 0x50,
    0x0, 0x0, 0xa, 0xa0, 0x0, 0x0, 0x0, 0x0,
    0x0, 0x0, 0xbc, 0x0, 0x4, 0xdf, 0x2b, 0xc0,
    0x2, 0xfc, 0x61, 0xbc, 0x0, 0x9f, 0x10, 0xb,
    0xc0, 0x1f, 0x80, 0x0, 0xbc, 0x1b, 0xf1, 0x0,
    0xb, 0xff, 0xf3, 0x0, 0x0, 0xbd, 0x5e, 0xd1,
    0x0, 0xb, 0xc0, 0x3f, 0xa0, 0x0, 0xbc, 0x0,
    0x9f, 0x40, 0xb, 0xc0, 0x1, 0xfd, 0x0, 0xbc,
    0x0, 0x7, 0xf6, 0xb, 0xc0, 0x0, 0xd, 0xe0,

    /* U+040D "Ѝ" */
    0x0, 0x15, 0x20, 0x0, 0x0, 0x0, 0xd, 0xc0,
    0x0, 0x0, 0x0, 0x2, 0xf3, 0x0, 0x0, 0x0,
    0x0, 0x0, 0x0, 0x0, 0xba, 0x0, 0x0, 0x9,
    0xf4, 0xba, 0x0, 0x0, 0x3f, 0xf4, 0xba, 0x0,
    0x0, 0xde, 0xf4, 0xba, 0x0, 0x8, 0xf5, 0xf4,
    0xba, 0x0, 0x2f, 0x92, 0xf4, 0xba, 0x0, 0xce,
    0x2, 0xf4, 0xba, 0x7, 0xf5, 0x2, 0xf4, 0xba,
    0x1f, 0xa0, 0x2, 0xf4, 0xba, 0xbe, 0x10, 0x2,
    0xf4, 0xbe, 0xf6, 0x0, 0x2, 0xf4, 0xbf, 0xb0,
    0x0, 0x2, 0xf4, 0xbf, 0x20, 0x0, 0x2, 0xf4,

    /* U+040E "Ў" */
    0x0, 0xb, 0x50, 0x7a, 0x0, 0x0, 0x0, 0x3e,
    0xfd, 0x20, 0x0, 0x0, 0x0, 0x1, 0x0, 0x0,
    0xa, 0xd0, 0x0, 0x0, 0x9, 0xd0, 0x2f, 0x60,
    0x0, 0x1, 0xf6, 0x0, 0x9e, 0x0, 0x0, 0x8e,
    0x0, 0x1, 0xf6, 0x0, 0xe, 0x70, 0x0, 0x8,
    0xe0, 0x6, 0xf1, 0x0, 0x0, 0xe, 0x70, 0xd8,
    0x0, 0x0, 0x0, 0x7e, 0x5f, 0x10, 0x0, 0x0,
    0x0, 0xef, 0x90, 0x0, 0x0, 0x0, 0x6, 0xf2,
    0x0, 0x0, 0x0, 0x0, 0xaa, 0x0, 0x0, 0x0,
    0x35, 0x7f, 0x20, 0x0, 0x0, 0x4, 0xee, 0x60,
    0x0, 0x0, 0x0,

    /* U+040F "Џ" */
    0xcc, 0x0, 0x0, 0x4, 0xf4, 0xcc, 0x0, 0x0,
    0x4, 0xf4, 0xcc, 0x0, 0x0, 0x4, 0xf4, 0xcc,
    0x0, 0x0, 0x4, 0xf4, 0xcc, 0x0, 0x0, 0x4,
    0xf4, 0xcc, 0x0, 0x0, 0x4, 0xf4, 0xcc, 0x0,
    0x0, 0x4, 0xf4, 0xcc, 0x0, 0x0, 0x4, 0xf4,
    0xcc, 0x0, 0x0, 0x4, 0xf4, 0xcc, 0x0, 0x0,
    0x4, 0xf4, 0xcd, 0x77, 0x77, 0x79, 0xf4, 0xcf,
    0xff, 0xff, 0xff, 0xf4, 0x0, 0x0, 0xe7, 0x0,
    0x0, 0x0, 0x0, 0xe7, 0x0, 0x0, 0x0, 0x0,
    0xe7, 0x0, 0x0,

    /* U+0410 "А" */
    0x0, 0x0, 0xd, 0xf3, 0x0, 0x0, 0x0, 0x0,
    0x2f, 0xd9, 0x0, 0x0, 0x0, 0x0, 0x8c, 0x7f,
    0x0, 0x0, 0x0, 0x0, 0xe8, 0x1f, 0x60, 0x0,
    0x0, 0x4, 0xf2, 0xb, 0xc0, 0x0, 0x0, 0xa,
    0xc0, 0x5, 0xf2, 0x0, 0x0, 0xf, 0x71, 0x11,
    0xf8, 0x0, 0x0, 0x6f, 0xff, 0xff, 0xfe, 0x0,
    0x0, 0xcc, 0x44, 0x44, 0x6f, 0x50, 0x1, 0xf6,
    0x0, 0x0, 0xe, 0xb0, 0x7, 0xf1, 0x0, 0x0,
    0x9, 0xf1, 0xd, 0xc0, 0x0, 0x0, 0x3, 0xf8,

    /* U+0411 "Б" */
    0xbf, 0xff, 0xff, 0xfb, 0xb, 0xe7, 0x77, 0x77,
    0x50, 0xbd, 0x0, 0x0, 0x0, 0xb, 0xd0, 0x0,
    0x0, 0x0, 0xbd, 0x11, 0x10, 0x0, 0xb, 0xff,
    0xff, 0xfe, 0x70, 0xbe, 0x44, 0x46, 0xbf, 0x6b,
    0xd0, 0x0, 0x0, 0xec, 0xbd, 0x0, 0x0, 0xb,
    0xeb, 0xd0, 0x0, 0x0, 0xec, 0xbe, 0x66, 0x67,
    0xcf, 0x5b, 0xff, 0xff, 0xfd, 0x50,

    /* U+0412 "В" */
    0xdf, 0xff, 0xfe, 0xa1, 0xd, 0xd7, 0x77, 0x9f,
    0xc0, 0xdb, 0x0, 0x0, 0x6f, 0x3d, 0xb0, 0x0,
    0x4, 0xf2, 0xdb, 0x22, 0x24, 0xcb, 0xd, 0xff,
    0xff, 0xff, 0x30, 0xdc, 0x55, 0x56, 0xcf, 0x3d,
    0xb0, 0x0, 0x0, 0xea, 0xdb, 0x0, 0x0, 0xc,
    0xcd, 0xb0, 0x0, 0x1, 0xfa, 0xdd, 0x77, 0x78,
    0xdf, 0x3d, 0xff, 0xff, 0xfb, 0x30,

    /* U+0413 "Г" */
    0xbf, 0xff, 0xff, 0xfa, 0xbe, 0x77, 0x77, 0x74,
    0xbc, 0x0, 0x0, 0x0, 0xbc, 0x0, 0x0, 0x0,
    0xbc, 0x0, 0x0, 0x0, 0xbc, 0x0, 0x0, 0x0,
    0xbc, 0x0, 0x0, 0x0, 0xbc, 0x0, 0x0, 0x0,
    0xbc, 0x0, 0x0, 0x0, 0xbc, 0x0, 0x0, 0x0,
    0xbc, 0x0, 0x0, 0x0, 0xbc, 0x0, 0x0, 0x0,

    /* U+0414 "Д" */
    0x0, 0xbf, 0xff, 0xff, 0xf4, 0x0, 0xb, 0xd7,
    0x77, 0x9f, 0x40, 0x0, 0xbb, 0x0, 0x4, 0xf4,
    0x0, 0xc, 0xa0, 0x0, 0x4f, 0x40, 0x0, 0xc9,
    0x0, 0x4, 0xf4, 0x0, 0xd, 0x80, 0x0, 0x4f,
    0x40, 0x0, 0xf6, 0x0, 0x4, 0xf4, 0x0, 0x1f,
    0x40, 0x0, 0x4f, 0x40, 0x5, 0xf1, 0x0, 0x4,
    0xf4, 0x0, 0x9c, 0x0, 0x0, 0x4f, 0x40, 0x7f,
    0xb7, 0x77, 0x79, 0xf9, 0x1f, 0xff, 0xff, 0xff,
    0xff, 0xf4, 0xf5, 0x0, 0x0, 0x0, 0x1f, 0x4f,
    0x50, 0x0, 0x0, 0x1, 0xf4, 0xd4, 0x0, 0x0,
    0x0, 0x1d, 0x30,

    /* U+0415 "Е" */
    0xbf, 0xff, 0xff, 0xff, 0x8b, 0xe7, 0x77, 0x77,
    0x73, 0xbc, 0x0, 0x0, 0x0, 0xb, 0xc0, 0x0,
    0x0, 0x0, 0xbc, 0x22, 0x22, 0x22, 0xb, 0xff,
    0xff, 0xff, 0xf2, 0xbd, 0x55, 0x55, 0x55, 0xb,
    0xc0, 0x0, 0x0, 0x0, 0xbc, 0x0, 0x0, 0x0,
    0xb, 0xc0, 0x0, 0x0, 0x0, 0xbe, 0x77, 0x77,
    0x77, 0x5b, 0xff, 0xff, 0xff, 0xfd,

    /* U+0416 "Ж" */
    0xdf, 0x80, 0x0, 0x6f, 0x20, 0x0, 0xaf, 0x95,
    0x9f, 0x60, 0x6, 0xf2, 0x0, 0xaf, 0x83, 0x0,
    0xae, 0x0, 0x6f, 0x20, 0x2f, 0x70, 0x0, 0x3,
    0xf6, 0x6, 0xf2, 0x9, 0xf0, 0x0, 0x0, 0xb,
    0xe2, 0x6f, 0x24, 0xf7, 0x0, 0x0, 0x0, 0xc,
    0xff, 0xff, 0xfa, 0x0, 0x0, 0x0, 0x9, 0xf8,
    0x8f, 0x5a, 0xf6, 0x0, 0x0, 0x5, 0xf8, 0x6,
    0xf2, 0xc, 0xf2, 0x0, 0x0, 0xee, 0x0, 0x6f,
    0x20, 0x2f, 0xb0, 0x0, 0x8f, 0x50, 0x6, 0xf2,
    0x0, 0x9f, 0x40, 0x1f, 0xc0, 0x0, 0x6f, 0x20,
    0x1, 0xed, 0xa, 0xf3, 0x0, 0x6, 0xf2, 0x0,
    0x7, 0xf6,

    /* U+0417 "З" */
    0x0, 0x5c, 0xfe, 0xa1, 0x0, 0x5, 0xfc, 0x78,
    0xed, 0x0, 0xe, 0xb0, 0x0, 0x3f, 0x50, 0x1b,
    0x40, 0x0, 0x1f, 0x60, 0x0, 0x0, 0x23, 0xbe,
    0x10, 0x0, 0x0, 0xff, 0xf6, 0x0, 0x0, 0x0,
    0x46, 0xcf, 0x50, 0x0, 0x0, 0x0, 0xd, 0xd0,
    0x2d, 0x30, 0x0, 0xa, 0xf0, 0xe, 0xc0, 0x0,
    0xe, 0xd0, 0x5, 0xfc, 0x77, 0xdf, 0x40, 0x0,
    0x4c, 0xff, 0xb3, 0x0,

    /* U+0418 "И" */
    0xba, 0x0, 0x0, 0x9, 0xf4, 0xba, 0x0, 0x0,
    0x3f, 0xf4, 0xba, 0x0, 0x0, 0xde, 0xf4, 0xba,
    0x0, 0x8, 0xf5, 0xf4, 0xba, 0x0, 0x2f, 0x92,
    0xf4, 0xba, 0x0, 0xce, 0x2, 0xf4, 0xba, 0x7,
    0xf5, 0x2, 0xf4, 0xba, 0x1f, 0xa0, 0x2, 0xf4,
    0xba, 0xbe, 0x10, 0x2, 0xf4, 0xbe, 0xf6, 0x0,
    0x2, 0xf4, 0xbf, 0xb0, 0x0, 0x2, 0xf4, 0xbf,
    0x20, 0x0, 0x2, 0xf4,

    /* U+0419 "Й" */
    0x0, 0x98, 0x4, 0xc0, 0x0, 0x0, 0x1d, 0xfe,
    0x30, 0x0, 0x0, 0x0, 0x10, 0x0, 0x0, 0xba,
    0x0, 0x0, 0x9, 0xf4, 0xba, 0x0, 0x0, 0x3f,
    0xf4, 0xba, 0x0, 0x0, 0xde, 0xf4, 0xba, 0x0,
    0x8, 0xf5, 0xf4, 0xba, 0x0, 0x2f, 0x92, 0xf4,
    0xba, 0x0, 0xce, 0x2, 0xf4, 0xba, 0x7, 0xf5,
    0x2, 0xf4, 0xba, 0x1f, 0xa0, 0x2, 0xf4, 0xba,
    0xbe, 0x10, 0x2, 0xf4, 0xbe, 0xf6, 0x0, 0x2,
    0xf4, 0xbf, 0xb0, 0x0, 0x2, 0xf4, 0xbf, 0x20,
    0x0, 0x2, 0xf4,

    /* U+041A "К" */
    0xbc, 0x0, 0x4, 0xdf, 0x2b, 0xc0, 0x2, 0xfc,
    0x61, 0xbc, 0x0, 0x9f, 0x10, 0xb, 0xc0, 0x1f,
    0x80, 0x0, 0xbc, 0x1b, 0xf1, 0x0, 0xb, 0xff,
    0xf3, 0x0, 0x0, 0xbd, 0x5e, 0xd1, 0x0, 0xb,
    0xc0, 0x3f, 0xa0, 0x0, 0xbc, 0x0, 0x9f, 0x40,
    0xb, 0xc0, 0x1, 0xfd, 0x0, 0xbc, 0x0, 0x7,
    0xf6, 0xb, 0xc0, 0x0, 0xd, 0xe0,

    /* U+041B "Л" */
    0x0, 0xef, 0xff, 0xff, 0xf4, 0x0, 0xec, 0x77,
    0x79, 0xf4, 0x0, 0xe9, 0x0, 0x4, 0xf4, 0x0,
    0xe9, 0x0, 0x4, 0xf4, 0x0, 0xe9, 0x0, 0x4,
    0xf4, 0x0, 0xe9, 0x0, 0x4, 0xf4, 0x0, 0xe9,
    0x0, 0x4, 0xf4, 0x0, 0xe9, 0x0, 0x4, 0xf4,
    0x0, 0xe9, 0x0, 0x4, 0xf4, 0x0, 0xf8, 0x0,
    0x4, 0xf4, 0x37, 0xf4, 0x0, 0x4, 0xf4, 0xcf,
    0x90, 0x0, 0x4, 0xf4, 0x0, 0x0, 0x0, 0x0,
    0x0,

    /* U+041C "М" */
    0xdf, 0xa0, 0x0, 0x0, 0x1f, 0xf2, 0xdf, 0xe0,
    0x0, 0x0, 0x6f, 0xf2, 0xdc, 0xf4, 0x0, 0x0,
    0xbd, 0xf2, 0xda, 0xc9, 0x0, 0x1, 0xf7, 0xf2,
    0xda, 0x7e, 0x0, 0x6, 0xc5, 0xf2, 0xda, 0x2f,
    0x30, 0xb, 0x75, 0xf2, 0xda, 0xd, 0x80, 0x1f,
    0x25, 0xf2, 0xda, 0x7, 0xd0, 0x6d, 0x5, 0xf2,
    0xda, 0x2, 0xf2, 0xb7, 0x5, 0xf2, 0xda, 0x0,
    0xd8, 0xf2, 0x5, 0xf2, 0xda, 0x0, 0x8f, 0xd0,
    0x5, 0xf2, 0xda, 0x0, 0x3f, 0x70, 0x5, 0xf2,

    /* U+041D "Н" */
    0xbc, 0x0, 0x0, 0x4, 0xf4, 0xbc, 0x0, 0x0,
    0x4, 0xf4, 0xbc, 0x0, 0x0, 0x4, 0xf4, 0xbc,
    0x0, 0x0, 0x4, 0xf4, 0xbd, 0x22, 0x22, 0x25,
    0xf4, 0xbf, 0xff, 0xff, 0xff, 0xf4, 0xbd, 0x55,
    0x55, 0x57, 0xf4, 0xbc, 0x0, 0x0, 0x4, 0xf4,
    0xbc, 0x0, 0x0, 0x4, 0xf4, 0xbc, 0x0, 0x0,
    0x4, 0xf4, 0xbc, 0x0, 0x0, 0x4, 0xf4, 0xbc,
    0x0, 0x0, 0x4, 0xf4,

    /* U+041E "О" */
    0x0, 0x4, 0xbe, 0xfd, 0x70, 0x0, 0x0, 0x8f,
    0xc7, 0x69, 0xfd, 0x20, 0x4, 0xf8, 0x0, 0x0,
    0x2e, 0xc0, 0xc, 0xd0, 0x0, 0x0, 0x6, 0xf4,
    0xf, 0x80, 0x0, 0x0, 0x0, 0xf8, 0x2f, 0x60,
    0x0, 0x0, 0x0, 0xea, 0x2f, 0x50, 0x0, 0x0,
    0x0, 0xda, 0x1f, 0x70, 0x0, 0x0, 0x0, 0xf9,
    0xc, 0xd0, 0x0, 0x0, 0x5, 0xf4, 0x4, 0xf8,
    0x0, 0x0, 0x2e, 0xc0, 0x0, 0x7f, 0xc7, 0x69,
    0xfd, 0x20, 0x0, 0x4, 0xbe, 0xfd, 0x70, 0x0,

    /* U+041F "П" */
    0xcf, 0xff, 0xff, 0xff, 0xf4, 0xcd, 0x77, 0x77,
    0x79, 0xf4, 0xcc, 0x0, 0x0, 0x4, 0xf4, 0xcc,
    0x0, 0x0, 0x4, 0xf4, 0xcc, 0x0, 0x0, 0x4,
    0xf4, 0xcc, 0x0, 0x0, 0x4, 0xf4, 0xcc, 0x0,
    0x0, 0x4, 0xf4, 0xcc, 0x0, 0x0, 0x4, 0xf4,
    0xcc, 0x0, 0x0, 0x4, 0xf4, 0xcc, 0x0, 0x0,
    0x4, 0xf4, 0xcc, 0x0, 0x0, 0x4, 0xf4, 0xcc,
    0x0, 0x0, 0x4, 0xf4,

    /* U+0420 "Р" */
    0xcf, 0xff, 0xff, 0xc6, 0xc, 0xd7, 0x77, 0x7c,
    0xf6, 0xcc, 0x0, 0x0, 0xd, 0xdc, 0xc0, 0x0,
    0x0, 0x9f, 0xcc, 0x0, 0x0, 0xc, 0xdc, 0xc2,
    0x22, 0x39, 0xf7, 0xcf, 0xff, 0xff, 0xfa, 0xc,
    0xd5, 0x54, 0x41, 0x0, 0xcc, 0x0, 0x0, 0x0,
    0xc, 0xc0, 0x0, 0x0, 0x0, 0xcc, 0x0, 0x0,
    0x0, 0xc, 0xc0, 0x0, 0x0, 0x0,

    /* U+0421 "С" */
    0x0, 0x4, 0xbe, 0xfc, 0x60, 0x0, 0x8, 0xfc,
    0x76, 0xaf, 0xa0, 0x5, 0xf7, 0x0, 0x0, 0x7f,
    0x50, 0xcd, 0x0, 0x0, 0x0, 0xa5, 0xf, 0x80,
    0x0, 0x0, 0x0, 0x2, 0xf6, 0x0, 0x0, 0x0,
    0x0, 0x2f, 0x60, 0x0, 0x0, 0x0, 0x0, 0xf8,
    0x0, 0x0, 0x0, 0x20, 0xc, 0xd0, 0x0, 0x0,
    0xe, 0xb0, 0x5f, 0x70, 0x0, 0x7, 0xf5, 0x0,
    0x9f, 0xb7, 0x7b, 0xfa, 0x0, 0x0, 0x6c, 0xef,
    0xc6, 0x0,

    /* U+0422 "Т" */
    0xaf, 0xff, 0xff, 0xff, 0xf7, 0x47, 0x77, 0xed,
    0x77, 0x73, 0x0, 0x0, 0xda, 0x0, 0x0, 0x0,
    0x0, 0xda, 0x0, 0x0, 0x0, 0x0, 0xda, 0x0,
    0x0, 0x0, 0x0, 0xda, 0x0, 0x0, 0x0, 0x0,
    0xda, 0x0, 0x0, 0x0, 0x0, 0xda, 0x0, 0x0,
    0x0, 0x0, 0xda, 0x0, 0x0, 0x0, 0x0, 0xda,
    0x0, 0x0, 0x0, 0x0, 0xda, 0x0, 0x0, 0x0,
    0x0, 0xda, 0x0, 0x0,

    /* U+0423 "У" */
    0xad, 0x0, 0x0, 0x0, 0x9d, 0x2, 0xf6, 0x0,
    0x0, 0x1f, 0x60, 0x9, 0xe0, 0x0, 0x8, 0xe0,
    0x0, 0x1f, 0x60, 0x0, 0xe7, 0x0, 0x0, 0x8e,
    0x0, 0x6f, 0x10, 0x0, 0x0, 0xe7, 0xd, 0x80,
    0x0, 0x0, 0x7, 0xe5, 0xf1, 0x0, 0x0, 0x0,
    0xe, 0xf9, 0x0, 0x0, 0x0, 0x0, 0x6f, 0x20,
    0x0, 0x0, 0x0, 0xa, 0xa0, 0x0, 0x0, 0x3,
    0x57, 0xf2, 0x0, 0x0, 0x0, 0x4e, 0xe6, 0x0,
    0x0, 0x0,

    /* U+0424 "Ф" */
    0x0, 0x0, 0xa, 0xc0, 0x0, 0x0, 0x0, 0x3b,
    0xff, 0xff, 0xc5, 0x0, 0x4, 0xfd, 0x6b, 0xd6,
    0xbf, 0x60, 0xe, 0xd0, 0xa, 0xc0, 0xa, 0xf1,
    0x3f, 0x60, 0xa, 0xc0, 0x3, 0xf6, 0x5f, 0x40,
    0xa, 0xc0, 0x1, 0xf7, 0x4f, 0x50, 0xa, 0xc0,
    0x2, 0xf6, 0xf, 0xb0, 0xa, 0xc0, 0x9, 0xf2,
    0x6, 0xfa, 0x3a, 0xd3, 0x9f, 0x90, 0x0, 0x6e,
    0xff, 0xff, 0xf8, 0x0, 0x0, 0x0, 0x2b, 0xd3,
    0x0, 0x0, 0x0, 0x0, 0xa, 0xc0, 0x0, 0x0,

    /* U+0425 "Х" */
    0x1f, 0xb0, 0x0, 0x0, 0xbd, 0x0, 0x6f, 0x60,
    0x0, 0x7f, 0x30, 0x0, 0xbf, 0x20, 0x3f, 0x70,
    0x0, 0x1, 0xec, 0xd, 0xc0, 0x0, 0x0, 0x5,
    0xfc, 0xe1, 0x0, 0x0, 0x0, 0xb, 0xf6, 0x0,
    0x0, 0x0, 0x1, 0xef, 0xc0, 0x0, 0x0, 0x0,
    0xbe, 0x6f, 0x70, 0x0, 0x0, 0x7f, 0x40, 0xaf,
    0x30, 0x0, 0x2f, 0x90, 0x1, 0xed, 0x0, 0xd,
    0xd0, 0x0, 0x4, 0xf8, 0x9, 0xf3, 0x0, 0x0,
    0xa, 0xf3,

    /* U+0426 "Ц" */
    0xcc, 0x0, 0x0, 0x4, 0xf4, 0xc, 0xc0, 0x0,
    0x0, 0x4f, 0x40, 0xcc, 0x0, 0x0, 0x4, 0xf4,
    0xc, 0xc0, 0x0, 0x0, 0x4f, 0x40, 0xcc, 0x0,
    0x0, 0x4, 0xf4, 0xc, 0xc0, 0x0, 0x0, 0x4f,
    0x40, 0xcc, 0x0, 0x0, 0x4, 0xf4, 0xc, 0xc0,
    0x0, 0x0, 0x4f, 0x40, 0xcc, 0x0, 0x0, 0x4,
    0xf4, 0xc, 0xc0, 0x0, 0x0, 0x4f, 0x40, 0xcd,
    0x77, 0x77, 0x79, 0xf9, 0x2c, 0xff, 0xff, 0xff,
    0xff, 0xf4, 0x0, 0x0, 0x0, 0x0, 0xf, 0x40,
    0x0, 0x0, 0x0, 0x0, 0xf4, 0x0, 0x0, 0x0,
    0x0, 0xf, 0x40,

    /* U+0427 "Ч" */
    0x5f, 0x30, 0x0, 0x1, 0xf6, 0x5f, 0x30, 0x0,
    0x1, 0xf6, 0x5f, 0x30, 0x0, 0x1, 0xf6, 0x4f,
    0x30, 0x0, 0x1, 0xf6, 0x4f, 0x40, 0x0, 0x1,
    0xf6, 0x2f, 0x70, 0x0, 0x1, 0xf6, 0xc, 0xe5,
    0x23, 0x6c, 0xf6, 0x2, 0xcf, 0xff, 0xea, 0xf6,
    0x0, 0x2, 0x32, 0x1, 0xf6, 0x0, 0x0, 0x0,
    0x1, 0xf6, 0x0, 0x0, 0x0, 0x1, 0xf6, 0x0,
    0x0, 0x0, 0x1, 0xf6,

    /* U+0428 "Ш" */
    0xbc, 0x0, 0x6, 0xf1, 0x0, 0x1f, 0x6b, 0xc0,
    0x0, 0x6f, 0x10, 0x1, 0xf6, 0xbc, 0x0, 0x6,
    0xf1, 0x0, 0x1f, 0x6b, 0xc0, 0x0, 0x6f, 0x10,
    0x1, 0xf6, 0xbc, 0x0, 0x6, 0xf1, 0x0, 0x1f,
    0x6b, 0xc0, 0x0, 0x6f, 0x10, 0x1, 0xf6, 0xbc,
    0x0, 0x6, 0xf1, 0x0, 0x1f, 0x6b, 0xc0, 0x0,
    0x6f, 0x10, 0x1, 0xf6, 0xbc, 0x0, 0x6, 0xf1,
    0x0, 0x1f, 0x6b, 0xc0, 0x0, 0x6f, 0x10, 0x1,
    0xf6, 0xbe, 0x77, 0x7a, 0xf7, 0x77, 0x7f, 0x6b,
    0xff, 0xff, 0xff, 0xff, 0xff, 0xf6,

    /* U+0429 "Щ" */
    0xbc, 0x0, 0x6, 0xf1, 0x0, 0x1f, 0x60, 0xbc,
    0x0, 0x6, 0xf1, 0x0, 0x1f, 0x60, 0xbc, 0x0,
    0x6, 0xf1, 0x0, 0x1f, 0x60, 0xbc, 0x0, 0x6,
    0xf1, 0x0, 0x1f, 0x60, 0xbc, 0x0, 0x6, 0xf1,
    0x0, 0x1f, 0x60, 0xbc, 0x0, 0x6, 0xf1, 0x0,
    0x1f, 0x60, 0xbc, 0x0, 0x6, 0xf1, 0x0, 0x1f,
    0x60, 0xbc, 0x0, 0x6, 0xf1, 0x0, 0x1f, 0x60,
    0xbc, 0x0, 0x6, 0xf1, 0x0, 0x1f, 0x60, 0xbc,
    0x0, 0x6, 0xf1, 0x0, 0x1f, 0x60, 0xbe, 0x77,
    0x7a, 0xf7, 0x77, 0x7f, 0xa3, 0xbf, 0xff, 0xff,
    0xff, 0xff, 0xff, 0xf7, 0x0, 0x0, 0x0, 0x0,
    0x0, 0x0, 0xe7, 0x0, 0x0, 0x0, 0x0, 0x0,
    0x0, 0xe7, 0x0, 0x0, 0x0, 0x0, 0x0, 0x0,
    0xe7,

    /* U+042A "Ъ" */
    0xff, 0xff, 0xf0, 0x0, 0x0, 0x0, 0x7, 0x77,
    0xbf, 0x0, 0x0, 0x0, 0x0, 0x0, 0x8, 0xf0,
    0x0, 0x0, 0x0, 0x0, 0x0, 0x8f, 0x0, 0x0,
    0x0, 0x0, 0x0, 0x8, 0xf1, 0x11, 0x0, 0x0,
    0x0, 0x0, 0x8f, 0xff, 0xff, 0xe9, 0x0, 0x0,
    0x8, 0xf4, 0x44, 0x5a, 0xf9, 0x0, 0x0, 0x8f,
    0x0, 0x0, 0xb, 0xf0, 0x0, 0x8, 0xf0, 0x0,
    0x0, 0x8f, 0x10, 0x0, 0x8f, 0x0, 0x0, 0xc,
    0xe0, 0x0, 0x8, 0xf6, 0x66, 0x7b, 0xf7, 0x0,
    0x0, 0x8f, 0xff, 0xff, 0xd6, 0x0,

    /* U+042B "Ы" */
    0xbd, 0x0, 0x0, 0x0, 0x0, 0xad, 0xbd, 0x0,
    0x0, 0x0, 0x0, 0xad, 0xbd, 0x0, 0x0, 0x0,
    0x0, 0xad, 0xbd, 0x0, 0x0, 0x0, 0x0, 0xad,
    0xbd, 0x11, 0x10, 0x0, 0x0, 0xad, 0xbf, 0xff,
    0xff, 0xe7, 0x0, 0xad, 0xbe, 0x44, 0x46, 0xbf,
    0x60, 0xad, 0xbd, 0x0, 0x0, 0xd, 0xc0, 0xad,
    0xbd, 0x0, 0x0, 0xb, 0xe0, 0xad, 0xbd, 0x0,
    0x0, 0xe, 0xc0, 0xad, 0xbe, 0x66, 0x67, 0xdf,
    0x40, 0xad, 0xbf, 0xff, 0xff, 0xc5, 0x0, 0xad,

    /* U+042C "Ь" */
    0xbd, 0x0, 0x0, 0x0, 0xb, 0xd0, 0x0, 0x0,
    0x0, 0xbd, 0x0, 0x0, 0x0, 0xb, 0xd0, 0x0,
    0x0, 0x0, 0xbd, 0x11, 0x10, 0x0, 0xb, 0xff,
    0xff, 0xfe, 0x70, 0xbd, 0x44, 0x46, 0xbf, 0x6b,
    0xd0, 0x0, 0x0, 0xec, 0xbd, 0x0, 0x0, 0xb,
    0xeb, 0xd0, 0x0, 0x0, 0xeb, 0xbe, 0x66, 0x67,
    0xcf, 0x4b, 0xff, 0xff, 0xfc, 0x50,

    /* U+042D "Э" */
    0x0, 0x3a, 0xef, 0xd8, 0x10, 0x0, 0x4f, 0xd8,
    0x79, 0xfd, 0x10, 0xe, 0xc0, 0x0, 0x1, 0xeb,
    0x1, 0x73, 0x0, 0x0, 0x5, 0xf3, 0x0, 0x0,
    0x1, 0x11, 0x3f, 0x70, 0x0, 0x2, 0xff, 0xff,
    0xf9, 0x0, 0x0, 0x4, 0x44, 0x5f, 0x90, 0x30,
    0x0, 0x0, 0x2, 0xf8, 0x3f, 0x50, 0x0, 0x0,
    0x7f, 0x40, 0xdd, 0x10, 0x0, 0x2e, 0xd0, 0x2,
    0xfe, 0x85, 0x8e, 0xe2, 0x0, 0x2, 0xae, 0xfe,
    0x92, 0x0,

    /* U+042E "Ю" */
    0xbc, 0x0, 0x0, 0x4b, 0xff, 0xc6, 0x0, 0xb,
    0xc0, 0x0, 0x8f, 0x93, 0x36, 0xeb, 0x0, 0xbc,
    0x0, 0x4f, 0x80, 0x0, 0x3, 0xf8, 0xb, 0xc0,
    0xb, 0xe0, 0x0, 0x0, 0xa, 0xf0, 0xbd, 0x22,
    0xfb, 0x0, 0x0, 0x0, 0x6f, 0x3b, 0xff, 0xff,
    0x90, 0x0, 0x0, 0x4, 0xf5, 0xbd, 0x55, 0xf9,
    0x0, 0x0, 0x0, 0x3f, 0x5b, 0xc0, 0xc, 0xb0,
    0x0, 0x0, 0x6, 0xf3, 0xbc, 0x0, 0x7f, 0x10,
    0x0, 0x0, 0xbe, 0xb, 0xc0, 0x1, 0xfa, 0x0,
    0x0, 0x5f, 0x80, 0xbc, 0x0, 0x5, 0xfc, 0x76,
    0xaf, 0xb0, 0xb, 0xc0, 0x0, 0x3, 0xbf, 0xfd,
    0x60, 0x0,

    /* U+042F "Я" */
    0x0, 0x7d, 0xff, 0xff, 0xff, 0x40, 0x6f, 0xc6,
    0x55, 0x57, 0xf4, 0xc, 0xd0, 0x0, 0x0, 0x3f,
    0x40, 0xcc, 0x0, 0x0, 0x3, 0xf4, 0x7, 0xf8,
    0x21, 0x11, 0x4f, 0x40, 0x7, 0xef, 0xff, 0xff,
    0xf4, 0x0, 0x4, 0xfb, 0x54, 0x7f, 0x40, 0x2,
    0xfc, 0x0, 0x3, 0xf4, 0x0, 0xcf, 0x20, 0x0,
    0x3f, 0x40, 0x5f, 0x80, 0x0, 0x3, 0xf4, 0xe,
    0xe0, 0x0, 0x0, 0x3f, 0x48, 0xf6, 0x0, 0x0,
    0x3, 0xf4,

    /* U+0430 "а" */
    0x0, 0x9e, 0xfe, 0x90, 0x0, 0xbe, 0x54, 0x7f,
    0x80, 0xc, 0x40, 0x0, 0xbc, 0x0, 0x0, 0x14,
    0x7d, 0xc0, 0x5, 0xdf, 0xfb, 0xdc, 0x2, 0xfa,
    0x20, 0xa, 0xc0, 0x6f, 0x20, 0x0, 0xec, 0x3,
    0xfa, 0x34, 0xcf, 0xd0, 0x6, 0xdf, 0xd9, 0x6f,
    0x10,

    /* U+0431 "б" */
    0x0, 0x5c, 0xff, 0xff, 0x30, 0x6f, 0xb8, 0x87,
    0x40, 0xd, 0x70, 0x0, 0x0, 0x1, 0xf3, 0xbf,
    0xe8, 0x0, 0x3f, 0xda, 0x46, 0xfa, 0x4, 0xfc,
    0x0, 0x5, 0xf3, 0x4f, 0x60, 0x0, 0xf, 0x73,
    0xf5, 0x0, 0x0, 0xf8, 0x1f, 0x60, 0x0, 0x1f,
    0x60, 0xdb, 0x0, 0x7, 0xf2, 0x4, 0xfa, 0x46,
    0xf9, 0x0, 0x5, 0xdf, 0xe8, 0x0,

    /* U+0432 "в" */
    0xff, 0xff, 0xe7, 0xf, 0x93, 0x49, 0xf4, 0xf7,
    0x0, 0xf, 0x7f, 0x70, 0x6, 0xf4, 0xff, 0xff,
    0xfd, 0xf, 0x93, 0x36, 0xe9, 0xf7, 0x0, 0x9,
    0xdf, 0x93, 0x35, 0xea, 0xff, 0xff, 0xea, 0x10,

    /* U+0433 "г" */
    0xff, 0xff, 0xdf, 0x93, 0x33, 0xf7, 0x0, 0xf,
    0x70, 0x0, 0xf7, 0x0, 0xf, 0x70, 0x0, 0xf7,
    0x0, 0xf, 0x70, 0x0, 0xf7, 0x0, 0x0,

    /* U+0434 "д" */
    0x0, 0xdf, 0xff, 0xff, 0x0, 0xd, 0x73, 0x39,
    0xf0, 0x0, 0xe4, 0x0, 0x7f, 0x0, 0xf, 0x20,
    0x7, 0xf0, 0x2, 0xf0, 0x0, 0x7f, 0x0, 0x5d,
    0x0, 0x7, 0xf0, 0xa, 0x90, 0x0, 0x7f, 0x4,
    0xf6, 0x33, 0x39, 0xf2, 0xff, 0xff, 0xff, 0xff,
    0xdf, 0x20, 0x0, 0x0, 0x5d, 0xf2, 0x0, 0x0,
    0x5, 0xd8, 0x10, 0x0, 0x0, 0x26,

    /* U+0435 "е" */
    0x0, 0x7d, 0xfd, 0x50, 0x0, 0x8f, 0x84, 0x9f,
    0x50, 0x1f, 0x80, 0x0, 0xad, 0x5, 0xf3, 0x0,
    0x5, 0xf1, 0x6f, 0xff, 0xff, 0xff, 0x35, 0xf4,
    0x33, 0x33, 0x30, 0x1f, 0x60, 0x0, 0x6b, 0x0,
    0x9f, 0x74, 0x7f, 0x90, 0x0, 0x7d, 0xfd, 0x80,
    0x0,

    /* U+0436 "ж" */
    0xb, 0xd2, 0x5, 0xf1, 0x5, 0xf7, 0x2, 0xaa,
    0x5, 0xf1, 0xe, 0x71, 0x0, 0x2f, 0x15, 0xf1,
    0x5d, 0x0, 0x0, 0xb, 0x95, 0xf2, 0xd7, 0x0,
    0x0, 0x2, 0xff, 0xff, 0xd0, 0x0, 0x0, 0x1d,
    0x96, 0xf2, 0xda, 0x0, 0x0, 0x9d, 0x5, 0xf1,
    0x3f, 0x50, 0x3, 0xf5, 0x5, 0xf1, 0xa, 0xd0,
    0xc, 0xc0, 0x5, 0xf1, 0x1, 0xf7,

    /* U+0437 "з" */
    0x2, 0xcf, 0xd5, 0x0, 0xec, 0x49, 0xf2, 0x2b,
    0x20, 0xf, 0x70, 0x0, 0x5, 0xf4, 0x0, 0x1f,
    0xfc, 0x0, 0x0, 0x25, 0xf8, 0x49, 0x0, 0xb,
    0xb3, 0xfa, 0x36, 0xf8, 0x5, 0xdf, 0xe8, 0x0,

    /* U+0438 "и" */
    0xf7, 0x0, 0xe, 0xef, 0x70, 0x7, 0xfe, 0xf7,
    0x1, 0xfc, 0xef, 0x70, 0xab, 0x8e, 0xf7, 0x3f,
    0x28, 0xef, 0x7c, 0x90, 0x8e, 0xfc, 0xe1, 0x8,
    0xef, 0xf6, 0x0, 0x8e, 0xfd, 0x0, 0x8, 0xe0,

    /* U+0439 "й" */
    0x9, 0x70, 0x4c, 0x0, 0x1d, 0xfe, 0x30, 0x0,
    0x1, 0x0, 0xf, 0x70, 0x0, 0xee, 0xf7, 0x0,
    0x7f, 0xef, 0x70, 0x1f, 0xce, 0xf7, 0xa, 0xb8,
    0xef, 0x73, 0xf2, 0x8e, 0xf7, 0xc9, 0x8, 0xef,
    0xce, 0x10, 0x8e, 0xff, 0x60, 0x8, 0xef, 0xd0,
    0x0, 0x8e,

    /* U+043A "к" */
    0xf7, 0x1, 0xdc, 0xf, 0x70, 0x9b, 0x30, 0xf7,
    0xf, 0x40, 0xf, 0x77, 0xd0, 0x0, 0xff, 0xf3,
    0x0, 0xf, 0x78, 0xe1, 0x0, 0xf7, 0xc, 0xb0,
    0xf, 0x70, 0x4f, 0x40, 0xf7, 0x0, 0xbd, 0x0,

    /* U+043B "л" */
    0x4, 0xff, 0xff, 0xff, 0x40, 0x4f, 0x53, 0x35,
    0xf4, 0x4, 0xf2, 0x0, 0x2f, 0x40, 0x4f, 0x20,
    0x2, 0xf4, 0x4, 0xf2, 0x0, 0x2f, 0x40, 0x4f,
    0x20, 0x2, 0xf4, 0x4, 0xf2, 0x0, 0x2f, 0x43,
    0x9f, 0x10, 0x2, 0xf4, 0xcf, 0x90, 0x0, 0x2f,
    0x40,

    /* U+043C "м" */
    0xef, 0x60, 0x0, 0x4f, 0xee, 0xfb, 0x0, 0x9,
    0xfe, 0xea, 0xf0, 0x0, 0xeb, 0xee, 0x7e, 0x50,
    0x4e, 0x8e, 0xe7, 0x9a, 0xa, 0x98, 0xee, 0x74,
    0xe0, 0xe3, 0x8e, 0xe7, 0xf, 0x8e, 0x8, 0xee,
    0x70, 0xaf, 0x80, 0x8e, 0xe7, 0x5, 0xf3, 0x8,
    0xe0,

    /* U+043D "н" */
    0xf7, 0x0, 0xa, 0xcf, 0x70, 0x0, 0xac, 0xf7,
    0x0, 0xa, 0xcf, 0x70, 0x0, 0xac, 0xff, 0xff,
    0xff, 0xcf, 0x93, 0x33, 0xbc, 0xf7, 0x0, 0xa,
    0xcf, 0x70, 0x0, 0xac, 0xf7, 0x0, 0xa, 0xc0,

    /* U+043E "о" */
    0x0, 0x7d, 0xfd, 0x60, 0x0, 0x9f, 0x74, 0x9f,
    0x70, 0x2f, 0x70, 0x0, 0x9f, 0x6, 0xf1, 0x0,
    0x4, 0xf3, 0x7f, 0x0, 0x0, 0x2f, 0x46, 0xf1,
    0x0, 0x4, 0xf3, 0x2f, 0x70, 0x0, 0x9f, 0x0,
    0xaf, 0x74, 0x9f, 0x70, 0x0, 0x8e, 0xfd, 0x60,
    0x0,

    /* U+043F "п" */
    0xff, 0xff, 0xff, 0x9f, 0x93, 0x33, 0xd9, 0xf7,
    0x0, 0xc, 0x9f, 0x70, 0x0, 0xc9, 0xf7, 0x0,
    0xc, 0x9f, 0x70, 0x0, 0xc9, 0xf7, 0x0, 0xc,
    0x9f, 0x70, 0x0, 0xc9, 0xf7, 0x0, 0xc, 0x90,

    /* U+0440 "р" */
    0xf7, 0xbf, 0xe7, 0x0, 0xff, 0x70, 0x4f, 0x70,
    0xfb, 0x0, 0x8, 0xe0, 0xf6, 0x0, 0x4, 0xf2,
    0xf5, 0x0, 0x3, 0xf3, 0xf7, 0x0, 0x4, 0xf2,
    0xfc, 0x0, 0xa, 0xe0, 0xff, 0xa4, 0x8f, 0x60,
    0xf8, 0xbf, 0xd5, 0x0, 0xf7, 0x0, 0x0, 0x0,
    0xf7, 0x0, 0x0, 0x0, 0xf7, 0x0, 0x0, 0x0,

    /* U+0441 "с" */
    0x0, 0x7d, 0xfd, 0x50, 0x9, 0xf8, 0x49, 0xf3,
    0x1f, 0x70, 0x0, 0xc7, 0x4f, 0x30, 0x0, 0x0,
    0x5f, 0x10, 0x0, 0x0, 0x4f, 0x20, 0x0, 0x33,
    0x1f, 0x70, 0x0, 0xca, 0x9, 0xf7, 0x49, 0xf3,
    0x0, 0x7e, 0xfc, 0x40,

    /* U+0442 "т" */
    0xbf, 0xff, 0xff, 0xf0, 0x23, 0x4f, 0x83, 0x30,
    0x0, 0xf, 0x60, 0x0, 0x0, 0xf, 0x60, 0x0,
    0x0, 0xf, 0x60, 0x0, 0x0, 0xf, 0x60, 0x0,
    0x0, 0xf, 0x60, 0x0, 0x0, 0xf, 0x60, 0x0,
    0x0, 0xf, 0x60, 0x0,

    /* U+0443 "у" */
    0x8e, 0x0, 0x0, 0xba, 0x2f, 0x40, 0x1, 0xf4,
    0xd, 0xa0, 0x7, 0xe0, 0x7, 0xf0, 0xc, 0x90,
    0x1, 0xf5, 0x2f, 0x30, 0x0, 0xba, 0x7d, 0x0,
    0x0, 0x5f, 0xc7, 0x0, 0x0, 0xe, 0xf2, 0x0,
    0x0, 0xa, 0xc0, 0x0, 0x0, 0xe, 0x60, 0x0,
    0x17, 0xce, 0x0, 0x0, 0xe, 0xe4, 0x0, 0x0,

    /* U+0444 "ф" */
    0x0, 0x0, 0x1, 0xf4, 0x0, 0x0, 0x0, 0x0,
    0x0, 0x1f, 0x40, 0x0, 0x0, 0x0, 0x0, 0x1,
    0xf4, 0x0, 0x0, 0x0, 0xa, 0xfe, 0x7f, 0x8c,
    0xfb, 0x10, 0xa, 0xe5, 0x5e, 0xff, 0x64, 0xdc,
    0x1, 0xf5, 0x0, 0x7f, 0x90, 0x3, 0xf4, 0x4f,
    0x10, 0x3, 0xf5, 0x0, 0xf, 0x76, 0xf0, 0x0,
    0x2f, 0x40, 0x0, 0xd8, 0x4f, 0x10, 0x2, 0xf5,
    0x0, 0xf, 0x71, 0xf5, 0x0, 0x6f, 0x80, 0x3,
    0xf3, 0x9, 0xe6, 0x5e, 0xff, 0x65, 0xec, 0x0,
    0x9, 0xfd, 0x7f, 0x8d, 0xfb, 0x10, 0x0, 0x0,
    0x1, 0xf4, 0x0, 0x0, 0x0, 0x0, 0x0, 0x1f,
    0x40, 0x0, 0x0, 0x0, 0x0, 0x1, 0xf4, 0x0,
    0x0, 0x0,

    /* U+0445 "х" */
    0x5f, 0x60, 0x5, 0xf5, 0xa, 0xe1, 0x1e, 0xa0,
    0x1, 0xe9, 0xae, 0x10, 0x0, 0x6f, 0xf4, 0x0,
    0x0, 0x1f, 0xf1, 0x0, 0x0, 0x9e, 0xe9, 0x0,
    0x4, 0xf5, 0x5f, 0x40, 0xd, 0xb0, 0xc, 0xd0,
    0x8f, 0x20, 0x2, 0xf9,

    /* U+0446 "ц" */
    0xe7, 0x0, 0xa, 0xc0, 0xe7, 0x0, 0xa, 0xc0,
    0xe7, 0x0, 0xa, 0xc0, 0xe7, 0x0, 0xa, 0xc0,
    0xe7, 0x0, 0xa, 0xc0, 0xe7, 0x0, 0xa, 0xc0,
    0xe7, 0x0, 0xa, 0xc0, 0xe9, 0x33, 0x3b, 0xd2,
    0xef, 0xff, 0xff, 0xfb, 0x0, 0x0, 0x0, 0x7b,
    0x0, 0x0, 0x0, 0x7b, 0x0, 0x0, 0x0, 0x35,

    /* U+0447 "ч" */
    0x7f, 0x0, 0x2, 0xf4, 0x7f, 0x0, 0x2, 0xf4,
    0x6f, 0x0, 0x2, 0xf4, 0x5f, 0x10, 0x2, 0xf4,
    0x1f, 0xa1, 0x27, 0xf4, 0x5, 0xff, 0xfe, 0xf4,
    0x0, 0x3, 0x12, 0xf4, 0x0, 0x0, 0x2, 0xf4,
    0x0, 0x0, 0x2, 0xf4,

    /* U+0448 "ш" */
    0xe8, 0x0, 0x4f, 0x20, 0xa, 0xbe, 0x80, 0x4,
    0xf2, 0x0, 0xab, 0xe8, 0x0, 0x4f, 0x20, 0xa,
    0xbe, 0x80, 0x4, 0xf2, 0x0, 0xab, 0xe8, 0x0,
    0x4f, 0x20, 0xa, 0xbe, 0x80, 0x4, 0xf2, 0x0,
    0xab, 0xe8, 0x0, 0x4f, 0x20, 0xa, 0xbe, 0xa3,
    0x37, 0xf5, 0x33, 0xbb, 0xef, 0xff, 0xff, 0xff,
    0xff, 0xb0,

    /* U+0449 "щ" */
    0xe8, 0x0, 0x4f, 0x20, 0xa, 0xb0, 0xe8, 0x0,
    0x4f, 0x20, 0xa, 0xb0, 0xe8, 0x0, 0x4f, 0x20,
    0xa, 0xb0, 0xe8, 0x0, 0x4f, 0x20, 0xa, 0xb0,
    0xe8, 0x0, 0x4f, 0x20, 0xa, 0xb0, 0xe8, 0x0,
    0x4f, 0x20, 0xa, 0xb0, 0xe8, 0x0, 0x4f, 0x20,
    0xa, 0xb0, 0xe9, 0x33, 0x7f, 0x53, 0x3b, 0xc2,
    0xef, 0xff, 0xff, 0xff, 0xff, 0xfa, 0x0, 0x0,
    0x0, 0x0, 0x0, 0x8a, 0x0, 0x0, 0x0, 0x0,
    0x0, 0x8a, 0x0, 0x0, 0x0, 0x0, 0x0, 0x45,

    /* U+044A "ъ" */
    0xbf, 0xff, 0x0, 0x0, 0x0, 0x23, 0x8f, 0x0,
    0x0, 0x0, 0x0, 0x6f, 0x0, 0x0, 0x0, 0x0,
    0x6f, 0x0, 0x0, 0x0, 0x0, 0x6f, 0xff, 0xfc,
    0x40, 0x0, 0x6f, 0x33, 0x4a, 0xf2, 0x0, 0x6f,
    0x0, 0x1, 0xf6, 0x0, 0x6f, 0x33, 0x4a, 0xf2,
    0x0, 0x6f, 0xff, 0xfc, 0x50,

    /* U+044B "ы" */
    0xe8, 0x0, 0x0, 0x0, 0xf5, 0xe8, 0x0, 0x0,
    0x0, 0xf5, 0xe8, 0x0, 0x0, 0x0, 0xf5, 0xe8,
    0x0, 0x0, 0x0, 0xf5, 0xef, 0xff, 0xe8, 0x0,
    0xf5, 0xe9, 0x33, 0x5e, 0x90, 0xf5, 0xe8, 0x0,
    0x9, 0xd0, 0xf5, 0xe9, 0x34, 0x6e, 0x90, 0xf5,
    0xef, 0xff, 0xe9, 0x0, 0xf5,

    /* U+044C "ь" */
    0xf7, 0x0, 0x0, 0xf, 0x70, 0x0, 0x0, 0xf7,
    0x0, 0x0, 0xf, 0x70, 0x0, 0x0, 0xff, 0xff,
    0xd8, 0xf, 0x83, 0x36, 0xf8, 0xf7, 0x0, 0xa,
    0xcf, 0x83, 0x47, 0xf8, 0xff, 0xff, 0xe9, 0x0,

    /* U+044D "э" */
    0x2, 0xbf, 0xe9, 0x0, 0x1e, 0xc4, 0x6f, 0xb0,
    0x5f, 0x10, 0x5, 0xf3, 0x0, 0x0, 0x0, 0xf7,
    0x0, 0xd, 0xff, 0xf8, 0x1, 0x2, 0x33, 0xf7,
    0x7e, 0x0, 0x4, 0xf3, 0x1e, 0xb5, 0x6e, 0xb0,
    0x2, 0xbf, 0xe9, 0x10,

    /* U+044E "ю" */
    0xe7, 0x0, 0x3c, 0xfe, 0x80, 0xe, 0x70, 0x1e,
    0x92, 0x4e, 0x80, 0xe7, 0x7, 0xe0, 0x0, 0x6f,
    0x1e, 0x70, 0xba, 0x0, 0x2, 0xf4, 0xef, 0xff,
    0x90, 0x0, 0x1f, 0x5e, 0x93, 0xcb, 0x0, 0x3,
    0xf4, 0xe7, 0x8, 0xf0, 0x0, 0x7f, 0x1e, 0x70,
    0x1f, 0xb4, 0x7f, 0x90, 0xe7, 0x0, 0x3c, 0xfe,
    0x80, 0x0,

    /* U+044F "я" */
    0x3, 0xcf, 0xff, 0xf9, 0xe, 0xb4, 0x33, 0xd9,
    0x2f, 0x40, 0x0, 0xd9, 0xe, 0xa2, 0x0, 0xd9,
    0x4, 0xdf, 0xff, 0xf9, 0x0, 0x8f, 0x63, 0xd9,
    0x4, 0xf7, 0x0, 0xd9, 0xd, 0xd0, 0x0, 0xd9,
    0x7f, 0x40, 0x0, 0xd9,

    /* U+0450 "ѐ" */
    0x0, 0x3f, 0x80, 0x0, 0x0, 0x0, 0x6e, 0x0,
    0x0, 0x0, 0x0, 0x41, 0x0, 0x0, 0x7, 0xdf,
    0xd5, 0x0, 0x8, 0xf8, 0x49, 0xf5, 0x1, 0xf8,
    0x0, 0xa, 0xd0, 0x5f, 0x30, 0x0, 0x5f, 0x16,
    0xff, 0xff, 0xff, 0xf3, 0x5f, 0x43, 0x33, 0x33,
    0x1, 0xf6, 0x0, 0x6, 0xb0, 0x9, 0xf7, 0x47,
    0xf9, 0x0, 0x7, 0xdf, 0xd8, 0x0,

    /* U+0451 "ё" */
    0x0, 0xcb, 0xd, 0x90, 0x0, 0x8, 0x70, 0x96,
    0x0, 0x0, 0x0, 0x0, 0x0, 0x0, 0x7, 0xdf,
    0xd5, 0x0, 0x8, 0xf8, 0x49, 0xf5, 0x1, 0xf8,
    0x0, 0xa, 0xd0, 0x5f, 0x30, 0x0, 0x5f, 0x16,
    0xff, 0xff, 0xff, 0xf3, 0x5f, 0x43, 0x33, 0x33,
    0x1, 0xf6, 0x0, 0x6, 0xb0, 0x9, 0xf7, 0x47,
    0xf9, 0x0, 0x7, 0xdf, 0xd8, 0x0,

    /* U+0452 "ђ" */
    0xff, 0xff, 0xf2, 0x0, 0xf, 0x70, 0x0, 0x0,
    0xf, 0x70, 0x0, 0x0, 0xf, 0x89, 0xfe, 0x90,
    0xf, 0xfa, 0x58, 0xf8, 0xf, 0xb0, 0x0, 0xbc,
    0xf, 0x70, 0x0, 0x9c, 0xf, 0x70, 0x0, 0x9d,
    0xf, 0x70, 0x0, 0x9d, 0xf, 0x70, 0x0, 0x9d,
    0xf, 0x70, 0x0, 0x9d, 0xf, 0x70, 0x0, 0x9d,
    0x0, 0x0, 0x0, 0xac, 0x0, 0x0, 0x5, 0xea,
    0x0, 0x0, 0x4f, 0xd3,

    /* U+0453 "ѓ" */
    0x0, 0x8f, 0x30, 0xe, 0x70, 0x1, 0x40, 0xf,
    0xff, 0xfd, 0xf9, 0x33, 0x3f, 0x70, 0x0, 0xf7,
    0x0, 0xf, 0x70, 0x0, 0xf7, 0x0, 0xf, 0x70,
    0x0, 0xf7, 0x0, 0xf, 0x70, 0x0,

    /* U+0454 "є" */
    0x0, 0x7e, 0xfc, 0x40, 0x8, 0xf7, 0x4a, 0xf2,
    0x1f, 0x80, 0x0, 0xd8, 0x3f, 0x30, 0x0, 0x0,
    0x5f, 0xff, 0xf0, 0x0, 0x4f, 0x53, 0x30, 0x11,
    0x1f, 0x70, 0x0, 0xca, 0x9, 0xf7, 0x59, 0xf3,
    0x0, 0x8e, 0xfc, 0x40,

    /* U+0455 "ѕ" */
    0x3, 0xcf, 0xea, 0x10, 0xe, 0xa4, 0x5d, 0xc0,
    0x3f, 0x30, 0x3, 0x80, 0xe, 0xe8, 0x40, 0x0,
    0x2, 0xaf, 0xfe, 0x70, 0x0, 0x0, 0x4a, 0xf3,
    0x4e, 0x10, 0x1, 0xf5, 0x1e, 0xc4, 0x4b, 0xe1,
    0x3, 0xbe, 0xfb, 0x30,

    /* U+0456 "і" */
    0xf7, 0xa5, 0x0, 0xf7, 0xf7, 0xf7, 0xf7, 0xf7,
    0xf7, 0xf7, 0xf7, 0xf7,

    /* U+0457 "ї" */
    0xe8, 0xf, 0x7a, 0x60, 0xb4, 0x0, 0x0, 0x0,
    0x7f, 0x0, 0x7, 0xf0, 0x0, 0x7f, 0x0, 0x7,
    0xf0, 0x0, 0x7f, 0x0, 0x7, 0xf0, 0x0, 0x7f,
    0x0, 0x7, 0xf0, 0x0, 0x7f, 0x0,

    /* U+0458 "ј" */
    0x0, 0xf7, 0x0, 0xb5, 0x0, 0x0, 0x0, 0xf7,
    0x0, 0xf7, 0x0, 0xf7, 0x0, 0xf7, 0x0, 0xf7,
    0x0, 0xf7, 0x0, 0xf7, 0x0, 0xf7, 0x0, 0xf7,
    0x0, 0xf6, 0x37, 0xf4, 0x9f, 0xa0,

    /* U+0459 "љ" */
    0x2, 0xff, 0xff, 0xff, 0x80, 0x0, 0x0, 0x2,
    0xf6, 0x33, 0x3e, 0x80, 0x0, 0x0, 0x2, 0xf3,
    0x0, 0xe, 0x80, 0x0, 0x0, 0x2, 0xf3, 0x0,
    0xe, 0x80, 0x0, 0x0, 0x2, 0xf3, 0x0, 0xe,
    0xff, 0xfe, 0x80, 0x2, 0xf3, 0x0, 0xe, 0xa3,
    0x35, 0xea, 0x3, 0xf3, 0x0, 0xe, 0x80, 0x0,
    0x8e, 0x27, 0xf1, 0x0, 0xe, 0x92, 0x25, 0xea,
    0xdf, 0x90, 0x0, 0xe, 0xff, 0xfe, 0x91,

    /* U+045A "њ" */
    0xf7, 0x0, 0x5f, 0x0, 0x0, 0x0, 0xf7, 0x0,
    0x5f, 0x0, 0x0, 0x0, 0xf7, 0x0, 0x5f, 0x0,
    0x0, 0x0, 0xf7, 0x0, 0x5f, 0x0, 0x0, 0x0,
    0xff, 0xff, 0xff, 0xff, 0xfc, 0x40, 0xf8, 0x33,
    0x7f, 0x33, 0x4a, 0xf2, 0xf7, 0x0, 0x5f, 0x0,
    0x0, 0xf6, 0xf7, 0x0, 0x5f, 0x32, 0x39, 0xf2,
    0xf7, 0x0, 0x5f, 0xff, 0xfc, 0x50,

    /* U+045B "ћ" */
    0xf, 0x70, 0x0, 0x0, 0xff, 0xff, 0xf2, 0x0,
    0xf, 0x70, 0x0, 0x0, 0xf, 0x89, 0xfe, 0x90,
    0xf, 0xfa, 0x58, 0xf7, 0xf, 0xb0, 0x0, 0xbb,
    0xf, 0x70, 0x0, 0x9c, 0xf, 0x70, 0x0, 0x9d,
    0xf, 0x70, 0x0, 0x9d, 0xf, 0x70, 0x0, 0x9d,
    0xf, 0x70, 0x0, 0x9d, 0xf, 0x70, 0x0, 0x9d,

    /* U+045C "ќ" */
    0x0, 0x8f, 0x30, 0x0, 0xe, 0x70, 0x0, 0x1,
    0x40, 0x0, 0xf, 0x70, 0x1d, 0xc0, 0xf7, 0x9,
    0xb3, 0xf, 0x70, 0xf4, 0x0, 0xf7, 0x7d, 0x0,
    0xf, 0xff, 0x30, 0x0, 0xf7, 0x8e, 0x10, 0xf,
    0x70, 0xcb, 0x0, 0xf7, 0x4, 0xf4, 0xf, 0x70,
    0xb, 0xd0,

    /* U+045D "ѝ" */
    0x4, 0xf7, 0x0, 0x0, 0x8, 0xe0, 0x0, 0x0,
    0x5, 0x10, 0xf, 0x70, 0x0, 0xee, 0xf7, 0x0,
    0x7f, 0xef, 0x70, 0x1f, 0xce, 0xf7, 0xa, 0xb8,
    0xef, 0x73, 0xf2, 0x8e, 0xf7, 0xc9, 0x8, 0xef,
    0xce, 0x10, 0x8e, 0xff, 0x60, 0x8, 0xef, 0xd0,
    0x0, 0x8e,

    /* U+045E "ў" */
    0x0, 0xce, 0xed, 0x20, 0x0, 0x0, 0x10, 0x0,
    0x0, 0x0, 0x0, 0x0, 0x8e, 0x0, 0x0, 0xba,
    0x2f, 0x40, 0x1, 0xf4, 0xd, 0xa0, 0x7, 0xe0,
    0x7, 0xf0, 0xc, 0x90, 0x1, 0xf5, 0x2f, 0x30,
    0x0, 0xba, 0x7d, 0x0, 0x0, 0x5f, 0xc7, 0x0,
    0x0, 0xe, 0xf2, 0x0, 0x0, 0xa, 0xc0, 0x0,
    0x0, 0xe, 0x60, 0x0, 0x17, 0xce, 0x0, 0x0,
    0xe, 0xe4, 0x0, 0x0,

    /* U+045F "џ" */
    0xf7, 0x0, 0xa, 0xcf, 0x70, 0x0, 0xac, 0xf7,
    0x0, 0xa, 0xcf, 0x70, 0x0, 0xac, 0xf7, 0x0,
    0xa, 0xcf, 0x70, 0x0, 0xac, 0xf7, 0x0, 0xa,
    0xcf, 0x93, 0x33, 0xbc, 0xff, 0xff, 0xff, 0xc0,
    0x2, 0xf0, 0x0, 0x0, 0x2f, 0x0, 0x0, 0x1,
    0x80, 0x0,

    /* U+2012 "‒" */
    0x0, 0x0, 0x0, 0x0, 0x0, 0xf, 0xff, 0xff,
    0xff, 0xfe, 0x3, 0x33, 0x33, 0x33, 0x32,

    /* U+2013 "–" */
    0x0, 0x0, 0x0, 0x0, 0x0, 0xf, 0xff, 0xff,
    0xff, 0xfe, 0x3, 0x33, 0x33, 0x33, 0x32,

    /* U+2014 "—" */
    0x0, 0x0, 0x0, 0x0, 0x0, 0x0, 0x0, 0x0,
    0xff, 0xff, 0xff, 0xff, 0xff, 0xff, 0xff, 0xff,
    0x33, 0x33, 0x33, 0x33, 0x33, 0x33, 0x33, 0x33,

    /* U+2015 "―" */
    0x0, 0x0, 0x0, 0x0, 0x0, 0x0, 0x0, 0x0,
    0x7f, 0xff, 0xff, 0xff, 0xff, 0xff, 0xff, 0xf8,
    0x13, 0x33, 0x33, 0x33, 0x33, 0x33, 0x33, 0x31,

    /* U+2016 "‖" */
    0x8b, 0x1f, 0x28, 0xb1, 0xf2, 0x8b, 0x1f, 0x28,
    0xb1, 0xf2, 0x8b, 0x1f, 0x28, 0xb1, 0xf2, 0x8b,
    0x1f, 0x28, 0xb1, 0xf2, 0x8b, 0x1f, 0x28, 0xb1,
    0xf2, 0x8b, 0x1f, 0x28, 0xb1, 0xf2,

    /* U+2017 "‗" */
    0x3f, 0xff, 0xff, 0xff, 0xff, 0x10, 0x22, 0x22,
    0x22, 0x22, 0x20, 0x3f, 0xff, 0xff, 0xff, 0xff,
    0x10, 0x22, 0x22, 0x22, 0x22, 0x20,

    /* U+2018 "‘" */
    0x56, 0xc0, 0xe6, 0xf8,

    /* U+2019 "’" */
    0xf, 0x70, 0xc7, 0x7, 0x50, 0xa0,

    /* U+201A "‚" */
    0xb, 0x50, 0xf7, 0x5, 0x60, 0xc1, 0x1, 0x0,

    /* U+201B "‛" */
    0xe9, 0xe6, 0xc0, 0x47,

    /* U+201C "“" */
    0xa, 0x14, 0x73, 0x90, 0xc0, 0x5d, 0x1d, 0x65,
    0xf2, 0xe9,

    /* U+201D "”" */
    0x5f, 0x3e, 0x93, 0xe2, 0xb9, 0xb, 0x14, 0x73,
    0x70, 0xa1,

    /* U+201E "„" */
    0x3b, 0x2a, 0x75, 0xf2, 0xe9, 0xa, 0x13, 0x83,
    0xb0, 0xb3, 0x0, 0x1, 0x0,

    /* U+201F "‟" */
    0x5f, 0x2e, 0x95, 0xd1, 0xd6, 0x39, 0xc, 0x0,
    0xa1, 0x47,

    /* U+2020 "†" */
    0x0, 0x5, 0xf1, 0x0, 0x0, 0x0, 0x5f, 0x10,
    0x0, 0x0, 0x5, 0xf1, 0x0, 0x6, 0xff, 0xff,
    0xff, 0xf3, 0x25, 0x58, 0xf6, 0x55, 0x10, 0x0,
    0x5f, 0x10, 0x0, 0x0, 0x5, 0xf1, 0x0, 0x0,
    0x0, 0x5f, 0x10, 0x0, 0x0, 0x5, 0xf1, 0x0,
    0x0, 0x0, 0x5f, 0x10, 0x0, 0x0, 0x5, 0xf1,
    0x0, 0x0, 0x0, 0x5f, 0x10, 0x0, 0x0, 0x5,
    0xf1, 0x0, 0x0, 0x0, 0x5f, 0x10, 0x0, 0x0,
    0x1, 0x50, 0x0, 0x0,

    /* U+2021 "‡" */
    0x0, 0x4, 0xf2, 0x0, 0x0, 0x0, 0x4f, 0x20,
    0x0, 0x0, 0x4, 0xf2, 0x0, 0x6, 0xff, 0xff,
    0xff, 0xf4, 0x25, 0x58, 0xf6, 0x55, 0x10, 0x0,
    0x4f, 0x20, 0x0, 0x0, 0x4, 0xf2, 0x0, 0x0,
    0x0, 0x4f, 0x20, 0x0, 0x0, 0x4, 0xf2, 0x0,
    0x0, 0x0, 0x4f, 0x20, 0x0, 0x25, 0x58, 0xf6,
    0x55, 0x16, 0xff, 0xff, 0xff, 0xf4, 0x0, 0x4,
    0xf2, 0x0, 0x0, 0x0, 0x4f, 0x20, 0x0, 0x0,
    0x4, 0xf2, 0x0, 0x0,

    /* U+2022 "•" */
    0x0, 0x21, 0x0, 0x8f, 0xf4, 0x1f, 0xff, 0xb0,
    0xff, 0xfa, 0x6, 0xed, 0x20,

    /* U+2026 "…" */
    0x1b, 0x50, 0x0, 0x89, 0x0, 0x5, 0xb1, 0x2f,
    0x70, 0x0, 0xcd, 0x0, 0x7, 0xf2,

    /* U+20BD "₽" */
    0xf, 0xff, 0xff, 0xc5, 0x0, 0xfa, 0x55, 0x7d,
    0xf3, 0xf, 0x80, 0x0, 0x1f, 0x90, 0xf8, 0x0,
    0x0, 0xfa, 0x1f, 0x81, 0x13, 0xaf, 0x5c, 0xff,
    0xff, 0xfe, 0x70, 0x3f, 0xa4, 0x43, 0x0, 0x0,
    0xf8, 0x0, 0x0, 0x0, 0xcf, 0xff, 0xff, 0xf1,
    0x1, 0xf9, 0x22, 0x22, 0x0, 0xf, 0x80, 0x0,
    0x0, 0x0, 0xf8, 0x0, 0x0, 0x0,

    /* U+2116 "№" */
    0x65, 0x0, 0x0, 0x6, 0x30, 0x0, 0x0, 0x0,
    0xef, 0x30, 0x0, 0xe, 0x80, 0x0, 0x0, 0x0,
    0xef, 0xc0, 0x0, 0xe, 0x80, 0x0, 0x10, 0x0,
    0xec, 0xf6, 0x0, 0xe, 0x80, 0x4e, 0xfe, 0x50,
    0xe8, 0xaf, 0x10, 0xe, 0x80, 0xf7, 0x7, 0xf1,
    0xe8, 0x1f, 0xa0, 0xe, 0x83, 0xf1, 0x1, 0xf4,
    0xe8, 0x6, 0xf4, 0xe, 0x83, 0xf2, 0x1, 0xf3,
    0xe8, 0x0, 0xcd, 0xe, 0x80, 0xe9, 0x8, 0xe0,
    0xe8, 0x0, 0x2f, 0x8e, 0x80, 0x4d, 0xfd, 0x40,
    0xe8, 0x0, 0x8, 0xff, 0x80, 0x11, 0x21, 0x10,
    0xe8, 0x0, 0x0, 0xef, 0x82, 0xff, 0xff, 0xf2,
    0xe8, 0x0, 0x0, 0x4f, 0x80, 0x11, 0x11, 0x10,

    /* U+2190 "←" */
    0x0, 0x0, 0x0, 0x0, 0x0, 0x0, 0x0, 0x0,
    0x0, 0x7, 0x50, 0x0, 0x0, 0x0, 0x0, 0x0,
    0x0, 0x8c, 0x0, 0x0, 0x0, 0x0, 0x0, 0x0,
    0x1c, 0xfb, 0xaa, 0xaa, 0xaa, 0xaa, 0xaa, 0xa6,
    0x5, 0xe8, 0x22, 0x22, 0x22, 0x22, 0x22, 0x21,
    0x0, 0x1d, 0x20, 0x0, 0x0, 0x0, 0x0, 0x0,
    0x0, 0x1, 0x40, 0x0, 0x0, 0x0, 0x0, 0x0,

    /* U+2191 "↑" */
    0x0, 0x16, 0x0, 0x0, 0xb, 0xf2, 0x0, 0x8,
    0xee, 0xd1, 0x6, 0x83, 0xa4, 0xb0, 0x0, 0x2a,
    0x0, 0x0, 0x2, 0xa0, 0x0, 0x0, 0x2a, 0x0,
    0x0, 0x2, 0xa0, 0x0, 0x0, 0x2a, 0x0, 0x0,
    0x2, 0xa0, 0x0, 0x0, 0x2a, 0x0, 0x0, 0x2,
    0xa0, 0x0, 0x0, 0x2a, 0x0, 0x0, 0x2, 0xa0,
    0x0, 0x0, 0x1, 0x0, 0x0,

    /* U+2192 "→" */
    0x0, 0x0, 0x0, 0x0, 0x0, 0x0, 0x0, 0x0,
    0x0, 0x0, 0x0, 0x0, 0x0, 0x0, 0xb1, 0x0,
    0x0, 0x0, 0x0, 0x0, 0x0, 0x0, 0x5d, 0x20,
    0x1a, 0xaa, 0xaa, 0xaa, 0xaa, 0xaa, 0xaf, 0xf5,
    0x2, 0x22, 0x22, 0x22, 0x22, 0x22, 0x3f, 0x90,
    0x0, 0x0, 0x0, 0x0, 0x0, 0x0, 0xa6, 0x0,
    0x0, 0x0, 0x0, 0x0, 0x0, 0x0, 0x50, 0x0,

    /* U+2193 "↓" */
    0x0, 0x16, 0x0, 0x0, 0x2, 0xa0, 0x0, 0x0,
    0x2a, 0x0, 0x0, 0x2, 0xa0, 0x0, 0x0, 0x2a,
    0x0, 0x0, 0x2, 0xa0, 0x0, 0x0, 0x2a, 0x0,
    0x0, 0x2, 0xa0, 0x0, 0x0, 0x2a, 0x0, 0x0,
    0x2, 0xa0, 0x0, 0x42, 0x2a, 0x6, 0x1, 0xd9,
    0xbc, 0x60, 0x2, 0xef, 0x70, 0x0, 0x5, 0xc0,
    0x0, 0x0, 0x0, 0x0, 0x0,

    /* U+F000 "" */
    0xb, 0xff, 0xff, 0xff, 0xff, 0xff, 0xff, 0xff,
    0xb0, 0xd, 0xff, 0xff, 0xff, 0xff, 0xff, 0xff,
    0xff, 0xd0, 0x2, 0xef, 0xff, 0xff, 0xff, 0xff,
    0xff, 0xfe, 0x10, 0x0, 0x2e, 0xff, 0xff, 0xff,
    0xff, 0xff, 0xe1, 0x0, 0x0, 0x2, 0xef, 0xff,
    0xff, 0xff, 0xfe, 0x10, 0x0, 0x0, 0x0, 0x2e,
    0xff, 0xff, 0xff, 0xe1, 0x0, 0x0, 0x0, 0x0,
    0x2, 0xef, 0xff, 0xfe, 0x10, 0x0, 0x0, 0x0,
    0x0, 0x0, 0x2e, 0xff, 0xe1, 0x0, 0x0, 0x0,
    0x0, 0x0, 0x0, 0x2, 0xff, 0x10, 0x0, 0x0,
    0x0, 0x0, 0x0, 0x0, 0x0, 0xff, 0x0, 0x0,
    0x0, 0x0, 0x0, 0x0, 0x0, 0x0, 0xff, 0x0,
    0x0, 0x0, 0x0, 0x0, 0x0, 0x0, 0x0, 0xff,
    0x0, 0x0, 0x0, 0x0, 0x0, 0x0, 0x0, 0x0,
    0xff, 0x0, 0x0, 0x0, 0x0, 0x0, 0x0, 0x0,
    0x0, 0xff, 0x0, 0x0, 0x0, 0x0, 0x0, 0x0,
    0x3, 0x78, 0xff, 0x87, 0x30, 0x0, 0x0, 0x0,
    0x0, 0xe, 0xff, 0xff, 0xff, 0xe0, 0x0, 0x0,

    /* U+F001 "" */
    0x0, 0x0, 0x0, 0x0, 0x0, 0x0, 0x0, 0x0,
    0x0, 0x0, 0x0, 0x0, 0x0, 0x0, 0x49, 0xdc,
    0x0, 0x0, 0x0, 0x0, 0x16, 0xbf, 0xff, 0xff,
    0x0, 0x0, 0x3, 0x8d, 0xff, 0xff, 0xff, 0xff,
    0x0, 0x0, 0xcf, 0xff, 0xff, 0xff, 0xff, 0xff,
    0x0, 0x0, 0xff, 0xff, 0xff, 0xff, 0xc7, 0xff,
    0x0, 0x0, 0xff, 0xff, 0xfa, 0x51, 0x0, 0xff,
    0x0, 0x0, 0xff, 0x84, 0x0, 0x0, 0x0, 0xff,
    0x0, 0x0, 0xff, 0x0, 0x0, 0x0, 0x0, 0xff,
    0x0, 0x0, 0xff, 0x0, 0x0, 0x0, 0x0, 0xff,
    0x0, 0x0, 0xff, 0x0, 0x0, 0x0, 0x0, 0xff,
    0x0, 0x0, 0xff, 0x0, 0x0, 0x2b, 0xee, 0xff,
    0x0, 0x0, 0xff, 0x0, 0x0, 0xdf, 0xff, 0xff,
    0x2b, 0xee, 0xff, 0x0, 0x0, 0xdf, 0xff, 0xfd,
    0xdf, 0xff, 0xff, 0x0, 0x0, 0x2b, 0xff, 0xb2,
    0xdf, 0xff, 0xfd, 0x0, 0x0, 0x0, 0x0, 0x0,
    0x2b, 0xff, 0xb2, 0x0, 0x0, 0x0, 0x0, 0x0,

    /* U+F002 "" */
    0x0, 0x3, 0xae, 0xfe, 0xa3, 0x0, 0x0, 0x0,
    0x0, 0x9f, 0xff, 0xff, 0xff, 0x90, 0x0, 0x0,
    0x9, 0xff, 0xfa, 0x8a, 0xff, 0xf9, 0x0, 0x0,
    0x3f, 0xfc, 0x10, 0x0, 0x1c, 0xff, 0x30, 0x0,
    0xaf, 0xf1, 0x0, 0x0, 0x1, 0xff, 0xa0, 0x0,
    0xef, 0xa0, 0x0, 0x0, 0x0, 0xaf, 0xe0, 0x0,
    0xff, 0x80, 0x0, 0x0, 0x0, 0x8f, 0xf0, 0x0,
    0xef, 0xa0, 0x0, 0x0, 0x0, 0xaf, 0xe0, 0x0,
    0xaf, 0xf1, 0x0, 0x0, 0x1, 0xff, 0xa0, 0x0,
    0x4f, 0xfc, 0x10, 0x0, 0x1c, 0xff, 0x40, 0x0,
    0x9, 0xff, 0xfa, 0x8a, 0xff, 0xfe, 0x40, 0x0,
    0x0, 0x9f, 0xff, 0xff, 0xff, 0xef, 0xf6, 0x0,
    0x0, 0x4, 0xae, 0xfe, 0xa4, 0x4f, 0xff, 0x60,
    0x0, 0x0, 0x0, 0x0, 0x0, 0x7, 0xff, 0xf6,
    0x0, 0x0, 0x0, 0x0, 0x0, 0x0, 0x7f, 0xfe,
    0x0, 0x0, 0x0, 0x0, 0x0, 0x0, 0x6, 0xe3,

    /* U+F004 "" */
    0x0, 0x0, 0x0, 0x0, 0x0, 0x0, 0x0, 0x0,
    0x0, 0x0, 0x19, 0xef, 0xc4, 0x0, 0x4c, 0xfe,
    0x91, 0x0, 0x1, 0xdf, 0xff, 0xff, 0x77, 0xff,
    0xff, 0xfd, 0x10, 0x9, 0xff, 0xff, 0xff, 0xff,
    0xff, 0xff, 0xff, 0x90, 0xe, 0xff, 0xff, 0xff,
    0xff, 0xff, 0xff, 0xff, 0xe0, 0xf, 0xff, 0xff,
    0xff, 0xff, 0xff, 0xff, 0xff, 0xf0, 0xd, 0xff,
    0xff, 0xff, 0xff, 0xff, 0xff, 0xff, 0xd0, 0x7,
    0xff, 0xff, 0xff, 0xff, 0xff, 0xff, 0xff, 0x70,
    0x0, 0xaf, 0xff, 0xff, 0xff, 0xff, 0xff, 0xfa,
    0x0, 0x0, 0xb, 0xff, 0xff, 0xff, 0xff, 0xff,
    0xb0, 0x0, 0x0, 0x0, 0xbf, 0xff, 0xff, 0xff,
    0xfb, 0x0, 0x0, 0x0, 0x0, 0xc, 0xff, 0xff,
    0xff, 0xc0, 0x0, 0x0, 0x0, 0x0, 0x0, 0xcf,
    0xff, 0xfc, 0x0, 0x0, 0x0, 0x0, 0x0, 0x0,
    0x1c, 0xff, 0xc0, 0x0, 0x0, 0x0, 0x0, 0x0,
    0x0, 0x1, 0xcc, 0x10, 0x0, 0x0, 0x0,

    /* U+F005 "" */
    0x0, 0x0, 0x0, 0x0, 0xcc, 0x0, 0x0, 0x0,
    0x0, 0x0, 0x0, 0x0, 0x5, 0xff, 0x50, 0x0,
    0x0, 0x0, 0x0, 0x0, 0x0, 0xd, 0xff, 0xd0,
    0x0, 0x0, 0x0, 0x0, 0x0, 0x0, 0x5f, 0xff,
    0xf5, 0x0, 0x0, 0x0, 0x0, 0x0, 0x13, 0xdf,
    0xff, 0xfd, 0x31, 0x0, 0x0, 0x19, 0xce, 0xff,
    0xff, 0xff, 0xff, 0xff, 0xec, 0x91, 0x4f, 0xff,
    0xff, 0xff, 0xff, 0xff, 0xff, 0xff, 0xf4, 0x9,
    0xff, 0xff, 0xff, 0xff, 0xff, 0xff, 0xff, 0x90,
    0x0, 0x9f, 0xff, 0xff, 0xff, 0xff, 0xff, 0xf9,
    0x0, 0x0, 0x8, 0xff, 0xff, 0xff, 0xff, 0xff,
    0x80, 0x0, 0x0, 0x0, 0xdf, 0xff, 0xff, 0xff,
    0xfd, 0x0, 0x0, 0x0, 0x0, 0xff, 0xff, 0xff,
    0xff, 0xff, 0x0, 0x0, 0x0, 0x2, 0xff, 0xff,
    0xff, 0xff, 0xff, 0x20, 0x0, 0x0, 0x4, 0xff,
    0xff, 0xff, 0xff, 0xff, 0x40, 0x0, 0x0, 0x7,
    0xff, 0xf8, 0x11, 0x8f, 0xff, 0x70, 0x0, 0x0,
    0x5, 0xe9, 0x10, 0x0, 0x1, 0x9e, 0x50, 0x0,
    0x0, 0x0, 0x0, 0x0, 0x0, 0x0, 0x0, 0x0,
    0x0,

    /* U+F007 "" */
    0x0, 0x0, 0x2b, 0xff, 0xb2, 0x0, 0x0, 0x0,
    0x2, 0xef, 0xff, 0xfe, 0x20, 0x0, 0x0, 0xb,
    0xff, 0xff, 0xff, 0xb0, 0x0, 0x0, 0xf, 0xff,
    0xff, 0xff, 0xf0, 0x0, 0x0, 0xf, 0xff, 0xff,
    0xff, 0xf0, 0x0, 0x0, 0xb, 0xff, 0xff, 0xff,
    0xb0, 0x0, 0x0, 0x2, 0xef, 0xff, 0xfe, 0x20,
    0x0, 0x0, 0x0, 0x2b, 0xff, 0xb2, 0x0, 0x0,
    0x0, 0x0, 0x0, 0x0, 0x0, 0x0, 0x0, 0x1,
    0x9e, 0xfb, 0x88, 0xbf, 0xe9, 0x10, 0x1e, 0xff,
    0xff, 0xff, 0xff, 0xff, 0xe1, 0x9f, 0xff, 0xff,
    0xff, 0xff, 0xff, 0xf9, 0xef, 0xff, 0xff, 0xff,
    0xff, 0xff, 0xfe, 0xff, 0xff, 0xff, 0xff, 0xff,
    0xff, 0xff, 0xff, 0xff, 0xff, 0xff, 0xff, 0xff,
    0xff, 0x8f, 0xff, 0xff, 0xff, 0xff, 0xff, 0xf8,

    /* U+F008 "" */
    0xd0, 0xf, 0xff, 0xff, 0xff, 0xff, 0xf0, 0xd,
    0xff, 0xff, 0xc8, 0x88, 0x88, 0x8c, 0xff, 0xff,
    0xf0, 0xf, 0x80, 0x0, 0x0, 0x8, 0xf0, 0xf,
    0xf0, 0xf, 0x80, 0x0, 0x0, 0x8, 0xf0, 0xf,
    0xff, 0xff, 0x80, 0x0, 0x0, 0x8, 0xff, 0xff,
    0xf0, 0xf, 0xec, 0xcc, 0xcc, 0xce, 0xf0, 0xf,
    0xf0, 0xf, 0xec, 0xcc, 0xcc, 0xce, 0xf0, 0xf,
    0xff, 0xff, 0x80, 0x0, 0x0, 0x8, 0xff, 0xff,
    0xf0, 0xf, 0x80, 0x0, 0x0, 0x8, 0xf0, 0xf,
    0xf0, 0xf, 0x80, 0x0, 0x0, 0x8, 0xf0, 0xf,
    0xff, 0xff, 0xc8, 0x88, 0x88, 0x8c, 0xff, 0xff,
    0xd0, 0xf, 0xff, 0xff, 0xff, 0xff, 0xf0, 0xd,

    /* U+F009 "" */
    0xdf, 0xff, 0xff, 0xf5, 0x5f, 0xff, 0xff, 0xfd,
    0xff, 0xff, 0xff, 0xf8, 0x8f, 0xff, 0xff, 0xff,
    0xff, 0xff, 0xff, 0xf8, 0x8f, 0xff, 0xff, 0xff,
    0xff, 0xff, 0xff, 0xf8, 0x8f, 0xff, 0xff, 0xff,
    0xff, 0xff, 0xff, 0xf8, 0x8f, 0xff, 0xff, 0xff,
    0xff, 0xff, 0xff, 0xf7, 0x7f, 0xff, 0xff, 0xff,
    0x58, 0x88, 0x88, 0x71, 0x17, 0x88, 0x88, 0x85,
    0x58, 0x88, 0x88, 0x71, 0x17, 0x88, 0x88, 0x85,
    0xff, 0xff, 0xff, 0xf7, 0x7f, 0xff, 0xff, 0xff,
    0xff, 0xff, 0xff, 0xf8, 0x8f, 0xff, 0xff, 0xff,
    0xff, 0xff, 0xff, 0xf8, 0x8f, 0xff, 0xff, 0xff,
    0xff, 0xff, 0xff, 0xf8, 0x8f, 0xff, 0xff, 0xff,
    0xff, 0xff, 0xff, 0xf8, 0x8f, 0xff, 0xff, 0xff,
    0xdf, 0xff, 0xff, 0xf5, 0x5f, 0xff, 0xff, 0xfd,

    /* U+F00A "" */
    0xdf, 0xff, 0x70, 0xef, 0xff, 0x62, 0xff, 0xff,
    0x4f, 0xff, 0xfa, 0x2f, 0xff, 0xf9, 0x4f, 0xff,
    0xf6, 0xff, 0xff, 0xa2, 0xff, 0xff, 0x94, 0xff,
    0xff, 0x6d, 0xff, 0xf7, 0xe, 0xff, 0xf6, 0x2f,
    0xff, 0xf4, 0x0, 0x0, 0x0, 0x0, 0x0, 0x0,
    0x0, 0x0, 0xd, 0xff, 0xf7, 0xe, 0xff, 0xf6,
    0x2f, 0xff, 0xf4, 0xff, 0xff, 0xa2, 0xff, 0xff,
    0x94, 0xff, 0xff, 0x6f, 0xff, 0xfa, 0x2f, 0xff,
    0xf9, 0x4f, 0xff, 0xf6, 0xdf, 0xff, 0x70, 0xef,
    0xff, 0x62, 0xff, 0xff, 0x40, 0x0, 0x0, 0x0,
    0x0, 0x0, 0x0, 0x0, 0x0, 0xdf, 0xff, 0x70,
    0xef, 0xff, 0x62, 0xff, 0xff, 0x4f, 0xff, 0xfa,
    0x2f, 0xff, 0xf9, 0x4f, 0xff, 0xf6, 0xff, 0xff,
    0xa2, 0xff, 0xff, 0x94, 0xff, 0xff, 0x6d, 0xff,
    0xf7, 0xe, 0xff, 0xf6, 0x2f, 0xff, 0xf4,

    /* U+F00B "" */
    0xdf, 0xff, 0x73, 0xff, 0xff, 0xff, 0xff, 0xfd,
    0xff, 0xff, 0xa5, 0xff, 0xff, 0xff, 0xff, 0xff,
    0xff, 0xff, 0xa5, 0xff, 0xff, 0xff, 0xff, 0xff,
    0xdf, 0xff, 0x73, 0xff, 0xff, 0xff, 0xff, 0xfd,
    0x0, 0x0, 0x0, 0x0, 0x0, 0x0, 0x0, 0x0,
    0xdf, 0xff, 0x73, 0xff, 0xff, 0xff, 0xff, 0xfd,
    0xff, 0xff, 0xa5, 0xff, 0xff, 0xff, 0xff, 0xff,
    0xff, 0xff, 0xa5, 0xff, 0xff, 0xff, 0xff, 0xff,
    0xdf, 0xff, 0x73, 0xff, 0xff, 0xff, 0xff, 0xfd,
    0x0, 0x0, 0x0, 0x0, 0x0, 0x0, 0x0, 0x0,
    0xdf, 0xff, 0x73, 0xff, 0xff, 0xff, 0xff, 0xfd,
    0xff, 0xff, 0xa5, 0xff, 0xff, 0xff, 0xff, 0xff,
    0xff, 0xff, 0xa5, 0xff, 0xff, 0xff, 0xff, 0xff,
    0xdf, 0xff, 0x73, 0xff, 0xff, 0xff, 0xff, 0xfd,

    /* U+F00C "" */
    0x0, 0x0, 0x0, 0x0, 0x0, 0x0, 0xa, 0xb1,
    0x0, 0x0, 0x0, 0x0, 0x0, 0x0, 0xbf, 0xfc,
    0x0, 0x0, 0x0, 0x0, 0x0, 0xb, 0xff, 0xfb,
    0x0, 0x0, 0x0, 0x0, 0x0, 0xbf, 0xff, 0xc0,
    0x1b, 0xa0, 0x0, 0x0, 0xb, 0xff, 0xfc, 0x0,
    0xcf, 0xfb, 0x0, 0x0, 0xbf, 0xff, 0xc0, 0x0,
    0xbf, 0xff, 0xb0, 0xb, 0xff, 0xfc, 0x0, 0x0,
    0xc, 0xff, 0xfb, 0xbf, 0xff, 0xc0, 0x0, 0x0,
    0x0, 0xcf, 0xff, 0xff, 0xfb, 0x0, 0x0, 0x0,
    0x0, 0xc, 0xff, 0xff, 0xb0, 0x0, 0x0, 0x0,
    0x0, 0x0, 0xbf, 0xfb, 0x0, 0x0, 0x0, 0x0,
    0x0, 0x0, 0xb, 0xb0, 0x0, 0x0, 0x0, 0x0,

    /* U+F00D "" */
    0x3, 0x0, 0x0, 0x0, 0x3, 0x8, 0xfc, 0x10,
    0x0, 0x1c, 0xf8, 0xff, 0xfc, 0x10, 0x1c, 0xff,
    0xf5, 0xff, 0xfc, 0x2c, 0xff, 0xf5, 0x5, 0xff,
    0xff, 0xff, 0xf5, 0x0, 0x5, 0xff, 0xff, 0xf5,
    0x0, 0x0, 0x1d, 0xff, 0xfd, 0x10, 0x0, 0x1c,
    0xff, 0xff, 0xfc, 0x10, 0x1c, 0xff, 0xf9, 0xff,
    0xfc, 0x1c, 0xff, 0xf5, 0x5, 0xff, 0xfc, 0xdf,
    0xf5, 0x0, 0x5, 0xff, 0xd1, 0xa4, 0x0, 0x0,
    0x4, 0xa1,

    /* U+F00E "" */
    0x0, 0x3, 0xae, 0xfe, 0xa3, 0x0, 0x0, 0x0,
    0x0, 0x9f, 0xff, 0xff, 0xff, 0x90, 0x0, 0x0,
    0x9, 0xff, 0xc6, 0x46, 0xcf, 0xf9, 0x0, 0x0,
    0x3f, 0xf8, 0x2, 0x40, 0x8, 0xff, 0x30, 0x0,
    0xaf, 0xc0, 0x9, 0xf2, 0x0, 0xcf, 0xa0, 0x0,
    0xef, 0x61, 0x2a, 0xf4, 0x20, 0x6f, 0xe0, 0x0,
    0xff, 0x4b, 0xff, 0xff, 0xf4, 0x4f, 0xf0, 0x0,
    0xef, 0x66, 0x9d, 0xfa, 0x92, 0x6f, 0xe0, 0x0,
    0xaf, 0xc0, 0x9, 0xf2, 0x0, 0xcf, 0xa0, 0x0,
    0x4f, 0xf8, 0x6, 0xb1, 0x8, 0xff, 0x40, 0x0,
    0x9, 0xff, 0xc6, 0x46, 0xcf, 0xfe, 0x40, 0x0,
    0x0, 0x9f, 0xff, 0xff, 0xff, 0xef, 0xf6, 0x0,
    0x0, 0x4, 0xae, 0xfe, 0xa3, 0x5f, 0xff, 0x60,
    0x0, 0x0, 0x0, 0x0, 0x0, 0x7, 0xff, 0xf6,
    0x0, 0x0, 0x0, 0x0, 0x0, 0x0, 0x7f, 0xfe,
    0x0, 0x0, 0x0, 0x0, 0x0, 0x0, 0x7, 0xe3,

    /* U+F010 "" */
    0x0, 0x3, 0xae, 0xfe, 0xa3, 0x0, 0x0, 0x0,
    0x0, 0x9f, 0xff, 0xff, 0xff, 0x90, 0x0, 0x0,
    0x9, 0xff, 0xc6, 0x46, 0xcf, 0xf9, 0x0, 0x0,
    0x3f, 0xf8, 0x0, 0x0, 0x8, 0xff, 0x30, 0x0,
    0xaf, 0xc0, 0x0, 0x0, 0x0, 0xcf, 0xa0, 0x0,
    0xef, 0x66, 0x99, 0x99, 0x92, 0x6f, 0xe0, 0x0,
    0xff, 0x4b, 0xff, 0xff, 0xf4, 0x4f, 0xf0, 0x0,
    0xef, 0x61, 0x22, 0x22, 0x20, 0x6f, 0xe0, 0x0,
    0xaf, 0xc0, 0x0, 0x0, 0x0, 0xcf, 0xa0, 0x0,
    0x4f, 0xf8, 0x0, 0x0, 0x8, 0xff, 0x30, 0x0,
    0x9, 0xff, 0xc6, 0x46, 0xcf, 0xfe, 0x50, 0x0,
    0x0, 0x9f, 0xff, 0xff, 0xff, 0xef, 0xf7, 0x0,
    0x0, 0x4, 0xae, 0xfe, 0xa3, 0x5f, 0xff, 0x70,
    0x0, 0x0, 0x0, 0x0, 0x0, 0x7, 0xff, 0xf6,
    0x0, 0x0, 0x0, 0x0, 0x0, 0x0, 0x7f, 0xfe,
    0x0, 0x0, 0x0, 0x0, 0x0, 0x0, 0x7, 0xe3,

    /* U+F011 "" */
    0x0, 0x0, 0x0, 0x4f, 0xe0, 0x0, 0x0, 0x0,
    0x0, 0x2, 0x10, 0x6f, 0xf1, 0x3, 0x10, 0x0,
    0x0, 0x5f, 0xd0, 0x6f, 0xf1, 0x3f, 0xd1, 0x0,
    0x3, 0xff, 0xf1, 0x6f, 0xf1, 0x5f, 0xfd, 0x0,
    0xd, 0xff, 0x40, 0x6f, 0xf1, 0x9, 0xff, 0x70,
    0x4f, 0xf7, 0x0, 0x6f, 0xf1, 0x0, 0xcf, 0xe0,
    0x9f, 0xf0, 0x0, 0x6f, 0xf1, 0x0, 0x5f, 0xf3,
    0xbf, 0xc0, 0x0, 0x6f, 0xf1, 0x0, 0x2f, 0xf5,
    0xbf, 0xc0, 0x0, 0x4f, 0xe0, 0x0, 0x1f, 0xf6,
    0xaf, 0xe0, 0x0, 0x0, 0x0, 0x0, 0x4f, 0xf4,
    0x6f, 0xf4, 0x0, 0x0, 0x0, 0x0, 0xaf, 0xf0,
    0xf, 0xfe, 0x10, 0x0, 0x0, 0x5, 0xff, 0xa0,
    0x6, 0xff, 0xd3, 0x0, 0x0, 0x7f, 0xff, 0x20,
    0x0, 0x9f, 0xff, 0xda, 0xbe, 0xff, 0xf4, 0x0,
    0x0, 0x6, 0xff, 0xff, 0xff, 0xfd, 0x30, 0x0,
    0x0, 0x0, 0x17, 0xbd, 0xca, 0x50, 0x0, 0x0,

    /* U+F012 "" */
    0x0, 0x0, 0x0, 0x0, 0x0, 0x0, 0x0, 0x0,
    0xf, 0xf5, 0x0, 0x0, 0x0, 0x0, 0x0, 0x0,
    0x0, 0x0, 0x1f, 0xf6, 0x0, 0x0, 0x0, 0x0,
    0x0, 0x0, 0x0, 0x0, 0x1f, 0xf6, 0x0, 0x0,
    0x0, 0x0, 0x0, 0x0, 0xf, 0xf5, 0x1f, 0xf6,
    0x0, 0x0, 0x0, 0x0, 0x0, 0x0, 0x1f, 0xf6,
    0x1f, 0xf6, 0x0, 0x0, 0x0, 0x0, 0x0, 0x0,
    0x1f, 0xf6, 0x1f, 0xf6, 0x0, 0x0, 0x0, 0x0,
    0xf, 0xf5, 0x1f, 0xf6, 0x1f, 0xf6, 0x0, 0x0,
    0x0, 0x0, 0x1f, 0xf6, 0x1f, 0xf6, 0x1f, 0xf6,
    0x0, 0x0, 0x0, 0x0, 0x1f, 0xf6, 0x1f, 0xf6,
    0x1f, 0xf6, 0x0, 0x0, 0xf, 0xf5, 0x1f, 0xf6,
    0x1f, 0xf6, 0x1f, 0xf6, 0x0, 0x0, 0x1f, 0xf6,
    0x1f, 0xf6, 0x1f, 0xf6, 0x1f, 0xf6, 0x0, 0x0,
    0x1f, 0xf6, 0x1f, 0xf6, 0x1f, 0xf6, 0x1f, 0xf6,
    0xf, 0xf5, 0x1f, 0xf6, 0x1f, 0xf6, 0x1f, 0xf6,
    0x1f, 0xf6, 0x1f, 0xf6, 0x1f, 0xf6, 0x1f, 0xf6,
    0x1f, 0xf6, 0x1f, 0xf6, 0x1f, 0xf6, 0x1f, 0xf6,
    0x1f, 0xf6, 0x1f, 0xf6, 0x1f, 0xf6, 0xf, 0xf5,
    0xf, 0xf5, 0xf, 0xf5, 0xf, 0xf5, 0xf, 0xf5,

    /* U+F013 "" */
    0x0, 0x0, 0x0, 0x8b, 0xb8, 0x0, 0x0, 0x0,
    0x0, 0x0, 0x0, 0xff, 0xff, 0x0, 0x0, 0x0,
    0x0, 0x30, 0x6, 0xff, 0xff, 0x60, 0x3, 0x0,
    0x4, 0xfd, 0xdf, 0xff, 0xff, 0xfd, 0xef, 0x40,
    0xd, 0xff, 0xff, 0xff, 0xff, 0xff, 0xff, 0xd0,
    0x4f, 0xff, 0xff, 0xf9, 0x9f, 0xff, 0xff, 0xf4,
    0x8, 0xff, 0xff, 0x20, 0x2, 0xff, 0xff, 0x80,
    0x0, 0xff, 0xf9, 0x0, 0x0, 0x9f, 0xff, 0x0,
    0x0, 0xff, 0xf9, 0x0, 0x0, 0x9f, 0xff, 0x0,
    0x8, 0xff, 0xff, 0x20, 0x2, 0xff, 0xff, 0x80,
    0x4f, 0xff, 0xff, 0xf9, 0x9f, 0xff, 0xff, 0xf4,
    0xd, 0xff, 0xff, 0xff, 0xff, 0xff, 0xff, 0xd0,
    0x4, 0xfe, 0xdf, 0xff, 0xff, 0xfd, 0xdf, 0x40,
    0x0, 0x30, 0x6, 0xff, 0xff, 0x60, 0x3, 0x0,
    0x0, 0x0, 0x0, 0xff, 0xff, 0x0, 0x0, 0x0,
    0x0, 0x0, 0x0, 0x8b, 0xb8, 0x0, 0x0, 0x0,

    /* U+F015 "" */
    0x0, 0x0, 0x0, 0x3, 0xdd, 0x30, 0x3f, 0xf3,
    0x0, 0x0, 0x0, 0x0, 0x6f, 0xff, 0xf5, 0x4f,
    0xf4, 0x0, 0x0, 0x0, 0x9, 0xff, 0x99, 0xff,
    0xbf, 0xf4, 0x0, 0x0, 0x1, 0xbf, 0xf6, 0x22,
    0x6f, 0xff, 0xf4, 0x0, 0x0, 0x2d, 0xfe, 0x35,
    0xff, 0x53, 0xef, 0xf4, 0x0, 0x4, 0xff, 0xc1,
    0x8f, 0xff, 0xf8, 0x1c, 0xfe, 0x40, 0x7f, 0xfa,
    0x1a, 0xff, 0xff, 0xff, 0xa1, 0xaf, 0xf7, 0xcf,
    0x82, 0xdf, 0xff, 0xff, 0xff, 0xfd, 0x28, 0xfc,
    0x14, 0xe, 0xff, 0xff, 0xff, 0xff, 0xff, 0xe0,
    0x41, 0x0, 0xf, 0xff, 0xff, 0xff, 0xff, 0xff,
    0xf0, 0x0, 0x0, 0xf, 0xff, 0xf9, 0x0, 0x8f,
    0xff, 0xf0, 0x0, 0x0, 0xf, 0xff, 0xf8, 0x0,
    0x8f, 0xff, 0xf0, 0x0, 0x0, 0xf, 0xff, 0xf8,
    0x0, 0x8f, 0xff, 0xf0, 0x0, 0x0, 0xe, 0xff,
    0xf6, 0x0, 0x6f, 0xff, 0xe0, 0x0,

    /* U+F017 "" */
    0x0, 0x0, 0x18, 0xce, 0xec, 0x81, 0x0, 0x0,
    0x0, 0x7, 0xff, 0xff, 0xff, 0xff, 0x70, 0x0,
    0x0, 0x9f, 0xff, 0xff, 0xff, 0xff, 0xf9, 0x0,
    0x6, 0xff, 0xff, 0xf0, 0xf, 0xff, 0xff, 0x60,
    0xe, 0xff, 0xff, 0xe0, 0xe, 0xff, 0xff, 0xe0,
    0x5f, 0xff, 0xff, 0xe0, 0xe, 0xff, 0xff, 0xf5,
    0x9f, 0xff, 0xff, 0xe0, 0xe, 0xff, 0xff, 0xf9,
    0xaf, 0xff, 0xff, 0xe0, 0xd, 0xff, 0xff, 0xfa,
    0xaf, 0xff, 0xff, 0xf0, 0x1, 0xbf, 0xff, 0xfa,
    0x8f, 0xff, 0xff, 0xfb, 0x10, 0xe, 0xff, 0xf8,
    0x3f, 0xff, 0xff, 0xff, 0xe3, 0x6f, 0xff, 0xf3,
    0xc, 0xff, 0xff, 0xff, 0xff, 0xff, 0xff, 0xc0,
    0x2, 0xff, 0xff, 0xff, 0xff, 0xff, 0xff, 0x20,
    0x0, 0x3e, 0xff, 0xff, 0xff, 0xff, 0xe3, 0x0,
    0x0, 0x2, 0xbf, 0xff, 0xff, 0xfb, 0x20, 0x0,
    0x0, 0x0, 0x1, 0x68, 0x86, 0x10, 0x0, 0x0,

    /* U+F018 "" */
    0x0, 0x0, 0x6, 0xff, 0xf5, 0x5f, 0xff, 0x60,
    0x0, 0x0, 0x0, 0x0, 0xe, 0xff, 0xff, 0xff,
    0xff, 0xe0, 0x0, 0x0, 0x0, 0x0, 0x5f, 0xff,
    0xf1, 0x2f, 0xff, 0xf5, 0x0, 0x0, 0x0, 0x0,
    0xcf, 0xff, 0xf0, 0xf, 0xff, 0xfc, 0x0, 0x0,
    0x0, 0x3, 0xff, 0xff, 0xff, 0xff, 0xff, 0xff,
    0x30, 0x0, 0x0, 0xa, 0xff, 0xff, 0xd0, 0xd,
    0xff, 0xff, 0xa0, 0x0, 0x0, 0x2f, 0xff, 0xff,
    0xb0, 0xb, 0xff, 0xff, 0xf2, 0x0, 0x0, 0x8f,
    0xff, 0xff, 0xc4, 0x4c, 0xff, 0xff, 0xf8, 0x0,
    0x0, 0xff, 0xff, 0xff, 0xeb, 0xbe, 0xff, 0xff,
    0xff, 0x0, 0x6, 0xff, 0xff, 0xff, 0x60, 0x6,
    0xff, 0xff, 0xff, 0x60, 0xd, 0xff, 0xff, 0xff,
    0x40, 0x4, 0xff, 0xff, 0xff, 0xd0, 0xc, 0xff,
    0xff, 0xff, 0x20, 0x2, 0xff, 0xff, 0xff, 0xc0,

    /* U+F019 "" */
    0x0, 0x0, 0x0, 0xdf, 0xfd, 0x0, 0x0, 0x0,
    0x0, 0x0, 0x0, 0xff, 0xff, 0x0, 0x0, 0x0,
    0x0, 0x0, 0x0, 0xff, 0xff, 0x0, 0x0, 0x0,
    0x0, 0x0, 0x0, 0xff, 0xff, 0x0, 0x0, 0x0,
    0x0, 0x0, 0x0, 0xff, 0xff, 0x0, 0x0, 0x0,
    0x0, 0x0, 0x0, 0xff, 0xff, 0x0, 0x0, 0x0,
    0x0, 0x4f, 0xff, 0xff, 0xff, 0xff, 0xf4, 0x0,
    0x0, 0xb, 0xff, 0xff, 0xff, 0xff, 0xb0, 0x0,
    0x0, 0x0, 0xbf, 0xff, 0xff, 0xfb, 0x0, 0x0,
    0x0, 0x0, 0xb, 0xff, 0xff, 0xb0, 0x0, 0x0,
    0x0, 0x0, 0x0, 0xbf, 0xfb, 0x0, 0x0, 0x0,
    0xdf, 0xff, 0xfc, 0x1b, 0xb1, 0xcf, 0xff, 0xfd,
    0xff, 0xff, 0xff, 0xc2, 0x2c, 0xff, 0xff, 0xff,
    0xff, 0xff, 0xff, 0xff, 0xff, 0xff, 0xff, 0xff,
    0xff, 0xff, 0xff, 0xff, 0xff, 0xf0, 0xe0, 0xff,
    0xdf, 0xff, 0xff, 0xff, 0xff, 0xff, 0xff, 0xfd,

    /* U+F01C "" */
    0x0, 0x4, 0xef, 0xff, 0xff, 0xff, 0xfe, 0x40,
    0x0, 0x0, 0x1e, 0xff, 0xff, 0xff, 0xff, 0xff,
    0xe1, 0x0, 0x0, 0xaf, 0xb0, 0x0, 0x0, 0x0,
    0xb, 0xfa, 0x0, 0x5, 0xff, 0x10, 0x0, 0x0,
    0x0, 0x1, 0xff, 0x50, 0x1e, 0xf6, 0x0, 0x0,
    0x0, 0x0, 0x0, 0x6f, 0xe1, 0xaf, 0xb0, 0x0,
    0x0, 0x0, 0x0, 0x0, 0xb, 0xfa, 0xff, 0xff,
    0xff, 0x70, 0x0, 0x8, 0xff, 0xff, 0xff, 0xff,
    0xff, 0xff, 0xe0, 0x0, 0xf, 0xff, 0xff, 0xff,
    0xff, 0xff, 0xff, 0xff, 0xff, 0xff, 0xff, 0xff,
    0xff, 0xff, 0xff, 0xff, 0xff, 0xff, 0xff, 0xff,
    0xff, 0xff, 0xff, 0xff, 0xff, 0xff, 0xff, 0xff,
    0xff, 0xff, 0xff, 0x8f, 0xff, 0xff, 0xff, 0xff,
    0xff, 0xff, 0xff, 0xf8,

    /* U+F01E "" */
    0x0, 0x0, 0x16, 0xbd, 0xca, 0x50, 0x3, 0xff,
    0x0, 0x5, 0xef, 0xff, 0xff, 0xfd, 0x42, 0xff,
    0x0, 0x7f, 0xfe, 0x97, 0x7b, 0xff, 0xf9, 0xff,
    0x5, 0xff, 0xa1, 0x0, 0x0, 0x2c, 0xff, 0xff,
    0xe, 0xfb, 0x0, 0x0, 0x2, 0x22, 0xdf, 0xff,
    0x5f, 0xf1, 0x0, 0x0, 0xf, 0xff, 0xff, 0xff,
    0x9f, 0xb0, 0x0, 0x0, 0xf, 0xff, 0xff, 0xff,
    0xbf, 0x80, 0x0, 0x0, 0x0, 0x0, 0x0, 0x0,
    0xbf, 0x80, 0x0, 0x0, 0x0, 0x0, 0x0, 0x0,
    0x9f, 0xb0, 0x0, 0x0, 0x0, 0x0, 0x0, 0x0,
    0x5f, 0xf1, 0x0, 0x0, 0x0, 0x0, 0x0, 0x0,
    0xe, 0xfb, 0x0, 0x0, 0x0, 0x0, 0x0, 0x0,
    0x5, 0xff, 0xa1, 0x0, 0x0, 0x1a, 0x60, 0x0,
    0x0, 0x8f, 0xfe, 0x96, 0x7a, 0xff, 0xf2, 0x0,
    0x0, 0x5, 0xff, 0xff, 0xff, 0xfe, 0x50, 0x0,
    0x0, 0x0, 0x17, 0xbd, 0xca, 0x50, 0x0, 0x0,

    /* U+F021 "" */
    0x0, 0x0, 0x6, 0xbd, 0xda, 0x50, 0x2, 0xff,
    0x0, 0x5, 0xef, 0xff, 0xff, 0xfe, 0x42, 0xff,
    0x0, 0x7f, 0xff, 0xa7, 0x7b, 0xff, 0xf9, 0xff,
    0x5, 0xff, 0xc1, 0x0, 0x0, 0x2c, 0xff, 0xff,
    0xe, 0xfc, 0x0, 0x0, 0x2, 0x22, 0xdf, 0xff,
    0x5f, 0xf2, 0x0, 0x0, 0xf, 0xff, 0xff, 0xff,
    0x8f, 0xb0, 0x0, 0x0, 0xf, 0xff, 0xff, 0xff,
    0x0, 0x0, 0x0, 0x0, 0x0, 0x0, 0x0, 0x0,
    0x0, 0x0, 0x0, 0x0, 0x0, 0x0, 0x0, 0x0,
    0xff, 0xff, 0xff, 0xf0, 0x0, 0x0, 0xb, 0xf8,
    0xff, 0xff, 0xff, 0xf0, 0x0, 0x0, 0x2f, 0xf4,
    0xff, 0xfd, 0x22, 0x20, 0x0, 0x0, 0xcf, 0xe0,
    0xff, 0xff, 0xc2, 0x0, 0x0, 0x2c, 0xff, 0x40,
    0xff, 0x9f, 0xff, 0xb7, 0x6a, 0xff, 0xf7, 0x0,
    0xff, 0x24, 0xdf, 0xff, 0xff, 0xfe, 0x50, 0x0,
    0xff, 0x20, 0x5, 0xac, 0xdb, 0x60, 0x0, 0x0,

    /* U+F022 "" */
    0x8f, 0xff, 0xff, 0xff, 0xff, 0xff, 0xff, 0xf8,
    0xff, 0xff, 0xff, 0xff, 0xff, 0xff, 0xff, 0xff,
    0xff, 0xfe, 0xef, 0xff, 0xff, 0xff, 0xff, 0xff,
    0xff, 0xe0, 0xe, 0x22, 0x22, 0x22, 0x2f, 0xff,
    0xff, 0xe0, 0xe, 0x22, 0x22, 0x22, 0x2f, 0xff,
    0xff, 0xfc, 0xcf, 0xff, 0xff, 0xff, 0xff, 0xff,
    0xff, 0xe0, 0xe, 0x22, 0x22, 0x22, 0x2f, 0xff,
    0xff, 0xe0, 0xe, 0x22, 0x22, 0x22, 0x2f, 0xff,
    0xff, 0xfc, 0xcf, 0xff, 0xff, 0xff, 0xff, 0xff,
    0xff, 0xe0, 0xe, 0x22, 0x22, 0x22, 0x2f, 0xff,
    0xff, 0xe0, 0xe, 0x22, 0x22, 0x22, 0x2f, 0xff,
    0xff, 0xfe, 0xef, 0xff, 0xff, 0xff, 0xff, 0xff,
    0xff, 0xff, 0xff, 0xff, 0xff, 0xff, 0xff, 0xff,
    0x8f, 0xff, 0xff, 0xff, 0xff, 0xff, 0xff, 0xf8,

    /* U+F023 "" */
    0x0, 0x0, 0x4b, 0xff, 0xb4, 0x0, 0x0, 0x0,
    0x6, 0xff, 0xff, 0xff, 0x60, 0x0, 0x0, 0x2f,
    0xff, 0x99, 0xff, 0xf2, 0x0, 0x0, 0x9f, 0xf3,
    0x0, 0x3f, 0xf9, 0x0, 0x0, 0xbf, 0xc0, 0x0,
    0xc, 0xfb, 0x0, 0x0, 0xcf, 0xc0, 0x0, 0xc,
    0xfc, 0x0, 0x0, 0xcf, 0xc0, 0x0, 0xc, 0xfc,
    0x0, 0x8f, 0xff, 0xff, 0xff, 0xff, 0xff, 0xf8,
    0xff, 0xff, 0xff, 0xff, 0xff, 0xff, 0xff, 0xff,
    0xff, 0xff, 0xff, 0xff, 0xff, 0xff, 0xff, 0xff,
    0xff, 0xff, 0xff, 0xff, 0xff, 0xff, 0xff, 0xff,
    0xff, 0xff, 0xff, 0xff, 0xff, 0xff, 0xff, 0xff,
    0xff, 0xff, 0xff, 0xff, 0xff, 0xff, 0xff, 0xff,
    0xff, 0xff, 0xff, 0xff, 0xff, 0xff, 0xff, 0xff,
    0xff, 0x8f, 0xff, 0xff, 0xff, 0xff, 0xff, 0xf8,

    /* U+F024 "" */
    0x0, 0x0, 0x0, 0x0, 0x0, 0x0, 0x0, 0x0,
    0x3e, 0xe3, 0x0, 0x0, 0x0, 0x0, 0x0, 0x0,
    0xbf, 0xfb, 0x0, 0x0, 0x0, 0x0, 0x0, 0x0,
    0x8f, 0xfe, 0xdf, 0xeb, 0x72, 0x0, 0x27, 0xdc,
    0xf, 0xff, 0xff, 0xff, 0xff, 0xff, 0xff, 0xff,
    0xf, 0xff, 0xff, 0xff, 0xff, 0xff, 0xff, 0xff,
    0xf, 0xff, 0xff, 0xff, 0xff, 0xff, 0xff, 0xff,
    0xf, 0xff, 0xff, 0xff, 0xff, 0xff, 0xff, 0xff,
    0xf, 0xff, 0xff, 0xff, 0xff, 0xff, 0xff, 0xff,
    0xf, 0xff, 0xff, 0xff, 0xff, 0xff, 0xff, 0xff,
    0xf, 0xff, 0xff, 0xff, 0xff, 0xff, 0xff, 0xff,
    0xf, 0xff, 0xff, 0xff, 0xff, 0xff, 0xff, 0xff,
    0xf, 0xff, 0xdb, 0x9b, 0xff, 0xff, 0xff, 0xf6,
    0xf, 0xf2, 0x0, 0x0, 0x4, 0x8a, 0x96, 0x10,
    0xf, 0xf0, 0x0, 0x0, 0x0, 0x0, 0x0, 0x0,
    0xf, 0xf0, 0x0, 0x0, 0x0, 0x0, 0x0, 0x0,
    0xd, 0xd0, 0x0, 0x0, 0x0, 0x0, 0x0, 0x0,

    /* U+F025 "" */
    0x0, 0x0, 0x39, 0xdf, 0xfd, 0x93, 0x0, 0x0,
    0x0, 0x9, 0xff, 0xff, 0xff, 0xff, 0x90, 0x0,
    0x0, 0xbf, 0xf9, 0x30, 0x3, 0x9f, 0xfb, 0x0,
    0x9, 0xfe, 0x30, 0x0, 0x0, 0x3, 0xef, 0x90,
    0x3f, 0xf3, 0x0, 0x0, 0x0, 0x0, 0x3f, 0xf3,
    0x9f, 0x90, 0x0, 0x0, 0x0, 0x0, 0x9, 0xf9,
    0xdf, 0x30, 0x0, 0x0, 0x0, 0x0, 0x3, 0xfd,
    0xff, 0x6d, 0xfd, 0x0, 0x0, 0xdf, 0xd6, 0xff,
    0xff, 0xff, 0xff, 0x0, 0x0, 0xff, 0xff, 0xff,
    0xff, 0xff, 0xff, 0x0, 0x0, 0xff, 0xff, 0xff,
    0x4f, 0xff, 0xff, 0x0, 0x0, 0xff, 0xff, 0xf4,
    0xc, 0xff, 0xff, 0x0, 0x0, 0xff, 0xff, 0xc0,
    0x4, 0xff, 0xff, 0x0, 0x0, 0xff, 0xff, 0x40,
    0x0, 0x4c, 0xfd, 0x0, 0x0, 0xdf, 0xc4, 0x0,

    /* U+F026 "" */
    0x0, 0x0, 0x0, 0x0, 0x0, 0x0, 0x0, 0x8d,
    0x0, 0x0, 0x8, 0xff, 0x0, 0x0, 0x8f, 0xff,
    0xdf, 0xff, 0xff, 0xff, 0xff, 0xff, 0xff, 0xff,
    0xff, 0xff, 0xff, 0xff, 0xff, 0xff, 0xff, 0xff,
    0xff, 0xff, 0xff, 0xff, 0xdf, 0xff, 0xff, 0xff,
    0x0, 0x0, 0x9f, 0xff, 0x0, 0x0, 0x9, 0xff,
    0x0, 0x0, 0x0, 0x8d, 0x0, 0x0, 0x0, 0x0,

    /* U+F027 "" */
    0x0, 0x0, 0x0, 0x0, 0x0, 0x0, 0x0, 0x0,
    0x0, 0x8d, 0x0, 0x0, 0x0, 0x0, 0x8, 0xff,
    0x0, 0x0, 0x0, 0x0, 0x8f, 0xff, 0x0, 0x0,
    0xcf, 0xff, 0xff, 0xff, 0x1, 0x50, 0xff, 0xff,
    0xff, 0xff, 0x6, 0xf7, 0xff, 0xff, 0xff, 0xff,
    0x0, 0xbe, 0xff, 0xff, 0xff, 0xff, 0x0, 0xae,
    0xff, 0xff, 0xff, 0xff, 0x5, 0xf8, 0xdf, 0xff,
    0xff, 0xff, 0x2, 0x60, 0x0, 0x0, 0x9f, 0xff,
    0x0, 0x0, 0x0, 0x0, 0x9, 0xff, 0x0, 0x0,
    0x0, 0x0, 0x0, 0x9e, 0x0, 0x0, 0x0, 0x0,
    0x0, 0x0, 0x0, 0x0,

    /* U+F028 "" */
    0x0, 0x0, 0x0, 0x0, 0x0, 0x0, 0x6, 0x10,
    0x0, 0x0, 0x0, 0x0, 0x0, 0x0, 0x0, 0x1f,
    0xd2, 0x0, 0x0, 0x0, 0x0, 0x8d, 0x0, 0x0,
    0x3, 0xee, 0x10, 0x0, 0x0, 0x8, 0xff, 0x0,
    0xa, 0xb1, 0x2f, 0xb0, 0x0, 0x0, 0x8f, 0xff,
    0x0, 0x5, 0xfc, 0x7, 0xf4, 0xdf, 0xff, 0xff,
    0xff, 0x2, 0x50, 0x5f, 0x60, 0xf9, 0xff, 0xff,
    0xff, 0xff, 0x6, 0xf7, 0xd, 0xc0, 0xbd, 0xff,
    0xff, 0xff, 0xff, 0x0, 0xae, 0x9, 0xf0, 0x9f,
    0xff, 0xff, 0xff, 0xff, 0x0, 0xae, 0x9, 0xe0,
    0x8f, 0xff, 0xff, 0xff, 0xff, 0x6, 0xf7, 0xd,
    0xc0, 0xad, 0xdf, 0xff, 0xff, 0xff, 0x2, 0x50,
    0x5f, 0x60, 0xe9, 0x0, 0x0, 0x9f, 0xff, 0x0,
    0x5, 0xfc, 0x6, 0xf4, 0x0, 0x0, 0x9, 0xff,
    0x0, 0xa, 0xb1, 0x2f, 0xb0, 0x0, 0x0, 0x0,
    0x8d, 0x0, 0x0, 0x2, 0xee, 0x10, 0x0, 0x0,
    0x0, 0x0, 0x0, 0x0, 0x1f, 0xd2, 0x0, 0x0,
    0x0, 0x0, 0x0, 0x0, 0x0, 0x6, 0x10, 0x0,

    /* U+F029 "" */
    0xff, 0xff, 0xff, 0x0, 0xff, 0xff, 0xff, 0xff,
    0xff, 0xff, 0x0, 0xff, 0xff, 0xff, 0xff, 0x0,
    0xff, 0x0, 0xff, 0x0, 0xff, 0xff, 0x0, 0xff,
    0x0, 0xff, 0x0, 0xff, 0xff, 0xff, 0xff, 0x0,
    0xff, 0xff, 0xff, 0xff, 0xff, 0xff, 0x0, 0xff,
    0xff, 0xff, 0x0, 0x0, 0x0, 0x0, 0x0, 0x0,
    0x0, 0x0, 0x0, 0x0, 0x0, 0x0, 0x0, 0x0,
    0xff, 0xff, 0xff, 0x0, 0xff, 0xf0, 0xf, 0xff,
    0xff, 0xff, 0x0, 0xff, 0xff, 0xff, 0xff, 0x0,
    0xff, 0x0, 0xff, 0xff, 0xff, 0xff, 0x0, 0xff,
    0x0, 0xff, 0xf, 0xff, 0xff, 0xff, 0xff, 0x0,
    0xff, 0x0, 0x0, 0xff, 0xff, 0xff, 0x0, 0xff,
    0xf, 0xf,

    /* U+F02A "" */
    0xb6, 0x4, 0x94, 0x82, 0x98, 0x98, 0xa3, 0xbb,
    0x2b, 0x60, 0x49, 0x48, 0x29, 0x89, 0x8a, 0x3b,
    0xb2, 0xb6, 0x4, 0x94, 0x82, 0x98, 0x98, 0xa3,
    0xbb, 0x2b, 0x60, 0x49, 0x48, 0x29, 0x89, 0x8a,
    0x3b, 0xb2, 0xb6, 0x4, 0x94, 0x82, 0x98, 0x98,
    0xa3, 0xbb, 0x2b, 0x60, 0x49, 0x48, 0x29, 0x89,
    0x8a, 0x3b, 0xb2, 0xb6, 0x4, 0x94, 0x82, 0x98,
    0x98, 0xa3, 0xbb, 0x2b, 0x60, 0x49, 0x48, 0x29,
    0x89, 0x8a, 0x3b, 0xb2, 0xb6, 0x4, 0x94, 0x82,
    0x98, 0x98, 0xa3, 0xbb, 0x2b, 0x60, 0x49, 0x48,
    0x29, 0x89, 0x8a, 0x3b, 0xb2, 0xb6, 0x4, 0x94,
    0x82, 0x98, 0x98, 0xa3, 0xbb, 0x2b, 0x60, 0x49,
    0x48, 0x29, 0x89, 0x8a, 0x3b, 0xb2,

    /* U+F02B "" */
    0x8f, 0xff, 0xff, 0xff, 0xc1, 0x0, 0x0, 0x0,
    0xff, 0xff, 0xff, 0xff, 0xfd, 0x10, 0x0, 0x0,
    0xff, 0x70, 0x7f, 0xff, 0xff, 0xd1, 0x0, 0x0,
    0xff, 0x0, 0xf, 0xff, 0xff, 0xfd, 0x10, 0x0,
    0xff, 0x70, 0x7f, 0xff, 0xff, 0xff, 0xd1, 0x0,
    0xff, 0xff, 0xff, 0xff, 0xff, 0xff, 0xfd, 0x10,
    0xff, 0xff, 0xff, 0xff, 0xff, 0xff, 0xff, 0xd1,
    0xff, 0xff, 0xff, 0xff, 0xff, 0xff, 0xff, 0xfc,
    0xcf, 0xff, 0xff, 0xff, 0xff, 0xff, 0xff, 0xfe,
    0x2e, 0xff, 0xff, 0xff, 0xff, 0xff, 0xff, 0xf4,
    0x2, 0xef, 0xff, 0xff, 0xff, 0xff, 0xff, 0x40,
    0x0, 0x2e, 0xff, 0xff, 0xff, 0xff, 0xf4, 0x0,
    0x0, 0x2, 0xef, 0xff, 0xff, 0xff, 0x40, 0x0,
    0x0, 0x0, 0x2e, 0xff, 0xff, 0xf4, 0x0, 0x0,
    0x0, 0x0, 0x2, 0xef, 0xff, 0x40, 0x0, 0x0,
    0x0, 0x0, 0x0, 0x2c, 0xe4, 0x0, 0x0, 0x0,

    /* U+F02C "" */
    0x8f, 0xff, 0xff, 0xff, 0xc1, 0x3f, 0xc1, 0x0,
    0x0, 0x0, 0xff, 0xff, 0xff, 0xff, 0xfd, 0x13,
    0xfd, 0x10, 0x0, 0x0, 0xff, 0x70, 0x7f, 0xff,
    0xff, 0xd1, 0x3e, 0xd1, 0x0, 0x0, 0xff, 0x0,
    0xf, 0xff, 0xff, 0xfd, 0x13, 0xed, 0x10, 0x0,
    0xff, 0x70, 0x7f, 0xff, 0xff, 0xff, 0xd1, 0x3e,
    0xd1, 0x0, 0xff, 0xff, 0xff, 0xff, 0xff, 0xff,
    0xfd, 0x13, 0xed, 0x10, 0xff, 0xff, 0xff, 0xff,
    0xff, 0xff, 0xff, 0xd1, 0x4f, 0xd1, 0xff, 0xff,
    0xff, 0xff, 0xff, 0xff, 0xff, 0xfc, 0xc, 0xfc,
    0xcf, 0xff, 0xff, 0xff, 0xff, 0xff, 0xff, 0xfe,
    0xc, 0xfe, 0x2e, 0xff, 0xff, 0xff, 0xff, 0xff,
    0xff, 0xf4, 0x2f, 0xf4, 0x2, 0xef, 0xff, 0xff,
    0xff, 0xff, 0xff, 0x41, 0xcf, 0x40, 0x0, 0x2e,
    0xff, 0xff, 0xff, 0xff, 0xf4, 0x1c, 0xf4, 0x0,
    0x0, 0x2, 0xef, 0xff, 0xff, 0xff, 0x41, 0xcf,
    0x40, 0x0, 0x0, 0x0, 0x2e, 0xff, 0xff, 0xf4,
    0x1c, 0xf4, 0x0, 0x0, 0x0, 0x0, 0x2, 0xef,
    0xff, 0x41, 0xcf, 0x40, 0x0, 0x0, 0x0, 0x0,
    0x0, 0x2c, 0xe4, 0x9, 0xe4, 0x0, 0x0, 0x0,

    /* U+F02D "" */
    0x8, 0xef, 0xff, 0xff, 0xff, 0xff, 0xfd, 0x8f,
    0xff, 0xff, 0xff, 0xff, 0xff, 0xff, 0xef, 0xff,
    0xff, 0xff, 0xff, 0xff, 0xff, 0xff, 0xff, 0xff,
    0xff, 0xff, 0xff, 0xff, 0xff, 0xff, 0x0, 0x0,
    0x0, 0xf, 0xff, 0xff, 0xff, 0xff, 0xff, 0xff,
    0xff, 0xff, 0xff, 0xff, 0x0, 0x0, 0x0, 0xf,
    0xff, 0xff, 0xff, 0xff, 0xff, 0xff, 0xff, 0xff,
    0xff, 0xff, 0xff, 0xff, 0xff, 0xff, 0xff, 0xff,
    0xff, 0xff, 0xff, 0xff, 0xff, 0xff, 0xff, 0xff,
    0xff, 0xff, 0xff, 0xff, 0xff, 0xff, 0xff, 0xff,
    0xff, 0xff, 0xff, 0xfe, 0xff, 0x30, 0x0, 0x0,
    0x0, 0x1, 0xfa, 0xef, 0x30, 0x0, 0x0, 0x0,
    0x1, 0xfa, 0x8f, 0xff, 0xff, 0xff, 0xff, 0xff,
    0xfe, 0x8, 0xef, 0xff, 0xff, 0xff, 0xff, 0xfd,

    /* U+F02E "" */
    0x8f, 0xff, 0xff, 0xff, 0xff, 0xf8, 0xff, 0xff,
    0xff, 0xff, 0xff, 0xff, 0xff, 0xff, 0xff, 0xff,
    0xff, 0xff, 0xff, 0xff, 0xff, 0xff, 0xff, 0xff,
    0xff, 0xff, 0xff, 0xff, 0xff, 0xff, 0xff, 0xff,
    0xff, 0xff, 0xff, 0xff, 0xff, 0xff, 0xff, 0xff,
    0xff, 0xff, 0xff, 0xff, 0xff, 0xff, 0xff, 0xff,
    0xff, 0xff, 0xff, 0xff, 0xff, 0xff, 0xff, 0xff,
    0xff, 0xff, 0xff, 0xff, 0xff, 0xff, 0xff, 0xff,
    0xff, 0xff, 0xff, 0xff, 0xff, 0xff, 0xff, 0xff,
    0xff, 0xff, 0xfc, 0xcf, 0xff, 0xff, 0xff, 0xfe,
    0x60, 0x6, 0xef, 0xff, 0xff, 0x80, 0x0, 0x0,
    0x8, 0xff, 0xb2, 0x0, 0x0, 0x0, 0x0, 0x2b,

    /* U+F02F "" */
    0x0, 0xcf, 0xff, 0xff, 0xff, 0xff, 0x70, 0x0,
    0x0, 0xff, 0xff, 0xff, 0xff, 0xff, 0xf7, 0x0,
    0x0, 0xff, 0x0, 0x0, 0x0, 0xff, 0xff, 0x0,
    0x0, 0xff, 0x0, 0x0, 0x0, 0xef, 0xff, 0x0,
    0x0, 0xff, 0x0, 0x0, 0x0, 0x0, 0xff, 0x0,
    0x0, 0xff, 0x0, 0x0, 0x0, 0x0, 0xff, 0x0,
    0x4e, 0xff, 0x0, 0x0, 0x0, 0x0, 0xff, 0xe4,
    0xef, 0xff, 0xff, 0xff, 0xff, 0xff, 0xfd, 0xfe,
    0xff, 0xff, 0xff, 0xff, 0xff, 0xff, 0xd0, 0xdf,
    0xff, 0xff, 0xff, 0xff, 0xff, 0xff, 0xfd, 0xff,
    0xff, 0xff, 0xff, 0xff, 0xff, 0xff, 0xff, 0xff,
    0xef, 0xff, 0x0, 0x0, 0x0, 0x0, 0xff, 0xfe,
    0x0, 0xff, 0x0, 0x0, 0x0, 0x0, 0xff, 0x0,
    0x0, 0xff, 0x0, 0x0, 0x0, 0x0, 0xff, 0x0,
    0x0, 0xff, 0xff, 0xff, 0xff, 0xff, 0xff, 0x0,
    0x0, 0xcf, 0xff, 0xff, 0xff, 0xff, 0xfc, 0x0,

    /* U+F030 "" */
    0x0, 0x0, 0x1d, 0xff, 0xff, 0xd1, 0x0, 0x0,
    0x0, 0x0, 0x9f, 0xff, 0xff, 0xf9, 0x0, 0x0,
    0x8f, 0xff, 0xff, 0xff, 0xff, 0xff, 0xff, 0xf8,
    0xff, 0xff, 0xff, 0xff, 0xff, 0xff, 0xff, 0xff,
    0xff, 0xff, 0xff, 0x94, 0x49, 0xff, 0xff, 0xff,
    0xff, 0xff, 0xf4, 0x28, 0x82, 0x4f, 0xff, 0xff,
    0xff, 0xff, 0x93, 0xff, 0xff, 0x29, 0xff, 0xff,
    0xff, 0xff, 0x4a, 0xff, 0xff, 0x94, 0xff, 0xff,
    0xff, 0xff, 0x4b, 0xff, 0xff, 0xa4, 0xff, 0xff,
    0xff, 0xff, 0x95, 0xff, 0xff, 0x49, 0xff, 0xff,
    0xff, 0xff, 0xf4, 0x5c, 0xc5, 0x4f, 0xff, 0xff,
    0xff, 0xff, 0xff, 0x94, 0x49, 0xff, 0xff, 0xff,
    0xff, 0xff, 0xff, 0xff, 0xff, 0xff, 0xff, 0xff,
    0x8f, 0xff, 0xff, 0xff, 0xff, 0xff, 0xff, 0xf8,

    /* U+F031 "" */
    0x0, 0x0, 0x7, 0xff, 0x70, 0x0, 0x0, 0x0,
    0x0, 0xf, 0xff, 0xf0, 0x0, 0x0, 0x0, 0x0,
    0x5f, 0xff, 0xf5, 0x0, 0x0, 0x0, 0x0, 0xbf,
    0xff, 0xfb, 0x0, 0x0, 0x0, 0x1, 0xff, 0x9a,
    0xff, 0x10, 0x0, 0x0, 0x6, 0xff, 0x44, 0xff,
    0x60, 0x0, 0x0, 0xc, 0xfe, 0x0, 0xef, 0xc0,
    0x0, 0x0, 0x2f, 0xfc, 0x88, 0xcf, 0xf2, 0x0,
    0x0, 0x8f, 0xff, 0xff, 0xff, 0xf8, 0x0, 0x0,
    0xdf, 0xff, 0xff, 0xff, 0xfd, 0x0, 0x3, 0xff,
    0x60, 0x0, 0x7, 0xff, 0x30, 0x9, 0xff, 0x10,
    0x0, 0x1, 0xff, 0x90, 0xef, 0xff, 0xe0, 0x0,
    0xe, 0xff, 0xfe, 0xef, 0xff, 0xe0, 0x0, 0xe,
    0xff, 0xfe,

    /* U+F032 "" */
    0x5f, 0xff, 0xff, 0xff, 0xc4, 0x0, 0x7, 0xff,
    0xff, 0xff, 0xff, 0xf5, 0x0, 0x27, 0xff, 0xc8,
    0x88, 0xff, 0xe0, 0x0, 0xf, 0xf9, 0x0, 0x5,
    0xff, 0x30, 0x0, 0xff, 0x90, 0x0, 0x5f, 0xf3,
    0x0, 0xf, 0xfc, 0x88, 0x8e, 0xfe, 0x0, 0x0,
    0xff, 0xff, 0xff, 0xff, 0x90, 0x0, 0xf, 0xff,
    0xff, 0xff, 0xff, 0x50, 0x0, 0xff, 0x90, 0x0,
    0x9f, 0xfc, 0x0, 0xf, 0xf9, 0x0, 0x0, 0xff,
    0xf0, 0x0, 0xff, 0x90, 0x0, 0x3f, 0xfe, 0x2,
    0x7f, 0xfc, 0x88, 0x8e, 0xff, 0x90, 0x7f, 0xff,
    0xff, 0xff, 0xff, 0xd1, 0x5, 0xff, 0xff, 0xff,
    0xfe, 0x91, 0x0,

    /* U+F033 "" */
    0x0, 0xe, 0xff, 0xff, 0xfe, 0x0, 0xe, 0xff,
    0xff, 0xfe, 0x0, 0x0, 0x2f, 0xf6, 0x0, 0x0,
    0x0, 0x6f, 0xf2, 0x0, 0x0, 0x0, 0xaf, 0xe0,
    0x0, 0x0, 0x0, 0xef, 0xa0, 0x0, 0x0, 0x2,
    0xff, 0x60, 0x0, 0x0, 0x6, 0xff, 0x20, 0x0,
    0x0, 0xa, 0xfe, 0x0, 0x0, 0x0, 0xe, 0xfa,
    0x0, 0x0, 0x0, 0x2f, 0xf6, 0x0, 0x0, 0x0,
    0x6f, 0xf2, 0x0, 0x0, 0xef, 0xff, 0xff, 0xe0,
    0x0, 0xef, 0xff, 0xff, 0xe0, 0x0,

    /* U+F034 "" */
    0xef, 0xff, 0xff, 0xff, 0xfe, 0x0, 0x0, 0xaa,
    0x0, 0xf, 0xff, 0xff, 0xff, 0xff, 0xf0, 0x0,
    0xaf, 0xfa, 0x0, 0xff, 0x88, 0xff, 0xb8, 0xff,
    0x0, 0xaf, 0xff, 0xfa, 0xe, 0xe0, 0x1f, 0xf6,
    0xe, 0xe0, 0x7, 0x8f, 0xf8, 0x70, 0x0, 0x1,
    0xff, 0x60, 0x0, 0x0, 0x0, 0xff, 0x0, 0x0,
    0x0, 0x1f, 0xf6, 0x0, 0x0, 0x0, 0xf, 0xf0,
    0x0, 0x0, 0x1, 0xff, 0x60, 0x0, 0x0, 0x0,
    0xff, 0x0, 0x0, 0x0, 0x1f, 0xf6, 0x0, 0x0,
    0x0, 0xf, 0xf0, 0x0, 0x0, 0x1, 0xff, 0x60,
    0x0, 0x0, 0x0, 0xff, 0x0, 0x0, 0x0, 0x1f,
    0xf6, 0x0, 0x0, 0x0, 0xf, 0xf0, 0x0, 0x0,
    0x1, 0xff, 0x60, 0x0, 0x0, 0x78, 0xff, 0x87,
    0x0, 0x0, 0x1f, 0xf6, 0x0, 0x0, 0xa, 0xff,
    0xff, 0xa0, 0x0, 0xcf, 0xff, 0xff, 0x10, 0x0,
    0xa, 0xff, 0xa0, 0x0, 0xc, 0xff, 0xff, 0xf1,
    0x0, 0x0, 0xa, 0xa0, 0x0,

    /* U+F035 "" */
    0xef, 0xff, 0xff, 0xff, 0xff, 0xff, 0xfe, 0xff,
    0xff, 0xff, 0xff, 0xff, 0xff, 0xff, 0xff, 0x88,
    0x8b, 0xff, 0x88, 0x88, 0xff, 0x66, 0x0, 0x7,
    0xff, 0x0, 0x0, 0x66, 0x0, 0x0, 0x7, 0xff,
    0x0, 0x0, 0x0, 0x0, 0x0, 0x7, 0xff, 0x0,
    0x0, 0x0, 0x0, 0x0, 0xaf, 0xff, 0xf3, 0x0,
    0x0, 0x0, 0x0, 0xaf, 0xff, 0xf3, 0x0, 0x0,
    0x0, 0xb5, 0x0, 0x0, 0x0, 0x99, 0x0, 0xb,
    0xf6, 0x0, 0x0, 0x0, 0xaf, 0xa0, 0xaf, 0xff,
    0xff, 0xff, 0xff, 0xff, 0xfa, 0xaf, 0xff, 0xff,
    0xff, 0xff, 0xff, 0xfa, 0xb, 0xf6, 0x0, 0x0,
    0x0, 0xaf, 0xa0, 0x0, 0xb5, 0x0, 0x0, 0x0,
    0x99, 0x0, 0x0, 0x0, 0x0, 0x0, 0x0, 0x0,
    0x0,

    /* U+F036 "" */
    0xff, 0xff, 0xff, 0xff, 0xf0, 0x0, 0x0, 0xff,
    0xff, 0xff, 0xff, 0xf0, 0x0, 0x0, 0x0, 0x0,
    0x0, 0x0, 0x0, 0x0, 0x0, 0x0, 0x0, 0x0,
    0x0, 0x0, 0x0, 0x0, 0xef, 0xff, 0xff, 0xff,
    0xff, 0xff, 0xfe, 0xef, 0xff, 0xff, 0xff, 0xff,
    0xff, 0xfe, 0x0, 0x0, 0x0, 0x0, 0x0, 0x0,
    0x0, 0x0, 0x0, 0x0, 0x0, 0x0, 0x0, 0x0,
    0xff, 0xff, 0xff, 0xff, 0xf0, 0x0, 0x0, 0xff,
    0xff, 0xff, 0xff, 0xf0, 0x0, 0x0, 0x0, 0x0,
    0x0, 0x0, 0x0, 0x0, 0x0, 0x0, 0x0, 0x0,
    0x0, 0x0, 0x0, 0x0, 0xef, 0xff, 0xff, 0xff,
    0xff, 0xff, 0xfe, 0xef, 0xff, 0xff, 0xff, 0xff,
    0xff, 0xfe,

    /* U+F037 "" */
    0x0, 0xf, 0xff, 0xff, 0xff, 0xf0, 0x0, 0x0,
    0xf, 0xff, 0xff, 0xff, 0xf0, 0x0, 0x0, 0x0,
    0x0, 0x0, 0x0, 0x0, 0x0, 0x0, 0x0, 0x0,
    0x0, 0x0, 0x0, 0x0, 0xef, 0xff, 0xff, 0xff,
    0xff, 0xff, 0xfe, 0xef, 0xff, 0xff, 0xff, 0xff,
    0xff, 0xfe, 0x0, 0x0, 0x0, 0x0, 0x0, 0x0,
    0x0, 0x0, 0x0, 0x0, 0x0, 0x0, 0x0, 0x0,
    0x0, 0xf, 0xff, 0xff, 0xff, 0xf0, 0x0, 0x0,
    0xf, 0xff, 0xff, 0xff, 0xf0, 0x0, 0x0, 0x0,
    0x0, 0x0, 0x0, 0x0, 0x0, 0x0, 0x0, 0x0,
    0x0, 0x0, 0x0, 0x0, 0xef, 0xff, 0xff, 0xff,
    0xff, 0xff, 0xfe, 0xef, 0xff, 0xff, 0xff, 0xff,
    0xff, 0xfe,

    /* U+F038 "" */
    0x0, 0x0, 0xf, 0xff, 0xff, 0xff, 0xff, 0x0,
    0x0, 0xf, 0xff, 0xff, 0xff, 0xff, 0x0, 0x0,
    0x0, 0x0, 0x0, 0x0, 0x0, 0x0, 0x0, 0x0,
    0x0, 0x0, 0x0, 0x0, 0xef, 0xff, 0xff, 0xff,
    0xff, 0xff, 0xfe, 0xef, 0xff, 0xff, 0xff, 0xff,
    0xff, 0xfe, 0x0, 0x0, 0x0, 0x0, 0x0, 0x0,
    0x0, 0x0, 0x0, 0x0, 0x0, 0x0, 0x0, 0x0,
    0x0, 0x0, 0xf, 0xff, 0xff, 0xff, 0xff, 0x0,
    0x0, 0xf, 0xff, 0xff, 0xff, 0xff, 0x0, 0x0,
    0x0, 0x0, 0x0, 0x0, 0x0, 0x0, 0x0, 0x0,
    0x0, 0x0, 0x0, 0x0, 0xef, 0xff, 0xff, 0xff,
    0xff, 0xff, 0xfe, 0xef, 0xff, 0xff, 0xff, 0xff,
    0xff, 0xfe,

    /* U+F039 "" */
    0xef, 0xff, 0xff, 0xff, 0xff, 0xff, 0xfe, 0xef,
    0xff, 0xff, 0xff, 0xff, 0xff, 0xfe, 0x0, 0x0,
    0x0, 0x0, 0x0, 0x0, 0x0, 0x0, 0x0, 0x0,
    0x0, 0x0, 0x0, 0x0, 0xef, 0xff, 0xff, 0xff,
    0xff, 0xff, 0xfe, 0xef, 0xff, 0xff, 0xff, 0xff,
    0xff, 0xfe, 0x0, 0x0, 0x0, 0x0, 0x0, 0x0,
    0x0, 0x0, 0x0, 0x0, 0x0, 0x0, 0x0, 0x0,
    0xef, 0xff, 0xff, 0xff, 0xff, 0xff, 0xfe, 0xef,
    0xff, 0xff, 0xff, 0xff, 0xff, 0xfe, 0x0, 0x0,
    0x0, 0x0, 0x0, 0x0, 0x0, 0x0, 0x0, 0x0,
    0x0, 0x0, 0x0, 0x0, 0xef, 0xff, 0xff, 0xff,
    0xff, 0xff, 0xfe, 0xef, 0xff, 0xff, 0xff, 0xff,
    0xff, 0xfe,

    /* U+F03A "" */
    0x68, 0x60, 0x0, 0x0, 0x0, 0x0, 0x0, 0x0,
    0xff, 0xf0, 0xe, 0xff, 0xff, 0xff, 0xff, 0xfe,
    0xff, 0xf0, 0xe, 0xff, 0xff, 0xff, 0xff, 0xfe,
    0x68, 0x60, 0x0, 0x0, 0x0, 0x0, 0x0, 0x0,
    0x0, 0x0, 0x0, 0x0, 0x0, 0x0, 0x0, 0x0,
    0x68, 0x60, 0x0, 0x0, 0x0, 0x0, 0x0, 0x0,
    0xff, 0xf0, 0xe, 0xff, 0xff, 0xff, 0xff, 0xfe,
    0xff, 0xf0, 0xe, 0xff, 0xff, 0xff, 0xff, 0xfe,
    0x68, 0x60, 0x0, 0x0, 0x0, 0x0, 0x0, 0x0,
    0x0, 0x0, 0x0, 0x0, 0x0, 0x0, 0x0, 0x0,
    0x68, 0x60, 0x0, 0x0, 0x0, 0x0, 0x0, 0x0,
    0xff, 0xf0, 0xe, 0xff, 0xff, 0xff, 0xff, 0xfe,
    0xff, 0xf0, 0xe, 0xff, 0xff, 0xff, 0xff, 0xfe,
    0x68, 0x60, 0x0, 0x0, 0x0, 0x0, 0x0, 0x0,

    /* U+F03B "" */
    0xef, 0xff, 0xff, 0xff, 0xff, 0xff, 0xfe, 0xef,
    0xff, 0xff, 0xff, 0xff, 0xff, 0xfe, 0x0, 0x0,
    0x0, 0x0, 0x0, 0x0, 0x0, 0x0, 0x6, 0x0,
    0x0, 0x0, 0x0, 0x0, 0x0, 0xaf, 0x0, 0xff,
    0xff, 0xff, 0xff, 0xa, 0xff, 0x0, 0xff, 0xff,
    0xff, 0xff, 0xaf, 0xff, 0x0, 0x0, 0x0, 0x0,
    0x0, 0xaf, 0xff, 0x0, 0x0, 0x0, 0x0, 0x0,
    0xa, 0xff, 0x0, 0xff, 0xff, 0xff, 0xff, 0x0,
    0xaf, 0x0, 0xff, 0xff, 0xff, 0xff, 0x0, 0x6,
    0x0, 0x0, 0x0, 0x0, 0x0, 0x0, 0x0, 0x0,
    0x0, 0x0, 0x0, 0x0, 0xef, 0xff, 0xff, 0xff,
    0xff, 0xff, 0xfe, 0xef, 0xff, 0xff, 0xff, 0xff,
    0xff, 0xfe,

    /* U+F03C "" */
    0xef, 0xff, 0xff, 0xff, 0xff, 0xff, 0xfe, 0xef,
    0xff, 0xff, 0xff, 0xff, 0xff, 0xfe, 0x0, 0x0,
    0x0, 0x0, 0x0, 0x0, 0x0, 0x60, 0x0, 0x0,
    0x0, 0x0, 0x0, 0x0, 0xfa, 0x0, 0x0, 0xff,
    0xff, 0xff, 0xff, 0xff, 0xa0, 0x0, 0xff, 0xff,
    0xff, 0xff, 0xff, 0xfa, 0x0, 0x0, 0x0, 0x0,
    0x0, 0xff, 0xfa, 0x0, 0x0, 0x0, 0x0, 0x0,
    0xff, 0xa0, 0x0, 0xff, 0xff, 0xff, 0xff, 0xfa,
    0x0, 0x0, 0xff, 0xff, 0xff, 0xff, 0x60, 0x0,
    0x0, 0x0, 0x0, 0x0, 0x0, 0x0, 0x0, 0x0,
    0x0, 0x0, 0x0, 0x0, 0xef, 0xff, 0xff, 0xff,
    0xff, 0xff, 0xfe, 0xef, 0xff, 0xff, 0xff, 0xff,
    0xff, 0xfe,

    /* U+F03D "" */
    0x8f, 0xff, 0xff, 0xff, 0xff, 0xf8, 0x0, 0x0,
    0x0, 0xff, 0xff, 0xff, 0xff, 0xff, 0xff, 0x0,
    0x3, 0xcc, 0xff, 0xff, 0xff, 0xff, 0xff, 0xff,
    0x0, 0x7f, 0xff, 0xff, 0xff, 0xff, 0xff, 0xff,
    0xff, 0xc, 0xff, 0xff, 0xff, 0xff, 0xff, 0xff,
    0xff, 0xff, 0xf, 0xff, 0xff, 0xff, 0xff, 0xff,
    0xff, 0xff, 0xff, 0xf, 0xff, 0xff, 0xff, 0xff,
    0xff, 0xff, 0xff, 0xff, 0xf, 0xff, 0xff, 0xff,
    0xff, 0xff, 0xff, 0xff, 0xff, 0xf, 0xff, 0xff,
    0xff, 0xff, 0xff, 0xff, 0xff, 0xff, 0xc, 0xff,
    0xff, 0xff, 0xff, 0xff, 0xff, 0xff, 0xff, 0x0,
    0x7f, 0xff, 0xff, 0xff, 0xff, 0xff, 0xff, 0xff,
    0x0, 0x3, 0xcc, 0x8f, 0xff, 0xff, 0xff, 0xff,
    0xf8, 0x0, 0x0, 0x0,

    /* U+F03E "" */
    0x8f, 0xff, 0xff, 0xff, 0xff, 0xff, 0xff, 0xf8,
    0xff, 0xfc, 0xff, 0xff, 0xff, 0xff, 0xff, 0xff,
    0xff, 0x20, 0x2f, 0xff, 0xff, 0xff, 0xff, 0xff,
    0xfc, 0x0, 0xc, 0xff, 0xff, 0xee, 0xff, 0xff,
    0xff, 0x20, 0x2f, 0xff, 0xfe, 0x12, 0xef, 0xff,
    0xff, 0xfc, 0xff, 0xff, 0xe1, 0x0, 0x2e, 0xff,
    0xff, 0xfe, 0x4e, 0xfe, 0x10, 0x0, 0x2, 0xff,
    0xff, 0xe1, 0x2, 0xc1, 0x0, 0x0, 0x0, 0xff,
    0xff, 0x10, 0x0, 0x0, 0x0, 0x0, 0x0, 0xff,
    0xff, 0x0, 0x0, 0x0, 0x0, 0x0, 0x0, 0xff,
    0xff, 0xff, 0xff, 0xff, 0xff, 0xff, 0xff, 0xff,
    0x8f, 0xff, 0xff, 0xff, 0xff, 0xff, 0xff, 0xf8,

    /* U+F041 "" */
    0x0, 0x7, 0xcf, 0xfc, 0x70, 0x0, 0x1, 0xdf,
    0xff, 0xff, 0xfd, 0x10, 0xd, 0xff, 0xff, 0xff,
    0xff, 0xd0, 0x7f, 0xff, 0xff, 0xff, 0xff, 0xf7,
    0xcf, 0xff, 0xff, 0xff, 0xff, 0xfc, 0xff, 0xff,
    0xff, 0xff, 0xff, 0xff, 0xff, 0xff, 0xff, 0xff,
    0xff, 0xff, 0xcf, 0xff, 0xff, 0xff, 0xff, 0xfc,
    0x6f, 0xff, 0xff, 0xff, 0xff, 0xf6, 0xd, 0xff,
    0xff, 0xff, 0xff, 0xd0, 0x3, 0xff, 0xff, 0xff,
    0xff, 0x30, 0x0, 0x8f, 0xff, 0xff, 0xf8, 0x0,
    0x0, 0xc, 0xff, 0xff, 0xc0, 0x0, 0x0, 0x2,
    0xff, 0xff, 0x20, 0x0, 0x0, 0x0, 0x7f, 0xf7,
    0x0, 0x0, 0x0, 0x0, 0xb, 0xb0, 0x0, 0x0,

    /* U+F042 "" */
    0x0, 0x0, 0x16, 0xbc, 0xdb, 0x61, 0x0, 0x0,
    0x0, 0x6, 0xef, 0xff, 0xff, 0xfe, 0x60, 0x0,
    0x0, 0x8f, 0xff, 0xff, 0x35, 0xbf, 0xf8, 0x0,
    0x5, 0xff, 0xff, 0xff, 0x0, 0x6, 0xff, 0x50,
    0xe, 0xff, 0xff, 0xff, 0x0, 0x0, 0x6f, 0xe0,
    0x5f, 0xff, 0xff, 0xff, 0x0, 0x0, 0xc, 0xf5,
    0x9f, 0xff, 0xff, 0xff, 0x0, 0x0, 0x7, 0xf9,
    0xbf, 0xff, 0xff, 0xff, 0x0, 0x0, 0x4, 0xfb,
    0xbf, 0xff, 0xff, 0xff, 0x0, 0x0, 0x4, 0xfb,
    0x9f, 0xff, 0xff, 0xff, 0x0, 0x0, 0x7, 0xf9,
    0x5f, 0xff, 0xff, 0xff, 0x0, 0x0, 0xc, 0xf5,
    0xe, 0xff, 0xff, 0xff, 0x0, 0x0, 0x6f, 0xe0,
    0x5, 0xff, 0xff, 0xff, 0x0, 0x6, 0xff, 0x50,
    0x0, 0x8f, 0xff, 0xff, 0x25, 0xbf, 0xf8, 0x0,
    0x0, 0x6, 0xef, 0xff, 0xff, 0xfe, 0x60, 0x0,
    0x0, 0x0, 0x16, 0xbd, 0xdb, 0x61, 0x0, 0x0,

    /* U+F043 "" */
    0x0, 0x0, 0x4e, 0x40, 0x0, 0x0, 0x0, 0xb,
    0xfb, 0x0, 0x0, 0x0, 0x1, 0xff, 0xf1, 0x0,
    0x0, 0x0, 0x9f, 0xff, 0x90, 0x0, 0x0, 0x2f,
    0xff, 0xff, 0x30, 0x0, 0xc, 0xff, 0xff, 0xfc,
    0x0, 0x7, 0xff, 0xff, 0xff, 0xf8, 0x2, 0xff,
    0xff, 0xff, 0xff, 0xf2, 0x9f, 0xff, 0xff, 0xff,
    0xff, 0x9e, 0xff, 0xff, 0xff, 0xff, 0xfe, 0xff,
    0x2f, 0xff, 0xff, 0xff, 0xfe, 0xf2, 0xbf, 0xff,
    0xff, 0xfe, 0x9f, 0xa1, 0xbf, 0xff, 0xff, 0x92,
    0xff, 0xa2, 0x2f, 0xff, 0xf2, 0x4, 0xff, 0xff,
    0xff, 0xf4, 0x0, 0x2, 0x9e, 0xfe, 0x92, 0x0,

    /* U+F044 "" */
    0x0, 0x0, 0x0, 0x0, 0x0, 0x0, 0x0, 0xae,
    0x40, 0x0, 0x0, 0x0, 0x0, 0x0, 0x0, 0xa,
    0xff, 0xf4, 0x8f, 0xff, 0xff, 0xff, 0xff, 0xa0,
    0x53, 0xef, 0xfe, 0xff, 0xff, 0xff, 0xff, 0xfc,
    0x1b, 0xf8, 0x3e, 0xfb, 0xff, 0x0, 0x0, 0x0,
    0x0, 0xbf, 0xff, 0x83, 0xa0, 0xff, 0x0, 0x0,
    0x0, 0xb, 0xff, 0xff, 0xf5, 0x0, 0xff, 0x0,
    0x0, 0x0, 0xbf, 0xff, 0xff, 0xb0, 0x0, 0xff,
    0x0, 0x0, 0xb, 0xff, 0xff, 0xfb, 0x0, 0x0,
    0xff, 0x0, 0x0, 0xbf, 0xff, 0xff, 0xb0, 0x0,
    0x0, 0xff, 0x0, 0x9, 0xff, 0xff, 0xfb, 0x1a,
    0x0, 0x0, 0xff, 0x0, 0xc, 0xff, 0xff, 0xb0,
    0xcf, 0x0, 0x0, 0xff, 0x0, 0xe, 0xff, 0xfb,
    0x0, 0xff, 0x0, 0x0, 0xff, 0x0, 0xe, 0xec,
    0x90, 0x0, 0xff, 0x0, 0x0, 0xff, 0x0, 0x0,
    0x0, 0x0, 0x0, 0xff, 0x0, 0x0, 0xff, 0xff,
    0xff, 0xff, 0xff, 0xff, 0xff, 0x0, 0x0, 0x8f,
    0xff, 0xff, 0xff, 0xff, 0xff, 0xf8, 0x0, 0x0,

    /* U+F048 "" */
    0x0, 0x0, 0x0, 0x0, 0x0, 0xff, 0x30, 0x0,
    0x1, 0xcc, 0xff, 0x40, 0x0, 0x2d, 0xff, 0xff,
    0x40, 0x3, 0xef, 0xff, 0xff, 0x40, 0x3f, 0xff,
    0xff, 0xff, 0x44, 0xff, 0xff, 0xff, 0xff, 0x9f,
    0xff, 0xff, 0xff, 0xff, 0xff, 0xff, 0xff, 0xff,
    0xff, 0xff, 0xff, 0xff, 0xff, 0xff, 0xaf, 0xff,
    0xff, 0xff, 0xff, 0x45, 0xff, 0xff, 0xff, 0xff,
    0x40, 0x4f, 0xff, 0xff, 0xff, 0x40, 0x3, 0xef,
    0xff, 0xff, 0x40, 0x0, 0x2d, 0xff, 0xff, 0x30,
    0x0, 0x1, 0xcc, 0x0, 0x0, 0x0, 0x0, 0x0,

    /* U+F049 "" */
    0x0, 0x0, 0x0, 0x0, 0x0, 0x0, 0x0, 0x0,
    0xff, 0x0, 0x0, 0x1c, 0xc0, 0x0, 0x1, 0xcc,
    0xff, 0x0, 0x2, 0xef, 0xf0, 0x0, 0x2e, 0xff,
    0xff, 0x0, 0x3e, 0xff, 0xf0, 0x3, 0xef, 0xff,
    0xff, 0x4, 0xff, 0xff, 0xf0, 0x4f, 0xff, 0xff,
    0xff, 0x5f, 0xff, 0xff, 0xf5, 0xff, 0xff, 0xff,
    0xff, 0xff, 0xff, 0xff, 0xff, 0xff, 0xff, 0xff,
    0xff, 0xff, 0xff, 0xff, 0xff, 0xff, 0xff, 0xff,
    0xff, 0x5f, 0xff, 0xff, 0xf5, 0xff, 0xff, 0xff,
    0xff, 0x4, 0xff, 0xff, 0xf0, 0x4f, 0xff, 0xff,
    0xff, 0x0, 0x3e, 0xff, 0xf0, 0x3, 0xef, 0xff,
    0xff, 0x0, 0x2, 0xef, 0xf0, 0x0, 0x2e, 0xff,
    0xff, 0x0, 0x0, 0x1c, 0xc0, 0x0, 0x1, 0xcc,
    0x0, 0x0, 0x0, 0x0, 0x0, 0x0, 0x0, 0x0,

    /* U+F04A "" */
    0x0, 0x0, 0x0, 0x0, 0x0, 0x0, 0x0, 0x0,
    0x0, 0x0, 0x2, 0xcc, 0x0, 0x0, 0x2, 0xcc,
    0x0, 0x0, 0x3e, 0xff, 0x0, 0x0, 0x3e, 0xff,
    0x0, 0x6, 0xff, 0xff, 0x0, 0x6, 0xff, 0xff,
    0x0, 0x8f, 0xff, 0xff, 0x0, 0x8f, 0xff, 0xff,
    0xb, 0xff, 0xff, 0xff, 0xb, 0xff, 0xff, 0xff,
    0xcf, 0xff, 0xff, 0xff, 0xcf, 0xff, 0xff, 0xff,
    0xcf, 0xff, 0xff, 0xff, 0xcf, 0xff, 0xff, 0xff,
    0xb, 0xff, 0xff, 0xff, 0xb, 0xff, 0xff, 0xff,
    0x0, 0x8f, 0xff, 0xff, 0x0, 0x8f, 0xff, 0xff,
    0x0, 0x6, 0xff, 0xff, 0x0, 0x6, 0xff, 0xff,
    0x0, 0x0, 0x3e, 0xff, 0x0, 0x0, 0x3e, 0xff,
    0x0, 0x0, 0x2, 0xcc, 0x0, 0x0, 0x2, 0xcc,
    0x0, 0x0, 0x0, 0x0, 0x0, 0x0, 0x0, 0x0,

    /* U+F04B "" */
    0x0, 0x0, 0x0, 0x0, 0x0, 0x0, 0x0, 0x8f,
    0x91, 0x0, 0x0, 0x0, 0x0, 0x0, 0xff, 0xff,
    0x70, 0x0, 0x0, 0x0, 0x0, 0xff, 0xff, 0xfd,
    0x40, 0x0, 0x0, 0x0, 0xff, 0xff, 0xff, 0xfa,
    0x10, 0x0, 0x0, 0xff, 0xff, 0xff, 0xff, 0xf7,
    0x0, 0x0, 0xff, 0xff, 0xff, 0xff, 0xff, 0xd5,
    0x0, 0xff, 0xff, 0xff, 0xff, 0xff, 0xff, 0xb2,
    0xff, 0xff, 0xff, 0xff, 0xff, 0xff, 0xfd, 0xff,
    0xff, 0xff, 0xff, 0xff, 0xff, 0xfd, 0xff, 0xff,
    0xff, 0xff, 0xff, 0xff, 0xb2, 0xff, 0xff, 0xff,
    0xff, 0xff, 0xd5, 0x0, 0xff, 0xff, 0xff, 0xff,
    0xf7, 0x0, 0x0, 0xff, 0xff, 0xff, 0xfa, 0x20,
    0x0, 0x0, 0xff, 0xff, 0xfd, 0x40, 0x0, 0x0,
    0x0, 0xff, 0xff, 0x70, 0x0, 0x0, 0x0, 0x0,
    0x8e, 0xa1, 0x0, 0x0, 0x0, 0x0, 0x0, 0x0,
    0x0, 0x0, 0x0, 0x0, 0x0, 0x0,

    /* U+F04C "" */
    0x0, 0x0, 0x0, 0x0, 0x0, 0x0, 0x0, 0x8f,
    0xff, 0xf8, 0x0, 0x8f, 0xff, 0xf8, 0xff, 0xff,
    0xff, 0x0, 0xff, 0xff, 0xff, 0xff, 0xff, 0xff,
    0x0, 0xff, 0xff, 0xff, 0xff, 0xff, 0xff, 0x0,
    0xff, 0xff, 0xff, 0xff, 0xff, 0xff, 0x0, 0xff,
    0xff, 0xff, 0xff, 0xff, 0xff, 0x0, 0xff, 0xff,
    0xff, 0xff, 0xff, 0xff, 0x0, 0xff, 0xff, 0xff,
    0xff, 0xff, 0xff, 0x0, 0xff, 0xff, 0xff, 0xff,
    0xff, 0xff, 0x0, 0xff, 0xff, 0xff, 0xff, 0xff,
    0xff, 0x0, 0xff, 0xff, 0xff, 0xff, 0xff, 0xff,
    0x0, 0xff, 0xff, 0xff, 0xff, 0xff, 0xff, 0x0,
    0xff, 0xff, 0xff, 0xff, 0xff, 0xff, 0x0, 0xff,
    0xff, 0xff, 0x7f, 0xff, 0xf7, 0x0, 0x7f, 0xff,
    0xf7,

    /* U+F04D "" */
    0x8f, 0xff, 0xff, 0xff, 0xff, 0xff, 0xf8, 0xff,
    0xff, 0xff, 0xff, 0xff, 0xff, 0xff, 0xff, 0xff,
    0xff, 0xff, 0xff, 0xff, 0xff, 0xff, 0xff, 0xff,
    0xff, 0xff, 0xff, 0xff, 0xff, 0xff, 0xff, 0xff,
    0xff, 0xff, 0xff, 0xff, 0xff, 0xff, 0xff, 0xff,
    0xff, 0xff, 0xff, 0xff, 0xff, 0xff, 0xff, 0xff,
    0xff, 0xff, 0xff, 0xff, 0xff, 0xff, 0xff, 0xff,
    0xff, 0xff, 0xff, 0xff, 0xff, 0xff, 0xff, 0xff,
    0xff, 0xff, 0xff, 0xff, 0xff, 0xff, 0xff, 0xff,
    0xff, 0xff, 0xff, 0xff, 0xff, 0xff, 0xff, 0xff,
    0xff, 0xff, 0xff, 0xff, 0xff, 0xff, 0xff, 0xff,
    0xff, 0xff, 0xff, 0x8f, 0xff, 0xff, 0xff, 0xff,
    0xff, 0xf8,

    /* U+F04E "" */
    0x0, 0x0, 0x0, 0x0, 0x0, 0x0, 0x0, 0x0,
    0xcc, 0x20, 0x0, 0x0, 0xcc, 0x20, 0x0, 0x0,
    0xff, 0xe3, 0x0, 0x0, 0xff, 0xe3, 0x0, 0x0,
    0xff, 0xff, 0x60, 0x0, 0xff, 0xff, 0x60, 0x0,
    0xff, 0xff, 0xf8, 0x0, 0xff, 0xff, 0xf8, 0x0,
    0xff, 0xff, 0xff, 0xb0, 0xff, 0xff, 0xff, 0xb0,
    0xff, 0xff, 0xff, 0xfc, 0xff, 0xff, 0xff, 0xfc,
    0xff, 0xff, 0xff, 0xfc, 0xff, 0xff, 0xff, 0xfc,
    0xff, 0xff, 0xff, 0xb0, 0xff, 0xff, 0xff, 0xb0,
    0xff, 0xff, 0xf8, 0x0, 0xff, 0xff, 0xf8, 0x0,
    0xff, 0xff, 0x60, 0x0, 0xff, 0xff, 0x60, 0x0,
    0xff, 0xe3, 0x0, 0x0, 0xff, 0xe3, 0x0, 0x0,
    0xcc, 0x20, 0x0, 0x0, 0xcc, 0x20, 0x0, 0x0,
    0x0, 0x0, 0x0, 0x0, 0x0, 0x0, 0x0, 0x0,

    /* U+F050 "" */
    0x0, 0x0, 0x0, 0x0, 0x0, 0x0, 0x0, 0x0,
    0xcc, 0x10, 0x0, 0xc, 0xc1, 0x0, 0x0, 0xff,
    0xff, 0xe2, 0x0, 0xf, 0xfe, 0x20, 0x0, 0xff,
    0xff, 0xfe, 0x30, 0xf, 0xff, 0xe3, 0x0, 0xff,
    0xff, 0xff, 0xf4, 0xf, 0xff, 0xff, 0x40, 0xff,
    0xff, 0xff, 0xff, 0x5f, 0xff, 0xff, 0xf5, 0xff,
    0xff, 0xff, 0xff, 0xff, 0xff, 0xff, 0xff, 0xff,
    0xff, 0xff, 0xff, 0xff, 0xff, 0xff, 0xff, 0xff,
    0xff, 0xff, 0xff, 0x5f, 0xff, 0xff, 0xf5, 0xff,
    0xff, 0xff, 0xf4, 0xf, 0xff, 0xff, 0x40, 0xff,
    0xff, 0xfe, 0x30, 0xf, 0xff, 0xe3, 0x0, 0xff,
    0xff, 0xe2, 0x0, 0xf, 0xfe, 0x20, 0x0, 0xff,
    0xcc, 0x10, 0x0, 0xc, 0xc1, 0x0, 0x0, 0xff,
    0x0, 0x0, 0x0, 0x0, 0x0, 0x0, 0x0, 0x0,

    /* U+F051 "" */
    0x0, 0x0, 0x0, 0x0, 0x0, 0xcc, 0x10, 0x0,
    0x3, 0xff, 0xff, 0xd2, 0x0, 0x4, 0xff, 0xff,
    0xfe, 0x30, 0x4, 0xff, 0xff, 0xff, 0xf4, 0x4,
    0xff, 0xff, 0xff, 0xff, 0x54, 0xff, 0xff, 0xff,
    0xff, 0xfa, 0xff, 0xff, 0xff, 0xff, 0xff, 0xff,
    0xff, 0xff, 0xff, 0xff, 0xff, 0xff, 0xff, 0xff,
    0xf9, 0xff, 0xff, 0xff, 0xff, 0x44, 0xff, 0xff,
    0xff, 0xf3, 0x4, 0xff, 0xff, 0xfe, 0x30, 0x4,
    0xff, 0xff, 0xd2, 0x0, 0x4, 0xff, 0xcc, 0x10,
    0x0, 0x3, 0xff, 0x0, 0x0, 0x0, 0x0, 0x0,

    /* U+F052 "" */
    0x0, 0x0, 0x0, 0x2d, 0xd2, 0x0, 0x0, 0x0,
    0x0, 0x0, 0x1, 0xef, 0xfe, 0x10, 0x0, 0x0,
    0x0, 0x0, 0x1d, 0xff, 0xff, 0xd1, 0x0, 0x0,
    0x0, 0x0, 0xcf, 0xff, 0xff, 0xfc, 0x0, 0x0,
    0x0, 0xb, 0xff, 0xff, 0xff, 0xff, 0xb0, 0x0,
    0x0, 0xaf, 0xff, 0xff, 0xff, 0xff, 0xfa, 0x0,
    0x9, 0xff, 0xff, 0xff, 0xff, 0xff, 0xff, 0x90,
    0xf, 0xff, 0xff, 0xff, 0xff, 0xff, 0xff, 0xf0,
    0x8, 0xff, 0xff, 0xff, 0xff, 0xff, 0xff, 0x80,
    0x0, 0x0, 0x0, 0x0, 0x0, 0x0, 0x0, 0x0,
    0xc, 0xff, 0xff, 0xff, 0xff, 0xff, 0xff, 0xc0,
    0xf, 0xff, 0xff, 0xff, 0xff, 0xff, 0xff, 0xf0,
    0xf, 0xff, 0xff, 0xff, 0xff, 0xff, 0xff, 0xf0,
    0xc, 0xff, 0xff, 0xff, 0xff, 0xff, 0xff, 0xc0,

    /* U+F053 "" */
    0x0, 0x0, 0x0, 0x1a, 0x40, 0x0, 0x0, 0x1,
    0xdf, 0xf0, 0x0, 0x0, 0x1d, 0xff, 0xa0, 0x0,
    0x1, 0xdf, 0xfa, 0x0, 0x0, 0x1d, 0xff, 0xa0,
    0x0, 0x1, 0xdf, 0xfa, 0x0, 0x0, 0xc, 0xff,
    0xa0, 0x0, 0x0, 0xd, 0xff, 0x80, 0x0, 0x0,
    0x1, 0xdf, 0xf8, 0x0, 0x0, 0x0, 0x1d, 0xff,
    0x80, 0x0, 0x0, 0x1, 0xdf, 0xf8, 0x0, 0x0,
    0x0, 0x1d, 0xff, 0x80, 0x0, 0x0, 0x1, 0xdf,
    0xf0, 0x0, 0x0, 0x0, 0x1b, 0x50,

    /* U+F054 "" */
    0x4, 0xa1, 0x0, 0x0, 0x0, 0xf, 0xfc, 0x10,
    0x0, 0x0, 0xa, 0xff, 0xc1, 0x0, 0x0, 0x0,
    0xaf, 0xfc, 0x10, 0x0, 0x0, 0xa, 0xff, 0xc1,
    0x0, 0x0, 0x0, 0xaf, 0xfc, 0x10, 0x0, 0x0,
    0xa, 0xff, 0xc0, 0x0, 0x0, 0x8, 0xff, 0xd0,
    0x0, 0x0, 0x8f, 0xfd, 0x10, 0x0, 0x8, 0xff,
    0xd1, 0x0, 0x0, 0x8f, 0xfd, 0x10, 0x0, 0x8,
    0xff, 0xd1, 0x0, 0x0, 0xf, 0xfd, 0x10, 0x0,
    0x0, 0x5, 0xb1, 0x0, 0x0, 0x0,

    /* U+F055 "" */
    0x0, 0x0, 0x39, 0xde, 0xeb, 0x60, 0x0, 0x0,
    0x0, 0x9, 0xff, 0xff, 0xff, 0xfd, 0x30, 0x0,
    0x0, 0xbf, 0xff, 0xff, 0xff, 0xff, 0xf3, 0x0,
    0x9, 0xff, 0xff, 0xb4, 0x6f, 0xff, 0xfe, 0x10,
    0x2f, 0xff, 0xff, 0x90, 0x2f, 0xff, 0xff, 0x90,
    0x8f, 0xff, 0xff, 0x90, 0x2f, 0xff, 0xff, 0xf0,
    0xcf, 0xfb, 0x88, 0x50, 0x18, 0x88, 0xff, 0xf3,
    0xef, 0xf5, 0x0, 0x0, 0x0, 0x0, 0xef, 0xf5,
    0xef, 0xf5, 0x0, 0x0, 0x0, 0x0, 0xef, 0xf5,
    0xcf, 0xfb, 0x88, 0x50, 0x18, 0x88, 0xff, 0xf3,
    0x8f, 0xff, 0xff, 0x90, 0x2f, 0xff, 0xff, 0xf0,
    0x2f, 0xff, 0xff, 0x90, 0x2f, 0xff, 0xff, 0x90,
    0x9, 0xff, 0xff, 0xb4, 0x6f, 0xff, 0xfe, 0x10,
    0x0, 0xbf, 0xff, 0xff, 0xff, 0xff, 0xf3, 0x0,
    0x0, 0x9, 0xff, 0xff, 0xff, 0xfd, 0x30, 0x0,
    0x0, 0x0, 0x39, 0xde, 0xeb, 0x60, 0x0, 0x0,

    /* U+F056 "" */
    0x0, 0x0, 0x3, 0x68, 0x75, 0x0, 0x0, 0x0,
    0x0, 0x4, 0xdf, 0xff, 0xff, 0xf8, 0x0, 0x0,
    0x0, 0x6f, 0xff, 0xff, 0xff, 0xff, 0xc1, 0x0,
    0x5, 0xff, 0xff, 0xff, 0xff, 0xff, 0xfb, 0x0,
    0xe, 0xff, 0xff, 0xff, 0xff, 0xff, 0xff, 0x60,
    0x7f, 0xff, 0xff, 0xff, 0xff, 0xff, 0xff, 0xd0,
    0xbf, 0xff, 0xff, 0xff, 0xff, 0xff, 0xff, 0xf2,
    0xdf, 0xf5, 0x0, 0x0, 0x0, 0x0, 0xef, 0xf4,
    0xef, 0xf5, 0x0, 0x0, 0x0, 0x0, 0xef, 0xf5,
    0xcf, 0xfb, 0x88, 0x88, 0x88, 0x88, 0xff, 0xf3,
    0x9f, 0xff, 0xff, 0xff, 0xff, 0xff, 0xff, 0xf0,
    0x3f, 0xff, 0xff, 0xff, 0xff, 0xff, 0xff, 0xa0,
    0xa, 0xff, 0xff, 0xff, 0xff, 0xff, 0xff, 0x10,
    0x0, 0xcf, 0xff, 0xff, 0xff, 0xff, 0xf4, 0x0,
    0x0, 0xa, 0xff, 0xff, 0xff, 0xfe, 0x30, 0x0,
    0x0, 0x0, 0x39, 0xde, 0xeb, 0x60, 0x0, 0x0,

    /* U+F057 "" */
    0x0, 0x0, 0x3, 0x79, 0x97, 0x30, 0x0, 0x0,
    0x0, 0x3, 0xcf, 0xff, 0xff, 0xfc, 0x30, 0x0,
    0x0, 0x5f, 0xff, 0xff, 0xff, 0xff, 0xf5, 0x0,
    0x3, 0xff, 0xff, 0xff, 0xff, 0xff, 0xff, 0x30,
    0xd, 0xff, 0xf5, 0xcf, 0xfc, 0x5f, 0xff, 0xd0,
    0x4f, 0xff, 0x40, 0x1c, 0xc0, 0x5, 0xff, 0xf4,
    0x9f, 0xff, 0x90, 0x1, 0x0, 0x9, 0xff, 0xf8,
    0xbf, 0xff, 0xf9, 0x0, 0x0, 0xaf, 0xff, 0xfa,
    0xbf, 0xff, 0xfc, 0x0, 0x0, 0xcf, 0xff, 0xfb,
    0xaf, 0xff, 0xc0, 0x0, 0x0, 0x1c, 0xff, 0xf9,
    0x6f, 0xff, 0x30, 0xa, 0x90, 0x3, 0xff, 0xf5,
    0xe, 0xff, 0xd2, 0x9f, 0xf9, 0x2e, 0xff, 0xe0,
    0x6, 0xff, 0xff, 0xff, 0xff, 0xff, 0xff, 0x50,
    0x0, 0x8f, 0xff, 0xff, 0xff, 0xff, 0xf8, 0x0,
    0x0, 0x6, 0xff, 0xff, 0xff, 0xfe, 0x60, 0x0,
    0x0, 0x0, 0x17, 0xbd, 0xdb, 0x61, 0x0, 0x0,

    /* U+F058 "" */
    0x0, 0x0, 0x3, 0x79, 0x97, 0x30, 0x0, 0x0,
    0x0, 0x3, 0xcf, 0xff, 0xff, 0xfc, 0x30, 0x0,
    0x0, 0x5f, 0xff, 0xff, 0xff, 0xff, 0xf5, 0x0,
    0x3, 0xff, 0xff, 0xff, 0xff, 0xff, 0xff, 0x30,
    0xd, 0xff, 0xff, 0xff, 0xff, 0xff, 0xff, 0xd0,
    0x4f, 0xff, 0xff, 0xff, 0xff, 0xd1, 0x7f, 0xf4,
    0x9f, 0xff, 0xff, 0xff, 0xfd, 0x10, 0x4f, 0xf8,
    0xbf, 0xfd, 0x9f, 0xff, 0xd1, 0x4, 0xff, 0xfa,
    0xbf, 0xf1, 0x8, 0xfd, 0x10, 0x4f, 0xff, 0xfb,
    0xaf, 0xfa, 0x0, 0x61, 0x4, 0xff, 0xff, 0xf9,
    0x6f, 0xff, 0xa0, 0x0, 0x4f, 0xff, 0xff, 0xf5,
    0xe, 0xff, 0xfa, 0x4, 0xff, 0xff, 0xff, 0xe0,
    0x6, 0xff, 0xff, 0xcf, 0xff, 0xff, 0xff, 0x50,
    0x0, 0x8f, 0xff, 0xff, 0xff, 0xff, 0xf8, 0x0,
    0x0, 0x6, 0xff, 0xff, 0xff, 0xfe, 0x60, 0x0,
    0x0, 0x0, 0x17, 0xbd, 0xdb, 0x61, 0x0, 0x0,

    /* U+F059 "" */
    0x0, 0x0, 0x4, 0x8a, 0xa8, 0x40, 0x0, 0x0,
    0x0, 0x4, 0xdf, 0xff, 0xff, 0xfd, 0x30, 0x0,
    0x0, 0x6f, 0xff, 0xff, 0xef, 0xff, 0xf5, 0x0,
    0x4, 0xff, 0xfd, 0x40, 0x2, 0xbf, 0xff, 0x30,
    0xd, 0xff, 0xd1, 0x0, 0x0, 0xb, 0xff, 0xd0,
    0x5f, 0xff, 0xb0, 0x2b, 0xb2, 0x4, 0xff, 0xf4,
    0x9f, 0xff, 0xfd, 0xef, 0xf4, 0x3, 0xff, 0xf8,
    0xbf, 0xff, 0xff, 0xfd, 0x30, 0x9, 0xff, 0xfa,
    0xbf, 0xff, 0xff, 0xf1, 0x0, 0x8f, 0xff, 0xfb,
    0x9f, 0xff, 0xff, 0xc0, 0xb, 0xff, 0xff, 0xf9,
    0x5f, 0xff, 0xff, 0xfe, 0xef, 0xff, 0xff, 0xf5,
    0xe, 0xff, 0xff, 0xc0, 0xc, 0xff, 0xff, 0xe0,
    0x6, 0xff, 0xff, 0xa0, 0xa, 0xff, 0xff, 0x50,
    0x0, 0x8f, 0xff, 0xf9, 0x9f, 0xff, 0xf8, 0x0,
    0x0, 0x6, 0xff, 0xff, 0xff, 0xfe, 0x60, 0x0,
    0x0, 0x0, 0x17, 0xbd, 0xdb, 0x61, 0x0, 0x0,

    /* U+F05A "" */
    0x0, 0x0, 0x16, 0xbd, 0xcb, 0x61, 0x0, 0x0,
    0x0, 0x6, 0xff, 0xff, 0xff, 0xfe, 0x50, 0x0,
    0x0, 0x8f, 0xff, 0xff, 0xff, 0xff, 0xf7, 0x0,
    0x5, 0xff, 0xff, 0xfb, 0xcf, 0xff, 0xff, 0x50,
    0xe, 0xff, 0xff, 0xc0, 0xd, 0xff, 0xff, 0xe0,
    0x5f, 0xff, 0xff, 0xd0, 0xd, 0xff, 0xff, 0xf5,
    0x9f, 0xff, 0xff, 0xfd, 0xdf, 0xff, 0xff, 0xf9,
    0xbf, 0xff, 0xff, 0x40, 0xf, 0xff, 0xff, 0xfb,
    0xbf, 0xff, 0xff, 0x70, 0xf, 0xff, 0xff, 0xfa,
    0x9f, 0xff, 0xff, 0xf0, 0xf, 0xff, 0xff, 0xf9,
    0x5f, 0xff, 0xff, 0xc0, 0xd, 0xff, 0xff, 0xf4,
    0xe, 0xff, 0xff, 0x40, 0x4, 0xff, 0xff, 0xd0,
    0x4, 0xff, 0xff, 0xff, 0xff, 0xff, 0xff, 0x40,
    0x0, 0x6f, 0xff, 0xff, 0xff, 0xff, 0xf6, 0x0,
    0x0, 0x4, 0xef, 0xff, 0xff, 0xfd, 0x40, 0x0,
    0x0, 0x0, 0x5, 0x9b, 0xb9, 0x50, 0x0, 0x0,

    /* U+F05B "" */
    0x0, 0x0, 0x0, 0xf, 0xf0, 0x0, 0x0, 0x0,
    0x0, 0x0, 0x4, 0x9f, 0xf9, 0x40, 0x0, 0x0,
    0x0, 0x1, 0xbf, 0xff, 0xff, 0xfb, 0x10, 0x0,
    0x0, 0x1e, 0xfe, 0x8f, 0xf8, 0xef, 0xe1, 0x0,
    0x0, 0xbf, 0xc1, 0xf, 0xf0, 0x1c, 0xfb, 0x0,
    0x4, 0xfe, 0x10, 0x0, 0x0, 0x1, 0xef, 0x40,
    0x9, 0xf8, 0x0, 0x0, 0x0, 0x0, 0x8f, 0x90,
    0xff, 0xff, 0xf0, 0xc, 0xc0, 0xf, 0xff, 0xff,
    0xff, 0xff, 0xf0, 0xc, 0xc0, 0xf, 0xff, 0xff,
    0x9, 0xf8, 0x0, 0x0, 0x0, 0x0, 0x8f, 0x80,
    0x4, 0xfe, 0x10, 0x0, 0x0, 0x1, 0xef, 0x30,
    0x0, 0xbf, 0xc1, 0xf, 0xf0, 0x1c, 0xfb, 0x0,
    0x0, 0x1e, 0xfe, 0x8f, 0xf8, 0xef, 0xe1, 0x0,
    0x0, 0x1, 0xbf, 0xff, 0xff, 0xfb, 0x10, 0x0,
    0x0, 0x0, 0x4, 0x9f, 0xf8, 0x30, 0x0, 0x0,
    0x0, 0x0, 0x0, 0xf, 0xf0, 0x0, 0x0, 0x0,

    /* U+F05E "" */
    0x0, 0x0, 0x3, 0x79, 0x97, 0x30, 0x0, 0x0,
    0x0, 0x3, 0xcf, 0xff, 0xff, 0xfc, 0x30, 0x0,
    0x0, 0x5f, 0xfe, 0x86, 0x69, 0xef, 0xf5, 0x0,
    0x3, 0xff, 0xe1, 0x0, 0x0, 0x9, 0xff, 0x30,
    0xd, 0xff, 0xfb, 0x0, 0x0, 0x0, 0x9f, 0xd0,
    0x4f, 0xd2, 0xef, 0xb0, 0x0, 0x0, 0xe, 0xf4,
    0x9f, 0x70, 0x2e, 0xfb, 0x0, 0x0, 0x8, 0xf8,
    0xbf, 0x40, 0x2, 0xef, 0xb0, 0x0, 0x5, 0xfa,
    0xbf, 0x40, 0x0, 0x2e, 0xfb, 0x0, 0x4, 0xfb,
    0xaf, 0x60, 0x0, 0x2, 0xef, 0xb0, 0x6, 0xf9,
    0x6f, 0xc0, 0x0, 0x0, 0x2e, 0xfb, 0xc, 0xf5,
    0xe, 0xf5, 0x0, 0x0, 0x2, 0xef, 0xdf, 0xe0,
    0x6, 0xff, 0x50, 0x0, 0x0, 0x2e, 0xff, 0x50,
    0x0, 0x8f, 0xfb, 0x52, 0x25, 0xbf, 0xf8, 0x0,
    0x0, 0x6, 0xff, 0xff, 0xff, 0xfe, 0x60, 0x0,
    0x0, 0x0, 0x17, 0xbd, 0xdb, 0x61, 0x0, 0x0,

    /* U+F060 "" */
    0x0, 0x0, 0x0, 0x0, 0x0, 0x0, 0x0, 0x0,
    0x0, 0x2, 0xd9, 0x0, 0x0, 0x0, 0x0, 0x0,
    0x2e, 0xff, 0x20, 0x0, 0x0, 0x0, 0x2, 0xef,
    0xf7, 0x0, 0x0, 0x0, 0x0, 0x2e, 0xff, 0x60,
    0x0, 0x0, 0x0, 0x2, 0xef, 0xf6, 0x0, 0x0,
    0x0, 0x0, 0x2e, 0xff, 0xc7, 0x77, 0x77, 0x77,
    0x74, 0xdf, 0xff, 0xff, 0xff, 0xff, 0xff, 0xff,
    0x9f, 0xff, 0xff, 0xff, 0xff, 0xff, 0xfd, 0x9,
    0xff, 0xc1, 0x0, 0x0, 0x0, 0x0, 0x0, 0x9f,
    0xfb, 0x0, 0x0, 0x0, 0x0, 0x0, 0x9, 0xff,
    0xc0, 0x0, 0x0, 0x0, 0x0, 0x0, 0x9f, 0xfc,
    0x0, 0x0, 0x0, 0x0, 0x0, 0x9, 0xff, 0x20,
    0x0, 0x0, 0x0, 0x0, 0x0, 0x73, 0x0, 0x0,
    0x0,

    /* U+F061 "" */
    0x0, 0x0, 0x0, 0x0, 0x0, 0x0, 0x0, 0x0,
    0x0, 0x0, 0x9d, 0x20, 0x0, 0x0, 0x0, 0x0,
    0x2, 0xff, 0xe2, 0x0, 0x0, 0x0, 0x0, 0x0,
    0x7f, 0xfe, 0x20, 0x0, 0x0, 0x0, 0x0, 0x6,
    0xff, 0xe2, 0x0, 0x0, 0x0, 0x0, 0x0, 0x6f,
    0xfe, 0x20, 0x47, 0x77, 0x77, 0x77, 0x7c, 0xff,
    0xe2, 0xff, 0xff, 0xff, 0xff, 0xff, 0xff, 0xfd,
    0xdf, 0xff, 0xff, 0xff, 0xff, 0xff, 0xf9, 0x0,
    0x0, 0x0, 0x0, 0x1c, 0xff, 0x90, 0x0, 0x0,
    0x0, 0x0, 0xbf, 0xf9, 0x0, 0x0, 0x0, 0x0,
    0xc, 0xff, 0x90, 0x0, 0x0, 0x0, 0x0, 0xcf,
    0xf9, 0x0, 0x0, 0x0, 0x0, 0x2, 0xff, 0x90,
    0x0, 0x0, 0x0, 0x0, 0x0, 0x37, 0x0, 0x0,
    0x0,

    /* U+F062 "" */
    0x0, 0x0, 0x0, 0x9d, 0x10, 0x0, 0x0, 0x0,
    0x0, 0xa, 0xff, 0xd1, 0x0, 0x0, 0x0, 0x0,
    0xaf, 0xff, 0xfd, 0x10, 0x0, 0x0, 0xa, 0xff,
    0xff, 0xff, 0xd1, 0x0, 0x0, 0xaf, 0xfc, 0xff,
    0xcf, 0xfd, 0x10, 0xa, 0xff, 0xb1, 0xff, 0x66,
    0xff, 0xd1, 0x7f, 0xfc, 0x1, 0xff, 0x60, 0x7f,
    0xfd, 0x4f, 0xc0, 0x1, 0xff, 0x60, 0x7, 0xf9,
    0x2, 0x0, 0x1, 0xff, 0x60, 0x0, 0x20, 0x0,
    0x0, 0x1, 0xff, 0x60, 0x0, 0x0, 0x0, 0x0,
    0x1, 0xff, 0x60, 0x0, 0x0, 0x0, 0x0, 0x1,
    0xff, 0x60, 0x0, 0x0, 0x0, 0x0, 0x1, 0xff,
    0x60, 0x0, 0x0, 0x0, 0x0, 0x0, 0xef, 0x40,
    0x0, 0x0,

    /* U+F063 "" */
    0x0, 0x0, 0x0, 0xef, 0x40, 0x0, 0x0, 0x0,
    0x0, 0x1, 0xff, 0x60, 0x0, 0x0, 0x0, 0x0,
    0x1, 0xff, 0x60, 0x0, 0x0, 0x0, 0x0, 0x1,
    0xff, 0x60, 0x0, 0x0, 0x0, 0x0, 0x1, 0xff,
    0x60, 0x0, 0x0, 0x2, 0x0, 0x1, 0xff, 0x60,
    0x0, 0x20, 0x4f, 0xc0, 0x1, 0xff, 0x60, 0x7,
    0xf9, 0x7f, 0xfc, 0x1, 0xff, 0x60, 0x7f, 0xfd,
    0xa, 0xff, 0xb1, 0xff, 0x66, 0xff, 0xd1, 0x0,
    0xaf, 0xfc, 0xff, 0xcf, 0xfd, 0x10, 0x0, 0xa,
    0xff, 0xff, 0xff, 0xd1, 0x0, 0x0, 0x0, 0xaf,
    0xff, 0xfd, 0x10, 0x0, 0x0, 0x0, 0xa, 0xff,
    0xd1, 0x0, 0x0, 0x0, 0x0, 0x0, 0x9d, 0x10,
    0x0, 0x0,

    /* U+F064 "" */
    0x0, 0x0, 0x0, 0x0, 0x0, 0x0, 0x0, 0x0,
    0x0, 0x0, 0x0, 0x0, 0xe, 0xb0, 0x0, 0x0,
    0x0, 0x0, 0x0, 0x0, 0xf, 0xfd, 0x10, 0x0,
    0x0, 0x0, 0x0, 0x0, 0xf, 0xff, 0xe3, 0x0,
    0x0, 0x1, 0x59, 0xbd, 0xdf, 0xff, 0xff, 0x40,
    0x1, 0xaf, 0xff, 0xff, 0xff, 0xff, 0xff, 0xf6,
    0xd, 0xff, 0xff, 0xff, 0xff, 0xff, 0xff, 0xfe,
    0x7f, 0xff, 0xff, 0xff, 0xff, 0xff, 0xff, 0xe2,
    0xdf, 0xff, 0xfc, 0x87, 0x6f, 0xff, 0xfd, 0x10,
    0xff, 0xfe, 0x30, 0x0, 0xf, 0xff, 0xb0, 0x0,
    0xef, 0xf4, 0x0, 0x0, 0xf, 0xf9, 0x0, 0x0,
    0xbf, 0xf1, 0x0, 0x0, 0xb, 0x70, 0x0, 0x0,
    0x4f, 0xf2, 0x0, 0x0, 0x0, 0x0, 0x0, 0x0,
    0xa, 0xf4, 0x0, 0x0, 0x0, 0x0, 0x0, 0x0,
    0x0, 0x95, 0x0, 0x0, 0x0, 0x0, 0x0, 0x0,

    /* U+F065 "" */
    0xdf, 0xff, 0xf0, 0x0, 0xf, 0xff, 0xfd, 0xff,
    0xff, 0xf0, 0x0, 0xf, 0xff, 0xff, 0xff, 0x0,
    0x0, 0x0, 0x0, 0x0, 0xff, 0xff, 0x0, 0x0,
    0x0, 0x0, 0x0, 0xff, 0xff, 0x0, 0x0, 0x0,
    0x0, 0x0, 0xff, 0x0, 0x0, 0x0, 0x0, 0x0,
    0x0, 0x0, 0x0, 0x0, 0x0, 0x0, 0x0, 0x0,
    0x0, 0x0, 0x0, 0x0, 0x0, 0x0, 0x0, 0x0,
    0x0, 0x0, 0x0, 0x0, 0x0, 0x0, 0x0, 0xff,
    0x0, 0x0, 0x0, 0x0, 0x0, 0xff, 0xff, 0x0,
    0x0, 0x0, 0x0, 0x0, 0xff, 0xff, 0x0, 0x0,
    0x0, 0x0, 0x0, 0xff, 0xff, 0xff, 0xf0, 0x0,
    0xf, 0xff, 0xff, 0xdf, 0xff, 0xf0, 0x0, 0xf,
    0xff, 0xfd,

    /* U+F066 "" */
    0x0, 0xf, 0xf0, 0x0, 0xf, 0xf0, 0x0, 0x0,
    0xf, 0xf0, 0x0, 0xf, 0xf0, 0x0, 0x0, 0xf,
    0xf0, 0x0, 0xf, 0xf0, 0x0, 0xff, 0xff, 0xf0,
    0x0, 0xf, 0xff, 0xff, 0xff, 0xff, 0xd0, 0x0,
    0xd, 0xff, 0xff, 0x0, 0x0, 0x0, 0x0, 0x0,
    0x0, 0x0, 0x0, 0x0, 0x0, 0x0, 0x0, 0x0,
    0x0, 0x0, 0x0, 0x0, 0x0, 0x0, 0x0, 0x0,
    0x0, 0x0, 0x0, 0x0, 0x0, 0x0, 0x0, 0xff,
    0xff, 0xd0, 0x0, 0xd, 0xff, 0xff, 0xff, 0xff,
    0xf0, 0x0, 0xf, 0xff, 0xff, 0x0, 0xf, 0xf0,
    0x0, 0xf, 0xf0, 0x0, 0x0, 0xf, 0xf0, 0x0,
    0xf, 0xf0, 0x0, 0x0, 0xf, 0xf0, 0x0, 0xf,
    0xf0, 0x0,

    /* U+F067 "" */
    0x0, 0x0, 0x4, 0xff, 0x40, 0x0, 0x0, 0x0,
    0x0, 0x8, 0xff, 0x80, 0x0, 0x0, 0x0, 0x0,
    0x8, 0xff, 0x80, 0x0, 0x0, 0x0, 0x0, 0x8,
    0xff, 0x80, 0x0, 0x0, 0x0, 0x0, 0x8, 0xff,
    0x80, 0x0, 0x0, 0x48, 0x88, 0x8c, 0xff, 0xc8,
    0x88, 0x84, 0xff, 0xff, 0xff, 0xff, 0xff, 0xff,
    0xff, 0xff, 0xff, 0xff, 0xff, 0xff, 0xff, 0xff,
    0x48, 0x88, 0x8c, 0xff, 0xc8, 0x88, 0x84, 0x0,
    0x0, 0x8, 0xff, 0x80, 0x0, 0x0, 0x0, 0x0,
    0x8, 0xff, 0x80, 0x0, 0x0, 0x0, 0x0, 0x8,
    0xff, 0x80, 0x0, 0x0, 0x0, 0x0, 0x8, 0xff,
    0x80, 0x0, 0x0, 0x0, 0x0, 0x4, 0xff, 0x40,
    0x0, 0x0,

    /* U+F068 "" */
    0x14, 0x44, 0x44, 0x44, 0x44, 0x44, 0x41, 0xef,
    0xff, 0xff, 0xff, 0xff, 0xff, 0xfe, 0xff, 0xff,
    0xff, 0xff, 0xff, 0xff, 0xff, 0x7b, 0xbb, 0xbb,
    0xbb, 0xbb, 0xbb, 0xb7,

    /* U+F069 "" */
    0x0, 0x0, 0x0, 0x6f, 0xe0, 0x0, 0x0, 0x0,
    0x0, 0x0, 0x0, 0x8f, 0xf2, 0x0, 0x0, 0x0,
    0x0, 0x0, 0x0, 0x8f, 0xf1, 0x0, 0x0, 0x0,
    0xb, 0x91, 0x0, 0x7f, 0xf1, 0x0, 0x3c, 0x50,
    0x5f, 0xfe, 0x60, 0x7f, 0xf1, 0x1a, 0xff, 0xe0,
    0x3e, 0xff, 0xfc, 0xaf, 0xf7, 0xff, 0xff, 0xa0,
    0x0, 0x7f, 0xff, 0xff, 0xff, 0xff, 0xc3, 0x0,
    0x0, 0x1, 0x9f, 0xff, 0xff, 0xd5, 0x0, 0x0,
    0x0, 0x1, 0x8f, 0xff, 0xff, 0xd5, 0x0, 0x0,
    0x0, 0x7f, 0xff, 0xff, 0xff, 0xff, 0xc3, 0x0,
    0x3e, 0xff, 0xfc, 0xaf, 0xf7, 0xff, 0xff, 0xa0,
    0x5f, 0xfe, 0x60, 0x7f, 0xf1, 0x1a, 0xff, 0xe0,
    0xb, 0x91, 0x0, 0x7f, 0xf1, 0x0, 0x3c, 0x50,
    0x0, 0x0, 0x0, 0x8f, 0xf1, 0x0, 0x0, 0x0,
    0x0, 0x0, 0x0, 0x8f, 0xf2, 0x0, 0x0, 0x0,
    0x0, 0x0, 0x0, 0x6f, 0xe0, 0x0, 0x0, 0x0,

    /* U+F06A "" */
    0x0, 0x0, 0x5, 0x9b, 0xa8, 0x40, 0x0, 0x0,
    0x0, 0x6, 0xef, 0xff, 0xff, 0xfc, 0x20, 0x0,
    0x0, 0x9f, 0xff, 0xff, 0xff, 0xff, 0xf4, 0x0,
    0x7, 0xff, 0xff, 0xff, 0xff, 0xff, 0xff, 0x20,
    0x1f, 0xff, 0xff, 0x80, 0xd, 0xff, 0xff, 0xb0,
    0x7f, 0xff, 0xff, 0x80, 0xd, 0xff, 0xff, 0xf2,
    0xcf, 0xff, 0xff, 0x90, 0xe, 0xff, 0xff, 0xf6,
    0xdf, 0xff, 0xff, 0xa0, 0xf, 0xff, 0xff, 0xf8,
    0xef, 0xff, 0xff, 0xb0, 0x1f, 0xff, 0xff, 0xf8,
    0xcf, 0xff, 0xff, 0xfa, 0xcf, 0xff, 0xff, 0xf6,
    0x8f, 0xff, 0xff, 0x80, 0xd, 0xff, 0xff, 0xf2,
    0x2f, 0xff, 0xff, 0x80, 0xd, 0xff, 0xff, 0xc0,
    0x8, 0xff, 0xff, 0xf8, 0xbf, 0xff, 0xff, 0x30,
    0x0, 0xaf, 0xff, 0xff, 0xff, 0xff, 0xf5, 0x0,
    0x0, 0x8, 0xff, 0xff, 0xff, 0xfe, 0x40, 0x0,
    0x0, 0x0, 0x17, 0xbd, 0xca, 0x60, 0x0, 0x0,

    /* U+F06B "" */
    0x0, 0x9, 0xee, 0x60, 0x6, 0xdf, 0xa0, 0x0,
    0x0, 0x9f, 0x9b, 0xf8, 0x7f, 0xb9, 0xfa, 0x0,
    0x0, 0xea, 0x0, 0x9f, 0xfa, 0x0, 0x9f, 0x0,
    0x0, 0xcd, 0x10, 0xd, 0xd0, 0x1, 0xcd, 0x0,
    0xcf, 0xff, 0xff, 0xff, 0xff, 0xff, 0xff, 0xfc,
    0xff, 0xff, 0xff, 0xff, 0xff, 0xff, 0xff, 0xff,
    0xff, 0xff, 0xff, 0xff, 0xff, 0xff, 0xff, 0xff,
    0xef, 0xff, 0xff, 0xff, 0xff, 0xff, 0xff, 0xfe,
    0x0, 0x0, 0x0, 0x0, 0x0, 0x0, 0x0, 0x0,
    0xf, 0xff, 0xff, 0xf0, 0xf, 0xff, 0xff, 0xf0,
    0xf, 0xff, 0xff, 0xf0, 0xf, 0xff, 0xff, 0xf0,
    0xf, 0xff, 0xff, 0xf0, 0xf, 0xff, 0xff, 0xf0,
    0xf, 0xff, 0xff, 0xf0, 0xf, 0xff, 0xff, 0xf0,
    0xc, 0xff, 0xff, 0xf0, 0xf, 0xff, 0xff, 0xc0,

    /* U+F06C "" */
    0x0, 0x0, 0x0, 0x0, 0x0, 0x0, 0x0, 0x0,
    0x1d, 0x10, 0x0, 0x0, 0x0, 0x0, 0x0, 0x0,
    0x0, 0x1c, 0xf7, 0x0, 0x0, 0x0, 0x0, 0x0,
    0x0, 0x2, 0x6e, 0xff, 0xb0, 0x0, 0x0, 0x0,
    0x7c, 0xff, 0xff, 0xff, 0xff, 0xfd, 0x0, 0x0,
    0x1, 0xdf, 0xff, 0xff, 0xff, 0xff, 0xff, 0xf0,
    0x0, 0x0, 0xdf, 0xff, 0xff, 0xff, 0xff, 0xff,
    0xff, 0x0, 0x0, 0x7f, 0xff, 0xff, 0xff, 0xff,
    0xff, 0xff, 0xd0, 0x0, 0xc, 0xff, 0xe9, 0x52,
    0x10, 0xaf, 0xff, 0xfa, 0x0, 0x0, 0xfc, 0x41,
    0x59, 0xce, 0xff, 0xff, 0xff, 0x60, 0x0, 0x5,
    0x29, 0xff, 0xff, 0xff, 0xff, 0xff, 0xf1, 0x0,
    0x0, 0x6f, 0xff, 0xff, 0xff, 0xff, 0xff, 0xf8,
    0x0, 0x0, 0x9f, 0xff, 0xff, 0xff, 0xff, 0xff,
    0xfc, 0x0, 0x0, 0x8f, 0xfd, 0xff, 0xff, 0xff,
    0xff, 0xfd, 0x10, 0x0, 0x4f, 0xf3, 0x1c, 0xff,
    0xff, 0xff, 0xfa, 0x10, 0x0, 0xd, 0xf6, 0x0,
    0x6, 0xcf, 0xfd, 0x93, 0x0, 0x0, 0x0, 0xbc,
    0x0, 0x0, 0x0, 0x0, 0x0, 0x0, 0x0, 0x0,
    0x0, 0x0, 0x0, 0x0, 0x0, 0x0, 0x0, 0x0,
    0x0, 0x0,

    /* U+F06D "" */
    0x0, 0x0, 0x0, 0x0, 0x0, 0x0, 0x0, 0x0,
    0xa, 0x90, 0x0, 0x0, 0x0, 0x0, 0x5f, 0xe0,
    0x0, 0x0, 0x0, 0x0, 0xcf, 0xf6, 0x0, 0x0,
    0x0, 0x0, 0xff, 0xff, 0x40, 0x0, 0x0, 0x0,
    0xdf, 0xff, 0xf4, 0x0, 0x1, 0x50, 0x6f, 0xff,
    0xff, 0x40, 0xd, 0xf0, 0x9, 0xff, 0xff, 0xe1,
    0x7f, 0xf0, 0x0, 0xaf, 0xff, 0xf7, 0xcf, 0xf0,
    0x0, 0x1f, 0xff, 0xfd, 0xff, 0xf1, 0x0, 0x1f,
    0xff, 0xff, 0xff, 0xfb, 0x11, 0xbf, 0xff, 0xff,
    0xcf, 0xff, 0xff, 0xff, 0xff, 0xfc, 0x6f, 0xff,
    0xff, 0xff, 0xff, 0xf6, 0xc, 0xff, 0xff, 0xff,
    0xff, 0xc0, 0x1, 0xcf, 0xff, 0xff, 0xfc, 0x10,
    0x0, 0x6, 0xcf, 0xfc, 0x60, 0x0,

    /* U+F06E "" */
    0x0, 0x0, 0x5, 0xad, 0xff, 0xda, 0x50, 0x0,
    0x0, 0x0, 0x4, 0xdf, 0xfc, 0x88, 0xcf, 0xfd,
    0x40, 0x0, 0x0, 0x7f, 0xfe, 0x40, 0x0, 0x4,
    0xef, 0xf7, 0x0, 0x7, 0xff, 0xf4, 0x0, 0x9e,
    0x80, 0x4f, 0xff, 0x70, 0x4f, 0xff, 0xc0, 0x0,
    0xaf, 0xf8, 0xc, 0xff, 0xf4, 0xdf, 0xff, 0x80,
    0x9a, 0xff, 0xfe, 0x8, 0xff, 0xfd, 0xdf, 0xff,
    0x80, 0xef, 0xff, 0xfe, 0x8, 0xff, 0xfd, 0x4f,
    0xff, 0xc0, 0x8f, 0xff, 0xf8, 0xc, 0xff, 0xf4,
    0x7, 0xff, 0xf4, 0x8, 0xee, 0x80, 0x4f, 0xff,
    0x70, 0x0, 0x7f, 0xfe, 0x40, 0x0, 0x4, 0xef,
    0xf8, 0x0, 0x0, 0x4, 0xdf, 0xfc, 0x88, 0xcf,
    0xfd, 0x40, 0x0, 0x0, 0x0, 0x5, 0xad, 0xff,
    0xda, 0x50, 0x0, 0x0,

    /* U+F070 "" */
    0x8c, 0x20, 0x0, 0x0, 0x0, 0x0, 0x0, 0x0,
    0x0, 0x0, 0xdf, 0xe4, 0x0, 0x0, 0x0, 0x0,
    0x0, 0x0, 0x0, 0x0, 0x1b, 0xff, 0x80, 0x49,
    0xdf, 0xfd, 0xa5, 0x0, 0x0, 0x0, 0x0, 0x7f,
    0xff, 0xff, 0xd8, 0x8c, 0xff, 0xd4, 0x0, 0x0,
    0x0, 0x4, 0xef, 0xf8, 0x0, 0x0, 0x4e, 0xff,
    0x70, 0x0, 0x0, 0x0, 0x1c, 0xff, 0x69, 0xe8,
    0x4, 0xff, 0xf7, 0x0, 0x4, 0xe3, 0x0, 0x9f,
    0xfe, 0xff, 0x80, 0xcf, 0xff, 0x40, 0xd, 0xff,
    0x70, 0x5, 0xff, 0xff, 0xe0, 0x8f, 0xff, 0xd0,
    0xd, 0xff, 0xf7, 0x0, 0x2d, 0xff, 0xe0, 0x8f,
    0xff, 0xd0, 0x4, 0xff, 0xfc, 0x0, 0x0, 0xaf,
    0xf8, 0xcf, 0xff, 0x30, 0x0, 0x7f, 0xff, 0x40,
    0x0, 0x6, 0xff, 0xff, 0xf7, 0x0, 0x0, 0x8,
    0xff, 0xf4, 0x0, 0x0, 0x3e, 0xff, 0xa0, 0x0,
    0x0, 0x0, 0x4d, 0xff, 0xc8, 0x82, 0x1, 0xbf,
    0xf7, 0x0, 0x0, 0x0, 0x0, 0x5a, 0xdf, 0xfc,
    0x10, 0x8, 0xff, 0xb0, 0x0, 0x0, 0x0, 0x0,
    0x0, 0x0, 0x0, 0x0, 0x4e, 0xfd, 0x0, 0x0,
    0x0, 0x0, 0x0, 0x0, 0x0, 0x0, 0x2, 0xc8,

    /* U+F071 "" */
    0x0, 0x0, 0x0, 0x0, 0x2d, 0xd2, 0x0, 0x0,
    0x0, 0x0, 0x0, 0x0, 0x0, 0x0, 0xbf, 0xfb,
    0x0, 0x0, 0x0, 0x0, 0x0, 0x0, 0x0, 0x5,
    0xff, 0xff, 0x50, 0x0, 0x0, 0x0, 0x0, 0x0,
    0x0, 0xd, 0xff, 0xff, 0xd0, 0x0, 0x0, 0x0,
    0x0, 0x0, 0x0, 0x7f, 0xff, 0xff, 0xf7, 0x0,
    0x0, 0x0, 0x0, 0x0, 0x1, 0xff, 0xd8, 0x8d,
    0xff, 0x10, 0x0, 0x0, 0x0, 0x0, 0xa, 0xff,
    0xa0, 0xa, 0xff, 0xa0, 0x0, 0x0, 0x0, 0x0,
    0x3f, 0xff, 0xb0, 0xb, 0xff, 0xf3, 0x0, 0x0,
    0x0, 0x0, 0xcf, 0xff, 0xc0, 0xc, 0xff, 0xfc,
    0x0, 0x0, 0x0, 0x5, 0xff, 0xff, 0xd0, 0xd,
    0xff, 0xff, 0x50, 0x0, 0x0, 0xe, 0xff, 0xff,
    0xf9, 0x9f, 0xff, 0xff, 0xe0, 0x0, 0x0, 0x8f,
    0xff, 0xff, 0xe2, 0x2e, 0xff, 0xff, 0xf8, 0x0,
    0x2, 0xff, 0xff, 0xff, 0x90, 0x9, 0xff, 0xff,
    0xff, 0x10, 0xa, 0xff, 0xff, 0xff, 0xe3, 0x3e,
    0xff, 0xff, 0xff, 0xa0, 0xf, 0xff, 0xff, 0xff,
    0xff, 0xff, 0xff, 0xff, 0xff, 0xf0, 0x8, 0xff,
    0xff, 0xff, 0xff, 0xff, 0xff, 0xff, 0xff, 0x80,

    /* U+F072 "" */
    0x0, 0x0, 0x0, 0xbf, 0xf4, 0x0, 0x0, 0x0,
    0x0, 0x0, 0x0, 0x0, 0x9, 0xff, 0xd0, 0x0,
    0x0, 0x0, 0x0, 0x0, 0x0, 0x0, 0x4f, 0xff,
    0x70, 0x0, 0x0, 0x0, 0x0, 0x0, 0x0, 0x0,
    0xff, 0xfe, 0x10, 0x0, 0x0, 0x0, 0xe, 0xf6,
    0x0, 0xb, 0xff, 0xf9, 0x0, 0x0, 0x0, 0x0,
    0xbf, 0xf2, 0x0, 0x6f, 0xff, 0xf2, 0x0, 0x0,
    0x0, 0x7, 0xff, 0xff, 0xff, 0xff, 0xff, 0xff,
    0xff, 0xe9, 0x10, 0x2f, 0xff, 0xff, 0xff, 0xff,
    0xff, 0xff, 0xff, 0xfd, 0x2, 0xff, 0xff, 0xff,
    0xff, 0xff, 0xff, 0xff, 0xff, 0xd0, 0x7f, 0xff,
    0xff, 0xff, 0xff, 0xff, 0xff, 0xfe, 0x91, 0xb,
    0xff, 0x20, 0x6, 0xff, 0xff, 0x20, 0x0, 0x0,
    0x0, 0xef, 0x60, 0x0, 0xbf, 0xff, 0x90, 0x0,
    0x0, 0x0, 0x0, 0x0, 0x0, 0xf, 0xff, 0xe1,
    0x0, 0x0, 0x0, 0x0, 0x0, 0x0, 0x4, 0xff,
    0xf7, 0x0, 0x0, 0x0, 0x0, 0x0, 0x0, 0x0,
    0x9f, 0xfd, 0x0, 0x0, 0x0, 0x0, 0x0, 0x0,
    0x0, 0xb, 0xff, 0x40, 0x0, 0x0, 0x0, 0x0,

    /* U+F073 "" */
    0x0, 0xe, 0xe0, 0x0, 0xe, 0xe0, 0x0, 0x0,
    0xf, 0xf0, 0x0, 0xf, 0xf0, 0x0, 0x8f, 0xff,
    0xff, 0xff, 0xff, 0xff, 0xf8, 0xff, 0xff, 0xff,
    0xff, 0xff, 0xff, 0xff, 0xff, 0xff, 0xff, 0xff,
    0xff, 0xff, 0xff, 0x0, 0x0, 0x0, 0x0, 0x0,
    0x0, 0x0, 0xff, 0xff, 0xff, 0xff, 0xff, 0xff,
    0xff, 0xff, 0xff, 0xff, 0xff, 0xff, 0xff, 0xff,
    0xff, 0x0, 0xff, 0x0, 0xff, 0x0, 0xff, 0xff,
    0x0, 0xff, 0x0, 0xff, 0x0, 0xff, 0xff, 0xff,
    0xff, 0xff, 0xff, 0xff, 0xff, 0xff, 0xff, 0xff,
    0xff, 0xff, 0xff, 0xff, 0xff, 0x0, 0xff, 0x0,
    0xff, 0x0, 0xff, 0xff, 0x0, 0xff, 0x0, 0xff,
    0x0, 0xff, 0xff, 0xff, 0xff, 0xff, 0xff, 0xff,
    0xff, 0x8f, 0xff, 0xff, 0xff, 0xff, 0xff, 0xf8,

    /* U+F074 "" */
    0x0, 0x0, 0x0, 0x0, 0x0, 0x0, 0x0, 0x0,
    0x0, 0x0, 0x0, 0x0, 0x0, 0x0, 0xd8, 0x0,
    0x0, 0x0, 0x0, 0x0, 0x0, 0x0, 0xff, 0x80,
    0xff, 0xff, 0x70, 0x0, 0x7, 0xff, 0xff, 0xf8,
    0xff, 0xff, 0xf6, 0x0, 0x6f, 0xff, 0xff, 0xfd,
    0x78, 0x8e, 0xff, 0x15, 0xff, 0xe8, 0xff, 0xe2,
    0x0, 0x2, 0xe5, 0x4f, 0xfe, 0x20, 0xfe, 0x20,
    0x0, 0x0, 0x13, 0xff, 0xf3, 0x0, 0x52, 0x0,
    0x0, 0x0, 0x3f, 0xff, 0x31, 0x0, 0x52, 0x0,
    0x0, 0x2, 0xef, 0xf4, 0x5e, 0x20, 0xfe, 0x20,
    0x78, 0x8e, 0xff, 0x51, 0xff, 0xe8, 0xff, 0xe2,
    0xff, 0xff, 0xf6, 0x0, 0x6f, 0xff, 0xff, 0xfd,
    0xff, 0xff, 0x70, 0x0, 0x7, 0xff, 0xff, 0xf8,
    0x0, 0x0, 0x0, 0x0, 0x0, 0x0, 0xff, 0x80,
    0x0, 0x0, 0x0, 0x0, 0x0, 0x0, 0xd8, 0x0,
    0x0, 0x0, 0x0, 0x0, 0x0, 0x0, 0x0, 0x0,

    /* U+F075 "" */
    0x0, 0x0, 0x5, 0xad, 0xff, 0xda, 0x50, 0x0,
    0x0, 0x0, 0x3d, 0xff, 0xff, 0xff, 0xff, 0xd3,
    0x0, 0x0, 0x4f, 0xff, 0xff, 0xff, 0xff, 0xff,
    0xf4, 0x0, 0x2f, 0xff, 0xff, 0xff, 0xff, 0xff,
    0xff, 0xf1, 0x9, 0xff, 0xff, 0xff, 0xff, 0xff,
    0xff, 0xff, 0x90, 0xef, 0xff, 0xff, 0xff, 0xff,
    0xff, 0xff, 0xfe, 0xf, 0xff, 0xff, 0xff, 0xff,
    0xff, 0xff, 0xff, 0xf0, 0xef, 0xff, 0xff, 0xff,
    0xff, 0xff, 0xff, 0xfe, 0x9, 0xff, 0xff, 0xff,
    0xff, 0xff, 0xff, 0xff, 0x90, 0x2f, 0xff, 0xff,
    0xff, 0xff, 0xff, 0xff, 0xf2, 0x0, 0x6f, 0xff,
    0xff, 0xff, 0xff, 0xff, 0xf4, 0x0, 0x9, 0xff,
    0xff, 0xff, 0xff, 0xff, 0xd3, 0x0, 0x2, 0xff,
    0xf9, 0xad, 0xff, 0xea, 0x50, 0x0, 0x0, 0xcd,
    0x92, 0x0, 0x0, 0x0, 0x0, 0x0, 0x0,

    /* U+F076 "" */
    0x2, 0x22, 0x10, 0x0, 0x0, 0x1, 0x22, 0x20,
    0xdf, 0xff, 0xf5, 0x0, 0x0, 0x5f, 0xff, 0xfd,
    0xff, 0xff, 0xf8, 0x0, 0x0, 0x8f, 0xff, 0xff,
    0xff, 0xff, 0xf8, 0x0, 0x0, 0x8f, 0xff, 0xff,
    0xcd, 0xdd, 0xd6, 0x0, 0x0, 0x6d, 0xdd, 0xdc,
    0x22, 0x22, 0x20, 0x0, 0x0, 0x2, 0x22, 0x22,
    0xff, 0xff, 0xf7, 0x0, 0x0, 0x7f, 0xff, 0xff,
    0xff, 0xff, 0xf8, 0x0, 0x0, 0x8f, 0xff, 0xff,
    0xff, 0xff, 0xf9, 0x0, 0x0, 0x9f, 0xff, 0xff,
    0xdf, 0xff, 0xfe, 0x0, 0x0, 0xef, 0xff, 0xfc,
    0x8f, 0xff, 0xff, 0xc4, 0x4c, 0xff, 0xff, 0xf8,
    0x1e, 0xff, 0xff, 0xff, 0xff, 0xff, 0xff, 0xf1,
    0x4, 0xff, 0xff, 0xff, 0xff, 0xff, 0xff, 0x40,
    0x0, 0x5f, 0xff, 0xff, 0xff, 0xff, 0xf6, 0x0,
    0x0, 0x2, 0xbf, 0xff, 0xff, 0xfb, 0x20, 0x0,
    0x0, 0x0, 0x1, 0x68, 0x86, 0x20, 0x0, 0x0,

    /* U+F077 "" */
    0x0, 0x0, 0x0, 0x0, 0x0, 0x0, 0x0, 0x0,
    0x0, 0x1, 0xdd, 0x10, 0x0, 0x0, 0x0, 0x0,
    0x1d, 0xff, 0xd1, 0x0, 0x0, 0x0, 0x1, 0xdf,
    0xff, 0xfd, 0x10, 0x0, 0x0, 0x1d, 0xff, 0x99,
    0xff, 0xd1, 0x0, 0x1, 0xdf, 0xf9, 0x0, 0x9f,
    0xfd, 0x10, 0x1d, 0xff, 0x90, 0x0, 0x9, 0xff,
    0xd1, 0xbf, 0xf9, 0x0, 0x0, 0x0, 0x9f, 0xfb,
    0x5f, 0x90, 0x0, 0x0, 0x0, 0x9, 0xf5, 0x0,
    0x0, 0x0, 0x0, 0x0, 0x0, 0x0,

    /* U+F078 "" */
    0x0, 0x0, 0x0, 0x0, 0x0, 0x0, 0x0, 0x5f,
    0x90, 0x0, 0x0, 0x0, 0x9, 0xf5, 0xbf, 0xf9,
    0x0, 0x0, 0x0, 0x9f, 0xfb, 0x1d, 0xff, 0x90,
    0x0, 0x9, 0xff, 0xd1, 0x1, 0xdf, 0xf9, 0x0,
    0x9f, 0xfd, 0x10, 0x0, 0x1d, 0xff, 0x99, 0xff,
    0xd1, 0x0, 0x0, 0x1, 0xdf, 0xff, 0xfd, 0x10,
    0x0, 0x0, 0x0, 0x1d, 0xff, 0xd1, 0x0, 0x0,
    0x0, 0x0, 0x1, 0xdd, 0x10, 0x0, 0x0, 0x0,
    0x0, 0x0, 0x0, 0x0, 0x0, 0x0,

    /* U+F079 "" */
    0x0, 0x0, 0x0, 0x0, 0x0, 0x0, 0x0, 0x0,
    0x0, 0x0, 0x0, 0x1d, 0xd1, 0x0, 0x0, 0x0,
    0x0, 0x0, 0x0, 0x0, 0x1, 0xdf, 0xfd, 0x10,
    0xef, 0xff, 0xff, 0xff, 0xd0, 0x0, 0x1d, 0xff,
    0xff, 0xd1, 0xaf, 0xff, 0xff, 0xff, 0xf0, 0x0,
    0xcf, 0xcf, 0xfc, 0xfc, 0x0, 0x0, 0x0, 0xf,
    0xf0, 0x0, 0x6b, 0x1f, 0xf1, 0xb6, 0x0, 0x0,
    0x0, 0xf, 0xf0, 0x0, 0x0, 0xf, 0xf0, 0x0,
    0x0, 0x0, 0x0, 0xf, 0xf0, 0x0, 0x0, 0xf,
    0xf0, 0x0, 0x0, 0x0, 0x0, 0xf, 0xf0, 0x0,
    0x0, 0xf, 0xf0, 0x0, 0x0, 0x0, 0x6b, 0x1f,
    0xf1, 0xb6, 0x0, 0xf, 0xf0, 0x0, 0x0, 0x0,
    0xcf, 0xcf, 0xfc, 0xfc, 0x0, 0xf, 0xff, 0xff,
    0xff, 0xfa, 0x1d, 0xff, 0xff, 0xd1, 0x0, 0xd,
    0xff, 0xff, 0xff, 0xfe, 0x1, 0xdf, 0xfd, 0x10,
    0x0, 0x0, 0x0, 0x0, 0x0, 0x0, 0x0, 0x1d,
    0xd1, 0x0, 0x0, 0x0, 0x0, 0x0, 0x0, 0x0,
    0x0, 0x0, 0x0, 0x0,

    /* U+F07A "" */
    0xd, 0xff, 0xf8, 0x0, 0x0, 0x0, 0x0, 0x0,
    0x0, 0x0, 0xd, 0xff, 0xfd, 0x0, 0x0, 0x0,
    0x0, 0x0, 0x0, 0x0, 0x0, 0x0, 0xff, 0xff,
    0xff, 0xff, 0xff, 0xff, 0xff, 0xd0, 0x0, 0x0,
    0xcf, 0xff, 0xff, 0xff, 0xff, 0xff, 0xff, 0xd0,
    0x0, 0x0, 0x9f, 0xff, 0xff, 0xff, 0xff, 0xff,
    0xff, 0x90, 0x0, 0x0, 0x5f, 0xff, 0xff, 0xff,
    0xff, 0xff, 0xff, 0x50, 0x0, 0x0, 0x2f, 0xff,
    0xff, 0xff, 0xff, 0xff, 0xff, 0x20, 0x0, 0x0,
    0xf, 0xff, 0xff, 0xff, 0xff, 0xff, 0xfe, 0x0,
    0x0, 0x0, 0xc, 0xff, 0xff, 0xff, 0xff, 0xff,
    0xfb, 0x0, 0x0, 0x0, 0x8, 0xff, 0xff, 0xff,
    0xff, 0xff, 0xf6, 0x0, 0x0, 0x0, 0x5, 0xfb,
    0x0, 0x0, 0x0, 0x0, 0x0, 0x0, 0x0, 0x0,
    0x2, 0xff, 0xff, 0xff, 0xff, 0xff, 0xc0, 0x0,
    0x0, 0x0, 0x0, 0xff, 0xff, 0xff, 0xff, 0xff,
    0xd0, 0x0, 0x0, 0x0, 0x8, 0xff, 0x80, 0x0,
    0x0, 0x8f, 0xf7, 0x0, 0x0, 0x0, 0xb, 0xff,
    0xa0, 0x0, 0x0, 0xbf, 0xfa, 0x0, 0x0, 0x0,
    0x3, 0xed, 0x30, 0x0, 0x0, 0x3e, 0xd3, 0x0,

    /* U+F07B "" */
    0x8f, 0xff, 0xff, 0xd1, 0x0, 0x0, 0x0, 0x0,
    0xff, 0xff, 0xff, 0xfd, 0x10, 0x0, 0x0, 0x0,
    0xff, 0xff, 0xff, 0xff, 0xff, 0xff, 0xff, 0xf8,
    0xff, 0xff, 0xff, 0xff, 0xff, 0xff, 0xff, 0xff,
    0xff, 0xff, 0xff, 0xff, 0xff, 0xff, 0xff, 0xff,
    0xff, 0xff, 0xff, 0xff, 0xff, 0xff, 0xff, 0xff,
    0xff, 0xff, 0xff, 0xff, 0xff, 0xff, 0xff, 0xff,
    0xff, 0xff, 0xff, 0xff, 0xff, 0xff, 0xff, 0xff,
    0xff, 0xff, 0xff, 0xff, 0xff, 0xff, 0xff, 0xff,
    0xff, 0xff, 0xff, 0xff, 0xff, 0xff, 0xff, 0xff,
    0xff, 0xff, 0xff, 0xff, 0xff, 0xff, 0xff, 0xff,
    0x8f, 0xff, 0xff, 0xff, 0xff, 0xff, 0xff, 0xf8,

    /* U+F07C "" */
    0x8f, 0xff, 0xff, 0xd1, 0x0, 0x0, 0x0, 0x0,
    0x0, 0xf, 0xff, 0xff, 0xff, 0xd1, 0x0, 0x0,
    0x0, 0x0, 0x0, 0xff, 0xff, 0xff, 0xff, 0xff,
    0xff, 0xff, 0x80, 0x0, 0xf, 0xff, 0xff, 0xff,
    0xff, 0xff, 0xff, 0xff, 0x0, 0x0, 0xff, 0xff,
    0xff, 0xff, 0xff, 0xff, 0xff, 0xf0, 0x0, 0xf,
    0xfe, 0x50, 0x0, 0x0, 0x0, 0x0, 0x0, 0x0,
    0x0, 0xff, 0x37, 0xff, 0xff, 0xff, 0xff, 0xff,
    0xff, 0xfd, 0xf, 0x94, 0xff, 0xff, 0xff, 0xff,
    0xff, 0xff, 0xff, 0xa0, 0xe1, 0xdf, 0xff, 0xff,
    0xff, 0xff, 0xff, 0xff, 0xf2, 0x6, 0x7f, 0xff,
    0xff, 0xff, 0xff, 0xff, 0xff, 0xf8, 0x0, 0x1f,
    0xff, 0xff, 0xff, 0xff, 0xff, 0xff, 0xfe, 0x0,
    0x3, 0xff, 0xff, 0xff, 0xff, 0xff, 0xff, 0xfd,
    0x30, 0x0,

    /* U+F080 "" */
    0xee, 0x0, 0x0, 0x0, 0x0, 0x0, 0xf, 0xf0,
    0xff, 0x0, 0x0, 0xf, 0xf0, 0x0, 0xf, 0xf0,
    0xff, 0x0, 0x0, 0xf, 0xf0, 0x0, 0xf, 0xf0,
    0xff, 0x0, 0x0, 0xf, 0xf0, 0xff, 0xf, 0xf0,
    0xff, 0x0, 0x0, 0xf, 0xf0, 0xff, 0xf, 0xf0,
    0xff, 0x0, 0xff, 0xf, 0xf0, 0xff, 0xf, 0xf0,
    0xff, 0x0, 0xff, 0xf, 0xf0, 0xff, 0xf, 0xf0,
    0xff, 0x0, 0xff, 0xf, 0xf0, 0xff, 0xf, 0xf0,
    0xff, 0x0, 0x0, 0x0, 0x0, 0x0, 0x0, 0x0,
    0xff, 0x0, 0x0, 0x0, 0x0, 0x0, 0x0, 0x0,
    0xff, 0xff, 0xff, 0xff, 0xff, 0xff, 0xff, 0xfe,
    0xcf, 0xff, 0xff, 0xff, 0xff, 0xff, 0xff, 0xfe,

    /* U+F081 "" */
    0x8f, 0xff, 0xff, 0xff, 0xff, 0xff, 0xf8, 0xff,
    0xff, 0xff, 0xff, 0xff, 0xff, 0xff, 0xff, 0xff,
    0xff, 0xff, 0xff, 0xff, 0xff, 0xff, 0xbe, 0xff,
    0xf9, 0x1, 0x7a, 0xff, 0xff, 0x72, 0xcf, 0xf0,
    0x0, 0xa, 0xff, 0xff, 0xb0, 0x3, 0x50, 0x0,
    0x1f, 0xff, 0xff, 0x90, 0x0, 0x0, 0x0, 0x3f,
    0xff, 0xff, 0xf4, 0x0, 0x0, 0x0, 0x8f, 0xff,
    0xff, 0xf8, 0x0, 0x0, 0x1, 0xff, 0xff, 0xff,
    0xff, 0x60, 0x0, 0x1c, 0xff, 0xff, 0xff, 0xc3,
    0x0, 0x17, 0xef, 0xff, 0xff, 0xff, 0xff, 0xff,
    0xff, 0xff, 0xff, 0xff, 0xff, 0xff, 0xff, 0xff,
    0xff, 0xff, 0xff, 0x8f, 0xff, 0xff, 0xff, 0xff,
    0xff, 0xf8,

    /* U+F082 "" */
    0x8f, 0xff, 0xff, 0xff, 0xff, 0xff, 0xf8, 0xff,
    0xff, 0xff, 0xff, 0xff, 0xff, 0xff, 0xff, 0xff,
    0xff, 0xf8, 0x45, 0xbf, 0xff, 0xff, 0xff, 0xff,
    0x40, 0x0, 0x9f, 0xff, 0xff, 0xff, 0xfe, 0x0,
    0x4a, 0xdf, 0xff, 0xff, 0xff, 0xfc, 0x0, 0xcf,
    0xff, 0xff, 0xff, 0xff, 0xfc, 0x0, 0xcf, 0xff,
    0xff, 0xff, 0xfd, 0x0, 0x0, 0x0, 0xbf, 0xff,
    0xff, 0xfd, 0x0, 0x0, 0x0, 0xdf, 0xff, 0xff,
    0xff, 0xc9, 0x0, 0x9c, 0xff, 0xff, 0xff, 0xff,
    0xfc, 0x0, 0xcf, 0xff, 0xff, 0xff, 0xff, 0xfc,
    0x0, 0xcf, 0xff, 0xff, 0xff, 0xff, 0xfc, 0x0,
    0xcf, 0xff, 0xff, 0x8f, 0xff, 0xfc, 0x0, 0xcf,
    0xff, 0xf8,

    /* U+F083 "" */
    0x8f, 0xff, 0xff, 0xff, 0xff, 0xff, 0xff, 0xf8,
    0xf1, 0x0, 0xf, 0x30, 0x0, 0x0, 0x0, 0x1f,
    0xf8, 0x88, 0x85, 0x0, 0x0, 0x0, 0x0, 0xf,
    0xf0, 0x0, 0x0, 0x0, 0x0, 0x0, 0x0, 0xf,
    0xff, 0xff, 0xff, 0xfc, 0xcf, 0xff, 0xff, 0xff,
    0xff, 0xff, 0xfb, 0x13, 0x31, 0xbf, 0xff, 0xff,
    0xff, 0xff, 0xd1, 0xb8, 0xcc, 0x1d, 0xff, 0xff,
    0xff, 0xff, 0x68, 0x45, 0xdf, 0x86, 0xff, 0xff,
    0xff, 0xff, 0x4b, 0x2f, 0xff, 0xb4, 0xff, 0xff,
    0xff, 0xff, 0x67, 0xff, 0xff, 0x76, 0xff, 0xff,
    0xff, 0xff, 0xd0, 0xaf, 0xfa, 0xd, 0xff, 0xff,
    0xff, 0xff, 0xfb, 0x10, 0x1, 0xbf, 0xff, 0xff,
    0xff, 0xff, 0xff, 0xfc, 0xcf, 0xff, 0xff, 0xff,
    0x8f, 0xff, 0xff, 0xff, 0xff, 0xff, 0xff, 0xf8,

    /* U+F084 "" */
    0x0, 0x0, 0x0, 0x2, 0x9d, 0xfe, 0x92, 0x0,
    0x0, 0x0, 0x0, 0x4f, 0xff, 0xff, 0xff, 0x40,
    0x0, 0x0, 0x2, 0xff, 0xff, 0xfa, 0xaf, 0xf2,
    0x0, 0x0, 0x9, 0xff, 0xff, 0xa0, 0xa, 0xf9,
    0x0, 0x0, 0xd, 0xff, 0xff, 0xa0, 0xa, 0xfe,
    0x0, 0x0, 0xf, 0xff, 0xff, 0xfa, 0xaf, 0xff,
    0x0, 0x0, 0xe, 0xff, 0xff, 0xff, 0xff, 0xfe,
    0x0, 0x0, 0x1e, 0xff, 0xff, 0xff, 0xff, 0xf9,
    0x0, 0x1, 0xef, 0xff, 0xff, 0xff, 0xff, 0xf2,
    0x0, 0x1e, 0xff, 0xff, 0xff, 0xff, 0xff, 0x40,
    0x1, 0xef, 0xff, 0xff, 0xff, 0xfe, 0x92, 0x0,
    0x1e, 0xff, 0xff, 0xff, 0xd1, 0x0, 0x0, 0x0,
    0xdf, 0xff, 0xff, 0xf0, 0x0, 0x0, 0x0, 0x0,
    0xff, 0xff, 0xff, 0xd0, 0x0, 0x0, 0x0, 0x0,
    0xff, 0xff, 0xf0, 0x0, 0x0, 0x0, 0x0, 0x0,
    0xdf, 0xff, 0xd0, 0x0, 0x0, 0x0, 0x0, 0x0,

    /* U+F085 "" */
    0x0, 0x0, 0x0, 0x0, 0x0, 0x0, 0x0, 0x0,
    0x0, 0x0, 0x0, 0x0, 0x0, 0x0, 0x1, 0x0,
    0x0, 0x0, 0x8, 0xe6, 0xe8, 0x0, 0x0, 0x0,
    0x0, 0xef, 0xf7, 0x0, 0x0, 0xb, 0xff, 0xfb,
    0x0, 0x0, 0x0, 0x1, 0xff, 0xf9, 0x0, 0x0,
    0x9f, 0xb3, 0xbf, 0x90, 0x0, 0x9a, 0x7f, 0xff,
    0xff, 0xc6, 0xc3, 0xef, 0x70, 0x7f, 0xe0, 0x6,
    0xff, 0xff, 0xff, 0xff, 0xff, 0xfd, 0x2d, 0xea,
    0xed, 0x10, 0xe, 0xff, 0xff, 0xfb, 0xdf, 0xff,
    0xff, 0x6c, 0xff, 0xfc, 0x0, 0x6, 0xff, 0xfe,
    0x10, 0xa, 0xff, 0xfb, 0x22, 0x60, 0x62, 0x0,
    0x0, 0xaf, 0xf9, 0x0, 0x1, 0xff, 0xf1, 0x0,
    0x0, 0x0, 0x0, 0x0, 0xaf, 0xf9, 0x0, 0x1,
    0xff, 0xf1, 0x0, 0x0, 0x0, 0x0, 0x7, 0xff,
    0xff, 0x40, 0x9, 0xff, 0xfc, 0x22, 0x60, 0x62,
    0x0, 0xd, 0xff, 0xff, 0xfd, 0xef, 0xff, 0xff,
    0x5c, 0xff, 0xfc, 0x0, 0x5, 0xff, 0xff, 0xff,
    0xff, 0xff, 0xfd, 0x2d, 0xe9, 0xed, 0x10, 0x0,
    0x89, 0x6e, 0xff, 0xff, 0xb5, 0xb2, 0xef, 0x70,
    0x7f, 0xe0, 0x0, 0x0, 0x1, 0xff, 0xf9, 0x0,
    0x0, 0x9f, 0xc4, 0xcf, 0x90, 0x0, 0x0, 0x0,
    0xdf, 0xf6, 0x0, 0x0, 0xb, 0xff, 0xfb, 0x0,
    0x0, 0x0, 0x0, 0x0, 0x0, 0x0, 0x0, 0x8,
    0xe6, 0xe8, 0x0, 0x0, 0x0, 0x0, 0x0, 0x0,
    0x0, 0x0, 0x0, 0x0, 0x0, 0x0,

    /* U+F086 "" */
    0x0, 0x0, 0x6b, 0xef, 0xeb, 0x60, 0x0, 0x0,
    0x0, 0x0, 0x0, 0x3d, 0xff, 0xff, 0xff, 0xfd,
    0x30, 0x0, 0x0, 0x0, 0x2, 0xff, 0xff, 0xff,
    0xff, 0xff, 0xf2, 0x0, 0x0, 0x0, 0xa, 0xff,
    0xff, 0xff, 0xff, 0xff, 0xfa, 0x0, 0x0, 0x0,
    0xf, 0xff, 0xff, 0xff, 0xff, 0xff, 0xff, 0x6,
    0x0, 0x0, 0xf, 0xff, 0xff, 0xff, 0xff, 0xff,
    0xfe, 0xf, 0xd2, 0x0, 0xa, 0xff, 0xff, 0xff,
    0xff, 0xff, 0xfa, 0x4f, 0xff, 0x20, 0x2, 0xff,
    0xff, 0xff, 0xff, 0xff, 0xf2, 0xbf, 0xff, 0xa0,
    0x2, 0xff, 0xff, 0xff, 0xff, 0xfd, 0x37, 0xff,
    0xff, 0xf0, 0xc, 0xc7, 0x6b, 0xef, 0xeb, 0x61,
    0x9f, 0xff, 0xff, 0xf0, 0x0, 0x0, 0x0, 0x0,
    0x13, 0x8e, 0xff, 0xff, 0xff, 0xa0, 0x0, 0x0,
    0x0, 0x2e, 0xff, 0xff, 0xff, 0xff, 0xff, 0x20,
    0x0, 0x0, 0x0, 0x3, 0xdf, 0xff, 0xff, 0xff,
    0xff, 0x20, 0x0, 0x0, 0x0, 0x0, 0x6, 0xbe,
    0xfe, 0xb6, 0x7c, 0xc0,

    /* U+F089 "" */
    0x0, 0x0, 0x0, 0x0, 0xc0, 0x0, 0x0, 0x0,
    0x5f, 0x0, 0x0, 0x0, 0xd, 0xf0, 0x0, 0x0,
    0x5, 0xff, 0x0, 0x0, 0x13, 0xdf, 0xf1, 0x9c,
    0xff, 0xff, 0xff, 0x4f, 0xff, 0xff, 0xff, 0xf0,
    0x9f, 0xff, 0xff, 0xff, 0x0, 0x9f, 0xff, 0xff,
    0xf0, 0x0, 0x8f, 0xff, 0xff, 0x0, 0x0, 0xdf,
    0xff, 0xf0, 0x0, 0xf, 0xff, 0xff, 0x0, 0x2,
    0xff, 0xff, 0xf0, 0x0, 0x4f, 0xff, 0xff, 0x0,
    0x7, 0xff, 0xf8, 0x10, 0x0, 0x5e, 0x91, 0x0,
    0x0, 0x0, 0x0, 0x0, 0x0,

    /* U+F08C "" */
    0xcf, 0xff, 0xff, 0xff, 0xff, 0xff, 0xfc, 0xff,
    0xff, 0xff, 0xff, 0xff, 0xff, 0xff, 0xff, 0x41,
    0xdf, 0xff, 0xff, 0xff, 0xff, 0xff, 0x20, 0xbf,
    0xff, 0xff, 0xff, 0xff, 0xff, 0xfe, 0xff, 0xff,
    0xff, 0xff, 0xff, 0xff, 0x31, 0xe7, 0x17, 0x63,
    0x5d, 0xff, 0xff, 0x20, 0xe6, 0x0, 0x0, 0x4,
    0xff, 0xff, 0x20, 0xe6, 0x2, 0xea, 0x1, 0xff,
    0xff, 0x20, 0xe6, 0x5, 0xfe, 0x0, 0xff, 0xff,
    0x20, 0xe6, 0x6, 0xff, 0x0, 0xff, 0xff, 0x20,
    0xe6, 0x6, 0xff, 0x0, 0xff, 0xff, 0x20, 0xe6,
    0x6, 0xff, 0x0, 0xff, 0xff, 0xff, 0xff, 0xff,
    0xff, 0xff, 0xff, 0xcf, 0xff, 0xff, 0xff, 0xff,
    0xff, 0xfc,

    /* U+F08D "" */
    0xd, 0xff, 0xff, 0xff, 0xff, 0xd0, 0xf, 0xff,
    0xff, 0xff, 0xff, 0xf0, 0xd, 0xff, 0xff, 0xff,
    0xff, 0xd0, 0x0, 0xf, 0xff, 0xff, 0xf0, 0x0,
    0x0, 0x1f, 0xff, 0xff, 0xf1, 0x0, 0x0, 0x3f,
    0xff, 0xff, 0xf3, 0x0, 0x0, 0x5f, 0xff, 0xff,
    0xf5, 0x0, 0x8, 0xff, 0xff, 0xff, 0xff, 0x80,
    0x6f, 0xff, 0xff, 0xff, 0xff, 0xf6, 0xdf, 0xff,
    0xff, 0xff, 0xff, 0xfe, 0xdf, 0xff, 0xff, 0xff,
    0xff, 0xfd, 0x0, 0x0, 0xf, 0xf0, 0x0, 0x0,
    0x0, 0x0, 0xf, 0xf0, 0x0, 0x0, 0x0, 0x0,
    0xf, 0xf0, 0x0, 0x0, 0x0, 0x0, 0xe, 0xe0,
    0x0, 0x0, 0x0, 0x0, 0x6, 0x60, 0x0, 0x0,

    /* U+F091 "" */
    0x0, 0x0, 0xdf, 0xff, 0xff, 0xff, 0xfd, 0x0,
    0x0, 0x0, 0x0, 0xff, 0xff, 0xff, 0xff, 0xff,
    0x0, 0x0, 0xdf, 0xff, 0xff, 0xff, 0xff, 0xff,
    0xff, 0xff, 0xfd, 0xff, 0xff, 0xff, 0xff, 0xff,
    0xff, 0xff, 0xff, 0xff, 0xff, 0x0, 0xff, 0xff,
    0xff, 0xff, 0xff, 0x0, 0xff, 0xcf, 0x80, 0xdf,
    0xff, 0xff, 0xff, 0xfd, 0x8, 0xfc, 0x4f, 0xfc,
    0xcf, 0xff, 0xff, 0xff, 0xfc, 0xcf, 0xf4, 0x4,
    0xef, 0xff, 0xff, 0xff, 0xff, 0xff, 0xfe, 0x40,
    0x0, 0x7, 0xbf, 0xff, 0xff, 0xff, 0xfb, 0x70,
    0x0, 0x0, 0x0, 0x3, 0xff, 0xff, 0xff, 0x30,
    0x0, 0x0, 0x0, 0x0, 0x0, 0x6f, 0xff, 0xf6,
    0x0, 0x0, 0x0, 0x0, 0x0, 0x0, 0x8, 0xff,
    0x80, 0x0, 0x0, 0x0, 0x0, 0x0, 0x0, 0x8,
    0xff, 0x80, 0x0, 0x0, 0x0, 0x0, 0x0, 0x6,
    0x8c, 0xff, 0xc8, 0x60, 0x0, 0x0, 0x0, 0x0,
    0xcf, 0xff, 0xff, 0xff, 0xfc, 0x0, 0x0, 0x0,
    0x0, 0xff, 0xff, 0xff, 0xff, 0xff, 0x0, 0x0,

    /* U+F092 "" */
    0x8f, 0xff, 0xff, 0xff, 0xff, 0xff, 0xf8, 0xff,
    0xff, 0xff, 0xff, 0xff, 0xff, 0xff, 0xff, 0xff,
    0x93, 0x0, 0x3a, 0xff, 0xff, 0xff, 0xf5, 0x0,
    0x0, 0x0, 0x6f, 0xff, 0xff, 0x80, 0xa7, 0x66,
    0x7a, 0x9, 0xff, 0xff, 0x10, 0xdf, 0xff, 0xfe,
    0x2, 0xff, 0xfe, 0x2, 0xff, 0xff, 0xff, 0x40,
    0xef, 0xff, 0x2, 0xff, 0xff, 0xff, 0x30, 0xff,
    0xff, 0x11, 0x8f, 0xff, 0xf9, 0x1, 0xff, 0xff,
    0x83, 0x64, 0xff, 0x30, 0x8, 0xff, 0xff, 0xf4,
    0x5a, 0xff, 0x50, 0x3f, 0xff, 0xff, 0xff, 0x75,
    0xff, 0x56, 0xff, 0xff, 0xff, 0xff, 0xff, 0xff,
    0xff, 0xff, 0xff, 0x8f, 0xff, 0xff, 0xff, 0xff,
    0xff, 0xf8,

    /* U+F093 "" */
    0x0, 0x0, 0x0, 0xb, 0xb0, 0x0, 0x0, 0x0,
    0x0, 0x0, 0x0, 0xbf, 0xfb, 0x0, 0x0, 0x0,
    0x0, 0x0, 0xb, 0xff, 0xff, 0xb0, 0x0, 0x0,
    0x0, 0x0, 0xbf, 0xff, 0xff, 0xfb, 0x0, 0x0,
    0x0, 0xb, 0xff, 0xff, 0xff, 0xff, 0xb0, 0x0,
    0x0, 0x4f, 0xff, 0xff, 0xff, 0xff, 0xf4, 0x0,
    0x0, 0x0, 0x0, 0xff, 0xff, 0x0, 0x0, 0x0,
    0x0, 0x0, 0x0, 0xff, 0xff, 0x0, 0x0, 0x0,
    0x0, 0x0, 0x0, 0xff, 0xff, 0x0, 0x0, 0x0,
    0x0, 0x0, 0x0, 0xff, 0xff, 0x0, 0x0, 0x0,
    0x0, 0x0, 0x0, 0xff, 0xff, 0x0, 0x0, 0x0,
    0xdf, 0xff, 0xf0, 0xdf, 0xfd, 0xf, 0xff, 0xfd,
    0xff, 0xff, 0xf9, 0x0, 0x0, 0x9f, 0xff, 0xff,
    0xff, 0xff, 0xff, 0xff, 0xff, 0xff, 0xff, 0xff,
    0xff, 0xff, 0xff, 0xff, 0xff, 0xf0, 0xe0, 0xff,
    0xdf, 0xff, 0xff, 0xff, 0xff, 0xff, 0xff, 0xfd,

    /* U+F094 "" */
    0x0, 0x0, 0x0, 0x3, 0x67, 0x76, 0x68, 0xc9,
    0x0, 0x0, 0x0, 0x4, 0xdf, 0xff, 0xff, 0xff,
    0xff, 0x90, 0x0, 0x0, 0x8f, 0xf8, 0x4f, 0xff,
    0xff, 0xff, 0xe0, 0x0, 0x8, 0xfd, 0x25, 0xcf,
    0xff, 0xff, 0xff, 0xa0, 0x0, 0x5f, 0xd1, 0xaf,
    0xff, 0xff, 0xff, 0xff, 0x70, 0x0, 0xee, 0x1b,
    0xff, 0xff, 0xff, 0xff, 0xff, 0x80, 0x5, 0xf6,
    0x7f, 0xff, 0xff, 0xff, 0xff, 0xff, 0x90, 0x9,
    0xf1, 0xef, 0xff, 0xff, 0xff, 0xff, 0xff, 0x90,
    0xb, 0xfe, 0xff, 0xff, 0xff, 0xff, 0xff, 0xff,
    0x70, 0xb, 0xff, 0xff, 0xff, 0xff, 0xff, 0xff,
    0xff, 0x50, 0xb, 0xff, 0xff, 0xff, 0xff, 0xff,
    0xff, 0xfe, 0x0, 0xa, 0xff, 0xff, 0xff, 0xff,
    0xff, 0xff, 0xf6, 0x0, 0xb, 0xff, 0xff, 0xff,
    0xff, 0xff, 0xff, 0xa0, 0x0, 0xf, 0xff, 0xff,
    0xff, 0xff, 0xff, 0xfb, 0x0, 0x0, 0xe, 0xff,
    0xff, 0xff, 0xff, 0xff, 0x80, 0x0, 0x0, 0x4,
    0xff, 0xdb, 0xcd, 0xdb, 0x71, 0x0, 0x0, 0x0,
    0x0, 0x1, 0x0, 0x0, 0x0, 0x0, 0x0, 0x0,
    0x0,

    /* U+F095 "" */
    0x0, 0x0, 0x0, 0x0, 0x0, 0x0, 0x0, 0x0,
    0x0, 0x0, 0x0, 0x0, 0x0, 0x0, 0xa, 0xea,
    0x62, 0x0, 0x0, 0x0, 0x0, 0x0, 0x2, 0xff,
    0xff, 0xf0, 0x0, 0x0, 0x0, 0x0, 0x0, 0x9f,
    0xff, 0xff, 0x0, 0x0, 0x0, 0x0, 0x0, 0xf,
    0xff, 0xff, 0xd0, 0x0, 0x0, 0x0, 0x0, 0x2,
    0xff, 0xff, 0xfb, 0x0, 0x0, 0x0, 0x0, 0x0,
    0x3, 0xef, 0xff, 0x70, 0x0, 0x0, 0x0, 0x0,
    0x0, 0x4, 0xff, 0xf2, 0x0, 0x0, 0x0, 0x0,
    0x0, 0x0, 0xbf, 0xfb, 0x0, 0x0, 0x0, 0x0,
    0x0, 0x0, 0x6f, 0xff, 0x30, 0x0, 0x0, 0x2,
    0x0, 0x0, 0x4f, 0xff, 0x90, 0x0, 0x2, 0x8f,
    0xf3, 0x0, 0x6f, 0xff, 0xd0, 0x0, 0xa, 0xff,
    0xff, 0xe4, 0xbf, 0xff, 0xd1, 0x0, 0x0, 0xef,
    0xff, 0xff, 0xff, 0xff, 0xd1, 0x0, 0x0, 0xa,
    0xff, 0xff, 0xff, 0xff, 0x90, 0x0, 0x0, 0x0,
    0x6f, 0xff, 0xff, 0xfb, 0x30, 0x0, 0x0, 0x0,
    0x2, 0xff, 0xdb, 0x72, 0x0, 0x0, 0x0, 0x0,
    0x0,

    /* U+F098 "" */
    0x8f, 0xff, 0xff, 0xff, 0xff, 0xff, 0xf8, 0xff,
    0xff, 0xff, 0xff, 0xff, 0xff, 0xff, 0xff, 0xff,
    0xff, 0xff, 0xe1, 0x37, 0xff, 0xff, 0xff, 0xff,
    0xff, 0x80, 0x0, 0xff, 0xff, 0xff, 0xff, 0xff,
    0x20, 0x2, 0xff, 0xff, 0xff, 0xff, 0xff, 0xc1,
    0x6, 0xff, 0xff, 0xff, 0xff, 0xff, 0xf2, 0xb,
    0xff, 0xff, 0xff, 0xff, 0xff, 0x70, 0x4f, 0xff,
    0xff, 0xe8, 0x3c, 0xf7, 0x1, 0xdf, 0xff, 0xff,
    0x10, 0x1, 0x20, 0x1c, 0xff, 0xff, 0xff, 0x30,
    0x0, 0x4, 0xdf, 0xff, 0xff, 0xff, 0x70, 0x26,
    0xbf, 0xff, 0xff, 0xff, 0xff, 0xff, 0xff, 0xff,
    0xff, 0xff, 0xff, 0x8f, 0xff, 0xff, 0xff, 0xff,
    0xff, 0xf8,

    /* U+F099 "" */
    0x0, 0x0, 0x0, 0x0, 0x1, 0x67, 0x20, 0x0,
    0x17, 0x0, 0x0, 0x0, 0x3e, 0xff, 0xf9, 0xc2,
    0x4f, 0x80, 0x0, 0x0, 0xdf, 0xff, 0xff, 0xc6,
    0x3f, 0xfd, 0x50, 0x2, 0xff, 0xff, 0xff, 0xa0,
    0xd, 0xff, 0xfe, 0xa9, 0xff, 0xff, 0xff, 0x50,
    0x4b, 0xff, 0xff, 0xff, 0xff, 0xff, 0xff, 0x30,
    0x1e, 0xff, 0xff, 0xff, 0xff, 0xff, 0xff, 0x0,
    0x4, 0xff, 0xff, 0xff, 0xff, 0xff, 0xfb, 0x0,
    0x0, 0xaf, 0xff, 0xff, 0xff, 0xff, 0xf3, 0x0,
    0x0, 0x8f, 0xff, 0xff, 0xff, 0xff, 0xa0, 0x0,
    0x0, 0x4, 0xbf, 0xff, 0xff, 0xfd, 0x10, 0x0,
    0x0, 0x28, 0xff, 0xff, 0xff, 0xc1, 0x0, 0x0,
    0x4c, 0xff, 0xff, 0xff, 0xd6, 0x0, 0x0, 0x0,
    0x0, 0x25, 0x77, 0x52, 0x0, 0x0, 0x0, 0x0,

    /* U+F09A "" */
    0x0, 0x0, 0x6, 0xac, 0xdb, 0x71, 0x0, 0x0,
    0x0, 0x4, 0xef, 0xff, 0xff, 0xff, 0x70, 0x0,
    0x0, 0x6f, 0xff, 0xff, 0xff, 0xff, 0xfa, 0x0,
    0x4, 0xff, 0xff, 0xff, 0x73, 0x39, 0xff, 0x80,
    0xd, 0xff, 0xff, 0xf5, 0x0, 0x6, 0xff, 0xf2,
    0x3f, 0xff, 0xff, 0xf0, 0x2, 0xac, 0xff, 0xf8,
    0x7f, 0xff, 0xff, 0xe0, 0x9, 0xff, 0xff, 0xfc,
    0x9f, 0xff, 0xff, 0xe0, 0x9, 0xff, 0xff, 0xfe,
    0x9f, 0xff, 0xe0, 0x0, 0x0, 0x8, 0xff, 0xfd,
    0x7f, 0xff, 0xe0, 0x0, 0x0, 0xa, 0xff, 0xfc,
    0x3f, 0xff, 0xfc, 0xa0, 0x7, 0xcf, 0xff, 0xf7,
    0xc, 0xff, 0xff, 0xe0, 0x9, 0xff, 0xff, 0xf1,
    0x2, 0xff, 0xff, 0xe0, 0x9, 0xff, 0xff, 0x60,
    0x0, 0x5f, 0xff, 0xe0, 0x9, 0xff, 0xf9, 0x0,
    0x0, 0x3, 0xdf, 0xe0, 0x9, 0xfe, 0x60, 0x0,
    0x0, 0x0, 0x4, 0x70, 0x5, 0x60, 0x0, 0x0,

    /* U+F09B "" */
    0x0, 0x0, 0x17, 0xab, 0xa8, 0x20, 0x0, 0x0,
    0x0, 0x9, 0xff, 0xff, 0xff, 0xfc, 0x20, 0x0,
    0x0, 0xcf, 0xff, 0xff, 0xff, 0xff, 0xf4, 0x0,
    0xa, 0xfd, 0x9f, 0xff, 0xff, 0xe8, 0xfe, 0x20,
    0x3f, 0xf8, 0x1, 0x31, 0x14, 0x0, 0xef, 0xb0,
    0xaf, 0xf8, 0x0, 0x0, 0x0, 0x0, 0xef, 0xf1,
    0xdf, 0xf1, 0x0, 0x0, 0x0, 0x0, 0x7f, 0xf5,
    0xff, 0xe0, 0x0, 0x0, 0x0, 0x0, 0x4f, 0xf7,
    0xff, 0xf0, 0x0, 0x0, 0x0, 0x0, 0x6f, 0xf7,
    0xdf, 0xf5, 0x0, 0x0, 0x0, 0x0, 0xbf, 0xf5,
    0x8f, 0xae, 0x83, 0x0, 0x1, 0x5b, 0xff, 0xf1,
    0x2f, 0xc5, 0xff, 0x10, 0x6, 0xff, 0xff, 0xa0,
    0x7, 0xf8, 0x12, 0x0, 0x3, 0xff, 0xfe, 0x10,
    0x0, 0x9f, 0xfd, 0x0, 0x3, 0xff, 0xf4, 0x0,
    0x0, 0x6, 0xef, 0x0, 0x3, 0xfc, 0x20, 0x0,
    0x0, 0x0, 0x4, 0x0, 0x0, 0x30, 0x0, 0x0,

    /* U+F09C "" */
    0x0, 0x0, 0x4b, 0xff, 0xb4, 0x0, 0x0, 0x0,
    0x6, 0xff, 0xff, 0xff, 0x60, 0x0, 0x0, 0x2f,
    0xff, 0x99, 0xff, 0xf2, 0x0, 0x0, 0x8f, 0xf3,
    0x0, 0x3f, 0xf9, 0x0, 0x0, 0xbf, 0xc0, 0x0,
    0xc, 0xfb, 0x0, 0x0, 0xcf, 0xc0, 0x0, 0x9,
    0xf9, 0x0, 0x0, 0xcf, 0xc0, 0x0, 0x0, 0x0,
    0x0, 0x0, 0xcf, 0xc0, 0x0, 0x0, 0x0, 0x0,
    0x8f, 0xff, 0xff, 0xff, 0xff, 0xff, 0xf8, 0xff,
    0xff, 0xff, 0xff, 0xff, 0xff, 0xff, 0xff, 0xff,
    0xff, 0xff, 0xff, 0xff, 0xff, 0xff, 0xff, 0xff,
    0xff, 0xff, 0xff, 0xff, 0xff, 0xff, 0xff, 0xff,
    0xff, 0xff, 0xff, 0xff, 0xff, 0xff, 0xff, 0xff,
    0xff, 0xff, 0xff, 0xff, 0xff, 0xff, 0xff, 0xff,
    0xff, 0x8f, 0xff, 0xff, 0xff, 0xff, 0xff, 0xf8,

    /* U+F09D "" */
    0x8f, 0xff, 0xff, 0xff, 0xff, 0xff, 0xff, 0xff,
    0xf8, 0xff, 0xff, 0xff, 0xff, 0xff, 0xff, 0xff,
    0xff, 0xff, 0xff, 0xff, 0xff, 0xff, 0xff, 0xff,
    0xff, 0xff, 0xff, 0x0, 0x0, 0x0, 0x0, 0x0,
    0x0, 0x0, 0x0, 0x0, 0x0, 0x0, 0x0, 0x0,
    0x0, 0x0, 0x0, 0x0, 0x0, 0x0, 0x0, 0x0,
    0x0, 0x0, 0x0, 0x0, 0x0, 0x0, 0x0, 0x0,
    0x0, 0x0, 0x0, 0x0, 0x0, 0x0, 0x0, 0xff,
    0xff, 0xff, 0xff, 0xff, 0xff, 0xff, 0xff, 0xff,
    0xff, 0xff, 0xff, 0xff, 0xff, 0xff, 0xff, 0xff,
    0xff, 0xff, 0xff, 0xff, 0xff, 0xff, 0xff, 0xff,
    0xff, 0xff, 0xff, 0x0, 0xf, 0x0, 0x0, 0xf,
    0xff, 0xff, 0xff, 0xff, 0x0, 0xf, 0x0, 0x0,
    0xf, 0xff, 0xff, 0xff, 0xff, 0xff, 0xff, 0xff,
    0xff, 0xff, 0xff, 0xff, 0xff, 0x8f, 0xff, 0xff,
    0xff, 0xff, 0xff, 0xff, 0xff, 0xf8,

    /* U+F09E "" */
    0xee, 0xc8, 0x30, 0x0, 0x0, 0x0, 0x0, 0xff,
    0xff, 0xfd, 0x50, 0x0, 0x0, 0x0, 0x7a, 0xcf,
    0xff, 0xfc, 0x20, 0x0, 0x0, 0x0, 0x1, 0x6e,
    0xff, 0xe4, 0x0, 0x0, 0x65, 0x20, 0x0, 0x8f,
    0xff, 0x40, 0x0, 0xff, 0xfd, 0x50, 0x5, 0xff,
    0xe2, 0x0, 0xef, 0xff, 0xfb, 0x0, 0x5f, 0xfc,
    0x0, 0x2, 0x7e, 0xff, 0xd0, 0x8, 0xff, 0x50,
    0x0, 0x0, 0xaf, 0xfb, 0x0, 0xef, 0xd0, 0x0,
    0x0, 0xa, 0xff, 0x50, 0x6f, 0xf3, 0x4e, 0xe4,
    0x0, 0xef, 0xd0, 0x1f, 0xf8, 0xef, 0xfe, 0x0,
    0x7f, 0xf2, 0xc, 0xfb, 0xef, 0xfe, 0x0, 0x2f,
    0xf5, 0xa, 0xfd, 0x4e, 0xe4, 0x0, 0xe, 0xf6,
    0x7, 0xfe,

    /* U+F0A0 "" */
    0x0, 0x4, 0xef, 0xff, 0xff, 0xff, 0xfe, 0x40,
    0x0, 0x0, 0x1e, 0xff, 0xff, 0xff, 0xff, 0xff,
    0xe1, 0x0, 0x0, 0xaf, 0xff, 0xff, 0xff, 0xff,
    0xff, 0xfa, 0x0, 0x5, 0xff, 0xff, 0xff, 0xff,
    0xff, 0xff, 0xff, 0x50, 0x1e, 0xff, 0xff, 0xff,
    0xff, 0xff, 0xff, 0xff, 0xe1, 0x0, 0x0, 0x0,
    0x0, 0x0, 0x0, 0x0, 0x0, 0x0, 0x8f, 0xff,
    0xff, 0xff, 0xff, 0xff, 0xff, 0xff, 0xf8, 0xff,
    0xff, 0xff, 0xff, 0xff, 0xff, 0xff, 0xff, 0xff,
    0xff, 0xff, 0xff, 0xff, 0xff, 0xf3, 0x3f, 0x33,
    0xff, 0xff, 0xff, 0xff, 0xff, 0xff, 0xf3, 0x3f,
    0x33, 0xff, 0xff, 0xff, 0xff, 0xff, 0xff, 0xff,
    0xff, 0xff, 0xff, 0x8f, 0xff, 0xff, 0xff, 0xff,
    0xff, 0xff, 0xff, 0xf8,

    /* U+F0A1 "" */
    0x0, 0x0, 0x0, 0x0, 0x0, 0x0, 0x0, 0x2c,
    0xb0, 0x0, 0x0, 0x0, 0x0, 0x0, 0x0, 0x4,
    0xef, 0xf0, 0x0, 0x0, 0x0, 0x0, 0x0, 0x0,
    0x8f, 0xff, 0xf0, 0x0, 0x0, 0x0, 0x0, 0x2,
    0x6d, 0xff, 0x7f, 0xf0, 0x4e, 0xff, 0xff, 0xff,
    0xff, 0xff, 0xd3, 0xf, 0xf0, 0xef, 0xff, 0xff,
    0xff, 0xfd, 0xa5, 0x0, 0xf, 0xf0, 0xff, 0xff,
    0xff, 0xff, 0x0, 0x0, 0x0, 0xf, 0xfa, 0xff,
    0xff, 0xff, 0xff, 0x0, 0x0, 0x0, 0xf, 0xff,
    0xff, 0xff, 0xff, 0xff, 0x0, 0x0, 0x0, 0xf,
    0xfa, 0xef, 0xff, 0xff, 0xff, 0xfd, 0xa5, 0x0,
    0xf, 0xf0, 0x4e, 0xff, 0xff, 0xff, 0xff, 0xff,
    0xd3, 0xf, 0xf0, 0x0, 0xf, 0xff, 0xf0, 0x2,
    0x7d, 0xff, 0x7f, 0xf0, 0x0, 0xf, 0xff, 0xf1,
    0x0, 0x0, 0x8f, 0xff, 0xf0, 0x0, 0xd, 0xff,
    0xf5, 0x0, 0x0, 0x4, 0xff, 0xf0, 0x0, 0x8,
    0xff, 0xfd, 0x0, 0x0, 0x0, 0x2c, 0xb0, 0x0,
    0x2, 0xff, 0xfb, 0x0, 0x0, 0x0, 0x0, 0x0,

    /* U+F0A3 "" */
    0x0, 0x0, 0x0, 0x0, 0x0, 0x0, 0x0, 0x0,
    0x0, 0x0, 0x0, 0x0, 0x9c, 0x0, 0xc9, 0x0,
    0x0, 0x0, 0x0, 0x0, 0x0, 0xef, 0xcc, 0xfe,
    0x0, 0x0, 0x0, 0x0, 0xe, 0xd9, 0xff, 0xff,
    0xff, 0x9d, 0xe0, 0x0, 0x0, 0xd, 0xff, 0xff,
    0xff, 0xff, 0xff, 0xd0, 0x0, 0x0, 0x9, 0xff,
    0xff, 0xff, 0xff, 0xff, 0x90, 0x0, 0x9, 0xef,
    0xff, 0xff, 0xff, 0xff, 0xff, 0xfe, 0x90, 0xc,
    0xff, 0xff, 0xff, 0xff, 0xff, 0xff, 0xff, 0xc0,
    0x1, 0xcf, 0xff, 0xff, 0xff, 0xff, 0xff, 0xfc,
    0x10, 0x1, 0xcf, 0xff, 0xff, 0xff, 0xff, 0xff,
    0xfc, 0x10, 0xc, 0xff, 0xff, 0xff, 0xff, 0xff,
    0xff, 0xff, 0xc0, 0x9, 0xef, 0xff, 0xff, 0xff,
    0xff, 0xff, 0xfe, 0x90, 0x0, 0x9, 0xff, 0xff,
    0xff, 0xff, 0xff, 0x90, 0x0, 0x0, 0xd, 0xff,
    0xff, 0xff, 0xff, 0xff, 0xd0, 0x0, 0x0, 0xe,
    0xd9, 0xff, 0xff, 0xff, 0x9d, 0xe0, 0x0, 0x0,
    0x0, 0x0, 0xef, 0xcc, 0xfe, 0x0, 0x0, 0x0,
    0x0, 0x0, 0x0, 0x9c, 0x11, 0xc9, 0x0, 0x0,
    0x0, 0x0, 0x0, 0x0, 0x0, 0x0, 0x0, 0x0,
    0x0, 0x0,

    /* U+F0A4 "" */
    0x0, 0x0, 0x0, 0x1, 0xdd, 0x20, 0x0, 0x0,
    0x0, 0x0, 0x0, 0xb, 0xff, 0x70, 0x0, 0x0,
    0x0, 0x0, 0x4, 0xdf, 0xff, 0x42, 0x22, 0x10,
    0x58, 0x51, 0xbf, 0xff, 0xff, 0xff, 0xff, 0xfa,
    0xff, 0xf7, 0xff, 0xff, 0xff, 0xff, 0xff, 0xfe,
    0xff, 0xf8, 0xff, 0xff, 0xff, 0xfd, 0x99, 0x93,
    0xff, 0xf8, 0xff, 0xff, 0xff, 0xfc, 0x0, 0x0,
    0xff, 0xf8, 0xff, 0xff, 0xff, 0xf8, 0x0, 0x0,
    0xff, 0xf8, 0xff, 0xff, 0xff, 0xf6, 0x0, 0x0,
    0xf0, 0xf8, 0xff, 0xff, 0xff, 0xe2, 0x0, 0x0,
    0xdf, 0xd4, 0xef, 0xff, 0xff, 0xc0, 0x0, 0x0,
    0x0, 0x0, 0x4, 0xbf, 0xfd, 0x40, 0x0, 0x0,

    /* U+F0A5 "" */
    0x0, 0x0, 0x0, 0x2d, 0xc0, 0x0, 0x0, 0x0,
    0x0, 0x0, 0x0, 0x7, 0xff, 0xa0, 0x0, 0x0,
    0x0, 0x0, 0x12, 0x22, 0x5f, 0xff, 0xc3, 0x0,
    0x0, 0x0, 0xbf, 0xff, 0xff, 0xff, 0xff, 0xfb,
    0x5, 0x85, 0xf, 0xff, 0xff, 0xff, 0xff, 0xff,
    0xf6, 0xff, 0xf0, 0x49, 0x99, 0xdf, 0xff, 0xff,
    0xff, 0x8f, 0xff, 0x0, 0x0, 0xd, 0xff, 0xff,
    0xff, 0xf8, 0xff, 0xf0, 0x0, 0x0, 0x9f, 0xff,
    0xff, 0xff, 0x8f, 0xff, 0x0, 0x0, 0x7, 0xff,
    0xff, 0xff, 0xf8, 0xff, 0xf0, 0x0, 0x0, 0x2f,
    0xff, 0xff, 0xff, 0x8e, 0x1f, 0x0, 0x0, 0x0,
    0xcf, 0xff, 0xff, 0xe3, 0xdf, 0xc0, 0x0, 0x0,
    0x4, 0xdf, 0xeb, 0x40, 0x0, 0x0,

    /* U+F0A6 "" */
    0x0, 0xa, 0xe3, 0x0, 0x0, 0x0, 0x0, 0x1f,
    0xf9, 0x0, 0x0, 0x0, 0x0, 0x2f, 0xf9, 0x0,
    0x0, 0x0, 0x0, 0x2f, 0xf9, 0x0, 0x0, 0x0,
    0x0, 0x2f, 0xfd, 0xc8, 0x62, 0x0, 0x27, 0x4f,
    0xff, 0xff, 0xfe, 0xc3, 0xdf, 0xff, 0xff, 0xff,
    0xff, 0xfd, 0xdf, 0xff, 0xff, 0xff, 0xff, 0xff,
    0x1b, 0xff, 0xff, 0xff, 0xff, 0xfe, 0x0, 0xdf,
    0xff, 0xff, 0xff, 0xfb, 0x0, 0x4f, 0xff, 0xff,
    0xff, 0xf4, 0x0, 0xb, 0xff, 0xff, 0xff, 0xe0,
    0x0, 0x1, 0x78, 0x88, 0x88, 0x40, 0x0, 0x5,
    0xff, 0xff, 0xff, 0xd0, 0x0, 0x8, 0xff, 0xff,
    0xf0, 0xf0, 0x0, 0x5, 0xff, 0xff, 0xff, 0xd0,

    /* U+F0A7 "" */
    0x0, 0x5, 0xff, 0xff, 0xff, 0xd0, 0x0, 0x8,
    0xff, 0xff, 0xf0, 0xf0, 0x0, 0x6, 0xff, 0xff,
    0xff, 0xe0, 0x0, 0x0, 0x67, 0x77, 0x77, 0x30,
    0x0, 0xa, 0xff, 0xff, 0xff, 0xd0, 0x0, 0x3f,
    0xff, 0xff, 0xff, 0xf4, 0x0, 0xcf, 0xff, 0xff,
    0xff, 0xfa, 0xa, 0xff, 0xff, 0xff, 0xff, 0xfe,
    0xcf, 0xff, 0xff, 0xff, 0xff, 0xff, 0xef, 0xff,
    0xff, 0xff, 0xff, 0xfd, 0x28, 0x5f, 0xff, 0xff,
    0xff, 0xd4, 0x0, 0x2f, 0xfd, 0xe9, 0x82, 0x0,
    0x0, 0x2f, 0xf9, 0x0, 0x0, 0x0, 0x0, 0x2f,
    0xf9, 0x0, 0x0, 0x0, 0x0, 0x1f, 0xf9, 0x0,
    0x0, 0x0, 0x0, 0xc, 0xf4, 0x0, 0x0, 0x0,
    0x0, 0x0, 0x0, 0x0, 0x0, 0x0,

    /* U+F0A8 "" */
    0x0, 0x0, 0x5, 0x9b, 0xb9, 0x50, 0x0, 0x0,
    0x0, 0x4, 0xdf, 0xff, 0xff, 0xfd, 0x40, 0x0,
    0x0, 0x6f, 0xff, 0xff, 0xff, 0xff, 0xf6, 0x0,
    0x4, 0xff, 0xff, 0xf6, 0x5f, 0xff, 0xff, 0x40,
    0xd, 0xff, 0xff, 0x50, 0x1f, 0xff, 0xff, 0xd0,
    0x5f, 0xff, 0xf5, 0x1, 0xcf, 0xff, 0xff, 0xf5,
    0x9f, 0xff, 0x50, 0x1d, 0xff, 0xff, 0xff, 0xf9,
    0xbf, 0xf6, 0x0, 0x0, 0x0, 0x0, 0x2f, 0xfb,
    0xbf, 0xf6, 0x0, 0x0, 0x0, 0x0, 0x2f, 0xfb,
    0x9f, 0xff, 0x50, 0x1d, 0xff, 0xff, 0xff, 0xf9,
    0x5f, 0xff, 0xf5, 0x1, 0xcf, 0xff, 0xff, 0xf5,
    0xe, 0xff, 0xff, 0x50, 0x1f, 0xff, 0xff, 0xd0,
    0x4, 0xff, 0xff, 0xf6, 0x5f, 0xff, 0xff, 0x40,
    0x0, 0x6f, 0xff, 0xff, 0xff, 0xff, 0xf6, 0x0,
    0x0, 0x4, 0xef, 0xff, 0xff, 0xfd, 0x40, 0x0,
    0x0, 0x0, 0x5, 0x9b, 0xb9, 0x50, 0x0, 0x0,

    /* U+F0A9 "" */
    0x0, 0x0, 0x5, 0x9b, 0xb9, 0x50, 0x0, 0x0,
    0x0, 0x4, 0xdf, 0xff, 0xff, 0xfd, 0x40, 0x0,
    0x0, 0x6f, 0xff, 0xff, 0xff, 0xff, 0xf6, 0x0,
    0x4, 0xff, 0xff, 0xf5, 0x6f, 0xff, 0xff, 0x40,
    0xd, 0xff, 0xff, 0xf1, 0x5, 0xff, 0xff, 0xd0,
    0x5f, 0xff, 0xff, 0xfc, 0x10, 0x5f, 0xff, 0xf5,
    0x9f, 0xff, 0xff, 0xff, 0xd1, 0x5, 0xff, 0xf9,
    0xbf, 0xf2, 0x0, 0x0, 0x0, 0x0, 0x6f, 0xfb,
    0xbf, 0xf2, 0x0, 0x0, 0x0, 0x0, 0x6f, 0xfb,
    0x9f, 0xff, 0xff, 0xff, 0xd1, 0x5, 0xff, 0xf9,
    0x5f, 0xff, 0xff, 0xfc, 0x10, 0x5f, 0xff, 0xf5,
    0xe, 0xff, 0xff, 0xf1, 0x5, 0xff, 0xff, 0xd0,
    0x4, 0xff, 0xff, 0xf5, 0x6f, 0xff, 0xff, 0x40,
    0x0, 0x6f, 0xff, 0xff, 0xff, 0xff, 0xf6, 0x0,
    0x0, 0x4, 0xef, 0xff, 0xff, 0xfd, 0x40, 0x0,
    0x0, 0x0, 0x5, 0x9b, 0xb9, 0x50, 0x0, 0x0,

    /* U+F0AA "" */
    0x0, 0x0, 0x5, 0x9b, 0xb9, 0x50, 0x0, 0x0,
    0x0, 0x4, 0xef, 0xff, 0xff, 0xfe, 0x40, 0x0,
    0x0, 0x7f, 0xff, 0xff, 0xff, 0xff, 0xf7, 0x0,
    0x4, 0xff, 0xff, 0xf6, 0x6f, 0xff, 0xff, 0x40,
    0xe, 0xff, 0xff, 0x50, 0x5, 0xff, 0xff, 0xe0,
    0x5f, 0xff, 0xf5, 0x0, 0x0, 0x5f, 0xff, 0xf5,
    0x9f, 0xff, 0x50, 0x10, 0x1, 0x5, 0xff, 0xf9,
    0xbf, 0xf6, 0x1, 0xd0, 0xd, 0x10, 0x6f, 0xfb,
    0xbf, 0xf5, 0x1c, 0xf0, 0xf, 0xc1, 0x5f, 0xfb,
    0x9f, 0xff, 0xff, 0xf0, 0xf, 0xff, 0xff, 0xf9,
    0x5f, 0xff, 0xff, 0xf0, 0xf, 0xff, 0xff, 0xf5,
    0xe, 0xff, 0xff, 0xf0, 0xf, 0xff, 0xff, 0xd0,
    0x4, 0xff, 0xff, 0xf2, 0x2f, 0xff, 0xff, 0x40,
    0x0, 0x6f, 0xff, 0xff, 0xff, 0xff, 0xf6, 0x0,
    0x0, 0x4, 0xef, 0xff, 0xff, 0xfd, 0x40, 0x0,
    0x0, 0x0, 0x5, 0x9b, 0xb9, 0x50, 0x0, 0x0,

    /* U+F0AB "" */
    0x0, 0x0, 0x5, 0x9b, 0xb9, 0x50, 0x0, 0x0,
    0x0, 0x4, 0xdf, 0xff, 0xff, 0xfd, 0x40, 0x0,
    0x0, 0x6f, 0xff, 0xff, 0xff, 0xff, 0xf6, 0x0,
    0x4, 0xff, 0xff, 0xf2, 0x2f, 0xff, 0xff, 0x40,
    0xd, 0xff, 0xff, 0xf0, 0xf, 0xff, 0xff, 0xd0,
    0x5f, 0xff, 0xff, 0xf0, 0xf, 0xff, 0xff, 0xf5,
    0x9f, 0xff, 0xff, 0xf0, 0xf, 0xff, 0xff, 0xf9,
    0xbf, 0xf5, 0x1c, 0xf0, 0xf, 0xc1, 0x5f, 0xfb,
    0xbf, 0xf6, 0x1, 0xd0, 0xd, 0x10, 0x6f, 0xfb,
    0x9f, 0xff, 0x50, 0x10, 0x1, 0x5, 0xff, 0xf9,
    0x5f, 0xff, 0xf5, 0x0, 0x0, 0x5f, 0xff, 0xf5,
    0xe, 0xff, 0xff, 0x50, 0x5, 0xff, 0xff, 0xe0,
    0x4, 0xff, 0xff, 0xf6, 0x6f, 0xff, 0xff, 0x40,
    0x0, 0x7f, 0xff, 0xff, 0xff, 0xff, 0xf7, 0x0,
    0x0, 0x5, 0xef, 0xff, 0xff, 0xfe, 0x40, 0x0,
    0x0, 0x0, 0x5, 0x9b, 0xb9, 0x50, 0x0, 0x0,

    /* U+F0AC "" */
    0x0, 0x0, 0x1, 0x2a, 0x70, 0x20, 0x0, 0x0,
    0x0, 0x6, 0xe1, 0xdf, 0xf5, 0x7c, 0x20, 0x0,
    0x0, 0xaf, 0x94, 0xff, 0xfd, 0x1f, 0xf3, 0x0,
    0x8, 0xff, 0x4a, 0xff, 0xff, 0x2c, 0xfe, 0x10,
    0x2f, 0xff, 0x1d, 0xff, 0xff, 0x68, 0xff, 0xa0,
    0x0, 0x0, 0x0, 0x0, 0x0, 0x0, 0x0, 0x0,
    0xdf, 0xfd, 0x2f, 0xff, 0xff, 0xb4, 0xff, 0xf5,
    0xff, 0xfc, 0x3f, 0xff, 0xff, 0xb4, 0xff, 0xf7,
    0xff, 0xfc, 0x3f, 0xff, 0xff, 0xb4, 0xff, 0xf7,
    0xdf, 0xfd, 0x2f, 0xff, 0xff, 0xb4, 0xff, 0xf5,
    0x0, 0x0, 0x0, 0x0, 0x0, 0x0, 0x0, 0x0,
    0x2f, 0xff, 0x1d, 0xff, 0xff, 0x68, 0xff, 0xa0,
    0x8, 0xff, 0x4a, 0xff, 0xff, 0x2c, 0xfe, 0x10,
    0x0, 0xaf, 0x94, 0xff, 0xfd, 0x1f, 0xf3, 0x0,
    0x0, 0x6, 0xe1, 0xdf, 0xf5, 0x7c, 0x20, 0x0,
    0x0, 0x0, 0x1, 0x2a, 0x70, 0x20, 0x0, 0x0,

    /* U+F0AD "" */
    0x0, 0x0, 0x0, 0x0, 0x0, 0x0, 0x0, 0x0,
    0x0, 0x0, 0x0, 0x0, 0x0, 0x7d, 0xfa, 0x0,
    0x0, 0x0, 0x0, 0x0, 0x0, 0xcf, 0xfe, 0x20,
    0x0, 0x0, 0x0, 0x0, 0x0, 0x7f, 0xfe, 0x20,
    0x0, 0x0, 0x0, 0x0, 0x0, 0xd, 0xff, 0x80,
    0x0, 0x2a, 0x0, 0x0, 0x0, 0x0, 0xff, 0xfa,
    0x0, 0x2e, 0xf0, 0x0, 0x0, 0x0, 0xd, 0xff,
    0xfa, 0x8e, 0xfd, 0x0, 0x0, 0x0, 0x5, 0xff,
    0xff, 0xff, 0xff, 0x70, 0x0, 0x0, 0x5, 0xff,
    0xff, 0xff, 0xff, 0xc0, 0x0, 0x0, 0x5, 0xff,
    0xff, 0xfd, 0xfd, 0x70, 0x0, 0x0, 0x5, 0xff,
    0xff, 0xf5, 0x0, 0x0, 0x0, 0x0, 0x5, 0xff,
    0xff, 0xf5, 0x0, 0x0, 0x0, 0x0, 0x5, 0xff,
    0xff, 0xf5, 0x0, 0x0, 0x0, 0x0, 0x4, 0xff,
    0xff, 0xf5, 0x0, 0x0, 0x0, 0x0, 0x0, 0xe9,
    0x9f, 0xf5, 0x0, 0x0, 0x0, 0x0, 0x0, 0xe,
    0x99, 0xf5, 0x0, 0x0, 0x0, 0x0, 0x0, 0x0,
    0x4e, 0xe4, 0x0, 0x0, 0x0, 0x0, 0x0, 0x0,
    0x0,

    /* U+F0AE "" */
    0x0, 0x0, 0xb7, 0x0, 0x0, 0x0, 0x0, 0x0,
    0x0, 0x82, 0xbf, 0x52, 0xff, 0xff, 0xff, 0xff,
    0xfb, 0x1e, 0xff, 0x50, 0x2f, 0xff, 0xff, 0xff,
    0xff, 0xb0, 0x2d, 0x50, 0x0, 0x0, 0x0, 0x0,
    0x0, 0x0, 0x0, 0x0, 0x0, 0x0, 0x0, 0x0,
    0x0, 0x0, 0x0, 0x0, 0xb, 0x80, 0x0, 0x0,
    0x0, 0x0, 0x0, 0x9, 0x3c, 0xf5, 0x2f, 0xff,
    0xff, 0xff, 0xff, 0xb1, 0xef, 0xf5, 0x2, 0xff,
    0xff, 0xff, 0xff, 0xfb, 0x2, 0xd5, 0x0, 0x0,
    0x0, 0x0, 0x0, 0x0, 0x0, 0x0, 0x0, 0x0,
    0x0, 0x0, 0x0, 0x0, 0x0, 0x0, 0x64, 0x0,
    0x0, 0x0, 0x0, 0x0, 0x0, 0x0, 0x9f, 0xf2,
    0x2, 0xff, 0xff, 0xff, 0xff, 0xfb, 0x9, 0xff,
    0x20, 0x2f, 0xff, 0xff, 0xff, 0xff, 0xb0, 0x6,
    0x40, 0x0, 0x0, 0x0, 0x0, 0x0, 0x0,

    /* U+F0B0 "" */
    0xd, 0xff, 0xff, 0xff, 0xff, 0xff, 0xff, 0xff,
    0xd0, 0x8, 0xff, 0xff, 0xff, 0xff, 0xff, 0xff,
    0xff, 0x80, 0x0, 0x9f, 0xff, 0xff, 0xff, 0xff,
    0xff, 0xf8, 0x0, 0x0, 0x9, 0xff, 0xff, 0xff,
    0xff, 0xff, 0x80, 0x0, 0x0, 0x0, 0x9f, 0xff,
    0xff, 0xff, 0xf8, 0x0, 0x0, 0x0, 0x0, 0x9,
    0xff, 0xff, 0xff, 0x80, 0x0, 0x0, 0x0, 0x0,
    0x0, 0x9f, 0xff, 0xf8, 0x0, 0x0, 0x0, 0x0,
    0x0, 0x0, 0xf, 0xff, 0xf0, 0x0, 0x0, 0x0,
    0x0, 0x0, 0x0, 0xf, 0xff, 0xf0, 0x0, 0x0,
    0x0, 0x0, 0x0, 0x0, 0xf, 0xff, 0xf0, 0x0,
    0x0, 0x0, 0x0, 0x0, 0x0, 0xf, 0xff, 0xf0,
    0x0, 0x0, 0x0, 0x0, 0x0, 0x0, 0xf, 0xff,
    0xf0, 0x0, 0x0, 0x0, 0x0, 0x0, 0x0, 0xf,
    0xff, 0xf0, 0x0, 0x0, 0x0, 0x0, 0x0, 0x0,
    0xf, 0xff, 0xf0, 0x0, 0x0, 0x0, 0x0, 0x0,
    0x0, 0x4, 0xef, 0xf0, 0x0, 0x0, 0x0, 0x0,
    0x0, 0x0, 0x0, 0x1a, 0xd0, 0x0, 0x0, 0x0,
    0x0, 0x0, 0x0, 0x0, 0x0, 0x0, 0x0, 0x0,
    0x0,

    /* U+F0B1 "" */
    0x0, 0x0, 0x8f, 0xff, 0xff, 0xf8, 0x0, 0x0,
    0x0, 0x0, 0xff, 0xff, 0xff, 0xff, 0x0, 0x0,
    0x0, 0x0, 0xff, 0x0, 0x0, 0xff, 0x0, 0x0,
    0x8f, 0xff, 0xff, 0xff, 0xff, 0xff, 0xff, 0xf8,
    0xff, 0xff, 0xff, 0xff, 0xff, 0xff, 0xff, 0xff,
    0xff, 0xff, 0xff, 0xff, 0xff, 0xff, 0xff, 0xff,
    0xff, 0xff, 0xff, 0xff, 0xff, 0xff, 0xff, 0xff,
    0x0, 0x0, 0x0, 0x0, 0x0, 0x0, 0x0, 0x0,
    0xff, 0xff, 0xff, 0x0, 0x0, 0xff, 0xff, 0xff,
    0xff, 0xff, 0xff, 0x10, 0x1, 0xff, 0xff, 0xff,
    0xff, 0xff, 0xff, 0xff, 0xff, 0xff, 0xff, 0xff,
    0xff, 0xff, 0xff, 0xff, 0xff, 0xff, 0xff, 0xff,
    0xff, 0xff, 0xff, 0xff, 0xff, 0xff, 0xff, 0xff,
    0x8f, 0xff, 0xff, 0xff, 0xff, 0xff, 0xff, 0xf8,

    /* U+F0B2 "" */
    0x0, 0x0, 0x0, 0xb, 0xb0, 0x0, 0x0, 0x0,
    0x0, 0x0, 0x0, 0xcf, 0xfc, 0x0, 0x0, 0x0,
    0x0, 0x0, 0xc, 0xff, 0xff, 0xc0, 0x0, 0x0,
    0x0, 0x0, 0x1e, 0xff, 0xff, 0xe1, 0x0, 0x0,
    0x0, 0x1, 0x0, 0xe, 0xe0, 0x0, 0x10, 0x0,
    0x0, 0xce, 0x0, 0xe, 0xe0, 0x0, 0xec, 0x0,
    0xc, 0xff, 0x0, 0xe, 0xe0, 0x0, 0xff, 0xc0,
    0xbf, 0xff, 0xee, 0xef, 0xfe, 0xee, 0xff, 0xfb,
    0xbf, 0xff, 0xee, 0xef, 0xfe, 0xee, 0xff, 0xfb,
    0xc, 0xff, 0x0, 0xe, 0xe0, 0x0, 0xff, 0xc0,
    0x0, 0xce, 0x0, 0xe, 0xe0, 0x0, 0xec, 0x0,
    0x0, 0x1, 0x0, 0xe, 0xe0, 0x0, 0x10, 0x0,
    0x0, 0x0, 0x1e, 0xff, 0xff, 0xe1, 0x0, 0x0,
    0x0, 0x0, 0xc, 0xff, 0xff, 0xc0, 0x0, 0x0,
    0x0, 0x0, 0x0, 0xcf, 0xfc, 0x0, 0x0, 0x0,
    0x0, 0x0, 0x0, 0xb, 0xb0, 0x0, 0x0, 0x0,

    /* U+F0C0 "" */
    0x0, 0x0, 0x0, 0x2, 0xbf, 0xe8, 0x0, 0x0,
    0x0, 0x0, 0x0, 0x0, 0x0, 0x1e, 0xff, 0xff,
    0x90, 0x0, 0x0, 0x0, 0x4, 0xee, 0x40, 0x8f,
    0xff, 0xff, 0xf1, 0x4, 0xee, 0x40, 0xe, 0xff,
    0xe0, 0xbf, 0xff, 0xff, 0xf4, 0xe, 0xff, 0xe0,
    0xe, 0xff, 0xe0, 0x8f, 0xff, 0xff, 0xf1, 0xe,
    0xff, 0xe0, 0x4, 0xee, 0x40, 0x1e, 0xff, 0xff,
    0x90, 0x4, 0xee, 0x40, 0x0, 0x0, 0x0, 0x2,
    0xbf, 0xe8, 0x0, 0x0, 0x0, 0x0, 0x4e, 0xff,
    0xe1, 0x0, 0x0, 0x0, 0x0, 0x2e, 0xff, 0xe4,
    0xef, 0xff, 0x45, 0xdf, 0xb8, 0x9d, 0xfc, 0x45,
    0xff, 0xfe, 0xff, 0xf9, 0x4f, 0xff, 0xff, 0xff,
    0xff, 0xf4, 0x9f, 0xff, 0xcf, 0xf3, 0xcf, 0xff,
    0xff, 0xff, 0xff, 0xfc, 0x3f, 0xfc, 0x0, 0x0,
    0xff, 0xff, 0xff, 0xff, 0xff, 0xff, 0x0, 0x0,
    0x0, 0x0, 0xff, 0xff, 0xff, 0xff, 0xff, 0xff,
    0x0, 0x0, 0x0, 0x0, 0x8f, 0xff, 0xff, 0xff,
    0xff, 0xf8, 0x0, 0x0,

    /* U+F0C1 "" */
    0x0, 0x0, 0x0, 0x0, 0x2a, 0xef, 0xd6, 0x0,
    0x0, 0x0, 0x0, 0x4, 0xff, 0xff, 0xff, 0xa0,
    0x0, 0x0, 0x0, 0x4f, 0xff, 0xa9, 0xef, 0xf6,
    0x0, 0x0, 0x3, 0xff, 0xf5, 0x0, 0x1e, 0xfd,
    0x0, 0x0, 0xe, 0xff, 0x50, 0x0, 0x9, 0xff,
    0x0, 0x0, 0x6f, 0xf6, 0x4b, 0x10, 0xb, 0xfe,
    0x0, 0x31, 0x8f, 0xf0, 0xff, 0xc0, 0x5f, 0xfa,
    0x4, 0xf7, 0x8f, 0xf1, 0xaf, 0xf4, 0xaf, 0xf2,
    0x2f, 0xfa, 0x4f, 0xfa, 0x1f, 0xf8, 0x7f, 0x40,
    0xaf, 0xf5, 0xc, 0xff, 0xf, 0xf8, 0x13, 0x0,
    0xef, 0xb0, 0x1, 0xb4, 0x6f, 0xf6, 0x0, 0x0,
    0xff, 0x90, 0x0, 0x5, 0xff, 0xe0, 0x0, 0x0,
    0xdf, 0xe1, 0x0, 0x5f, 0xff, 0x30, 0x0, 0x0,
    0x6f, 0xfe, 0x8a, 0xff, 0xf4, 0x0, 0x0, 0x0,
    0xa, 0xff, 0xff, 0xff, 0x40, 0x0, 0x0, 0x0,
    0x0, 0x6d, 0xfe, 0xa2, 0x0, 0x0, 0x0, 0x0,

    /* U+F0C2 "" */
    0x0, 0x0, 0x4, 0xcf, 0xeb, 0x40, 0x0, 0x0,
    0x0, 0x0, 0x0, 0x0, 0x8f, 0xff, 0xff, 0xf8,
    0x0, 0x0, 0x0, 0x0, 0x0, 0x4, 0xff, 0xff,
    0xff, 0xff, 0xae, 0xe8, 0x0, 0x0, 0x0, 0xc,
    0xff, 0xff, 0xff, 0xff, 0xff, 0xff, 0x80, 0x0,
    0x0, 0xf, 0xff, 0xff, 0xff, 0xff, 0xff, 0xff,
    0xe0, 0x0, 0x0, 0x7f, 0xff, 0xff, 0xff, 0xff,
    0xff, 0xff, 0xe0, 0x0, 0xc, 0xff, 0xff, 0xff,
    0xff, 0xff, 0xff, 0xff, 0xfa, 0x20, 0x7f, 0xff,
    0xff, 0xff, 0xff, 0xff, 0xff, 0xff, 0xff, 0xe2,
    0xdf, 0xff, 0xff, 0xff, 0xff, 0xff, 0xff, 0xff,
    0xff, 0xfa, 0xff, 0xff, 0xff, 0xff, 0xff, 0xff,
    0xff, 0xff, 0xff, 0xff, 0xdf, 0xff, 0xff, 0xff,
    0xff, 0xff, 0xff, 0xff, 0xff, 0xff, 0x8f, 0xff,
    0xff, 0xff, 0xff, 0xff, 0xff, 0xff, 0xff, 0xfb,
    0xc, 0xff, 0xff, 0xff, 0xff, 0xff, 0xff, 0xff,
    0xff, 0xe2, 0x0, 0x8d, 0xff, 0xff, 0xff, 0xff,
    0xff, 0xff, 0xfb, 0x20,

    /* U+F0C3 "" */
    0x0, 0x0, 0xdf, 0xff, 0xff, 0xfd, 0x0, 0x0,
    0x0, 0x0, 0xdf, 0xff, 0xff, 0xfd, 0x0, 0x0,
    0x0, 0x0, 0xf, 0xf0, 0xf, 0xf0, 0x0, 0x0,
    0x0, 0x0, 0xf, 0xf0, 0xf, 0xf0, 0x0, 0x0,
    0x0, 0x0, 0xf, 0xf0, 0xf, 0xf0, 0x0, 0x0,
    0x0, 0x0, 0xf, 0xf0, 0xf, 0xf0, 0x0, 0x0,
    0x0, 0x0, 0xf, 0xf0, 0xf, 0xf0, 0x0, 0x0,
    0x0, 0x0, 0x7f, 0xc0, 0xc, 0xf7, 0x0, 0x0,
    0x0, 0x2, 0xff, 0x30, 0x3, 0xff, 0x20, 0x0,
    0x0, 0xb, 0xf9, 0x0, 0x0, 0x9f, 0xb0, 0x0,
    0x0, 0x5f, 0xff, 0xff, 0xff, 0xff, 0xf5, 0x0,
    0x0, 0xef, 0xff, 0xff, 0xff, 0xff, 0xfe, 0x0,
    0x9, 0xff, 0xff, 0xff, 0xff, 0xff, 0xff, 0x90,
    0xf, 0xff, 0xff, 0xff, 0xff, 0xff, 0xff, 0xf0,
    0xd, 0xff, 0xff, 0xff, 0xff, 0xff, 0xff, 0xd0,
    0x3, 0xdf, 0xff, 0xff, 0xff, 0xff, 0xfd, 0x30,

    /* U+F0C4 "" */
    0x8, 0xee, 0x80, 0x0, 0x0, 0x6, 0x61, 0x8,
    0xff, 0xff, 0x80, 0x0, 0x2d, 0xff, 0xd0, 0xef,
    0x33, 0xfe, 0x0, 0x2e, 0xff, 0xf3, 0xe, 0xf3,
    0x3f, 0xe0, 0x2e, 0xff, 0xf3, 0x0, 0x8f, 0xff,
    0xff, 0x6e, 0xff, 0xf3, 0x0, 0x0, 0x8e, 0xff,
    0xff, 0xff, 0xf3, 0x0, 0x0, 0x0, 0x2, 0xef,
    0xff, 0xf3, 0x0, 0x0, 0x0, 0x0, 0x2e, 0xff,
    0xff, 0x30, 0x0, 0x0, 0x8, 0xef, 0xff, 0xff,
    0xff, 0x30, 0x0, 0x8, 0xff, 0xff, 0xf6, 0xef,
    0xff, 0x30, 0x0, 0xef, 0x33, 0xfe, 0x2, 0xef,
    0xff, 0x30, 0xe, 0xf3, 0x3f, 0xe0, 0x2, 0xef,
    0xff, 0x30, 0x8f, 0xff, 0xf8, 0x0, 0x2, 0xdf,
    0xfd, 0x0, 0x8e, 0xe8, 0x0, 0x0, 0x0, 0x66,
    0x10,

    /* U+F0C5 "" */
    0x0, 0x0, 0xdf, 0xff, 0xff, 0xd, 0x10, 0x0,
    0x0, 0xff, 0xff, 0xff, 0xf, 0xd1, 0x0, 0x0,
    0xff, 0xff, 0xff, 0xf, 0xfd, 0xdf, 0xf0, 0xff,
    0xff, 0xff, 0x20, 0x0, 0xff, 0xf0, 0xff, 0xff,
    0xff, 0xff, 0xff, 0xff, 0xf0, 0xff, 0xff, 0xff,
    0xff, 0xff, 0xff, 0xf0, 0xff, 0xff, 0xff, 0xff,
    0xff, 0xff, 0xf0, 0xff, 0xff, 0xff, 0xff, 0xff,
    0xff, 0xf0, 0xff, 0xff, 0xff, 0xff, 0xff, 0xff,
    0xf0, 0xff, 0xff, 0xff, 0xff, 0xff, 0xff, 0xf0,
    0xff, 0xff, 0xff, 0xff, 0xff, 0xff, 0xf0, 0xff,
    0xff, 0xff, 0xff, 0xff, 0xff, 0xf0, 0xdf, 0xff,
    0xff, 0xff, 0xfd, 0xff, 0xf9, 0x0, 0x0, 0x0,
    0x0, 0x0, 0xff, 0xff, 0xff, 0xff, 0xff, 0x0,
    0x0, 0xdf, 0xff, 0xff, 0xff, 0xfd, 0x0, 0x0,

    /* U+F0C6 "" */
    0x0, 0x0, 0x0, 0x0, 0x5d, 0xfd, 0x50, 0x0,
    0x0, 0x0, 0x7, 0xff, 0xff, 0xf4, 0x0, 0x0,
    0x0, 0x7f, 0xf6, 0x8, 0xfc, 0x0, 0x0, 0x6,
    0xff, 0x60, 0x0, 0xff, 0x0, 0x0, 0x6f, 0xf8,
    0xe9, 0x5, 0xfd, 0x0, 0x6, 0xff, 0x8e, 0xfb,
    0x3f, 0xf6, 0x0, 0x5f, 0xf8, 0xef, 0xb4, 0xff,
    0x90, 0x5, 0xff, 0x8e, 0xfc, 0x4f, 0xfa, 0x50,
    0x2f, 0xf8, 0xdf, 0xc4, 0xff, 0xac, 0xf6, 0xaf,
    0x99, 0xfc, 0x4f, 0xfb, 0xbf, 0xe2, 0xef, 0x2b,
    0xf9, 0xef, 0xbb, 0xfe, 0x20, 0xff, 0x16, 0xff,
    0xfb, 0xbf, 0xe2, 0x0, 0xcf, 0x50, 0x59, 0x7b,
    0xfe, 0x20, 0x0, 0x6f, 0xf5, 0x2, 0xbf, 0xe3,
    0x0, 0x0, 0xa, 0xff, 0xff, 0xfe, 0x30, 0x0,
    0x0, 0x0, 0x6d, 0xfe, 0xa1, 0x0, 0x0, 0x0,

    /* U+F0C7 "" */
    0x8f, 0xff, 0xff, 0xff, 0xff, 0xc1, 0x0, 0xff,
    0xff, 0xff, 0xff, 0xff, 0xfd, 0x10, 0xff, 0x0,
    0x0, 0x0, 0x1, 0xff, 0xd1, 0xff, 0x0, 0x0,
    0x0, 0x0, 0xff, 0xfc, 0xff, 0x0, 0x0, 0x0,
    0x0, 0xff, 0xff, 0xff, 0x0, 0x0, 0x0, 0x0,
    0xff, 0xff, 0xff, 0xff, 0xff, 0xff, 0xff, 0xff,
    0xff, 0xff, 0xff, 0xff, 0xff, 0xff, 0xff, 0xff,
    0xff, 0xff, 0xfb, 0x11, 0xbf, 0xff, 0xff, 0xff,
    0xff, 0xf1, 0x0, 0x1f, 0xff, 0xff, 0xff, 0xff,
    0xf1, 0x0, 0x1f, 0xff, 0xff, 0xff, 0xff, 0xfb,
    0x11, 0xbf, 0xff, 0xff, 0xff, 0xff, 0xff, 0xff,
    0xff, 0xff, 0xff, 0x8f, 0xff, 0xff, 0xff, 0xff,
    0xff, 0xf8,

    /* U+F0C8 "" */
    0x8f, 0xff, 0xff, 0xff, 0xff, 0xff, 0xf8, 0xff,
    0xff, 0xff, 0xff, 0xff, 0xff, 0xff, 0xff, 0xff,
    0xff, 0xff, 0xff, 0xff, 0xff, 0xff, 0xff, 0xff,
    0xff, 0xff, 0xff, 0xff, 0xff, 0xff, 0xff, 0xff,
    0xff, 0xff, 0xff, 0xff, 0xff, 0xff, 0xff, 0xff,
    0xff, 0xff, 0xff, 0xff, 0xff, 0xff, 0xff, 0xff,
    0xff, 0xff, 0xff, 0xff, 0xff, 0xff, 0xff, 0xff,
    0xff, 0xff, 0xff, 0xff, 0xff, 0xff, 0xff, 0xff,
    0xff, 0xff, 0xff, 0xff, 0xff, 0xff, 0xff, 0xff,
    0xff, 0xff, 0xff, 0xff, 0xff, 0xff, 0xff, 0xff,
    0xff, 0xff, 0xff, 0xff, 0xff, 0xff, 0xff, 0xff,
    0xff, 0xff, 0xff, 0x8f, 0xff, 0xff, 0xff, 0xff,
    0xff, 0xf8,

    /* U+F0C9 "" */
    0x12, 0x22, 0x22, 0x22, 0x22, 0x22, 0x21, 0xff,
    0xff, 0xff, 0xff, 0xff, 0xff, 0xff, 0xff, 0xff,
    0xff, 0xff, 0xff, 0xff, 0xff, 0x12, 0x22, 0x22,
    0x22, 0x22, 0x22, 0x21, 0x0, 0x0, 0x0, 0x0,
    0x0, 0x0, 0x0, 0x12, 0x22, 0x22, 0x22, 0x22,
    0x22, 0x21, 0xff, 0xff, 0xff, 0xff, 0xff, 0xff,
    0xff, 0xff, 0xff, 0xff, 0xff, 0xff, 0xff, 0xff,
    0x12, 0x22, 0x22, 0x22, 0x22, 0x22, 0x21, 0x0,
    0x0, 0x0, 0x0, 0x0, 0x0, 0x0, 0x12, 0x22,
    0x22, 0x22, 0x22, 0x22, 0x21, 0xff, 0xff, 0xff,
    0xff, 0xff, 0xff, 0xff, 0xff, 0xff, 0xff, 0xff,
    0xff, 0xff, 0xff, 0x12, 0x22, 0x22, 0x22, 0x22,
    0x22, 0x21,

    /* U+F0CA "" */
    0x27, 0x20, 0x0, 0x0, 0x0, 0x0, 0x0, 0x0,
    0xdf, 0xd0, 0xe, 0xff, 0xff, 0xff, 0xff, 0xfe,
    0xdf, 0xd0, 0xe, 0xff, 0xff, 0xff, 0xff, 0xfe,
    0x27, 0x20, 0x0, 0x0, 0x0, 0x0, 0x0, 0x0,
    0x0, 0x0, 0x0, 0x0, 0x0, 0x0, 0x0, 0x0,
    0x27, 0x20, 0x0, 0x0, 0x0, 0x0, 0x0, 0x0,
    0xdf, 0xd0, 0xe, 0xff, 0xff, 0xff, 0xff, 0xfe,
    0xdf, 0xd0, 0xe, 0xff, 0xff, 0xff, 0xff, 0xfe,
    0x27, 0x20, 0x0, 0x0, 0x0, 0x0, 0x0, 0x0,
    0x0, 0x0, 0x0, 0x0, 0x0, 0x0, 0x0, 0x0,
    0x27, 0x20, 0x0, 0x0, 0x0, 0x0, 0x0, 0x0,
    0xdf, 0xd0, 0xe, 0xff, 0xff, 0xff, 0xff, 0xfe,
    0xdf, 0xd0, 0xe, 0xff, 0xff, 0xff, 0xff, 0xfe,
    0x27, 0x20, 0x0, 0x0, 0x0, 0x0, 0x0, 0x0,

    /* U+F0CB "" */
    0x5, 0xf0, 0x0, 0x0, 0x0, 0x0, 0x0, 0x0,
    0x0, 0xf, 0x0, 0xe, 0xff, 0xff, 0xff, 0xff,
    0xfe, 0x0, 0xf0, 0x0, 0xef, 0xff, 0xff, 0xff,
    0xff, 0xe0, 0xbf, 0xa0, 0x0, 0x0, 0x0, 0x0,
    0x0, 0x0, 0x0, 0x0, 0x0, 0x0, 0x0, 0x0,
    0x0, 0x0, 0x0, 0x9f, 0x70, 0x0, 0x0, 0x0,
    0x0, 0x0, 0x0, 0x3, 0xbb, 0x0, 0xef, 0xff,
    0xff, 0xff, 0xff, 0xe0, 0x9c, 0x20, 0xe, 0xff,
    0xff, 0xff, 0xff, 0xfe, 0xe, 0xfa, 0x0, 0x0,
    0x0, 0x0, 0x0, 0x0, 0x0, 0x0, 0x0, 0x0,
    0x0, 0x0, 0x0, 0x0, 0x0, 0xb, 0xf8, 0x0,
    0x0, 0x0, 0x0, 0x0, 0x0, 0x0, 0x3f, 0x30,
    0xe, 0xff, 0xff, 0xff, 0xff, 0xfe, 0x3, 0xbb,
    0x0, 0xef, 0xff, 0xff, 0xff, 0xff, 0xe0, 0xcf,
    0x60, 0x0, 0x0, 0x0, 0x0, 0x0, 0x0,

    /* U+F0CC "" */
    0x0, 0x0, 0x3b, 0xff, 0xfe, 0x91, 0x0, 0x0,
    0x0, 0x3, 0xff, 0xff, 0xff, 0xfe, 0x10, 0x0,
    0x0, 0xb, 0xff, 0x98, 0x8b, 0xff, 0x80, 0x0,
    0x0, 0xf, 0xf9, 0x0, 0x0, 0x65, 0x0, 0x0,
    0x0, 0xe, 0xfb, 0x0, 0x0, 0x0, 0x0, 0x0,
    0x0, 0x9, 0xff, 0xd8, 0x30, 0x0, 0x0, 0x0,
    0xef, 0xff, 0xff, 0xff, 0xff, 0xff, 0xff, 0xfe,
    0xef, 0xff, 0xff, 0xff, 0xff, 0xff, 0xff, 0xfe,
    0x0, 0x0, 0x0, 0x0, 0x0, 0x0, 0x0, 0x0,
    0x0, 0x0, 0x0, 0x0, 0x0, 0xcf, 0xe0, 0x0,
    0x0, 0x0, 0x56, 0x0, 0x0, 0x9f, 0xf0, 0x0,
    0x0, 0x8, 0xff, 0xa8, 0x89, 0xff, 0xb0, 0x0,
    0x0, 0x2, 0xef, 0xff, 0xff, 0xff, 0x30, 0x0,
    0x0, 0x0, 0x19, 0xef, 0xff, 0xb3, 0x0, 0x0,

    /* U+F0CD "" */
    0x6f, 0xff, 0xfe, 0x0, 0xef, 0xff, 0xf6, 0x6f,
    0xff, 0xfe, 0x0, 0xef, 0xff, 0xf6, 0x0, 0xff,
    0x80, 0x0, 0x8, 0xff, 0x0, 0x0, 0xff, 0x80,
    0x0, 0x8, 0xff, 0x0, 0x0, 0xff, 0x80, 0x0,
    0x8, 0xff, 0x0, 0x0, 0xff, 0x80, 0x0, 0x8,
    0xff, 0x0, 0x0, 0xff, 0x80, 0x0, 0x8, 0xff,
    0x0, 0x0, 0xff, 0x90, 0x0, 0x9, 0xff, 0x0,
    0x0, 0xcf, 0xf2, 0x0, 0x2f, 0xfc, 0x0, 0x0,
    0x4f, 0xff, 0x99, 0xff, 0xf4, 0x0, 0x0, 0x8,
    0xff, 0xff, 0xff, 0x80, 0x0, 0x0, 0x0, 0x4c,
    0xff, 0xc4, 0x0, 0x0, 0x0, 0x0, 0x0, 0x0,
    0x0, 0x0, 0x0, 0x0, 0x0, 0x0, 0x0, 0x0,
    0x0, 0x0, 0xef, 0xff, 0xff, 0xff, 0xff, 0xff,
    0xfe, 0xef, 0xff, 0xff, 0xff, 0xff, 0xff, 0xfe,

    /* U+F0CE "" */
    0x8f, 0xff, 0xff, 0xff, 0xff, 0xff, 0xff, 0xf8,
    0xff, 0xff, 0xff, 0xff, 0xff, 0xff, 0xff, 0xff,
    0xff, 0xff, 0xff, 0xff, 0xff, 0xff, 0xff, 0xff,
    0xff, 0xff, 0xff, 0xff, 0xff, 0xff, 0xff, 0xff,
    0xff, 0x0, 0x0, 0xf, 0xf0, 0x0, 0x0, 0xff,
    0xff, 0x0, 0x0, 0xf, 0xf0, 0x0, 0x0, 0xff,
    0xff, 0x0, 0x0, 0xf, 0xf0, 0x0, 0x0, 0xff,
    0xff, 0xff, 0xff, 0xff, 0xff, 0xff, 0xff, 0xff,
    0xff, 0xff, 0xff, 0xff, 0xff, 0xff, 0xff, 0xff,
    0xff, 0x0, 0x0, 0xf, 0xf0, 0x0, 0x0, 0xff,
    0xff, 0x0, 0x0, 0xf, 0xf0, 0x0, 0x0, 0xff,
    0xff, 0x0, 0x0, 0xf, 0xf0, 0x0, 0x0, 0xff,
    0xff, 0xff, 0xff, 0xff, 0xff, 0xff, 0xff, 0xff,
    0x8f, 0xff, 0xff, 0xff, 0xff, 0xff, 0xff, 0xf8,

    /* U+F0D0 "" */
    0x0, 0x80, 0x0, 0x34, 0x0, 0x8, 0xe4, 0x0,
    0x5, 0xf5, 0x2, 0xed, 0x20, 0x8f, 0xff, 0x40,
    0x8f, 0xff, 0x80, 0x43, 0x8, 0xfd, 0x5f, 0xf4,
    0x5, 0xf5, 0x0, 0x0, 0x8f, 0xd1, 0x5, 0xfe,
    0x0, 0x80, 0x0, 0x8, 0xfe, 0x10, 0x1d, 0xf8,
    0x0, 0x0, 0x0, 0x8f, 0xff, 0x61, 0xdf, 0x80,
    0x0, 0x0, 0x8, 0xff, 0xff, 0xfe, 0xf8, 0x0,
    0x0, 0x0, 0x8f, 0xff, 0xff, 0xff, 0x80, 0x0,
    0x0, 0x8, 0xff, 0xff, 0xff, 0xf8, 0x0, 0x0,
    0x0, 0x8f, 0xff, 0xff, 0xff, 0x80, 0x8, 0x0,
    0x8, 0xff, 0xff, 0xff, 0xf8, 0x0, 0x5f, 0x50,
    0x8f, 0xff, 0xff, 0xff, 0x80, 0x8, 0xff, 0xf8,
    0xef, 0xff, 0xff, 0xf8, 0x0, 0x0, 0x5f, 0x50,
    0x4f, 0xff, 0xff, 0x80, 0x0, 0x0, 0x8, 0x0,
    0x4, 0xff, 0xf8, 0x0, 0x0, 0x0, 0x0, 0x0,
    0x0, 0x4e, 0x80, 0x0, 0x0, 0x0, 0x0, 0x0,

    /* U+F0D1 "" */
    0x8f, 0xff, 0xff, 0xff, 0xff, 0xff, 0x80, 0x0,
    0x0, 0x0, 0xff, 0xff, 0xff, 0xff, 0xff, 0xff,
    0xf0, 0x0, 0x0, 0x0, 0xff, 0xff, 0xff, 0xff,
    0xff, 0xff, 0xf0, 0x0, 0x0, 0x0, 0xff, 0xff,
    0xff, 0xff, 0xff, 0xff, 0xff, 0xf7, 0x0, 0x0,
    0xff, 0xff, 0xff, 0xff, 0xff, 0xff, 0xf8, 0xbf,
    0x80, 0x0, 0xff, 0xff, 0xff, 0xff, 0xff, 0xff,
    0xf0, 0x9, 0xf8, 0x0, 0xff, 0xff, 0xff, 0xff,
    0xff, 0xff, 0xf0, 0x0, 0x9f, 0x70, 0xff, 0xff,
    0xff, 0xff, 0xff, 0xff, 0xf0, 0x0, 0xb, 0xf0,
    0xff, 0xff, 0xff, 0xff, 0xff, 0xff, 0xff, 0xff,
    0xff, 0xf0, 0xff, 0xff, 0xff, 0xff, 0xff, 0xff,
    0xff, 0xff, 0xff, 0xf0, 0xff, 0xff, 0xff, 0xff,
    0xff, 0xff, 0xff, 0xff, 0xff, 0xf0, 0xff, 0xff,
    0xaa, 0xff, 0xff, 0xff, 0xff, 0xaa, 0xff, 0xfe,
    0x8f, 0xfa, 0x0, 0xaf, 0xff, 0xff, 0xfa, 0x0,
    0xaf, 0xfe, 0x0, 0xea, 0x0, 0xae, 0x0, 0x0,
    0xea, 0x0, 0xae, 0x0, 0x0, 0x8f, 0xaa, 0xf8,
    0x0, 0x0, 0x8f, 0xaa, 0xf8, 0x0, 0x0, 0x8,
    0xee, 0x80, 0x0, 0x0, 0x8, 0xee, 0x80, 0x0,

    /* U+F0D2 "" */
    0x0, 0x0, 0x16, 0xab, 0xa8, 0x40, 0x0, 0x0,
    0x0, 0x7, 0xff, 0xff, 0xff, 0xfc, 0x20, 0x0,
    0x0, 0xaf, 0xff, 0xff, 0xff, 0xff, 0xf4, 0x0,
    0x8, 0xff, 0xf9, 0x42, 0x25, 0xcf, 0xff, 0x20,
    0x2f, 0xff, 0x40, 0x58, 0x61, 0x9, 0xff, 0xb0,
    0x9f, 0xf6, 0xc, 0xff, 0xfe, 0x20, 0xcf, 0xf2,
    0xdf, 0xf0, 0x7f, 0x55, 0xff, 0xb0, 0x6f, 0xf6,
    0xff, 0xd0, 0xbb, 0x0, 0xff, 0xe0, 0x4f, 0xf8,
    0xff, 0xe0, 0xaa, 0x4, 0xff, 0xe0, 0x4f, 0xf8,
    0xdf, 0xf3, 0x4c, 0x8, 0xff, 0x90, 0x8f, 0xf6,
    0x9f, 0xfd, 0x78, 0x7, 0xfd, 0x11, 0xef, 0xf2,
    0x3f, 0xff, 0xf5, 0x0, 0x20, 0xb, 0xff, 0xc0,
    0x9, 0xff, 0xf1, 0x5d, 0x89, 0xef, 0xff, 0x30,
    0x0, 0xcf, 0xe0, 0xaf, 0xff, 0xff, 0xf5, 0x0,
    0x0, 0x9, 0xd1, 0xff, 0xff, 0xfd, 0x40, 0x0,
    0x0, 0x0, 0x13, 0xbd, 0xca, 0x50, 0x0, 0x0,

    /* U+F0D3 "" */
    0x8f, 0xff, 0xff, 0xff, 0xff, 0xff, 0xf8, 0xff,
    0xff, 0xff, 0xff, 0xff, 0xff, 0xff, 0xff, 0xff,
    0x93, 0x0, 0x28, 0xff, 0xff, 0xff, 0xf5, 0x5,
    0x99, 0x40, 0x4f, 0xff, 0xff, 0xa0, 0x9f, 0xff,
    0xf7, 0x8, 0xff, 0xff, 0x43, 0xf6, 0x1e, 0xff,
    0x3, 0xff, 0xff, 0x17, 0xf0, 0xd, 0xff, 0x21,
    0xff, 0xff, 0x35, 0xf0, 0x1f, 0xff, 0x13, 0xff,
    0xff, 0x90, 0xe0, 0x5f, 0xfb, 0x7, 0xff, 0xff,
    0xf9, 0xc0, 0x2e, 0xc1, 0x1e, 0xff, 0xff, 0xff,
    0x80, 0x40, 0x3, 0xdf, 0xff, 0xff, 0xff, 0x42,
    0xfe, 0xef, 0xff, 0xff, 0xff, 0xff, 0x27, 0xff,
    0xff, 0xff, 0xff, 0x8f, 0xff, 0x3e, 0xff, 0xff,
    0xff, 0xf8,

    /* U+F0D4 "" */
    0x8f, 0xff, 0xff, 0xff, 0xff, 0xff, 0xf8, 0xff,
    0xff, 0xff, 0xff, 0xff, 0xff, 0xff, 0xff, 0xff,
    0xff, 0xff, 0xff, 0xff, 0xff, 0xff, 0xff, 0xff,
    0xff, 0xff, 0xff, 0xff, 0xff, 0xf6, 0x0, 0x4f,
    0xff, 0xff, 0xff, 0xff, 0x73, 0xde, 0xbf, 0xff,
    0xcf, 0xff, 0xff, 0x1c, 0xf9, 0x99, 0xfb, 0x19,
    0xff, 0xff, 0x1c, 0xf6, 0x40, 0xf9, 0x6, 0xff,
    0xff, 0x72, 0xde, 0x54, 0xff, 0x9f, 0xff, 0xff,
    0xf6, 0x0, 0x3e, 0xff, 0xff, 0xff, 0xff, 0xff,
    0xff, 0xff, 0xff, 0xff, 0xff, 0xff, 0xff, 0xff,
    0xff, 0xff, 0xff, 0xff, 0xff, 0xff, 0xff, 0xff,
    0xff, 0xff, 0xff, 0x8f, 0xff, 0xff, 0xff, 0xff,
    0xff, 0xf8,

    /* U+F0D5 "" */
    0x0, 0x3, 0xae, 0xfe, 0x91, 0x0, 0x0, 0x0,
    0x0, 0x0, 0x0, 0x7f, 0xff, 0xff, 0xfe, 0x10,
    0x0, 0x0, 0x0, 0x0, 0x6, 0xff, 0xc5, 0x47,
    0xe5, 0x0, 0x0, 0x0, 0x0, 0x0, 0xe, 0xfb,
    0x0, 0x0, 0x0, 0x0, 0x0, 0x0, 0x36, 0x0,
    0x5f, 0xf1, 0x0, 0x0, 0x0, 0x0, 0x0, 0x0,
    0x9f, 0x20, 0x7f, 0xd0, 0x0, 0x9e, 0xee, 0xed,
    0x0, 0x3a, 0xdf, 0xb9, 0x7f, 0xd0, 0x0, 0xaf,
    0xff, 0xff, 0x0, 0x5f, 0xff, 0xfe, 0x5f, 0xf1,
    0x0, 0x23, 0x38, 0xfe, 0x0, 0x1, 0xaf, 0x31,
    0xe, 0xfb, 0x0, 0x0, 0xd, 0xfa, 0x0, 0x0,
    0x8d, 0x10, 0x6, 0xff, 0xc5, 0x46, 0xdf, 0xf2,
    0x0, 0x0, 0x0, 0x0, 0x0, 0x7f, 0xff, 0xff,
    0xff, 0x50, 0x0, 0x0, 0x0, 0x0, 0x0, 0x3,
    0xae, 0xfe, 0xa2, 0x0, 0x0, 0x0, 0x0, 0x0,

    /* U+F0D6 "" */
    0xcf, 0xff, 0xff, 0xff, 0xff, 0xff, 0xff, 0xff,
    0xff, 0xfc, 0xfc, 0x8e, 0xff, 0xff, 0xff, 0xff,
    0xff, 0xff, 0xa8, 0xcf, 0xf8, 0xe, 0xff, 0xff,
    0xff, 0xff, 0xff, 0xff, 0x90, 0x8f, 0xfa, 0xbf,
    0xff, 0xff, 0xa1, 0x1a, 0xff, 0xff, 0xf9, 0xaf,
    0xff, 0xff, 0xff, 0xfd, 0x0, 0x0, 0xdf, 0xff,
    0xff, 0xff, 0xff, 0xff, 0xff, 0xf9, 0x0, 0x0,
    0x9f, 0xff, 0xff, 0xff, 0xff, 0xff, 0xff, 0xf9,
    0x0, 0x0, 0x9f, 0xff, 0xff, 0xff, 0xff, 0xff,
    0xff, 0xfd, 0x0, 0x0, 0xdf, 0xff, 0xff, 0xff,
    0xfe, 0xff, 0xff, 0xff, 0xa1, 0x1a, 0xff, 0xff,
    0xfe, 0xef, 0xf8, 0x2f, 0xff, 0xff, 0xff, 0xff,
    0xff, 0xff, 0xb0, 0x8f, 0xfc, 0x8e, 0xff, 0xff,
    0xff, 0xff, 0xff, 0xff, 0xa8, 0xcf, 0xcf, 0xff,
    0xff, 0xff, 0xff, 0xff, 0xff, 0xff, 0xff, 0xfc,

    /* U+F0D7 "" */
    0x8f, 0xff, 0xff, 0xff, 0xf8, 0x2e, 0xff, 0xff,
    0xff, 0xe2, 0x2, 0xef, 0xff, 0xfe, 0x20, 0x0,
    0x2e, 0xff, 0xe2, 0x0, 0x0, 0x2, 0xee, 0x20,
    0x0, 0x0, 0x0, 0x11, 0x0, 0x0,

    /* U+F0D8 "" */
    0x0, 0x0, 0x11, 0x0, 0x0, 0x0, 0x2, 0xee,
    0x20, 0x0, 0x0, 0x2e, 0xff, 0xe2, 0x0, 0x2,
    0xef, 0xff, 0xfe, 0x20, 0x2e, 0xff, 0xff, 0xff,
    0xe2, 0x8f, 0xff, 0xff, 0xff, 0xf8,

    /* U+F0D9 "" */
    0x0, 0x0, 0x28, 0x0, 0x2, 0xef, 0x0, 0x2e,
    0xff, 0x2, 0xef, 0xff, 0x1e, 0xff, 0xff, 0x1e,
    0xff, 0xff, 0x2, 0xef, 0xff, 0x0, 0x2e, 0xff,
    0x0, 0x2, 0xef, 0x0, 0x0, 0x28,

    /* U+F0DA "" */
    0x82, 0x0, 0x0, 0xfe, 0x20, 0x0, 0xff, 0xe2,
    0x0, 0xff, 0xfe, 0x20, 0xff, 0xff, 0xe1, 0xff,
    0xff, 0xe1, 0xff, 0xfe, 0x20, 0xff, 0xe2, 0x0,
    0xfe, 0x20, 0x0, 0x82, 0x0, 0x0,

    /* U+F0DB "" */
    0x8f, 0xff, 0xff, 0xff, 0xff, 0xff, 0xff, 0xf8,
    0xff, 0xff, 0xff, 0xff, 0xff, 0xff, 0xff, 0xff,
    0xff, 0xff, 0xff, 0xff, 0xff, 0xff, 0xff, 0xff,
    0xff, 0xff, 0xff, 0xff, 0xff, 0xff, 0xff, 0xff,
    0xff, 0x0, 0x0, 0xf, 0xf0, 0x0, 0x0, 0xff,
    0xff, 0x0, 0x0, 0xf, 0xf0, 0x0, 0x0, 0xff,
    0xff, 0x0, 0x0, 0xf, 0xf0, 0x0, 0x0, 0xff,
    0xff, 0x0, 0x0, 0xf, 0xf0, 0x0, 0x0, 0xff,
    0xff, 0x0, 0x0, 0xf, 0xf0, 0x0, 0x0, 0xff,
    0xff, 0x0, 0x0, 0xf, 0xf0, 0x0, 0x0, 0xff,
    0xff, 0x0, 0x0, 0xf, 0xf0, 0x0, 0x0, 0xff,
    0xff, 0x0, 0x0, 0xf, 0xf0, 0x0, 0x0, 0xff,
    0xff, 0xff, 0xff, 0xff, 0xff, 0xff, 0xff, 0xff,
    0x8f, 0xff, 0xff, 0xff, 0xff, 0xff, 0xff, 0xf8,

    /* U+F0DC "" */
    0x0, 0x0, 0x0, 0x0, 0x0, 0x0, 0x2, 0xee,
    0x20, 0x0, 0x0, 0x2e, 0xff, 0xe2, 0x0, 0x2,
    0xef, 0xff, 0xfe, 0x20, 0x1e, 0xff, 0xff, 0xff,
    0xe1, 0x5f, 0xff, 0xff, 0xff, 0xf5, 0x0, 0x0,
    0x0, 0x0, 0x0, 0x0, 0x0, 0x0, 0x0, 0x0,
    0x5f, 0xff, 0xff, 0xff, 0xf5, 0x1e, 0xff, 0xff,
    0xff, 0xe1, 0x2, 0xef, 0xff, 0xfe, 0x20, 0x0,
    0x2e, 0xff, 0xe2, 0x0, 0x0, 0x2, 0xee, 0x20,
    0x0, 0x0, 0x0, 0x0, 0x0, 0x0,

    /* U+F0DD "" */
    0x5f, 0xff, 0xff, 0xff, 0xf5, 0x1e, 0xff, 0xff,
    0xff, 0xe1, 0x2, 0xef, 0xff, 0xfe, 0x20, 0x0,
    0x2e, 0xff, 0xe2, 0x0, 0x0, 0x2, 0xee, 0x20,
    0x0, 0x0, 0x0, 0x0, 0x0, 0x0,

    /* U+F0DE "" */
    0x0, 0x0, 0x0, 0x0, 0x0, 0x0, 0x2, 0xee,
    0x20, 0x0, 0x0, 0x2e, 0xff, 0xe2, 0x0, 0x2,
    0xef, 0xff, 0xfe, 0x20, 0x1e, 0xff, 0xff, 0xff,
    0xe1, 0x5f, 0xff, 0xff, 0xff, 0xf5,

    /* U+F0E0 "" */
    0x8f, 0xff, 0xff, 0xff, 0xff, 0xff, 0xff, 0xf8,
    0xff, 0xff, 0xff, 0xff, 0xff, 0xff, 0xff, 0xff,
    0xcf, 0xff, 0xff, 0xff, 0xff, 0xff, 0xff, 0xfc,
    0x9, 0xff, 0xff, 0xff, 0xff, 0xff, 0xff, 0x90,
    0xd2, 0x5f, 0xff, 0xff, 0xff, 0xff, 0xf5, 0x2d,
    0xff, 0x62, 0xcf, 0xff, 0xff, 0xfc, 0x26, 0xff,
    0xff, 0xfa, 0x18, 0xff, 0xff, 0x81, 0xaf, 0xff,
    0xff, 0xff, 0xe3, 0x4d, 0xd4, 0x3e, 0xff, 0xff,
    0xff, 0xff, 0xff, 0x81, 0x18, 0xff, 0xff, 0xff,
    0xff, 0xff, 0xff, 0xff, 0xff, 0xff, 0xff, 0xff,
    0xff, 0xff, 0xff, 0xff, 0xff, 0xff, 0xff, 0xff,
    0x8f, 0xff, 0xff, 0xff, 0xff, 0xff, 0xff, 0xf8,

    /* U+F0E1 "" */
    0x7, 0xfa, 0x0, 0x0, 0x0, 0x0, 0x0, 0x0,
    0xff, 0xf3, 0x0, 0x0, 0x0, 0x0, 0x0, 0xc,
    0xfe, 0x10, 0x0, 0x0, 0x0, 0x0, 0x0, 0x5,
    0x10, 0x0, 0x0, 0x0, 0x0, 0x0, 0x4, 0x55,
    0x0, 0x55, 0x40, 0x69, 0x72, 0x0, 0xdf, 0xf1,
    0x1f, 0xfc, 0xdf, 0xff, 0xf2, 0xd, 0xff, 0x11,
    0xff, 0xff, 0xff, 0xff, 0x90, 0xdf, 0xf1, 0x1f,
    0xff, 0x60, 0x6f, 0xfd, 0xd, 0xff, 0x11, 0xff,
    0xe0, 0x0, 0xff, 0xf0, 0xdf, 0xf1, 0x1f, 0xfd,
    0x0, 0xf, 0xff, 0xd, 0xff, 0x11, 0xff, 0xd0,
    0x0, 0xff, 0xf0, 0xdf, 0xf1, 0x1f, 0xfd, 0x0,
    0xf, 0xff, 0xd, 0xff, 0x11, 0xff, 0xd0, 0x0,
    0xff, 0xf0, 0xdf, 0xf1, 0x1f, 0xfd, 0x0, 0xf,
    0xff,

    /* U+F0E2 "" */
    0xff, 0x30, 0x16, 0xbd, 0xdb, 0x71, 0x0, 0x0,
    0xff, 0x46, 0xef, 0xff, 0xff, 0xff, 0x60, 0x0,
    0xff, 0xbf, 0xff, 0x96, 0x69, 0xef, 0xf8, 0x0,
    0xff, 0xff, 0xb1, 0x0, 0x0, 0xa, 0xff, 0x60,
    0xff, 0xfe, 0x44, 0x30, 0x0, 0x0, 0xbf, 0xe0,
    0xff, 0xff, 0xff, 0xf0, 0x0, 0x0, 0x1f, 0xf5,
    0xff, 0xff, 0xff, 0xf0, 0x0, 0x0, 0xb, 0xfa,
    0x0, 0x0, 0x0, 0x0, 0x0, 0x0, 0x8, 0xfb,
    0x0, 0x0, 0x0, 0x0, 0x0, 0x0, 0x8, 0xfb,
    0x0, 0x0, 0x0, 0x0, 0x0, 0x0, 0xb, 0xf9,
    0x0, 0x0, 0x0, 0x0, 0x0, 0x0, 0x1f, 0xf5,
    0x0, 0x0, 0x0, 0x0, 0x0, 0x0, 0xbf, 0xe0,
    0x0, 0x6, 0xa1, 0x0, 0x0, 0x1a, 0xff, 0x50,
    0x0, 0x2f, 0xff, 0x96, 0x69, 0xef, 0xf8, 0x0,
    0x0, 0x5, 0xef, 0xff, 0xff, 0xfe, 0x60, 0x0,
    0x0, 0x0, 0x6, 0xbd, 0xdb, 0x61, 0x0, 0x0,

    /* U+F0E3 "" */
    0x0, 0x0, 0x0, 0x0, 0x8d, 0x20, 0x0, 0x0,
    0x0, 0x0, 0x0, 0x9, 0xff, 0x90, 0x0, 0x0,
    0x0, 0x0, 0x0, 0x9f, 0xff, 0xa0, 0x0, 0x0,
    0x0, 0x0, 0x9, 0xff, 0xff, 0xfa, 0x0, 0x0,
    0x0, 0x0, 0x4f, 0xff, 0xff, 0xff, 0xa0, 0x0,
    0x0, 0x0, 0xc, 0xef, 0xff, 0xff, 0xfa, 0x92,
    0x0, 0x0, 0x0, 0x7, 0xff, 0xff, 0xff, 0xfd,
    0x0, 0x0, 0x0, 0x8, 0xff, 0xff, 0xff, 0xf8,
    0x0, 0x0, 0x0, 0x8f, 0x87, 0xff, 0xff, 0x90,
    0x0, 0x5, 0xfc, 0xf8, 0x0, 0xef, 0xf9, 0x0,
    0x0, 0x5f, 0xff, 0xc0, 0x0, 0xcf, 0x90, 0x0,
    0x5, 0xff, 0xff, 0xf0, 0x0, 0x4, 0x0, 0x0,
    0x5f, 0xff, 0xff, 0x50, 0x0, 0x0, 0x0, 0x0,
    0xff, 0xff, 0xf5, 0x0, 0x0, 0x0, 0x0, 0x0,
    0x7f, 0xff, 0x50, 0x0, 0x0, 0x0, 0x0, 0x0,
    0x7, 0xf5, 0x0, 0x0, 0x0, 0x0, 0x0, 0x0,

    /* U+F0E7 "" */
    0x0, 0xdf, 0xff, 0xfd, 0x0, 0x0, 0x1, 0xff,
    0xff, 0xfc, 0x0, 0x0, 0x3, 0xff, 0xff, 0xf7,
    0x0, 0x0, 0x6, 0xff, 0xff, 0xf2, 0x0, 0x0,
    0x8, 0xff, 0xff, 0xd0, 0x0, 0x0, 0xa, 0xff,
    0xff, 0xff, 0xff, 0xd0, 0xc, 0xff, 0xff, 0xff,
    0xff, 0xa0, 0xe, 0xff, 0xff, 0xff, 0xff, 0x20,
    0xd, 0xff, 0xff, 0xff, 0xf8, 0x0, 0x0, 0x0,
    0xa, 0xff, 0xe0, 0x0, 0x0, 0x0, 0xe, 0xff,
    0x50, 0x0, 0x0, 0x0, 0x2f, 0xfc, 0x0, 0x0,
    0x0, 0x0, 0x5f, 0xf3, 0x0, 0x0, 0x0, 0x0,
    0x9f, 0xa0, 0x0, 0x0, 0x0, 0x0, 0xdf, 0x10,
    0x0, 0x0, 0x0, 0x0, 0xd7, 0x0, 0x0, 0x0,

    /* U+F0E8 "" */
    0x0, 0x0, 0x0, 0xc, 0xff, 0xff, 0xc0, 0x0,
    0x0, 0x0, 0x0, 0x0, 0x0, 0xf, 0xff, 0xff,
    0xf0, 0x0, 0x0, 0x0, 0x0, 0x0, 0x0, 0xf,
    0xff, 0xff, 0xf0, 0x0, 0x0, 0x0, 0x0, 0x0,
    0x0, 0xf, 0xff, 0xff, 0xf0, 0x0, 0x0, 0x0,
    0x0, 0x0, 0x0, 0xc, 0xff, 0xff, 0xc0, 0x0,
    0x0, 0x0, 0x0, 0x0, 0x0, 0x0, 0xc, 0xc0,
    0x0, 0x0, 0x0, 0x0, 0x0, 0x0, 0x0, 0x0,
    0xc, 0xc0, 0x0, 0x0, 0x0, 0x0, 0x1, 0xdf,
    0xff, 0xff, 0xff, 0xff, 0xff, 0xff, 0xfd, 0x10,
    0x3, 0xfa, 0x88, 0x88, 0x8e, 0xe8, 0x88, 0x88,
    0xaf, 0x30, 0x4, 0xf4, 0x0, 0x0, 0xc, 0xc0,
    0x0, 0x0, 0x4f, 0x40, 0x0, 0x0, 0x0, 0x0,
    0x0, 0x0, 0x0, 0x0, 0x0, 0x0, 0xcf, 0xff,
    0xc0, 0x4, 0xff, 0xff, 0x40, 0xc, 0xff, 0xfc,
    0xff, 0xff, 0xf0, 0x8, 0xff, 0xff, 0x80, 0xf,
    0xff, 0xff, 0xff, 0xff, 0xf0, 0x8, 0xff, 0xff,
    0x80, 0xf, 0xff, 0xff, 0xff, 0xff, 0xf0, 0x8,
    0xff, 0xff, 0x80, 0xf, 0xff, 0xff, 0xcf, 0xff,
    0xc0, 0x4, 0xff, 0xff, 0x40, 0xc, 0xff, 0xfc,

    /* U+F0E9 "" */
    0x0, 0x0, 0x0, 0x0, 0xc, 0xc0, 0x0, 0x0,
    0x0, 0x0, 0x0, 0x0, 0x0, 0x2, 0x5f, 0xf5,
    0x20, 0x0, 0x0, 0x0, 0x0, 0x0, 0x4, 0xcf,
    0xff, 0xff, 0xfc, 0x40, 0x0, 0x0, 0x0, 0x0,
    0xaf, 0xff, 0xff, 0xff, 0xff, 0xfa, 0x0, 0x0,
    0x0, 0xc, 0xff, 0xff, 0xff, 0xff, 0xff, 0xff,
    0xc0, 0x0, 0x0, 0x9f, 0xff, 0xff, 0xff, 0xff,
    0xff, 0xff, 0xf9, 0x0, 0x3, 0xff, 0xff, 0xff,
    0xff, 0xff, 0xff, 0xff, 0xff, 0x30, 0x9, 0xff,
    0xff, 0xff, 0xff, 0xff, 0xff, 0xff, 0xff, 0x90,
    0xe, 0x60, 0x3d, 0xff, 0x91, 0x19, 0xff, 0xd3,
    0x6, 0xd0, 0x1, 0x0, 0x1, 0xea, 0xd, 0xd0,
    0xae, 0x10, 0x0, 0x10, 0x0, 0x0, 0x0, 0x31,
    0xf, 0xf0, 0x13, 0x0, 0x0, 0x0, 0x0, 0x0,
    0x0, 0x0, 0xf, 0xf0, 0x0, 0x0, 0x0, 0x0,
    0x0, 0x0, 0x0, 0x0, 0xf, 0xf0, 0x0, 0x0,
    0x0, 0x0, 0x0, 0x0, 0x0, 0xac, 0x2f, 0xf0,
    0x0, 0x0, 0x0, 0x0, 0x0, 0x0, 0x0, 0xbf,
    0xff, 0xb0, 0x0, 0x0, 0x0, 0x0, 0x0, 0x0,
    0x0, 0x2c, 0xfb, 0x10, 0x0, 0x0, 0x0, 0x0,

    /* U+F0EA "" */
    0x0, 0x4, 0xde, 0x40, 0x0, 0x0, 0x0, 0xdf,
    0xff, 0x99, 0xff, 0xfd, 0x0, 0x0, 0xff, 0xff,
    0x99, 0xff, 0xff, 0x0, 0x0, 0xff, 0xff, 0xff,
    0xff, 0xff, 0x0, 0x0, 0xff, 0xff, 0x90, 0x0,
    0x0, 0x0, 0x0, 0xff, 0xff, 0xd, 0xff, 0xff,
    0xd, 0x10, 0xff, 0xff, 0xf, 0xff, 0xff, 0xf,
    0xd1, 0xff, 0xff, 0xf, 0xff, 0xff, 0xf, 0xfd,
    0xff, 0xff, 0xf, 0xff, 0xff, 0x20, 0x0, 0xff,
    0xff, 0xf, 0xff, 0xff, 0xff, 0xff, 0xff, 0xff,
    0xf, 0xff, 0xff, 0xff, 0xff, 0xff, 0xff, 0xf,
    0xff, 0xff, 0xff, 0xff, 0xdf, 0xff, 0xf, 0xff,
    0xff, 0xff, 0xff, 0x0, 0x0, 0xf, 0xff, 0xff,
    0xff, 0xff, 0x0, 0x0, 0xf, 0xff, 0xff, 0xff,
    0xff, 0x0, 0x0, 0xd, 0xff, 0xff, 0xff, 0xfd,

    /* U+F0EB "" */
    0x0, 0x2a, 0xef, 0xe9, 0x20, 0x0, 0x4f, 0xff,
    0xff, 0xff, 0x40, 0x2f, 0xfa, 0x22, 0xff, 0xff,
    0x29, 0xfa, 0x1b, 0xff, 0xff, 0xf9, 0xef, 0x2b,
    0xff, 0xff, 0xff, 0xef, 0xf2, 0xff, 0xff, 0xff,
    0xff, 0xef, 0xff, 0xff, 0xff, 0xff, 0xe9, 0xff,
    0xff, 0xff, 0xff, 0xf9, 0x2f, 0xff, 0xff, 0xff,
    0xff, 0x20, 0x5f, 0xff, 0xff, 0xff, 0x50, 0x0,
    0xaf, 0xff, 0xff, 0xa0, 0x0, 0x3, 0xff, 0xff,
    0xf3, 0x0, 0x0, 0x0, 0x0, 0x0, 0x0, 0x0,
    0x0, 0xff, 0xff, 0xf0, 0x0, 0x0, 0xe, 0xff,
    0xfe, 0x0, 0x0, 0x0, 0x4f, 0xff, 0x50, 0x0,

    /* U+F0F0 "" */
    0x0, 0x0, 0x2b, 0xff, 0xb2, 0x0, 0x0, 0x0,
    0x2, 0xff, 0xff, 0xfe, 0x20, 0x0, 0x0, 0xb,
    0xff, 0xff, 0xff, 0xb0, 0x0, 0x0, 0xf, 0xff,
    0xff, 0xff, 0xf0, 0x0, 0x0, 0xf, 0xff, 0xff,
    0xff, 0xf0, 0x0, 0x0, 0xb, 0xff, 0xff, 0xff,
    0xb0, 0x0, 0x0, 0x2, 0xff, 0xff, 0xfe, 0x20,
    0x0, 0x0, 0x0, 0x2b, 0xff, 0xb2, 0x0, 0x0,
    0x0, 0x0, 0x0, 0x0, 0x0, 0x0, 0x0, 0x1,
    0x96, 0x7b, 0x88, 0xb0, 0xe9, 0x10, 0x1d, 0xf7,
    0x8f, 0xff, 0xc0, 0xcf, 0xe1, 0x9f, 0xf5, 0x5f,
    0xf8, 0x27, 0x28, 0xf9, 0xef, 0x73, 0x37, 0xf1,
    0xdf, 0xd1, 0xfe, 0xff, 0x49, 0x85, 0xf0, 0xff,
    0xf0, 0xff, 0xff, 0xc1, 0x2c, 0xf2, 0x4f, 0x43,
    0xff, 0x9f, 0xff, 0xff, 0xff, 0xff, 0xff, 0xf9,

    /* U+F0F1 "" */
    0x0, 0x0, 0x0, 0x0, 0x0, 0x0, 0x0, 0x0,
    0x7c, 0xe5, 0x0, 0x5f, 0xc7, 0x0, 0x0, 0x0,
    0xff, 0xf6, 0x0, 0x6f, 0xff, 0x0, 0x0, 0x0,
    0xff, 0x10, 0x0, 0x1, 0xff, 0x0, 0x0, 0x0,
    0xff, 0x0, 0x0, 0x0, 0xff, 0x0, 0x6, 0x60,
    0xff, 0x0, 0x0, 0x0, 0xff, 0x0, 0xaf, 0xfa,
    0xff, 0x0, 0x0, 0x0, 0xff, 0x0, 0xfa, 0xaf,
    0xff, 0x10, 0x0, 0x1, 0xff, 0x0, 0xbf, 0xfa,
    0xcf, 0x70, 0x0, 0x7, 0xfc, 0x0, 0xf, 0xf0,
    0x4f, 0xf7, 0x11, 0x7f, 0xf4, 0x0, 0xf, 0xf0,
    0x8, 0xff, 0xff, 0xff, 0x70, 0x0, 0xf, 0xf0,
    0x0, 0x5c, 0xff, 0xb4, 0x0, 0x0, 0xf, 0xf0,
    0x0, 0x0, 0xef, 0x20, 0x0, 0x0, 0x1f, 0xe0,
    0x0, 0x0, 0xaf, 0x90, 0x0, 0x0, 0x9f, 0xa0,
    0x0, 0x0, 0x3f, 0xf9, 0x20, 0x2a, 0xff, 0x20,
    0x0, 0x0, 0x5, 0xff, 0xff, 0xff, 0xf5, 0x0,
    0x0, 0x0, 0x0, 0x2a, 0xef, 0xea, 0x20, 0x0,

    /* U+F0F2 "" */
    0x0, 0x0, 0x8f, 0xff, 0xff, 0xf8, 0x0, 0x0,
    0x0, 0x0, 0xff, 0xff, 0xff, 0xff, 0x0, 0x0,
    0x0, 0x0, 0xff, 0x0, 0x0, 0xff, 0x0, 0x0,
    0x8f, 0xf0, 0xff, 0xff, 0xff, 0xff, 0xf, 0xf8,
    0xff, 0xf0, 0xff, 0xff, 0xff, 0xff, 0xf, 0xff,
    0xff, 0xf0, 0xff, 0xff, 0xff, 0xff, 0xf, 0xff,
    0xff, 0xf0, 0xff, 0xff, 0xff, 0xff, 0xf, 0xff,
    0xff, 0xf0, 0xff, 0xff, 0xff, 0xff, 0xf, 0xff,
    0xff, 0xf0, 0xff, 0xff, 0xff, 0xff, 0xf, 0xff,
    0xff, 0xf0, 0xff, 0xff, 0xff, 0xff, 0xf, 0xff,
    0xff, 0xf0, 0xff, 0xff, 0xff, 0xff, 0xf, 0xff,
    0xff, 0xf0, 0xff, 0xff, 0xff, 0xff, 0xf, 0xff,
    0xff, 0xf0, 0xff, 0xff, 0xff, 0xff, 0xf, 0xff,
    0x8f, 0xf0, 0xff, 0xff, 0xff, 0xff, 0xf, 0xf8,

    /* U+F0F3 "" */
    0x0, 0x0, 0x0, 0xcc, 0x0, 0x0, 0x0, 0x0,
    0x0, 0x2, 0xff, 0x30, 0x0, 0x0, 0x0, 0x1,
    0xbf, 0xff, 0xfc, 0x20, 0x0, 0x0, 0x1e, 0xff,
    0xff, 0xff, 0xe1, 0x0, 0x0, 0x9f, 0xff, 0xff,
    0xff, 0xf8, 0x0, 0x0, 0xef, 0xff, 0xff, 0xff,
    0xfd, 0x0, 0x0, 0xff, 0xff, 0xff, 0xff, 0xff,
    0x0, 0x1, 0xff, 0xff, 0xff, 0xff, 0xff, 0x0,
    0x3, 0xff, 0xff, 0xff, 0xff, 0xff, 0x30, 0x8,
    0xff, 0xff, 0xff, 0xff, 0xff, 0x80, 0x1e, 0xff,
    0xff, 0xff, 0xff, 0xff, 0xe1, 0xcf, 0xff, 0xff,
    0xff, 0xff, 0xff, 0xfc, 0xcf, 0xff, 0xff, 0xff,
    0xff, 0xff, 0xfc, 0x0, 0x0, 0x0, 0x0, 0x0,
    0x0, 0x0, 0x0, 0x0, 0xe, 0xff, 0xe0, 0x0,
    0x0, 0x0, 0x0, 0x4, 0xee, 0x40, 0x0, 0x0,

    /* U+F0F4 "" */
    0x0, 0x0, 0xdf, 0xff, 0xff, 0xff, 0xff, 0xff,
    0xff, 0xb2, 0x0, 0x0, 0xf, 0xff, 0xff, 0xff,
    0xff, 0xff, 0xff, 0xff, 0xe2, 0x0, 0x0, 0xff,
    0xff, 0xff, 0xff, 0xff, 0xff, 0x1, 0xbf, 0xb0,
    0x0, 0xf, 0xff, 0xff, 0xff, 0xff, 0xff, 0xf0,
    0x1, 0xff, 0x0, 0x0, 0xff, 0xff, 0xff, 0xff,
    0xff, 0xff, 0x0, 0x1f, 0xf0, 0x0, 0xf, 0xff,
    0xff, 0xff, 0xff, 0xff, 0xf0, 0x1b, 0xfb, 0x0,
    0x0, 0xff, 0xff, 0xff, 0xff, 0xff, 0xff, 0xff,
    0xfe, 0x20, 0x0, 0xf, 0xff, 0xff, 0xff, 0xff,
    0xff, 0xff, 0xfb, 0x20, 0x0, 0x0, 0xef, 0xff,
    0xff, 0xff, 0xff, 0xfe, 0x0, 0x0, 0x0, 0x0,
    0x8, 0xff, 0xff, 0xff, 0xff, 0xff, 0x80, 0x0,
    0x0, 0x0, 0x0, 0x8, 0xef, 0xff, 0xff, 0xfe,
    0x80, 0x0, 0x0, 0x0, 0x0, 0x0, 0x0, 0x0,
    0x0, 0x0, 0x0, 0x0, 0x0, 0x0, 0xe, 0xff,
    0xff, 0xff, 0xff, 0xff, 0xff, 0xff, 0xff, 0xfe,
    0x0, 0x7f, 0xff, 0xff, 0xff, 0xff, 0xff, 0xff,
    0xff, 0xff, 0x70,

    /* U+F0F8 "" */
    0x0, 0x0, 0x5f, 0xff, 0xf5, 0x0, 0x0, 0x0,
    0x0, 0x8f, 0x88, 0xf8, 0x0, 0x0, 0x0, 0x0,
    0x88, 0x0, 0x88, 0x0, 0x0, 0xd, 0xff, 0xff,
    0x88, 0xff, 0xff, 0xd0, 0xf, 0xff, 0xff, 0xff,
    0xff, 0xff, 0xf0, 0xf, 0xff, 0xff, 0xff, 0xff,
    0xff, 0xf0, 0xf, 0xff, 0x0, 0xff, 0x0, 0xff,
    0xf0, 0xf, 0xff, 0x0, 0xff, 0x0, 0xff, 0xf0,
    0xf, 0xff, 0xff, 0xff, 0xff, 0xff, 0xf0, 0xf,
    0xff, 0x0, 0xff, 0x0, 0xff, 0xf0, 0xf, 0xff,
    0x0, 0xff, 0x0, 0xff, 0xf0, 0xf, 0xff, 0xff,
    0xff, 0xff, 0xff, 0xf0, 0xf, 0xff, 0xff, 0x0,
    0xff, 0xff, 0xf0, 0xf, 0xff, 0xff, 0x0, 0xff,
    0xff, 0xf0, 0xf, 0xff, 0xff, 0x0, 0xff, 0xff,
    0xf0, 0xff, 0xff, 0xff, 0xff, 0xff, 0xff, 0xff,

    /* U+F0F9 "" */
    0x8f, 0xff, 0xff, 0xff, 0xff, 0xff, 0x80, 0x0,
    0x0, 0x0, 0xff, 0xff, 0xff, 0xff, 0xff, 0xff,
    0xf0, 0x0, 0x0, 0x0, 0xff, 0xff, 0xff, 0xff,
    0xff, 0xff, 0xf0, 0x0, 0x0, 0x0, 0xff, 0xff,
    0xf8, 0x8, 0xff, 0xff, 0xff, 0xf7, 0x0, 0x0,
    0xff, 0xff, 0xf8, 0x8, 0xff, 0xff, 0xf8, 0xbf,
    0x80, 0x0, 0xff, 0xf8, 0x0, 0x0, 0x8, 0xff,
    0xf0, 0x9, 0xf8, 0x0, 0xff, 0xf8, 0x0, 0x0,
    0x8, 0xff, 0xf0, 0x0, 0x9f, 0x70, 0xff, 0xff,
    0xf8, 0x8, 0xff, 0xff, 0xf0, 0x0, 0xb, 0xf0,
    0xff, 0xff, 0xf8, 0x8, 0xff, 0xff, 0xff, 0xff,
    0xff, 0xf0, 0xff, 0xff, 0xff, 0xff, 0xff, 0xff,
    0xff, 0xff, 0xff, 0xf0, 0xff, 0xff, 0xff, 0xff,
    0xff, 0xff, 0xff, 0xff, 0xff, 0xf0, 0xff, 0xff,
    0xaa, 0xff, 0xff, 0xff, 0xff, 0xaa, 0xff, 0xfe,
    0x8f, 0xfa, 0x0, 0xaf, 0xff, 0xff, 0xfa, 0x0,
    0xaf, 0xfe, 0x0, 0xea, 0x0, 0xae, 0x0, 0x0,
    0xea, 0x0, 0xae, 0x0, 0x0, 0x8f, 0xaa, 0xf8,
    0x0, 0x0, 0x8f, 0xaa, 0xf8, 0x0, 0x0, 0x8,
    0xee, 0x80, 0x0, 0x0, 0x8, 0xee, 0x80, 0x0,

    /* U+F0FA "" */
    0x0, 0x0, 0x8f, 0xff, 0xff, 0xf8, 0x0, 0x0,
    0x0, 0x0, 0xff, 0xff, 0xff, 0xff, 0x0, 0x0,
    0x0, 0x0, 0xff, 0x0, 0x0, 0xff, 0x0, 0x0,
    0x8f, 0xf, 0xff, 0xff, 0xff, 0xff, 0xf0, 0xf8,
    0xff, 0xf, 0xff, 0xff, 0xff, 0xff, 0xf0, 0xff,
    0xff, 0xf, 0xff, 0xf1, 0x1f, 0xff, 0xf0, 0xff,
    0xff, 0xf, 0xff, 0xf0, 0xf, 0xff, 0xf0, 0xff,
    0xff, 0xf, 0xf1, 0x0, 0x0, 0x1f, 0xf0, 0xff,
    0xff, 0xf, 0xf1, 0x0, 0x0, 0x1f, 0xf0, 0xff,
    0xff, 0xf, 0xff, 0xf0, 0xf, 0xff, 0xf0, 0xff,
    0xff, 0xf, 0xff, 0xf1, 0x1f, 0xff, 0xf0, 0xff,
    0xff, 0xf, 0xff, 0xff, 0xff, 0xff, 0xf0, 0xff,
    0xff, 0xf, 0xff, 0xff, 0xff, 0xff, 0xf0, 0xff,
    0x8f, 0xf, 0xff, 0xff, 0xff, 0xff, 0xf0, 0xf8,

    /* U+F0FB "" */
    0x0, 0x0, 0x1d, 0xf9, 0x50, 0x0, 0x0, 0x0,
    0x0, 0x0, 0x0, 0x0, 0xc, 0xfe, 0x10, 0x0,
    0x0, 0x0, 0x0, 0x0, 0x0, 0x0, 0xc, 0xff,
    0xc0, 0x0, 0x0, 0x0, 0x0, 0x0, 0xbe, 0x20,
    0xc, 0xff, 0xf9, 0x0, 0x0, 0x0, 0x0, 0x0,
    0xcf, 0xd1, 0xc, 0xff, 0xff, 0x50, 0x0, 0x0,
    0x0, 0x0, 0xaf, 0xfc, 0x8e, 0xff, 0xff, 0xff,
    0xa6, 0x42, 0x0, 0x0, 0xbd, 0xff, 0xff, 0xff,
    0xff, 0xff, 0xff, 0xff, 0xfe, 0xa4, 0xbd, 0xff,
    0xff, 0xff, 0xff, 0xff, 0xff, 0xff, 0xfe, 0xa4,
    0xaf, 0xfc, 0x8e, 0xff, 0xff, 0xff, 0xa7, 0x53,
    0x10, 0x0, 0xcf, 0xd1, 0xc, 0xff, 0xff, 0x50,
    0x0, 0x0, 0x0, 0x0, 0xbe, 0x20, 0xc, 0xff,
    0xf9, 0x0, 0x0, 0x0, 0x0, 0x0, 0x0, 0x0,
    0xc, 0xff, 0xc0, 0x0, 0x0, 0x0, 0x0, 0x0,
    0x0, 0x0, 0xc, 0xfe, 0x10, 0x0, 0x0, 0x0,
    0x0, 0x0, 0x0, 0x0, 0x1d, 0xf9, 0x50, 0x0,
    0x0, 0x0, 0x0, 0x0,

    /* U+F0FC "" */
    0xdf, 0xff, 0xff, 0xff, 0xfd, 0x0, 0x0, 0xff,
    0xff, 0xff, 0xff, 0xff, 0x0, 0x0, 0xff, 0xff,
    0xff, 0xff, 0xff, 0xff, 0xb1, 0xff, 0xf2, 0xff,
    0x2f, 0xff, 0xff, 0xfb, 0xff, 0xf0, 0xff, 0xf,
    0xff, 0x1, 0xff, 0xff, 0xf0, 0xff, 0xf, 0xff,
    0x0, 0xff, 0xff, 0xf0, 0xff, 0xf, 0xff, 0x0,
    0xff, 0xff, 0xf0, 0xff, 0xf, 0xff, 0x0, 0xff,
    0xff, 0xf0, 0xff, 0xf, 0xff, 0x0, 0xff, 0xff,
    0xf0, 0xff, 0xf, 0xff, 0x7e, 0xfc, 0xff, 0xf2,
    0xff, 0x2f, 0xff, 0xff, 0xc2, 0xff, 0xff, 0xff,
    0xff, 0xff, 0xb4, 0x0, 0xff, 0xff, 0xff, 0xff,
    0xff, 0x0, 0x0, 0xdf, 0xff, 0xff, 0xff, 0xfd,
    0x0, 0x0,

    /* U+F0FD "" */
    0x8f, 0xff, 0xff, 0xff, 0xff, 0xff, 0xf8, 0xff,
    0xff, 0xff, 0xff, 0xff, 0xff, 0xff, 0xff, 0xff,
    0xff, 0xff, 0xff, 0xff, 0xff, 0xff, 0xf1, 0x1f,
    0xff, 0xf1, 0x1f, 0xff, 0xff, 0xf0, 0xf, 0xff,
    0xf0, 0xf, 0xff, 0xff, 0xf0, 0xf, 0xff, 0xf0,
    0xf, 0xff, 0xff, 0xf0, 0x0, 0x0, 0x0, 0xf,
    0xff, 0xff, 0xf0, 0x0, 0x0, 0x0, 0xf, 0xff,
    0xff, 0xf0, 0xf, 0xff, 0xf0, 0xf, 0xff, 0xff,
    0xf0, 0xf, 0xff, 0xf0, 0xf, 0xff, 0xff, 0xf1,
    0x1f, 0xff, 0xf1, 0x1f, 0xff, 0xff, 0xff, 0xff,
    0xff, 0xff, 0xff, 0xff, 0xff, 0xff, 0xff, 0xff,
    0xff, 0xff, 0xff, 0x8f, 0xff, 0xff, 0xff, 0xff,
    0xff, 0xf8,

    /* U+F0FE "" */
    0x8f, 0xff, 0xff, 0xff, 0xff, 0xff, 0xf8, 0xff,
    0xff, 0xff, 0xff, 0xff, 0xff, 0xff, 0xff, 0xff,
    0xfe, 0x88, 0xef, 0xff, 0xff, 0xff, 0xff, 0xfc,
    0x0, 0xcf, 0xff, 0xff, 0xff, 0xff, 0xfc, 0x0,
    0xcf, 0xff, 0xff, 0xff, 0xec, 0xc9, 0x0, 0x9c,
    0xce, 0xff, 0xff, 0x80, 0x0, 0x0, 0x0, 0x8,
    0xff, 0xff, 0x80, 0x0, 0x0, 0x0, 0x8, 0xff,
    0xff, 0xec, 0xc9, 0x0, 0x9c, 0xce, 0xff, 0xff,
    0xff, 0xfc, 0x0, 0xcf, 0xff, 0xff, 0xff, 0xff,
    0xfc, 0x0, 0xcf, 0xff, 0xff, 0xff, 0xff, 0xfe,
    0x88, 0xef, 0xff, 0xff, 0xff, 0xff, 0xff, 0xff,
    0xff, 0xff, 0xff, 0x8f, 0xff, 0xff, 0xff, 0xff,
    0xff, 0xf8,

    /* U+F100 "" */
    0x0, 0x0, 0x2d, 0x80, 0x0, 0x2d, 0x80, 0x0,
    0x2, 0xef, 0xf1, 0x2, 0xef, 0xf1, 0x0, 0x2e,
    0xff, 0x70, 0x2e, 0xff, 0x70, 0x2, 0xef, 0xf7,
    0x2, 0xef, 0xf7, 0x0, 0xe, 0xff, 0x70, 0xe,
    0xff, 0x70, 0x0, 0xe, 0xff, 0x80, 0xe, 0xff,
    0x80, 0x0, 0x2, 0xef, 0xf8, 0x2, 0xef, 0xf8,
    0x0, 0x0, 0x2e, 0xff, 0x80, 0x2e, 0xff, 0x80,
    0x0, 0x2, 0xef, 0xf1, 0x2, 0xef, 0xf2, 0x0,
    0x0, 0x2d, 0x80, 0x0, 0x2d, 0x80,

    /* U+F101 "" */
    0x8, 0xd2, 0x0, 0x8, 0xd2, 0x0, 0x0, 0x1f,
    0xfe, 0x20, 0x1f, 0xfe, 0x20, 0x0, 0x8, 0xff,
    0xe2, 0x8, 0xff, 0xe2, 0x0, 0x0, 0x8f, 0xfe,
    0x20, 0x8f, 0xfe, 0x20, 0x0, 0x8, 0xff, 0xe0,
    0x8, 0xff, 0xe0, 0x0, 0x7, 0xff, 0xe0, 0x7,
    0xff, 0xe0, 0x0, 0x7f, 0xfe, 0x20, 0x7f, 0xfe,
    0x20, 0x7, 0xff, 0xe2, 0x7, 0xff, 0xe2, 0x0,
    0x1f, 0xfe, 0x20, 0x1f, 0xfe, 0x20, 0x0, 0x8,
    0xd2, 0x0, 0x8, 0xd2, 0x0, 0x0,

    /* U+F102 "" */
    0x0, 0x0, 0x0, 0x0, 0x0, 0x0, 0x2, 0xee,
    0x20, 0x0, 0x0, 0x2e, 0xff, 0xe2, 0x0, 0x2,
    0xef, 0xff, 0xfe, 0x20, 0x2e, 0xff, 0x78, 0xff,
    0xe2, 0xdf, 0xf7, 0x0, 0x8f, 0xfd, 0x8f, 0x70,
    0x0, 0x8, 0xf8, 0x2, 0x2, 0xee, 0x20, 0x10,
    0x0, 0x2e, 0xff, 0xe2, 0x0, 0x2, 0xef, 0xff,
    0xfe, 0x20, 0x2e, 0xff, 0x78, 0xff, 0xe2, 0xdf,
    0xf7, 0x0, 0x8f, 0xfd, 0x8f, 0x70, 0x0, 0x8,
    0xf8, 0x1, 0x0, 0x0, 0x0, 0x10,

    /* U+F103 "" */
    0x1, 0x0, 0x0, 0x0, 0x10, 0x8f, 0x80, 0x0,
    0x7, 0xf8, 0xdf, 0xf8, 0x0, 0x7f, 0xfd, 0x2e,
    0xff, 0x87, 0xff, 0xe2, 0x2, 0xef, 0xff, 0xfe,
    0x20, 0x0, 0x2e, 0xff, 0xe2, 0x0, 0x1, 0x2,
    0xee, 0x20, 0x10, 0x8f, 0x80, 0x0, 0x7, 0xf8,
    0xdf, 0xf8, 0x0, 0x7f, 0xfd, 0x2e, 0xff, 0x87,
    0xff, 0xe2, 0x2, 0xef, 0xff, 0xfe, 0x20, 0x0,
    0x2e, 0xff, 0xe2, 0x0, 0x0, 0x2, 0xee, 0x20,
    0x0, 0x0, 0x0, 0x0, 0x0, 0x0,

    /* U+F104 "" */
    0x0, 0x0, 0x2d, 0x80, 0x0, 0x2, 0xef, 0xf1,
    0x0, 0x2e, 0xff, 0x70, 0x2, 0xef, 0xf7, 0x0,
    0xe, 0xff, 0x70, 0x0, 0xe, 0xff, 0x80, 0x0,
    0x2, 0xef, 0xf8, 0x0, 0x0, 0x2e, 0xff, 0x80,
    0x0, 0x2, 0xef, 0xf2, 0x0, 0x0, 0x2d, 0x80,

    /* U+F105 "" */
    0x8, 0xd2, 0x0, 0x0, 0x1f, 0xfe, 0x20, 0x0,
    0x8, 0xff, 0xe2, 0x0, 0x0, 0x8f, 0xfe, 0x20,
    0x0, 0x8, 0xff, 0xe0, 0x0, 0x7, 0xff, 0xe0,
    0x0, 0x7f, 0xfe, 0x20, 0x7, 0xff, 0xe2, 0x0,
    0x1f, 0xfe, 0x20, 0x0, 0x8, 0xd2, 0x0, 0x0,

    /* U+F106 "" */
    0x0, 0x0, 0x0, 0x0, 0x0, 0x0, 0x2, 0xee,
    0x20, 0x0, 0x0, 0x2e, 0xff, 0xe2, 0x0, 0x2,
    0xef, 0xff, 0xfe, 0x20, 0x2e, 0xff, 0x78, 0xff,
    0xe2, 0xdf, 0xf7, 0x0, 0x8f, 0xfd, 0x8f, 0x70,
    0x0, 0x8, 0xf8, 0x1, 0x0, 0x0, 0x0, 0x10,

    /* U+F107 "" */
    0x1, 0x0, 0x0, 0x0, 0x10, 0x8f, 0x80, 0x0,
    0x7, 0xf8, 0xdf, 0xf8, 0x0, 0x7f, 0xfd, 0x2e,
    0xff, 0x87, 0xff, 0xe2, 0x2, 0xef, 0xff, 0xfe,
    0x20, 0x0, 0x2e, 0xff, 0xe2, 0x0, 0x0, 0x2,
    0xee, 0x20, 0x0, 0x0, 0x0, 0x0, 0x0, 0x0,

    /* U+F108 "" */
    0x8f, 0xff, 0xff, 0xff, 0xff, 0xff, 0xff, 0xff,
    0xf8, 0xff, 0xff, 0xff, 0xff, 0xff, 0xff, 0xff,
    0xff, 0xff, 0xff, 0x0, 0x0, 0x0, 0x0, 0x0,
    0x0, 0x0, 0xff, 0xff, 0x0, 0x0, 0x0, 0x0,
    0x0, 0x0, 0x0, 0xff, 0xff, 0x0, 0x0, 0x0,
    0x0, 0x0, 0x0, 0x0, 0xff, 0xff, 0x0, 0x0,
    0x0, 0x0, 0x0, 0x0, 0x0, 0xff, 0xff, 0x0,
    0x0, 0x0, 0x0, 0x0, 0x0, 0x0, 0xff, 0xff,
    0x0, 0x0, 0x0, 0x0, 0x0, 0x0, 0x0, 0xff,
    0xff, 0x0, 0x0, 0x0, 0x0, 0x0, 0x0, 0x0,
    0xff, 0xff, 0x0, 0x0, 0x0, 0x0, 0x0, 0x0,
    0x0, 0xff, 0xff, 0x0, 0x0, 0x0, 0x0, 0x0,
    0x0, 0x0, 0xff, 0xff, 0xff, 0xff, 0xff, 0xff,
    0xff, 0xff, 0xff, 0xff, 0x8f, 0xff, 0xff, 0xff,
    0xff, 0xff, 0xff, 0xff, 0xf8, 0x0, 0x0, 0x0,
    0xa, 0xff, 0xa0, 0x0, 0x0, 0x0, 0x0, 0x0,
    0x58, 0x8f, 0xff, 0xf8, 0x85, 0x0, 0x0, 0x0,
    0x0, 0xdf, 0xff, 0xff, 0xff, 0xfd, 0x0, 0x0,

    /* U+F109 "" */
    0x0, 0x8f, 0xff, 0xff, 0xff, 0xff, 0xff, 0xff,
    0xf8, 0x0, 0x0, 0xff, 0xff, 0xff, 0xff, 0xff,
    0xff, 0xff, 0xff, 0x0, 0x0, 0xff, 0x0, 0x0,
    0x0, 0x0, 0x0, 0x0, 0xff, 0x0, 0x0, 0xff,
    0x0, 0x0, 0x0, 0x0, 0x0, 0x0, 0xff, 0x0,
    0x0, 0xff, 0x0, 0x0, 0x0, 0x0, 0x0, 0x0,
    0xff, 0x0, 0x0, 0xff, 0x0, 0x0, 0x0, 0x0,
    0x0, 0x0, 0xff, 0x0, 0x0, 0xff, 0x0, 0x0,
    0x0, 0x0, 0x0, 0x0, 0xff, 0x0, 0x0, 0xff,
    0x0, 0x0, 0x0, 0x0, 0x0, 0x0, 0xff, 0x0,
    0x0, 0xff, 0x0, 0x0, 0x0, 0x0, 0x0, 0x0,
    0xff, 0x0, 0x0, 0xff, 0x0, 0x0, 0x0, 0x0,
    0x0, 0x0, 0xff, 0x0, 0x0, 0xff, 0xff, 0xff,
    0xff, 0xff, 0xff, 0xff, 0xff, 0x0, 0x0, 0xff,
    0xff, 0xff, 0xff, 0xff, 0xff, 0xff, 0xff, 0x0,
    0x0, 0x0, 0x0, 0x0, 0x0, 0x0, 0x0, 0x0,
    0x0, 0x0, 0xef, 0xff, 0xff, 0xff, 0x30, 0x5,
    0xff, 0xff, 0xff, 0xfe, 0xef, 0xff, 0xff, 0xff,
    0xff, 0xff, 0xff, 0xff, 0xff, 0xfe, 0x4e, 0xff,
    0xff, 0xff, 0xff, 0xff, 0xff, 0xff, 0xff, 0xe4,

    /* U+F10A "" */
    0x8f, 0xff, 0xff, 0xff, 0xff, 0xff, 0xf8, 0xff,
    0xff, 0xff, 0xff, 0xff, 0xff, 0xff, 0xff, 0xff,
    0xff, 0xff, 0xff, 0xff, 0xff, 0xff, 0xff, 0xff,
    0xff, 0xff, 0xff, 0xff, 0xff, 0xff, 0xff, 0xff,
    0xff, 0xff, 0xff, 0xff, 0xff, 0xff, 0xff, 0xff,
    0xff, 0xff, 0xff, 0xff, 0xff, 0xff, 0xff, 0xff,
    0xff, 0xff, 0xff, 0xff, 0xff, 0xff, 0xff, 0xff,
    0xff, 0xff, 0xff, 0xff, 0xff, 0xff, 0xff, 0xff,
    0xff, 0xff, 0xff, 0xff, 0xff, 0xff, 0xff, 0xff,
    0xff, 0xff, 0xff, 0xff, 0xff, 0xff, 0xff, 0xff,
    0xff, 0xff, 0xff, 0xff, 0xff, 0xff, 0xff, 0xff,
    0xff, 0xff, 0xff, 0xff, 0xff, 0xff, 0x33, 0xff,
    0xff, 0xff, 0xff, 0xff, 0xff, 0x33, 0xff, 0xff,
    0xff, 0x8f, 0xff, 0xff, 0xff, 0xff, 0xff, 0xf8,

    /* U+F10B "" */
    0x8f, 0xff, 0xff, 0xff, 0xf8, 0xff, 0xff, 0xff,
    0xff, 0xff, 0xff, 0xff, 0xff, 0xff, 0xff, 0xff,
    0xff, 0xff, 0xff, 0xff, 0xff, 0xff, 0xff, 0xff,
    0xff, 0xff, 0xff, 0xff, 0xff, 0xff, 0xff, 0xff,
    0xff, 0xff, 0xff, 0xff, 0xff, 0xff, 0xff, 0xff,
    0xff, 0xff, 0xff, 0xff, 0xff, 0xff, 0xff, 0xff,
    0xff, 0xff, 0xff, 0xff, 0xff, 0xff, 0xff, 0xff,
    0xff, 0xff, 0xff, 0xff, 0xff, 0xff, 0xff, 0xff,
    0xff, 0xff, 0xff, 0x33, 0xff, 0xff, 0xff, 0xff,
    0x33, 0xff, 0xff, 0x8f, 0xff, 0xff, 0xff, 0xf8,

    /* U+F10D "" */
    0x0, 0x4c, 0xfd, 0x0, 0x0, 0x4, 0xcf, 0xd0,
    0x8, 0xff, 0xff, 0x0, 0x0, 0x8f, 0xff, 0xf0,
    0x4f, 0xff, 0xfd, 0x0, 0x4, 0xff, 0xff, 0xd0,
    0xcf, 0xfb, 0x10, 0x0, 0xc, 0xff, 0xb1, 0x0,
    0xff, 0xf1, 0x0, 0x0, 0xf, 0xff, 0x10, 0x0,
    0xff, 0xf0, 0x0, 0x0, 0xf, 0xff, 0x0, 0x0,
    0xff, 0xf0, 0x0, 0x0, 0xf, 0xff, 0x0, 0x0,
    0xff, 0xff, 0xff, 0x80, 0xf, 0xff, 0xff, 0xf8,
    0xff, 0xff, 0xff, 0xf0, 0xf, 0xff, 0xff, 0xff,
    0xff, 0xff, 0xff, 0xf0, 0xf, 0xff, 0xff, 0xff,
    0xff, 0xff, 0xff, 0xf0, 0xf, 0xff, 0xff, 0xff,
    0xff, 0xff, 0xff, 0xf0, 0xf, 0xff, 0xff, 0xff,
    0xff, 0xff, 0xff, 0xf0, 0xf, 0xff, 0xff, 0xff,
    0x8f, 0xff, 0xff, 0x80, 0x8, 0xff, 0xff, 0xf8,

    /* U+F10E "" */
    0x8f, 0xff, 0xff, 0x80, 0x8, 0xff, 0xff, 0xf8,
    0xff, 0xff, 0xff, 0xf0, 0xf, 0xff, 0xff, 0xff,
    0xff, 0xff, 0xff, 0xf0, 0xf, 0xff, 0xff, 0xff,
    0xff, 0xff, 0xff, 0xf0, 0xf, 0xff, 0xff, 0xff,
    0xff, 0xff, 0xff, 0xf0, 0xf, 0xff, 0xff, 0xff,
    0xff, 0xff, 0xff, 0xf0, 0xf, 0xff, 0xff, 0xff,
    0x8f, 0xff, 0xff, 0xf0, 0x8, 0xff, 0xff, 0xff,
    0x0, 0x0, 0xff, 0xf0, 0x0, 0x0, 0xf, 0xff,
    0x0, 0x0, 0xff, 0xf0, 0x0, 0x0, 0xf, 0xff,
    0x0, 0x1, 0xff, 0xf0, 0x0, 0x0, 0x1f, 0xff,
    0x0, 0x1b, 0xff, 0xc0, 0x0, 0x1, 0xbf, 0xfc,
    0xd, 0xff, 0xff, 0x40, 0x0, 0xdf, 0xff, 0xf4,
    0xf, 0xff, 0xf8, 0x0, 0x0, 0xff, 0xff, 0x80,
    0xd, 0xfc, 0x40, 0x0, 0x0, 0xdf, 0xc4, 0x0,

    /* U+F110 "" */
    0x0, 0x0, 0x0, 0x4e, 0xc0, 0x0, 0x0, 0x0,
    0x0, 0x0, 0x0, 0xaf, 0xf3, 0x0, 0x0, 0x0,
    0x0, 0xbf, 0x60, 0x4e, 0xc0, 0x0, 0x0, 0x0,
    0x0, 0xff, 0xb0, 0x0, 0x0, 0x0, 0x0, 0x0,
    0x0, 0x8d, 0x40, 0x0, 0x0, 0x0, 0x0, 0x0,
    0x0, 0x0, 0x0, 0x0, 0x0, 0x0, 0x0, 0x0,
    0x3, 0x0, 0x0, 0x0, 0x0, 0x0, 0x0, 0x30,
    0xcf, 0xc0, 0x0, 0x0, 0x0, 0x0, 0xc, 0xfc,
    0xef, 0xe0, 0x0, 0x0, 0x0, 0x0, 0xe, 0xfe,
    0x4a, 0x40, 0x0, 0x0, 0x0, 0x0, 0x4, 0xa4,
    0x0, 0x0, 0x0, 0x0, 0x0, 0x0, 0x0, 0x0,
    0x0, 0x6b, 0x30, 0x0, 0x0, 0x4, 0xb6, 0x0,
    0x0, 0xff, 0xb0, 0x0, 0x0, 0xd, 0xff, 0x0,
    0x0, 0xbf, 0x60, 0x4e, 0xc0, 0x8, 0xfb, 0x0,
    0x0, 0x0, 0x0, 0xaf, 0xf3, 0x0, 0x0, 0x0,
    0x0, 0x0, 0x0, 0x4e, 0xc0, 0x0, 0x0, 0x0,

    /* U+F111 "" */
    0x0, 0x0, 0x3, 0x79, 0x97, 0x30, 0x0, 0x0,
    0x0, 0x3, 0xcf, 0xff, 0xff, 0xfc, 0x30, 0x0,
    0x0, 0x5f, 0xff, 0xff, 0xff, 0xff, 0xf5, 0x0,
    0x3, 0xff, 0xff, 0xff, 0xff, 0xff, 0xff, 0x30,
    0xd, 0xff, 0xff, 0xff, 0xff, 0xff, 0xff, 0xd0,
    0x4f, 0xff, 0xff, 0xff, 0xff, 0xff, 0xff, 0xf4,
    0x9f, 0xff, 0xff, 0xff, 0xff, 0xff, 0xff, 0xf8,
    0xbf, 0xff, 0xff, 0xff, 0xff, 0xff, 0xff, 0xfa,
    0xbf, 0xff, 0xff, 0xff, 0xff, 0xff, 0xff, 0xfb,
    0xaf, 0xff, 0xff, 0xff, 0xff, 0xff, 0xff, 0xf9,
    0x6f, 0xff, 0xff, 0xff, 0xff, 0xff, 0xff, 0xf5,
    0xe, 0xff, 0xff, 0xff, 0xff, 0xff, 0xff, 0xe0,
    0x6, 0xff, 0xff, 0xff, 0xff, 0xff, 0xff, 0x50,
    0x0, 0x8f, 0xff, 0xff, 0xff, 0xff, 0xf8, 0x0,
    0x0, 0x6, 0xff, 0xff, 0xff, 0xfe, 0x60, 0x0,
    0x0, 0x0, 0x17, 0xbd, 0xdb, 0x61, 0x0, 0x0,

    /* U+F113 "" */
    0xa, 0xea, 0x20, 0x12, 0x20, 0x2a, 0xec, 0x0,
    0xef, 0xff, 0xff, 0xff, 0xff, 0xff, 0xf0, 0xc,
    0xff, 0xff, 0xff, 0xff, 0xff, 0xfe, 0x1, 0xef,
    0xff, 0xff, 0xff, 0xff, 0xff, 0xf1, 0x8f, 0xff,
    0xff, 0xff, 0xff, 0xff, 0xff, 0x9d, 0xff, 0xeb,
    0xce, 0xfe, 0xcb, 0xdf, 0xfd, 0xff, 0xb0, 0x51,
    0x0, 0x1, 0x50, 0xaf, 0xfe, 0xf3, 0x4f, 0xa0,
    0x0, 0x9f, 0x62, 0xfe, 0xcf, 0x16, 0xfc, 0x0,
    0xb, 0xf8, 0xf, 0xc6, 0xf5, 0x1e, 0x60, 0x0,
    0x5e, 0x23, 0xf7, 0xa, 0xe3, 0x0, 0x0, 0x0,
    0x2, 0xdc, 0x0, 0x5, 0xab, 0x99, 0x99, 0x9b,
    0xb6, 0x0,

    /* U+F118 "" */
    0x0, 0x0, 0x28, 0xbd, 0xca, 0x50, 0x0, 0x0,
    0x0, 0x8, 0xff, 0xff, 0xff, 0xfd, 0x30, 0x0,
    0x0, 0xbf, 0xff, 0xff, 0xff, 0xff, 0xf4, 0x0,
    0x9, 0xff, 0xff, 0xff, 0xff, 0xff, 0xfe, 0x20,
    0x2f, 0xff, 0xff, 0xff, 0xff, 0xff, 0xff, 0xa0,
    0x9f, 0xff, 0xc8, 0xff, 0xfc, 0x8f, 0xff, 0xf1,
    0xdf, 0xff, 0x40, 0xdf, 0xf4, 0xd, 0xff, 0xf5,
    0xff, 0xff, 0xc8, 0xff, 0xfc, 0x8f, 0xff, 0xf7,
    0xff, 0xff, 0xff, 0xff, 0xff, 0xff, 0xff, 0xf6,
    0xdf, 0xff, 0xff, 0xff, 0xff, 0xff, 0xff, 0xf5,
    0x9f, 0xff, 0x29, 0xff, 0xfe, 0x3a, 0xff, 0xf1,
    0x3f, 0xff, 0xd1, 0x25, 0x40, 0x7f, 0xff, 0xa0,
    0x9, 0xff, 0xff, 0x96, 0x7c, 0xff, 0xfe, 0x20,
    0x0, 0xbf, 0xff, 0xff, 0xff, 0xff, 0xf4, 0x0,
    0x0, 0x9, 0xff, 0xff, 0xff, 0xfd, 0x30, 0x0,
    0x0, 0x0, 0x28, 0xbd, 0xca, 0x50, 0x0, 0x0,

    /* U+F119 "" */
    0x0, 0x0, 0x28, 0xbd, 0xca, 0x50, 0x0, 0x0,
    0x0, 0x9, 0xff, 0xff, 0xff, 0xfd, 0x30, 0x0,
    0x0, 0xbf, 0xff, 0xff, 0xff, 0xff, 0xf4, 0x0,
    0x9, 0xff, 0xff, 0xff, 0xff, 0xff, 0xff, 0x20,
    0x3f, 0xff, 0xff, 0xff, 0xff, 0xff, 0xff, 0xa0,
    0x9f, 0xff, 0xc7, 0xff, 0xfc, 0x7f, 0xff, 0xf1,
    0xdf, 0xff, 0x40, 0xdf, 0xf4, 0xd, 0xff, 0xf5,
    0xff, 0xff, 0xd9, 0xff, 0xfd, 0x9f, 0xff, 0xf7,
    0xff, 0xff, 0xff, 0xff, 0xff, 0xff, 0xff, 0xf6,
    0xdf, 0xff, 0xff, 0xff, 0xff, 0xff, 0xff, 0xf5,
    0x9f, 0xff, 0xf9, 0x20, 0x15, 0xdf, 0xff, 0xf1,
    0x2f, 0xff, 0x53, 0xcf, 0xe8, 0x1d, 0xff, 0x90,
    0x8, 0xff, 0xaf, 0xff, 0xff, 0xcd, 0xfe, 0x10,
    0x0, 0xaf, 0xff, 0xff, 0xff, 0xff, 0xe3, 0x0,
    0x0, 0x7, 0xff, 0xff, 0xff, 0xfc, 0x20, 0x0,
    0x0, 0x0, 0x16, 0xab, 0xa8, 0x30, 0x0, 0x0,

    /* U+F11A "" */
    0x0, 0x0, 0x28, 0xbd, 0xca, 0x50, 0x0, 0x0,
    0x0, 0x8, 0xff, 0xff, 0xff, 0xfd, 0x30, 0x0,
    0x0, 0xbf, 0xff, 0xff, 0xff, 0xff, 0xf4, 0x0,
    0x9, 0xff, 0xff, 0xff, 0xff, 0xff, 0xfe, 0x10,
    0x2f, 0xff, 0xff, 0xff, 0xff, 0xff, 0xff, 0xa0,
    0x9f, 0xff, 0xc8, 0xff, 0xfc, 0x8f, 0xff, 0xf1,
    0xdf, 0xff, 0x40, 0xcf, 0xf4, 0xc, 0xff, 0xf5,
    0xff, 0xff, 0xb6, 0xff, 0xfb, 0x6f, 0xff, 0xf6,
    0xff, 0xff, 0xff, 0xff, 0xff, 0xff, 0xff, 0xf7,
    0xdf, 0xff, 0xff, 0xff, 0xff, 0xff, 0xff, 0xf5,
    0x9f, 0xff, 0xdb, 0xbb, 0xbb, 0xbf, 0xff, 0xf1,
    0x3f, 0xff, 0x84, 0x44, 0x44, 0x4e, 0xff, 0xb0,
    0xa, 0xff, 0xff, 0xff, 0xff, 0xff, 0xff, 0x20,
    0x0, 0xcf, 0xff, 0xff, 0xff, 0xff, 0xf5, 0x0,
    0x0, 0xa, 0xff, 0xff, 0xff, 0xfe, 0x40, 0x0,
    0x0, 0x0, 0x39, 0xde, 0xeb, 0x60, 0x0, 0x0,

    /* U+F11B "" */
    0x0, 0x4c, 0xff, 0xff, 0xff, 0xff, 0xff, 0xff,
    0xc4, 0x0, 0x8, 0xff, 0xff, 0xff, 0xff, 0xff,
    0xff, 0xff, 0xff, 0x80, 0x4f, 0xff, 0x0, 0xff,
    0xff, 0xff, 0xff, 0xf8, 0x5d, 0xf4, 0xcf, 0xff,
    0x0, 0xff, 0xff, 0xff, 0xff, 0xd0, 0x5, 0xfc,
    0xff, 0x0, 0x0, 0x0, 0xff, 0xff, 0xfd, 0xd1,
    0x8, 0xff, 0xff, 0x0, 0x0, 0x0, 0xff, 0xff,
    0x80, 0x1d, 0xdf, 0xff, 0xcf, 0xff, 0x0, 0xff,
    0xff, 0xff, 0x50, 0xd, 0xff, 0xfc, 0x4f, 0xff,
    0x0, 0xff, 0xff, 0xff, 0xd5, 0x8f, 0xff, 0xf4,
    0x8, 0xff, 0xff, 0xff, 0xa8, 0x8a, 0xff, 0xff,
    0xff, 0x80, 0x0, 0x4c, 0xff, 0xc4, 0x0, 0x0,
    0x4c, 0xff, 0xc4, 0x0,

    /* U+F11C "" */
    0x8f, 0xff, 0xff, 0xff, 0xff, 0xff, 0xff, 0xff,
    0xf8, 0xff, 0xff, 0xff, 0xff, 0xff, 0xff, 0xff,
    0xff, 0xff, 0xff, 0x0, 0xf0, 0xf, 0x0, 0xf0,
    0xf, 0x0, 0xff, 0xff, 0x0, 0xf0, 0xf, 0x0,
    0xf0, 0xf, 0x0, 0xff, 0xff, 0xff, 0xff, 0xff,
    0xff, 0xff, 0xff, 0xff, 0xff, 0xff, 0xf8, 0x8,
    0x80, 0x88, 0x8, 0x80, 0x8f, 0xff, 0xff, 0xf8,
    0x8, 0x80, 0x88, 0x8, 0x80, 0x8f, 0xff, 0xff,
    0xff, 0xff, 0xff, 0xff, 0xff, 0xff, 0xff, 0xff,
    0xff, 0x0, 0xf0, 0x0, 0x0, 0x0, 0xf, 0x0,
    0xff, 0xff, 0x0, 0xf0, 0x0, 0x0, 0x0, 0xf,
    0x0, 0xff, 0xff, 0xff, 0xff, 0xff, 0xff, 0xff,
    0xff, 0xff, 0xff, 0x8f, 0xff, 0xff, 0xff, 0xff,
    0xff, 0xff, 0xff, 0xf8,

    /* U+F11E "" */
    0x0, 0x0, 0x0, 0x0, 0x0, 0x0, 0x0, 0x0,
    0x3e, 0xd3, 0x0, 0x0, 0x0, 0x0, 0x0, 0x0,
    0xbf, 0xfa, 0x0, 0x0, 0x0, 0x0, 0x0, 0x0,
    0x8f, 0xfe, 0xdf, 0xeb, 0x72, 0x0, 0x28, 0xdc,
    0xf, 0xff, 0xaf, 0xff, 0xff, 0xff, 0xff, 0xef,
    0xf, 0xf0, 0xe, 0xf6, 0x27, 0xff, 0x71, 0x8f,
    0xf, 0xf0, 0x1b, 0xc5, 0x1, 0xff, 0x30, 0x8f,
    0xf, 0xfc, 0xf5, 0x9, 0xb7, 0xbc, 0x7a, 0xff,
    0xf, 0xff, 0xf5, 0xa, 0xfe, 0x0, 0xdf, 0xff,
    0xf, 0xf5, 0xe, 0xf7, 0x59, 0x20, 0xb9, 0x9f,
    0xf, 0xf0, 0xe, 0xf6, 0x1, 0xff, 0x30, 0x8f,
    0xf, 0xf7, 0xbf, 0xfd, 0x85, 0xff, 0x33, 0xcf,
    0xf, 0xff, 0xdb, 0xac, 0xff, 0xff, 0xef, 0xf6,
    0xf, 0xf2, 0x0, 0x0, 0x4, 0x8a, 0x96, 0x10,
    0xf, 0xf0, 0x0, 0x0, 0x0, 0x0, 0x0, 0x0,
    0xf, 0xf0, 0x0, 0x0, 0x0, 0x0, 0x0, 0x0,
    0xd, 0xd0, 0x0, 0x0, 0x0, 0x0, 0x0, 0x0,

    /* U+F120 "" */
    0x3b, 0x20, 0x0, 0x0, 0x0, 0x0, 0x0, 0x0,
    0x0, 0x0, 0xef, 0xe2, 0x0, 0x0, 0x0, 0x0,
    0x0, 0x0, 0x0, 0x0, 0x6f, 0xfe, 0x20, 0x0,
    0x0, 0x0, 0x0, 0x0, 0x0, 0x0, 0x7, 0xff,
    0xe2, 0x0, 0x0, 0x0, 0x0, 0x0, 0x0, 0x0,
    0x0, 0x7f, 0xfe, 0x20, 0x0, 0x0, 0x0, 0x0,
    0x0, 0x0, 0x0, 0x7, 0xff, 0xe2, 0x0, 0x0,
    0x0, 0x0, 0x0, 0x0, 0x0, 0x0, 0x7f, 0xfe,
    0x10, 0x0, 0x0, 0x0, 0x0, 0x0, 0x0, 0x0,
    0x7f, 0xfe, 0x10, 0x0, 0x0, 0x0, 0x0, 0x0,
    0x0, 0x7, 0xff, 0xe2, 0x0, 0x0, 0x0, 0x0,
    0x0, 0x0, 0x0, 0x7f, 0xfe, 0x20, 0x0, 0x0,
    0x0, 0x0, 0x0, 0x0, 0x7, 0xff, 0xe2, 0x0,
    0x0, 0x0, 0x0, 0x0, 0x0, 0x0, 0x6f, 0xfe,
    0x20, 0x0, 0x5, 0x88, 0x88, 0x88, 0x88, 0x85,
    0xef, 0xe2, 0x0, 0x0, 0xf, 0xff, 0xff, 0xff,
    0xff, 0xff, 0x3b, 0x20, 0x0, 0x0, 0xd, 0xff,
    0xff, 0xff, 0xff, 0xfd,

    /* U+F121 "" */
    0x0, 0x0, 0x0, 0x0, 0x0, 0x0, 0x0, 0x0,
    0x0, 0x0, 0x0, 0x0, 0x0, 0x0, 0x0, 0x0,
    0x3, 0xea, 0x20, 0x0, 0x0, 0x0, 0x0, 0x0,
    0x0, 0x0, 0x0, 0x8, 0xff, 0x40, 0x0, 0x0,
    0x0, 0x0, 0x0, 0x0, 0x0, 0x0, 0xd, 0xff,
    0x0, 0x0, 0x0, 0x0, 0x0, 0x0, 0x5, 0x20,
    0x0, 0x1f, 0xfb, 0x2, 0x50, 0x0, 0x0, 0x0,
    0x0, 0x7f, 0xe2, 0x0, 0x6f, 0xf6, 0x2e, 0xf7,
    0x0, 0x0, 0x0, 0x8, 0xff, 0xf6, 0x0, 0xbf,
    0xf2, 0x6f, 0xff, 0x80, 0x0, 0x0, 0x9f, 0xff,
    0x60, 0x0, 0xff, 0xd0, 0x6, 0xff, 0xf9, 0x0,
    0x9, 0xff, 0xf4, 0x0, 0x4, 0xff, 0x90, 0x0,
    0x4f, 0xff, 0x90, 0x9, 0xff, 0xf4, 0x0, 0x9,
    0xff, 0x40, 0x0, 0x4f, 0xff, 0x90, 0x0, 0x9f,
    0xff, 0x60, 0xd, 0xff, 0x0, 0x6, 0xff, 0xf9,
    0x0, 0x0, 0x8, 0xff, 0xf6, 0x2f, 0xfb, 0x0,
    0x6f, 0xff, 0x80, 0x0, 0x0, 0x0, 0x7f, 0xe2,
    0x7f, 0xf6, 0x0, 0x2e, 0xf7, 0x0, 0x0, 0x0,
    0x0, 0x5, 0x20, 0xbf, 0xf1, 0x0, 0x2, 0x50,
    0x0, 0x0, 0x0, 0x0, 0x0, 0x0, 0xff, 0xd0,
    0x0, 0x0, 0x0, 0x0, 0x0, 0x0, 0x0, 0x0,
    0x4, 0xff, 0x80, 0x0, 0x0, 0x0, 0x0, 0x0,
    0x0, 0x0, 0x0, 0x2, 0xae, 0x30, 0x0, 0x0,
    0x0, 0x0, 0x0, 0x0, 0x0, 0x0, 0x0, 0x0,
    0x0, 0x0, 0x0, 0x0, 0x0, 0x0,

    /* U+F122 "" */
    0x0, 0x0, 0x0, 0x0, 0x0, 0x0, 0x0, 0x0,
    0x0, 0x0, 0x0, 0x9, 0xd0, 0x9, 0xd0, 0x0,
    0x0, 0x0, 0x0, 0x0, 0xbf, 0xa0, 0xbf, 0xf0,
    0x0, 0x0, 0x0, 0x0, 0x1d, 0xf8, 0x1d, 0xff,
    0xf0, 0x0, 0x0, 0x0, 0x3, 0xef, 0x63, 0xef,
    0xff, 0xf9, 0x74, 0x0, 0x0, 0x4f, 0xf6, 0x4f,
    0xff, 0xff, 0xff, 0xff, 0xe8, 0x0, 0xef, 0xf0,
    0xef, 0xff, 0xff, 0xff, 0xff, 0xff, 0xc0, 0x4f,
    0xf6, 0x4f, 0xff, 0xff, 0xff, 0xff, 0xff, 0xf7,
    0x3, 0xef, 0x63, 0xef, 0xff, 0xfb, 0xef, 0xff,
    0xfc, 0x0, 0x1d, 0xf8, 0x1d, 0xff, 0xf0, 0x5,
    0xff, 0xff, 0x0, 0x0, 0xbf, 0xa0, 0xbf, 0xf0,
    0x0, 0x5f, 0xff, 0x0, 0x0, 0x9, 0xd0, 0x9,
    0xd0, 0x0, 0x1f, 0xfc, 0x0, 0x0, 0x0, 0x0,
    0x0, 0x0, 0x0, 0x1f, 0xf5, 0x0, 0x0, 0x0,
    0x0, 0x0, 0x0, 0x0, 0x4f, 0xb0, 0x0, 0x0,
    0x0, 0x0, 0x0, 0x0, 0x0, 0x6b, 0x0, 0x0,
    0x0, 0x0, 0x0, 0x0, 0x0, 0x0, 0x0, 0x0,

    /* U+F124 "" */
    0x0, 0x0, 0x0, 0x0, 0x0, 0x0, 0x0, 0x0,
    0x0, 0x0, 0x0, 0x0, 0x0, 0x0, 0x0, 0x3,
    0xaf, 0x70, 0x0, 0x0, 0x0, 0x0, 0x0, 0x4,
    0xcf, 0xff, 0xf0, 0x0, 0x0, 0x0, 0x0, 0x6,
    0xdf, 0xff, 0xff, 0xa0, 0x0, 0x0, 0x0, 0x17,
    0xef, 0xff, 0xff, 0xff, 0x30, 0x0, 0x0, 0x18,
    0xff, 0xff, 0xff, 0xff, 0xfc, 0x0, 0x0, 0x2a,
    0xff, 0xff, 0xff, 0xff, 0xff, 0xf4, 0x0, 0x8,
    0xff, 0xff, 0xff, 0xff, 0xff, 0xff, 0xd0, 0x0,
    0xf, 0xff, 0xff, 0xff, 0xff, 0xff, 0xff, 0x60,
    0x0, 0x8, 0xff, 0xff, 0xff, 0xff, 0xff, 0xfe,
    0x0, 0x0, 0x0, 0x0, 0x0, 0x0, 0xff, 0xff,
    0xf7, 0x0, 0x0, 0x0, 0x0, 0x0, 0x0, 0xff,
    0xff, 0xf1, 0x0, 0x0, 0x0, 0x0, 0x0, 0x0,
    0xff, 0xff, 0x80, 0x0, 0x0, 0x0, 0x0, 0x0,
    0x0, 0xff, 0xff, 0x10, 0x0, 0x0, 0x0, 0x0,
    0x0, 0x0, 0xff, 0xfa, 0x0, 0x0, 0x0, 0x0,
    0x0, 0x0, 0x0, 0xff, 0xf2, 0x0, 0x0, 0x0,
    0x0, 0x0, 0x0, 0x0, 0x8f, 0x80, 0x0, 0x0,
    0x0, 0x0, 0x0, 0x0, 0x0, 0x0, 0x0, 0x0,
    0x0, 0x0,

    /* U+F125 "" */
    0x0, 0x0, 0x0, 0x0, 0x0, 0x0, 0x0, 0x0,
    0x0, 0xd, 0xfd, 0x0, 0x0, 0x0, 0x0, 0x1c,
    0x70, 0x0, 0xff, 0xf0, 0x0, 0x0, 0x0, 0x1d,
    0xfc, 0xd, 0xff, 0xff, 0xf, 0xff, 0xff, 0xff,
    0xfd, 0x10, 0xff, 0xff, 0xf0, 0xff, 0xff, 0xff,
    0xff, 0x10, 0xd, 0xff, 0xff, 0xf, 0xff, 0xff,
    0xff, 0xf0, 0x0, 0x0, 0xff, 0xf0, 0x0, 0x1d,
    0xff, 0xff, 0x0, 0x0, 0xf, 0xff, 0x0, 0x1d,
    0xfd, 0xff, 0xf0, 0x0, 0x0, 0xff, 0xf0, 0x1d,
    0xfd, 0x1f, 0xff, 0x0, 0x0, 0xf, 0xff, 0x1d,
    0xfd, 0x10, 0xff, 0xf0, 0x0, 0x0, 0xff, 0xfd,
    0xfd, 0x10, 0xf, 0xff, 0x0, 0x0, 0xf, 0xff,
    0xfd, 0x10, 0x0, 0xff, 0xf0, 0x0, 0x0, 0xff,
    0xff, 0xff, 0xff, 0xf, 0xff, 0xfd, 0x0, 0xf,
    0xff, 0xff, 0xff, 0xf0, 0xff, 0xff, 0xf0, 0x0,
    0xdf, 0xff, 0xff, 0xff, 0xf, 0xff, 0xfd, 0x0,
    0x0, 0x0, 0x0, 0x0, 0x0, 0xff, 0xf0, 0x0,
    0x0, 0x0, 0x0, 0x0, 0x0, 0xd, 0xfd, 0x0,
    0x0,

    /* U+F126 "" */
    0x1b, 0xfb, 0x10, 0x0, 0x0, 0x0, 0xbf, 0xff,
    0xb0, 0x0, 0x0, 0x0, 0xff, 0x4f, 0xf0, 0x1,
    0xbf, 0xb1, 0xcf, 0xff, 0xc0, 0xb, 0xff, 0xfb,
    0x2c, 0xfc, 0x20, 0xf, 0xf4, 0xff, 0x4, 0xf4,
    0x0, 0xb, 0xff, 0xfc, 0x4, 0xf4, 0x0, 0x1,
    0xcf, 0xc2, 0x4, 0xf4, 0x0, 0x0, 0x5f, 0x30,
    0x4, 0xf4, 0x1, 0x36, 0xed, 0x0, 0x4, 0xfd,
    0xff, 0xff, 0xc2, 0x0, 0x4, 0xfe, 0x96, 0x41,
    0x0, 0x0, 0x1c, 0xfd, 0x20, 0x0, 0x0, 0x0,
    0xbf, 0xff, 0xc0, 0x0, 0x0, 0x0, 0xff, 0x4f,
    0xf0, 0x0, 0x0, 0x0, 0xbf, 0xff, 0xb0, 0x0,
    0x0, 0x0, 0x1b, 0xfb, 0x10, 0x0, 0x0, 0x0,

    /* U+F127 "" */
    0x5e, 0x40, 0x0, 0x0, 0x2a, 0xef, 0xd6, 0x0,
    0xef, 0xf4, 0x0, 0x4, 0xff, 0xff, 0xff, 0xa0,
    0x4f, 0xff, 0x40, 0x3f, 0xff, 0xa8, 0xef, 0xf6,
    0x4, 0xff, 0xf4, 0x4f, 0xf5, 0x0, 0xe, 0xfd,
    0x0, 0x4f, 0xff, 0x45, 0x50, 0x0, 0x8, 0xff,
    0x0, 0x4, 0xff, 0xf4, 0x0, 0x0, 0xa, 0xfe,
    0x0, 0x34, 0x4f, 0xff, 0x40, 0x0, 0x5f, 0xfa,
    0x4, 0xff, 0x54, 0xff, 0xf4, 0x5, 0xff, 0xf2,
    0x2f, 0xff, 0x50, 0x4f, 0xff, 0x45, 0xff, 0x40,
    0xaf, 0xf5, 0x0, 0x4, 0xff, 0xf4, 0x43, 0x0,
    0xef, 0xa0, 0x0, 0x0, 0x4f, 0xff, 0x40, 0x0,
    0xff, 0x80, 0x0, 0x5, 0x54, 0xff, 0xf4, 0x0,
    0xdf, 0xe0, 0x0, 0x5f, 0xf4, 0x4f, 0xff, 0x40,
    0x6f, 0xfe, 0x8a, 0xff, 0xf3, 0x4, 0xff, 0xf4,
    0xa, 0xff, 0xff, 0xff, 0x40, 0x0, 0x4f, 0xfe,
    0x0, 0x6d, 0xfe, 0xa2, 0x0, 0x0, 0x4, 0xe5,

    /* U+F128 "" */
    0x0, 0x5, 0xbe, 0xfd, 0x81, 0x0, 0x1, 0xbf,
    0xff, 0xff, 0xfe, 0x30, 0xb, 0xff, 0xff, 0xff,
    0xff, 0xf2, 0x1f, 0xff, 0xc5, 0x4b, 0xff, 0xf9,
    0x3, 0xda, 0x0, 0x0, 0xdf, 0xfc, 0x0, 0x0,
    0x0, 0x2, 0xff, 0xfb, 0x0, 0x0, 0x0, 0x8f,
    0xff, 0xf6, 0x0, 0x0, 0x1d, 0xff, 0xff, 0xa0,
    0x0, 0x0, 0xaf, 0xff, 0xe5, 0x0, 0x0, 0x0,
    0xdf, 0xff, 0x10, 0x0, 0x0, 0x0, 0x7c, 0xc7,
    0x0, 0x0, 0x0, 0x0, 0x3, 0x30, 0x0, 0x0,
    0x0, 0x0, 0xaf, 0xfa, 0x0, 0x0, 0x0, 0x1,
    0xff, 0xff, 0x10, 0x0, 0x0, 0x0, 0xff, 0xff,
    0x0, 0x0, 0x0, 0x0, 0x5e, 0xe5, 0x0, 0x0,

    /* U+F129 "" */
    0x5, 0xee, 0x50, 0x1f, 0xff, 0xf1, 0x3f, 0xff,
    0xf3, 0xc, 0xff, 0xc0, 0x0, 0x66, 0x0, 0x0,
    0x0, 0x0, 0xef, 0xff, 0xa0, 0xff, 0xff, 0xc0,
    0xaf, 0xff, 0xc0, 0xc, 0xff, 0xc0, 0xc, 0xff,
    0xc0, 0xc, 0xff, 0xc0, 0xc, 0xff, 0xc0, 0xaf,
    0xff, 0xfa, 0xff, 0xff, 0xff, 0xef, 0xff, 0xfe,

    /* U+F12A "" */
    0x4f, 0xff, 0xd0, 0x6f, 0xff, 0xf0, 0x5f, 0xff,
    0xe0, 0x4f, 0xff, 0xd0, 0x3f, 0xff, 0xc0, 0x3f,
    0xff, 0xc0, 0x2f, 0xff, 0xb0, 0x1f, 0xff, 0xa0,
    0xf, 0xff, 0x90, 0xd, 0xff, 0x60, 0x0, 0x0,
    0x0, 0x9, 0xed, 0x40, 0x7f, 0xff, 0xf1, 0xaf,
    0xff, 0xf3, 0x7f, 0xff, 0xf1, 0x9, 0xfd, 0x40,

    /* U+F12B "" */
    0x0, 0x0, 0x0, 0x0, 0x0, 0x0, 0x8f, 0xe0,
    0x0, 0x0, 0x0, 0x0, 0x0, 0x0, 0xef, 0xf0,
    0xef, 0xf3, 0x0, 0x3, 0xff, 0xe0, 0xf, 0xf0,
    0xff, 0xfd, 0x0, 0xd, 0xff, 0xf0, 0xf, 0xf0,
    0x6a, 0xff, 0x90, 0x9f, 0xfa, 0x60, 0xf, 0xf0,
    0x0, 0xcf, 0xf8, 0xff, 0xc0, 0x0, 0xef, 0xfe,
    0x0, 0x2f, 0xff, 0xff, 0x20, 0x0, 0xef, 0xfe,
    0x0, 0x6, 0xff, 0xf6, 0x0, 0x0, 0x0, 0x0,
    0x0, 0x6, 0xff, 0xf6, 0x0, 0x0, 0x0, 0x0,
    0x0, 0x2f, 0xff, 0xff, 0x20, 0x0, 0x0, 0x0,
    0x0, 0xcf, 0xf8, 0xff, 0xc0, 0x0, 0x0, 0x0,
    0x6a, 0xff, 0x90, 0x9f, 0xfa, 0x60, 0x0, 0x0,
    0xff, 0xfd, 0x0, 0xd, 0xff, 0xf0, 0x0, 0x0,
    0xef, 0xf3, 0x0, 0x3, 0xff, 0xe0, 0x0, 0x0,

    /* U+F12C "" */
    0xef, 0xf3, 0x0, 0x3, 0xff, 0xe0, 0x0, 0x0,
    0xff, 0xfd, 0x0, 0xd, 0xff, 0xf0, 0x0, 0x0,
    0x6a, 0xff, 0x90, 0x9f, 0xfa, 0x60, 0x0, 0x0,
    0x0, 0xcf, 0xf8, 0xff, 0xc0, 0x0, 0x0, 0x0,
    0x0, 0x2f, 0xff, 0xff, 0x20, 0x0, 0x0, 0x0,
    0x0, 0x6, 0xff, 0xf6, 0x0, 0x0, 0x0, 0x0,
    0x0, 0x6, 0xff, 0xf6, 0x0, 0x0, 0x0, 0x0,
    0x0, 0x2f, 0xff, 0xff, 0x20, 0x0, 0x8f, 0xe0,
    0x0, 0xcf, 0xf8, 0xff, 0xc0, 0x0, 0xef, 0xf0,
    0x6a, 0xff, 0x90, 0x9f, 0xfa, 0x60, 0xf, 0xf0,
    0xff, 0xfd, 0x0, 0xd, 0xff, 0xf0, 0xf, 0xf0,
    0xef, 0xf3, 0x0, 0x3, 0xff, 0xe0, 0xf, 0xf0,
    0x0, 0x0, 0x0, 0x0, 0x0, 0x0, 0xef, 0xfe,
    0x0, 0x0, 0x0, 0x0, 0x0, 0x0, 0xef, 0xfe,

    /* U+F12D "" */
    0x0, 0x0, 0x0, 0x0, 0x9f, 0x90, 0x0, 0x0,
    0x0, 0x0, 0x0, 0x9, 0xff, 0xf9, 0x0, 0x0,
    0x0, 0x0, 0x0, 0x9f, 0xff, 0xff, 0x90, 0x0,
    0x0, 0x0, 0x9, 0xff, 0xff, 0xff, 0xf9, 0x0,
    0x0, 0x0, 0x9f, 0xff, 0xff, 0xff, 0xff, 0x90,
    0x0, 0x9, 0xff, 0xef, 0xff, 0xff, 0xff, 0xf9,
    0x0, 0x9f, 0xf3, 0x2e, 0xff, 0xff, 0xff, 0xff,
    0x9, 0xff, 0x30, 0x2, 0xef, 0xff, 0xff, 0xf9,
    0x9f, 0xf4, 0x0, 0x0, 0x2e, 0xff, 0xff, 0x90,
    0xff, 0x70, 0x0, 0x0, 0x2, 0xef, 0xf9, 0x0,
    0x9f, 0xf4, 0x0, 0x0, 0x3, 0xff, 0x90, 0x0,
    0x9, 0xff, 0x40, 0x0, 0x4f, 0xf9, 0x0, 0x0,
    0x0, 0x9f, 0xff, 0xff, 0xff, 0xff, 0xff, 0xff,
    0x0, 0x9, 0xff, 0xff, 0xff, 0xff, 0xff, 0xff,

    /* U+F12E "" */
    0x0, 0x0, 0x1b, 0xfc, 0x10, 0x0, 0x0, 0x0,
    0x0, 0x0, 0x0, 0x6f, 0xff, 0x60, 0x0, 0x0,
    0x0, 0x0, 0x0, 0x0, 0x5f, 0xff, 0x30, 0x0,
    0x0, 0x0, 0x0, 0x0, 0x0, 0xd, 0xfa, 0x0,
    0x0, 0x0, 0x0, 0x0, 0x0, 0x0, 0x9, 0xf6,
    0x0, 0x0, 0x22, 0x0, 0x0, 0xb8, 0x76, 0x9f,
    0xfe, 0x87, 0x9d, 0xf3, 0x0, 0x0, 0xff, 0xff,
    0xff, 0xff, 0xff, 0xff, 0xf0, 0x0, 0x0, 0xff,
    0xff, 0xff, 0xff, 0xff, 0xff, 0xd0, 0x0, 0x0,
    0xff, 0xff, 0xff, 0xff, 0xff, 0xff, 0xc0, 0x0,
    0x0, 0xff, 0xff, 0xff, 0xff, 0xff, 0xff, 0xf1,
    0x5d, 0xe5, 0xff, 0xff, 0xfa, 0x7c, 0xff, 0xff,
    0xff, 0xff, 0xfd, 0xff, 0xff, 0x80, 0x0, 0xef,
    0xff, 0xfe, 0xff, 0xfe, 0xff, 0xff, 0x60, 0x0,
    0xdf, 0xff, 0xa0, 0x3c, 0xf6, 0xff, 0xff, 0xd0,
    0x5, 0xff, 0xff, 0x70, 0x0, 0x0, 0xff, 0xff,
    0xf7, 0xc, 0xff, 0xff, 0x80, 0x0, 0x0, 0xbe,
    0xff, 0xd3, 0x7, 0xee, 0xdb, 0x70, 0x0, 0x0,

    /* U+F130 "" */
    0x0, 0x5, 0xdf, 0xb1, 0x0, 0x0, 0x4, 0xff,
    0xff, 0xc0, 0x0, 0x0, 0xaf, 0xff, 0xff, 0x20,
    0x0, 0xb, 0xff, 0xff, 0xf4, 0x0, 0x0, 0xbf,
    0xff, 0xff, 0x40, 0x0, 0xb, 0xff, 0xff, 0xf4,
    0x0, 0xe6, 0xbf, 0xff, 0xff, 0x46, 0xef, 0x8b,
    0xff, 0xff, 0xf4, 0x8f, 0xf9, 0xaf, 0xff, 0xff,
    0x28, 0xfb, 0xd4, 0xff, 0xff, 0xc0, 0xcc, 0x5f,
    0x75, 0xdf, 0xb1, 0x6f, 0x50, 0xaf, 0x92, 0x2,
    0x9f, 0xa0, 0x0, 0x9f, 0xff, 0xff, 0x80, 0x0,
    0x0, 0x2a, 0xf5, 0x10, 0x0, 0x0, 0x48, 0xbf,
    0x87, 0x10, 0x0, 0xa, 0xff, 0xff, 0xf3, 0x0,

    /* U+F131 "" */
    0x0, 0x0, 0x0, 0x0, 0x0, 0x0, 0x0, 0x0,
    0x0, 0x0, 0x0, 0x8, 0xc2, 0x0, 0x0, 0x8,
    0xee, 0x80, 0x0, 0x0, 0x0, 0x0, 0xd, 0xfe,
    0x40, 0x0, 0x8f, 0xff, 0xf8, 0x0, 0x0, 0x0,
    0x0, 0x1, 0xbf, 0xf8, 0x0, 0xef, 0xff, 0xfe,
    0x0, 0x0, 0x0, 0x0, 0x0, 0x7, 0xff, 0xb1,
    0xff, 0xff, 0xff, 0x0, 0x0, 0x0, 0x0, 0x0,
    0x0, 0x4e, 0xfe, 0xff, 0xff, 0xff, 0x0, 0x0,
    0x0, 0x0, 0x0, 0x0, 0x1, 0xcf, 0xff, 0xff,
    0xff, 0x0, 0x0, 0x0, 0x0, 0x0, 0x0, 0x0,
    0x9, 0xff, 0xff, 0xff, 0xe, 0x60, 0x0, 0x0,
    0x0, 0x0, 0x2, 0x0, 0x5f, 0xff, 0xff, 0xf,
    0x80, 0x0, 0x0, 0x0, 0x0, 0x6, 0xa0, 0x2,
    0xdf, 0xfe, 0xf, 0x60, 0x0, 0x0, 0x0, 0x0,
    0x3, 0xf5, 0x0, 0xa, 0xff, 0xbf, 0x30, 0x0,
    0x0, 0x0, 0x0, 0x0, 0xce, 0x20, 0x0, 0x6f,
    0xff, 0x10, 0x0, 0x0, 0x0, 0x0, 0x0, 0x2f,
    0xe5, 0x10, 0x3, 0xef, 0xe4, 0x0, 0x0, 0x0,
    0x0, 0x0, 0x3, 0xdf, 0xfc, 0x20, 0x1b, 0xff,
    0x70, 0x0, 0x0, 0x0, 0x0, 0x0, 0x4, 0xdd,
    0x30, 0x0, 0x8f, 0xfb, 0x10, 0x0, 0x0, 0x0,
    0x0, 0x68, 0xee, 0x86, 0x0, 0x4, 0xef, 0xd0,
    0x0, 0x0, 0x0, 0x0, 0xef, 0xff, 0xfe, 0x0,
    0x0, 0x2c, 0x80, 0x0, 0x0, 0x0, 0x0, 0x0,
    0x0, 0x0, 0x0, 0x0, 0x0, 0x0,

    /* U+F133 "" */
    0x0, 0xf, 0xf0, 0x0, 0xf, 0xf0, 0x0, 0x0,
    0xf, 0xf0, 0x0, 0xf, 0xf0, 0x0, 0x8f, 0xff,
    0xff, 0xff, 0xff, 0xff, 0xf8, 0xff, 0xff, 0xff,
    0xff, 0xff, 0xff, 0xff, 0xff, 0xff, 0xff, 0xff,
    0xff, 0xff, 0xff, 0x0, 0x0, 0x0, 0x0, 0x0,
    0x0, 0x0, 0xff, 0xff, 0xff, 0xff, 0xff, 0xff,
    0xff, 0xff, 0xff, 0xff, 0xff, 0xff, 0xff, 0xff,
    0xff, 0xff, 0xff, 0xff, 0xff, 0xff, 0xff, 0xff,
    0xff, 0xff, 0xff, 0xff, 0xff, 0xff, 0xff, 0xff,
    0xff, 0xff, 0xff, 0xff, 0xff, 0xff, 0xff, 0xff,
    0xff, 0xff, 0xff, 0xff, 0xff, 0xff, 0xff, 0xff,
    0xff, 0xff, 0xff, 0xff, 0xff, 0xff, 0xff, 0xff,
    0xff, 0xff, 0xff, 0xff, 0xff, 0xff, 0xff, 0xff,
    0xff, 0x8f, 0xff, 0xff, 0xff, 0xff, 0xff, 0xf8,

    /* U+F134 "" */
    0x0, 0x0, 0x9f, 0x90, 0x0, 0x0, 0x0, 0x0,
    0x0, 0x2f, 0x6f, 0x20, 0x36, 0x9b, 0xef, 0x0,
    0x7, 0xfc, 0xfb, 0xaf, 0xff, 0xff, 0xf0, 0xc,
    0xfe, 0xdf, 0xfd, 0xff, 0xff, 0xff, 0x8, 0xf5,
    0x0, 0xcc, 0x6, 0x9c, 0xff, 0xf0, 0xe9, 0x2,
    0xef, 0xfe, 0x20, 0x0, 0x13, 0x3, 0x0, 0xbf,
    0xff, 0xfb, 0x0, 0x0, 0x0, 0x0, 0xf, 0xff,
    0xff, 0xf0, 0x0, 0x0, 0x0, 0x0, 0xff, 0xff,
    0xff, 0x0, 0x0, 0x0, 0x0, 0xf, 0xff, 0xff,
    0xf0, 0x0, 0x0, 0x0, 0x0, 0xff, 0xff, 0xff,
    0x0, 0x0, 0x0, 0x0, 0xf, 0xff, 0xff, 0xf0,
    0x0, 0x0, 0x0, 0x0, 0xff, 0xff, 0xff, 0x0,
    0x0, 0x0, 0x0, 0xf, 0xff, 0xff, 0xf0, 0x0,
    0x0, 0x0, 0x0, 0xff, 0xff, 0xff, 0x0, 0x0,
    0x0, 0x0, 0xe, 0xff, 0xff, 0xe0, 0x0, 0x0,
    0x0, 0x0, 0x1, 0x11, 0x10, 0x0, 0x0, 0x0,

    /* U+F135 "" */
    0x0, 0x0, 0x0, 0x0, 0x3, 0xae, 0xff, 0xe8,
    0x0, 0x0, 0x0, 0x0, 0x8f, 0xff, 0xff, 0xfe,
    0x0, 0x0, 0x0, 0x9, 0xff, 0xfe, 0xef, 0xff,
    0x0, 0x0, 0x0, 0x6f, 0xff, 0xe0, 0xe, 0xff,
    0x2, 0xdf, 0xff, 0xff, 0xff, 0xe0, 0xe, 0xfe,
    0xb, 0xff, 0xff, 0xff, 0xff, 0xfe, 0xef, 0xfa,
    0x3f, 0xff, 0xff, 0xff, 0xff, 0xff, 0xff, 0xf3,
    0xbf, 0xff, 0xff, 0xff, 0xff, 0xff, 0xff, 0x80,
    0xdf, 0xff, 0xff, 0xff, 0xff, 0xff, 0xf9, 0x0,
    0x0, 0x8, 0xff, 0xff, 0xff, 0xff, 0x60, 0x0,
    0x0, 0xf, 0xff, 0xff, 0xff, 0xff, 0x0, 0x0,
    0x0, 0x5, 0xff, 0xff, 0xff, 0xff, 0x0, 0x0,
    0x0, 0x0, 0x5f, 0x8f, 0xff, 0xff, 0x0, 0x0,
    0x0, 0x0, 0x0, 0xf, 0xff, 0xfd, 0x0, 0x0,
    0x0, 0x0, 0x0, 0xf, 0xff, 0xb2, 0x0, 0x0,
    0x0, 0x0, 0x0, 0xd, 0xb3, 0x0, 0x0, 0x0,

    /* U+F136 "" */
    0x4f, 0xff, 0xff, 0xff, 0xff, 0xff, 0xeb, 0x30,
    0x0, 0xdf, 0xff, 0xff, 0xff, 0xff, 0xff, 0xff,
    0x30, 0x6, 0xff, 0xff, 0xff, 0xff, 0xff, 0xff,
    0xfb, 0x0, 0x3f, 0xfc, 0x0, 0x9f, 0xf7, 0x3,
    0xff, 0xf0, 0x7, 0xff, 0x90, 0xc, 0xff, 0x30,
    0x1f, 0xfe, 0x0, 0xaf, 0xf6, 0x0, 0xff, 0xf0,
    0x4, 0xff, 0xb0, 0xd, 0xff, 0x20, 0x3f, 0xfd,
    0x0, 0x8f, 0xf8, 0x1, 0xff, 0xf0, 0x7, 0xff,
    0x90, 0xb, 0xff, 0x50, 0x4f, 0xfb, 0x0, 0xaf,
    0xf6, 0x0, 0xef, 0xf1, 0x8, 0xff, 0x80, 0xd,
    0xff, 0x20, 0x2f, 0xfe, 0x0, 0xbf, 0xf4, 0x1,
    0xff, 0xf0, 0x5, 0xff, 0xa0, 0xa, 0xbb, 0x10,
    0x3b, 0xb8, 0x0, 0x6b, 0xb5, 0x0,

    /* U+F137 "" */
    0x0, 0x0, 0x5, 0x9b, 0xb9, 0x50, 0x0, 0x0,
    0x0, 0x4, 0xdf, 0xff, 0xff, 0xfd, 0x40, 0x0,
    0x0, 0x6f, 0xff, 0xff, 0xff, 0xff, 0xf6, 0x0,
    0x4, 0xff, 0xff, 0xff, 0x72, 0xef, 0xff, 0x40,
    0xd, 0xff, 0xff, 0xf6, 0x0, 0xaf, 0xff, 0xd0,
    0x5f, 0xff, 0xff, 0x60, 0x6, 0xff, 0xff, 0xf5,
    0x9f, 0xff, 0xf6, 0x0, 0x6f, 0xff, 0xff, 0xf9,
    0xbf, 0xff, 0x70, 0x6, 0xff, 0xff, 0xff, 0xfb,
    0xbf, 0xff, 0x70, 0x6, 0xff, 0xff, 0xff, 0xfb,
    0x9f, 0xff, 0xf6, 0x0, 0x6f, 0xff, 0xff, 0xf9,
    0x5f, 0xff, 0xff, 0x60, 0x6, 0xff, 0xff, 0xf5,
    0xe, 0xff, 0xff, 0xf6, 0x0, 0xaf, 0xff, 0xd0,
    0x4, 0xff, 0xff, 0xff, 0x72, 0xef, 0xff, 0x40,
    0x0, 0x6f, 0xff, 0xff, 0xff, 0xff, 0xf6, 0x0,
    0x0, 0x4, 0xef, 0xff, 0xff, 0xfd, 0x40, 0x0,
    0x0, 0x0, 0x5, 0x9b, 0xb9, 0x50, 0x0, 0x0,

    /* U+F138 "" */
    0x0, 0x0, 0x5, 0x9b, 0xb9, 0x50, 0x0, 0x0,
    0x0, 0x4, 0xdf, 0xff, 0xff, 0xfd, 0x40, 0x0,
    0x0, 0x6f, 0xff, 0xff, 0xff, 0xff, 0xf6, 0x0,
    0x4, 0xff, 0xfe, 0x27, 0xff, 0xff, 0xff, 0x40,
    0xd, 0xff, 0xfa, 0x0, 0x6f, 0xff, 0xff, 0xd0,
    0x5f, 0xff, 0xff, 0x60, 0x6, 0xff, 0xff, 0xf5,
    0x9f, 0xff, 0xff, 0xf6, 0x0, 0x6f, 0xff, 0xf9,
    0xbf, 0xff, 0xff, 0xff, 0x60, 0x7, 0xff, 0xfb,
    0xbf, 0xff, 0xff, 0xff, 0x60, 0x7, 0xff, 0xfb,
    0x9f, 0xff, 0xff, 0xf6, 0x0, 0x6f, 0xff, 0xf9,
    0x5f, 0xff, 0xff, 0x60, 0x6, 0xff, 0xff, 0xf5,
    0xe, 0xff, 0xfa, 0x0, 0x6f, 0xff, 0xff, 0xd0,
    0x4, 0xff, 0xfe, 0x27, 0xff, 0xff, 0xff, 0x40,
    0x0, 0x6f, 0xff, 0xff, 0xff, 0xff, 0xf6, 0x0,
    0x0, 0x4, 0xef, 0xff, 0xff, 0xfd, 0x40, 0x0,
    0x0, 0x0, 0x5, 0x9b, 0xb9, 0x50, 0x0, 0x0,

    /* U+F139 "" */
    0x0, 0x0, 0x6, 0xac, 0xca, 0x60, 0x0, 0x0,
    0x0, 0x5, 0xef, 0xff, 0xff, 0xfe, 0x50, 0x0,
    0x0, 0x8f, 0xff, 0xff, 0xff, 0xff, 0xf7, 0x0,
    0x5, 0xff, 0xff, 0xff, 0xff, 0xff, 0xff, 0x50,
    0xe, 0xff, 0xff, 0xf6, 0x6f, 0xff, 0xff, 0xe0,
    0x5f, 0xff, 0xff, 0x50, 0x5, 0xff, 0xff, 0xf5,
    0x9f, 0xff, 0xf5, 0x0, 0x0, 0x5f, 0xff, 0xf9,
    0xbf, 0xff, 0x50, 0x7, 0x70, 0x5, 0xff, 0xfb,
    0xbf, 0xf6, 0x0, 0x7f, 0xf7, 0x0, 0x6f, 0xfb,
    0x9f, 0xf3, 0x8, 0xff, 0xff, 0x80, 0x3f, 0xf9,
    0x4f, 0xfe, 0xbf, 0xff, 0xff, 0xfb, 0xef, 0xf4,
    0xd, 0xff, 0xff, 0xff, 0xff, 0xff, 0xff, 0xd0,
    0x4, 0xff, 0xff, 0xff, 0xff, 0xff, 0xff, 0x30,
    0x0, 0x5f, 0xff, 0xff, 0xff, 0xff, 0xf5, 0x0,
    0x0, 0x3, 0xdf, 0xff, 0xff, 0xfd, 0x30, 0x0,
    0x0, 0x0, 0x3, 0x8a, 0xa8, 0x30, 0x0, 0x0,

    /* U+F13A "" */
    0x0, 0x0, 0x3, 0x89, 0xa8, 0x30, 0x0, 0x0,
    0x0, 0x3, 0xdf, 0xff, 0xff, 0xfd, 0x30, 0x0,
    0x0, 0x5f, 0xff, 0xff, 0xff, 0xff, 0xf5, 0x0,
    0x3, 0xff, 0xff, 0xff, 0xff, 0xff, 0xff, 0x30,
    0xd, 0xff, 0xff, 0xff, 0xff, 0xff, 0xff, 0xd0,
    0x4f, 0xfe, 0xbf, 0xff, 0xff, 0xfb, 0xef, 0xf4,
    0x9f, 0xf3, 0x8, 0xff, 0xff, 0x80, 0x3f, 0xf9,
    0xbf, 0xf6, 0x0, 0x8f, 0xf8, 0x0, 0x6f, 0xfb,
    0xbf, 0xff, 0x50, 0x7, 0x70, 0x5, 0xff, 0xfb,
    0x9f, 0xff, 0xf5, 0x0, 0x0, 0x5f, 0xff, 0xf9,
    0x5f, 0xff, 0xff, 0x50, 0x5, 0xff, 0xff, 0xf5,
    0xe, 0xff, 0xff, 0xf6, 0x6f, 0xff, 0xff, 0xe0,
    0x5, 0xff, 0xff, 0xff, 0xff, 0xff, 0xff, 0x50,
    0x0, 0x8f, 0xff, 0xff, 0xff, 0xff, 0xf8, 0x0,
    0x0, 0x5, 0xef, 0xff, 0xff, 0xfe, 0x50, 0x0,
    0x0, 0x0, 0x6, 0xac, 0xca, 0x60, 0x0, 0x0,

    /* U+F13B "" */
    0xff, 0xff, 0xff, 0xff, 0xff, 0xff, 0xdf, 0xff,
    0xff, 0xff, 0xff, 0xfd, 0xcf, 0xa8, 0x88, 0x88,
    0x89, 0xfc, 0xbf, 0x50, 0x0, 0x0, 0x5, 0xfb,
    0x9f, 0x61, 0xff, 0xff, 0xff, 0xf9, 0x8f, 0x70,
    0x88, 0x88, 0x8c, 0xf8, 0x6f, 0x90, 0x0, 0x0,
    0x9, 0xf6, 0x5f, 0xec, 0xef, 0xfb, 0xb, 0xf5,
    0x4f, 0xc0, 0xbf, 0xfb, 0xc, 0xf3, 0x2f, 0xd0,
    0x4, 0x40, 0xe, 0xf2, 0x1f, 0xfa, 0x61, 0x16,
    0xaf, 0xf1, 0xf, 0xff, 0xff, 0xff, 0xff, 0xf0,
    0x7, 0xdf, 0xff, 0xff, 0xfd, 0x70, 0x0, 0x2,
    0x8d, 0xd8, 0x20, 0x0,

    /* U+F13C "" */
    0x0, 0xdf, 0xff, 0xff, 0xff, 0xff, 0xff, 0xe0,
    0xf, 0xff, 0xff, 0xff, 0xff, 0xff, 0xfb, 0x1,
    0x99, 0x99, 0x99, 0x99, 0x99, 0xef, 0x90, 0x0,
    0x0, 0x0, 0x0, 0x0, 0xf, 0xf6, 0x6, 0x99,
    0x99, 0x99, 0x99, 0x9a, 0xff, 0x30, 0xcf, 0xff,
    0xff, 0xff, 0xff, 0xff, 0xf0, 0xe, 0xff, 0xff,
    0xff, 0xff, 0xff, 0xfe, 0x0, 0x0, 0x0, 0x0,
    0x0, 0x0, 0xcf, 0xb0, 0x14, 0x40, 0x0, 0x0,
    0x0, 0xf, 0xf8, 0x8, 0xff, 0x0, 0x0, 0x0,
    0x2, 0xff, 0x50, 0xcf, 0xfc, 0x61, 0x0, 0x49,
    0xef, 0xf3, 0xd, 0xff, 0xff, 0xfb, 0xef, 0xff,
    0xfd, 0x0, 0x4, 0xbf, 0xff, 0xff, 0xfe, 0x82,
    0x0, 0x0, 0x0, 0x28, 0xef, 0xa4, 0x0, 0x0,
    0x0, 0x0, 0x0, 0x0, 0x0, 0x0, 0x0, 0x0,
    0x0,

    /* U+F13D "" */
    0x0, 0x0, 0x0, 0x0, 0x0, 0x0, 0x0, 0x0,
    0x0, 0x0, 0x0, 0x0, 0x0, 0x0, 0x8e, 0xe8,
    0x0, 0x0, 0x0, 0x0, 0x0, 0x0, 0x0, 0x8,
    0xff, 0xff, 0x80, 0x0, 0x0, 0x0, 0x0, 0x0,
    0x0, 0xe, 0xf3, 0x3f, 0xe0, 0x0, 0x0, 0x0,
    0x0, 0x0, 0x0, 0xe, 0xf3, 0x3f, 0xe0, 0x0,
    0x0, 0x0, 0x0, 0x0, 0x0, 0x8, 0xff, 0xff,
    0x80, 0x0, 0x0, 0x0, 0x0, 0x0, 0x0, 0x0,
    0x9f, 0xf9, 0x0, 0x0, 0x0, 0x0, 0x0, 0x0,
    0x0, 0xf, 0xff, 0xff, 0xf0, 0x0, 0x0, 0x0,
    0x0, 0x0, 0x0, 0xf, 0xff, 0xff, 0xf0, 0x0,
    0x0, 0x0, 0x0, 0x1b, 0x10, 0x0, 0xf, 0xf0,
    0x0, 0x1, 0xb1, 0x0, 0x1, 0xef, 0xd1, 0x0,
    0xf, 0xf0, 0x0, 0x1e, 0xfd, 0x10, 0xc, 0xff,
    0xfc, 0x0, 0xf, 0xf0, 0x0, 0xcf, 0xff, 0xc0,
    0x0, 0x6f, 0xc0, 0x0, 0xf, 0xf0, 0x0, 0xc,
    0xf6, 0x0, 0x0, 0x1e, 0xf9, 0x0, 0xf, 0xf0,
    0x0, 0x9f, 0xe1, 0x0, 0x0, 0x4, 0xff, 0xd7,
    0x2f, 0xf2, 0x7d, 0xff, 0x40, 0x0, 0x0, 0x0,
    0x3d, 0xff, 0xff, 0xff, 0xff, 0xd3, 0x0, 0x0,
    0x0, 0x0, 0x0, 0x5a, 0xdf, 0xfd, 0xa5, 0x0,
    0x0, 0x0,

    /* U+F13E "" */
    0x0, 0x0, 0x4b, 0xff, 0xb4, 0x0, 0x0, 0x0,
    0x6, 0xff, 0xff, 0xff, 0x60, 0x0, 0x0, 0x2f,
    0xff, 0x99, 0xff, 0xf2, 0x0, 0x0, 0x8f, 0xf3,
    0x0, 0x3f, 0xf9, 0x0, 0x0, 0xbf, 0xc0, 0x0,
    0xc, 0xfb, 0x0, 0x0, 0xcf, 0xc0, 0x0, 0x9,
    0xf9, 0x0, 0x0, 0xcf, 0xc0, 0x0, 0x0, 0x0,
    0x0, 0x0, 0xcf, 0xc0, 0x0, 0x0, 0x0, 0x0,
    0x8f, 0xff, 0xff, 0xff, 0xff, 0xff, 0xf8, 0xff,
    0xff, 0xff, 0xff, 0xff, 0xff, 0xff, 0xff, 0xff,
    0xfe, 0x22, 0xff, 0xff, 0xff, 0xff, 0xff, 0xfc,
    0x0, 0xcf, 0xff, 0xff, 0xff, 0xff, 0xfc, 0x0,
    0xcf, 0xff, 0xff, 0xff, 0xff, 0xfe, 0x22, 0xef,
    0xff, 0xff, 0xff, 0xff, 0xff, 0xff, 0xff, 0xff,
    0xff, 0x8f, 0xff, 0xff, 0xff, 0xff, 0xff, 0xf8,

    /* U+F140 "" */
    0x0, 0x0, 0x28, 0xbd, 0xc9, 0x40, 0x0, 0x0,
    0x0, 0x9, 0xff, 0xff, 0xff, 0xfc, 0x10, 0x0,
    0x0, 0xcf, 0xf9, 0x42, 0x37, 0xef, 0xe2, 0x0,
    0x9, 0xfe, 0x20, 0x0, 0x0, 0x1b, 0xfd, 0x0,
    0x3f, 0xf2, 0x4, 0xcf, 0xe9, 0x0, 0xdf, 0x70,
    0x9f, 0x80, 0x5f, 0xff, 0xff, 0xc0, 0x4f, 0xd0,
    0xdf, 0x30, 0xef, 0x81, 0x3d, 0xf7, 0xe, 0xf2,
    0xff, 0x2, 0xfd, 0x0, 0x5, 0xfb, 0xc, 0xf3,
    0xff, 0x3, 0xfd, 0x0, 0x5, 0xfb, 0xc, 0xf3,
    0xdf, 0x30, 0xef, 0x80, 0x3d, 0xf7, 0xe, 0xf2,
    0x9f, 0x80, 0x5f, 0xff, 0xff, 0xd0, 0x4f, 0xd0,
    0x3f, 0xf2, 0x4, 0xcf, 0xe9, 0x10, 0xdf, 0x70,
    0x9, 0xfe, 0x20, 0x0, 0x0, 0xb, 0xfd, 0x0,
    0x0, 0xcf, 0xf9, 0x42, 0x37, 0xef, 0xe2, 0x0,
    0x0, 0x9, 0xff, 0xff, 0xff, 0xfc, 0x10, 0x0,
    0x0, 0x0, 0x28, 0xcd, 0xc9, 0x40, 0x0, 0x0,

    /* U+F141 "" */
    0x1, 0x41, 0x0, 0x4, 0x40, 0x0, 0x14, 0x10,
    0x3f, 0xff, 0x30, 0xbf, 0xfa, 0x3, 0xff, 0xf3,
    0xbf, 0xff, 0xa3, 0xff, 0xff, 0x2b, 0xff, 0xfa,
    0xaf, 0xff, 0x92, 0xff, 0xff, 0x1a, 0xff, 0xf9,
    0x2d, 0xfd, 0x10, 0x8f, 0xf7, 0x2, 0xdf, 0xd1,
    0x0, 0x10, 0x0, 0x0, 0x0, 0x0, 0x1, 0x0,

    /* U+F142 "" */
    0x3, 0xcc, 0x40, 0xf, 0xff, 0xf1, 0x2f, 0xff,
    0xf3, 0xd, 0xff, 0xe0, 0x1, 0x88, 0x10, 0x0,
    0x44, 0x0, 0xa, 0xff, 0xb0, 0x2f, 0xff, 0xf3,
    0x1f, 0xff, 0xf2, 0x7, 0xff, 0x70, 0x0, 0x0,
    0x0, 0x1, 0x88, 0x10, 0xd, 0xff, 0xe0, 0x2f,
    0xff, 0xf3, 0xf, 0xff, 0xf1, 0x3, 0xcc, 0x40,

    /* U+F143 "" */
    0x8f, 0xff, 0xff, 0xff, 0xff, 0xff, 0xf8, 0xff,
    0xff, 0xff, 0xff, 0xff, 0xff, 0xff, 0xff, 0x12,
    0x5a, 0xff, 0xff, 0xff, 0xff, 0xff, 0x31, 0x0,
    0x1a, 0xff, 0xff, 0xff, 0xff, 0xff, 0xd6, 0x0,
    0x7f, 0xff, 0xff, 0xff, 0x46, 0xbf, 0xd2, 0x7,
    0xff, 0xff, 0xff, 0x0, 0x3, 0xde, 0x20, 0xaf,
    0xff, 0xff, 0xfc, 0x50, 0x1d, 0xd0, 0x1f, 0xff,
    0xff, 0xff, 0xf8, 0x3, 0xf6, 0xa, 0xff, 0xff,
    0x70, 0x7f, 0x50, 0xbd, 0x5, 0xff, 0xff, 0x0,
    0xf, 0xc0, 0x6f, 0x12, 0xff, 0xff, 0x70, 0x7f,
    0xf0, 0x4f, 0x31, 0xff, 0xff, 0xff, 0xff, 0xff,
    0xff, 0xff, 0xff, 0x8f, 0xff, 0xff, 0xff, 0xff,
    0xff, 0xf8,

    /* U+F144 "" */
    0x0, 0x0, 0x3, 0x79, 0x97, 0x30, 0x0, 0x0,
    0x0, 0x3, 0xcf, 0xff, 0xff, 0xfc, 0x30, 0x0,
    0x0, 0x5f, 0xff, 0xff, 0xff, 0xff, 0xf5, 0x0,
    0x3, 0xff, 0xff, 0xff, 0xff, 0xff, 0xff, 0x30,
    0xd, 0xff, 0xf2, 0x5e, 0xff, 0xff, 0xff, 0xd0,
    0x4f, 0xff, 0xf0, 0x0, 0x8f, 0xff, 0xff, 0xf4,
    0x9f, 0xff, 0xf0, 0x0, 0x2, 0xcf, 0xff, 0xf9,
    0xbf, 0xff, 0xf0, 0x0, 0x0, 0x6, 0xff, 0xfb,
    0xbf, 0xff, 0xf0, 0x0, 0x0, 0x3, 0xff, 0xfb,
    0x9f, 0xff, 0xf0, 0x0, 0x1, 0x9f, 0xff, 0xf9,
    0x5f, 0xff, 0xf0, 0x0, 0x7f, 0xff, 0xff, 0xf5,
    0xe, 0xff, 0xf2, 0x4d, 0xff, 0xff, 0xff, 0xe0,
    0x5, 0xff, 0xff, 0xff, 0xff, 0xff, 0xff, 0x50,
    0x0, 0x8f, 0xff, 0xff, 0xff, 0xff, 0xf8, 0x0,
    0x0, 0x6, 0xff, 0xff, 0xff, 0xff, 0x60, 0x0,
    0x0, 0x0, 0x16, 0xbd, 0xdb, 0x61, 0x0, 0x0,

    /* U+F146 "" */
    0x8f, 0xff, 0xff, 0xff, 0xff, 0xff, 0xf8, 0xff,
    0xff, 0xff, 0xff, 0xff, 0xff, 0xff, 0xff, 0xff,
    0xff, 0xff, 0xff, 0xff, 0xff, 0xff, 0xff, 0xff,
    0xff, 0xff, 0xff, 0xff, 0xff, 0xff, 0xff, 0xff,
    0xff, 0xff, 0xff, 0xff, 0xec, 0xcc, 0xcc, 0xcc,
    0xce, 0xff, 0xff, 0x80, 0x0, 0x0, 0x0, 0x8,
    0xff, 0xff, 0x80, 0x0, 0x0, 0x0, 0x8, 0xff,
    0xff, 0xec, 0xcc, 0xcc, 0xcc, 0xce, 0xff, 0xff,
    0xff, 0xff, 0xff, 0xff, 0xff, 0xff, 0xff, 0xff,
    0xff, 0xff, 0xff, 0xff, 0xff, 0xff, 0xff, 0xff,
    0xff, 0xff, 0xff, 0xff, 0xff, 0xff, 0xff, 0xff,
    0xff, 0xff, 0xff, 0x8f, 0xff, 0xff, 0xff, 0xff,
    0xff, 0xf8,

    /* U+F14A "" */
    0x8f, 0xff, 0xff, 0xff, 0xff, 0xff, 0xf8, 0xff,
    0xff, 0xff, 0xff, 0xff, 0xff, 0xff, 0xff, 0xff,
    0xff, 0xff, 0xff, 0xff, 0xff, 0xff, 0xff, 0xff,
    0xff, 0xff, 0xce, 0xff, 0xff, 0xff, 0xff, 0xff,
    0xfb, 0x3, 0xff, 0xff, 0xff, 0xff, 0xff, 0xb0,
    0x7, 0xff, 0xff, 0x95, 0xff, 0xfb, 0x0, 0x7f,
    0xff, 0xff, 0x20, 0x4f, 0xb0, 0x7, 0xff, 0xff,
    0xff, 0xd1, 0x3, 0x0, 0x7f, 0xff, 0xff, 0xff,
    0xfd, 0x10, 0x7, 0xff, 0xff, 0xff, 0xff, 0xff,
    0xd1, 0x7f, 0xff, 0xff, 0xff, 0xff, 0xff, 0xff,
    0xff, 0xff, 0xff, 0xff, 0xff, 0xff, 0xff, 0xff,
    0xff, 0xff, 0xff, 0x8f, 0xff, 0xff, 0xff, 0xff,
    0xff, 0xf8,

    /* U+F14B "" */
    0x8f, 0xff, 0xff, 0xff, 0xff, 0xff, 0xf8, 0xff,
    0xff, 0xff, 0xff, 0xff, 0xff, 0xff, 0xff, 0xff,
    0xff, 0xff, 0xff, 0xff, 0xff, 0xff, 0xff, 0xff,
    0xff, 0x82, 0xcf, 0xff, 0xff, 0xff, 0xff, 0xfb,
    0x50, 0x2f, 0xff, 0xff, 0xff, 0xff, 0x70, 0x55,
    0x8f, 0xff, 0xff, 0xff, 0xf7, 0x0, 0xb, 0xff,
    0xff, 0xff, 0xff, 0x70, 0x0, 0x7f, 0xff, 0xff,
    0xff, 0xf8, 0x0, 0x7, 0xff, 0xff, 0xff, 0xff,
    0xf1, 0x0, 0x7f, 0xff, 0xff, 0xff, 0xff, 0xf1,
    0x18, 0xff, 0xff, 0xff, 0xff, 0xff, 0xff, 0xff,
    0xff, 0xff, 0xff, 0xff, 0xff, 0xff, 0xff, 0xff,
    0xff, 0xff, 0xff, 0x8f, 0xff, 0xff, 0xff, 0xff,
    0xff, 0xf8,

    /* U+F14D "" */
    0x0, 0x0, 0x0, 0x0, 0x0, 0x0, 0x0, 0x0,
    0x0, 0x0, 0x0, 0x0, 0x0, 0x0, 0x0, 0xd8,
    0x0, 0x0, 0x0, 0x0, 0x0, 0x0, 0x0, 0x0,
    0xff, 0x90, 0x0, 0x8f, 0xff, 0xf7, 0x0, 0x0,
    0x0, 0xff, 0xfa, 0x0, 0xff, 0xff, 0x50, 0x27,
    0xad, 0xff, 0xff, 0xff, 0xb0, 0xff, 0x0, 0x8,
    0xff, 0xff, 0xff, 0xff, 0xff, 0xfb, 0xff, 0x0,
    0x6f, 0xff, 0xff, 0xff, 0xff, 0xff, 0xfb, 0xff,
    0x0, 0xef, 0xff, 0xff, 0xff, 0xff, 0xff, 0xb0,
    0xff, 0x2, 0xff, 0xfe, 0x73, 0x10, 0xff, 0xfa,
    0x0, 0xff, 0x3, 0xff, 0xe1, 0x0, 0x0, 0xff,
    0x90, 0x0, 0xff, 0x1, 0xff, 0x90, 0x0, 0x0,
    0xd8, 0x0, 0x0, 0xff, 0x0, 0xbf, 0x80, 0x0,
    0x0, 0x0, 0x0, 0x0, 0xff, 0x0, 0x3f, 0xa0,
    0x0, 0x0, 0x79, 0x0, 0x0, 0xff, 0x0, 0x5,
    0xc0, 0x0, 0x0, 0xff, 0x0, 0x0, 0xff, 0x0,
    0x0, 0x0, 0x0, 0x0, 0xff, 0x0, 0x0, 0xff,
    0xff, 0xff, 0xff, 0xff, 0xff, 0xff, 0x0, 0x0,
    0x8f, 0xff, 0xff, 0xff, 0xff, 0xff, 0xf8, 0x0,
    0x0,

    /* U+F14E "" */
    0x0, 0x0, 0x16, 0xab, 0xa8, 0x30, 0x0, 0x0,
    0x0, 0x7, 0xff, 0xff, 0xff, 0xfc, 0x20, 0x0,
    0x0, 0xaf, 0xff, 0xff, 0xff, 0xff, 0xf3, 0x0,
    0x8, 0xff, 0xff, 0xff, 0xff, 0xff, 0xfe, 0x20,
    0x2f, 0xff, 0xff, 0xff, 0xfb, 0x36, 0xff, 0xa0,
    0x8f, 0xff, 0xff, 0xf9, 0x20, 0x9, 0xff, 0xf1,
    0xdf, 0xff, 0xfe, 0x20, 0x0, 0x1f, 0xff, 0xf5,
    0xff, 0xff, 0xf7, 0x1e, 0x80, 0x8f, 0xff, 0xf7,
    0xff, 0xff, 0xf1, 0x1e, 0x80, 0xef, 0xff, 0xf7,
    0xdf, 0xff, 0x80, 0x0, 0x8, 0xff, 0xff, 0xf5,
    0x8f, 0xff, 0x10, 0x6, 0xdf, 0xff, 0xff, 0xf1,
    0x2f, 0xfd, 0x17, 0xef, 0xff, 0xff, 0xff, 0xa0,
    0x8, 0xff, 0xff, 0xff, 0xff, 0xff, 0xfe, 0x20,
    0x0, 0xaf, 0xff, 0xff, 0xff, 0xff, 0xf3, 0x0,
    0x0, 0x7, 0xff, 0xff, 0xff, 0xfc, 0x20, 0x0,
    0x0, 0x0, 0x16, 0xab, 0xa8, 0x30, 0x0, 0x0,

    /* U+F150 "" */
    0x8f, 0xff, 0xff, 0xff, 0xff, 0xff, 0xf8, 0xff,
    0xff, 0xff, 0xff, 0xff, 0xff, 0xff, 0xff, 0xff,
    0xff, 0xff, 0xff, 0xff, 0xff, 0xff, 0xff, 0xff,
    0xff, 0xff, 0xff, 0xff, 0xff, 0xff, 0xff, 0xff,
    0xff, 0xff, 0xff, 0xff, 0xe4, 0x44, 0x44, 0x44,
    0x4e, 0xff, 0xff, 0xf8, 0x0, 0x0, 0x0, 0x7f,
    0xff, 0xff, 0xff, 0x80, 0x0, 0x7, 0xff, 0xff,
    0xff, 0xff, 0xf8, 0x0, 0x7f, 0xff, 0xff, 0xff,
    0xff, 0xff, 0x88, 0xff, 0xff, 0xff, 0xff, 0xff,
    0xff, 0xff, 0xff, 0xff, 0xff, 0xff, 0xff, 0xff,
    0xff, 0xff, 0xff, 0xff, 0xff, 0xff, 0xff, 0xff,
    0xff, 0xff, 0xff, 0x8f, 0xff, 0xff, 0xff, 0xff,
    0xff, 0xf8,

    /* U+F151 "" */
    0x8f, 0xff, 0xff, 0xff, 0xff, 0xff, 0xf8, 0xff,
    0xff, 0xff, 0xff, 0xff, 0xff, 0xff, 0xff, 0xff,
    0xff, 0xff, 0xff, 0xff, 0xff, 0xff, 0xff, 0xff,
    0xff, 0xff, 0xff, 0xff, 0xff, 0xff, 0xff, 0x88,
    0xff, 0xff, 0xff, 0xff, 0xff, 0xf7, 0x0, 0x8f,
    0xff, 0xff, 0xff, 0xff, 0x70, 0x0, 0x8, 0xff,
    0xff, 0xff, 0xf7, 0x0, 0x0, 0x0, 0x8f, 0xff,
    0xff, 0xe4, 0x44, 0x44, 0x44, 0x4e, 0xff, 0xff,
    0xff, 0xff, 0xff, 0xff, 0xff, 0xff, 0xff, 0xff,
    0xff, 0xff, 0xff, 0xff, 0xff, 0xff, 0xff, 0xff,
    0xff, 0xff, 0xff, 0xff, 0xff, 0xff, 0xff, 0xff,
    0xff, 0xff, 0xff, 0x8f, 0xff, 0xff, 0xff, 0xff,
    0xff, 0xf8,

    /* U+F152 "" */
    0x8f, 0xff, 0xff, 0xff, 0xff, 0xff, 0xf8, 0xff,
    0xff, 0xff, 0xff, 0xff, 0xff, 0xff, 0xff, 0xff,
    0xfe, 0xff, 0xff, 0xff, 0xff, 0xff, 0xff, 0xf4,
    0x8f, 0xff, 0xff, 0xff, 0xff, 0xff, 0xf4, 0x8,
    0xff, 0xff, 0xff, 0xff, 0xff, 0xf4, 0x0, 0x8f,
    0xff, 0xff, 0xff, 0xff, 0xf4, 0x0, 0x8, 0xff,
    0xff, 0xff, 0xff, 0xf4, 0x0, 0x8, 0xff, 0xff,
    0xff, 0xff, 0xf4, 0x0, 0x7f, 0xff, 0xff, 0xff,
    0xff, 0xf4, 0x7, 0xff, 0xff, 0xff, 0xff, 0xff,
    0xf4, 0x7f, 0xff, 0xff, 0xff, 0xff, 0xff, 0xfe,
    0xff, 0xff, 0xff, 0xff, 0xff, 0xff, 0xff, 0xff,
    0xff, 0xff, 0xff, 0x8f, 0xff, 0xff, 0xff, 0xff,
    0xff, 0xf8,

    /* U+F153 "" */
    0x0, 0x0, 0x29, 0xdf, 0xe9, 0x0, 0x0, 0x7f,
    0xff, 0xff, 0x80, 0x0, 0x7f, 0xfc, 0x53, 0x31,
    0x0, 0x2f, 0xfb, 0x0, 0x0, 0x0, 0x8c, 0xff,
    0xa8, 0x88, 0x50, 0xf, 0xff, 0xff, 0xff, 0xf9,
    0x0, 0x1f, 0xfa, 0x22, 0x22, 0x0, 0x7, 0xff,
    0xc8, 0x88, 0x70, 0x0, 0xff, 0xff, 0xff, 0xff,
    0x0, 0x1, 0x9f, 0xf5, 0x22, 0x10, 0x0, 0x2,
    0xff, 0xd1, 0x0, 0x0, 0x0, 0x7, 0xff, 0xe7,
    0x34, 0x30, 0x0, 0x8, 0xff, 0xff, 0xfd, 0x0,
    0x0, 0x3, 0x9d, 0xfe, 0xb0,

    /* U+F154 "" */
    0x0, 0x6, 0xcf, 0xfb, 0x40, 0x0, 0x9f, 0xff,
    0xff, 0xf1, 0x3, 0xff, 0xc4, 0x5b, 0x60, 0x7,
    0xff, 0x10, 0x0, 0x0, 0x8, 0xff, 0x0, 0x0,
    0x0, 0x8, 0xff, 0x0, 0x0, 0x0, 0xbf, 0xff,
    0xff, 0xf0, 0x0, 0xbf, 0xff, 0xff, 0xf0, 0x0,
    0x8, 0xff, 0x0, 0x0, 0x0, 0x8, 0xff, 0x0,
    0x0, 0x0, 0x8, 0xff, 0x0, 0x2, 0xff, 0x8,
    0xff, 0x0, 0x2, 0xff, 0xff, 0xff, 0xff, 0xff,
    0xff, 0xff, 0xff, 0xff, 0xff, 0xff,

    /* U+F155 "" */
    0x0, 0x0, 0xaf, 0x30, 0x0, 0x0, 0x0, 0xb,
    0xf4, 0x0, 0x0, 0x0, 0x8e, 0xff, 0xfc, 0x50,
    0x0, 0x9f, 0xff, 0xff, 0xff, 0x10, 0x1f, 0xfd,
    0x88, 0x8c, 0x40, 0x3, 0xff, 0x50, 0x0, 0x0,
    0x0, 0xf, 0xfe, 0x83, 0x0, 0x0, 0x0, 0x6f,
    0xff, 0xfe, 0x91, 0x0, 0x0, 0x4c, 0xff, 0xff,
    0xe1, 0x0, 0x0, 0x1, 0x5a, 0xff, 0x90, 0x0,
    0x0, 0x0, 0xc, 0xfc, 0x0, 0x9, 0xb8, 0x88,
    0xff, 0xa0, 0x7, 0xff, 0xff, 0xff, 0xf2, 0x0,
    0x19, 0xdf, 0xff, 0xb3, 0x0, 0x0, 0x0, 0xbf,
    0x40, 0x0, 0x0, 0x0, 0xa, 0xf3, 0x0, 0x0,

    /* U+F156 "" */
    0xff, 0xff, 0xff, 0xff, 0xff, 0xff, 0xff, 0xff,
    0xff, 0xff, 0x22, 0x23, 0xaf, 0xf8, 0x0, 0xff,
    0xff, 0xff, 0xff, 0xff, 0xff, 0xff, 0xff, 0xff,
    0xff, 0x0, 0x0, 0xd, 0xfe, 0x0, 0x22, 0x23,
    0xaf, 0xf9, 0x0, 0xff, 0xff, 0xff, 0xd1, 0x0,
    0xff, 0xff, 0xe9, 0x10, 0x0, 0x7f, 0xff, 0x40,
    0x0, 0x0, 0x6, 0xff, 0xf5, 0x0, 0x0, 0x0,
    0x5f, 0xff, 0x60, 0x0, 0x0, 0x4, 0xff, 0xf7,
    0x0, 0x0, 0x0, 0x3e, 0xff, 0x50,

    /* U+F157 "" */
    0x3f, 0xf8, 0x0, 0x0, 0x8f, 0xf3, 0xc, 0xff,
    0x10, 0x1, 0xff, 0xc0, 0x4, 0xff, 0x80, 0x8,
    0xff, 0x40, 0x0, 0xbf, 0xf0, 0xf, 0xfb, 0x0,
    0x0, 0x3f, 0xf6, 0x6f, 0xf3, 0x0, 0xb, 0xcf,
    0xfc, 0xcf, 0xfc, 0xb0, 0xf, 0xff, 0xff, 0xff,
    0xff, 0xf0, 0x0, 0x0, 0x9f, 0xf9, 0x0, 0x0,
    0x0, 0x0, 0x4f, 0xf4, 0x0, 0x0, 0xf, 0xff,
    0xff, 0xff, 0xff, 0xf0, 0xb, 0xcc, 0xdf, 0xfd,
    0xcc, 0xb0, 0x0, 0x0, 0x4f, 0xf4, 0x0, 0x0,
    0x0, 0x0, 0x4f, 0xf4, 0x0, 0x0, 0x0, 0x0,
    0x3f, 0xf3, 0x0, 0x0,

    /* U+F158 "" */
    0x0, 0xff, 0xff, 0xff, 0xe9, 0x10, 0x0, 0xff,
    0xff, 0xff, 0xff, 0xd1, 0x0, 0xff, 0xa2, 0x23,
    0xaf, 0xf9, 0x0, 0xff, 0x90, 0x0, 0xd, 0xfe,
    0x0, 0xff, 0x90, 0x0, 0xa, 0xff, 0x0, 0xff,
    0x90, 0x0, 0xd, 0xfe, 0x22, 0xff, 0xa2, 0x23,
    0xaf, 0xf8, 0xff, 0xff, 0xff, 0xff, 0xff, 0xd1,
    0xff, 0xff, 0xff, 0xff, 0xe9, 0x10, 0x0, 0xff,
    0x90, 0x0, 0x0, 0x0, 0xff, 0xff, 0xff, 0xff,
    0xff, 0x0, 0xff, 0xff, 0xff, 0xff, 0xff, 0x0,
    0x0, 0xff, 0x90, 0x0, 0x0, 0x0, 0x0, 0xff,
    0x80, 0x0, 0x0, 0x0,

    /* U+F159 "" */
    0x9, 0xf6, 0x0, 0x1, 0xff, 0x10, 0x0, 0x7f,
    0x90, 0x7, 0xf9, 0x0, 0x5, 0xff, 0x40, 0x0,
    0xaf, 0x70, 0x3, 0xfc, 0x0, 0x9, 0xff, 0x80,
    0x0, 0xdf, 0x30, 0xff, 0xff, 0xff, 0xff, 0xff,
    0xff, 0xff, 0xff, 0xff, 0xff, 0xff, 0xff, 0xff,
    0xff, 0xff, 0xff, 0xff, 0xff, 0x0, 0x9f, 0x60,
    0x4f, 0xab, 0xf3, 0x7, 0xf8, 0x0, 0xff, 0xff,
    0xff, 0xff, 0xff, 0xff, 0xff, 0xff, 0xff, 0xff,
    0xff, 0xff, 0xff, 0xff, 0xff, 0xff, 0xff, 0xff,
    0x0, 0xe, 0xf1, 0xff, 0x1, 0xfe, 0x1f, 0xd0,
    0x0, 0x0, 0xa, 0xf7, 0xfb, 0x0, 0xdf, 0x7f,
    0x90, 0x0, 0x0, 0x7, 0xfc, 0xf8, 0x0, 0x9f,
    0xcf, 0x60, 0x0, 0x0, 0x3, 0xff, 0xf4, 0x0,
    0x5f, 0xff, 0x20, 0x0, 0x0, 0x0, 0xff, 0xf1,
    0x0, 0x2f, 0xfe, 0x0, 0x0, 0x0, 0x0, 0xbf,
    0xc0, 0x0, 0xe, 0xfa, 0x0, 0x0,

    /* U+F15A "" */
    0x0, 0x2, 0x10, 0x21, 0x0, 0x0, 0x0, 0x0,
    0xda, 0x1f, 0x70, 0x0, 0x0, 0x0, 0xd, 0xa1,
    0xf7, 0x0, 0x0, 0x9, 0xbb, 0xfe, 0xcf, 0xd8,
    0x20, 0x0, 0xdf, 0xff, 0xff, 0xff, 0xff, 0x50,
    0x0, 0x1f, 0xfb, 0x1, 0x6f, 0xfd, 0x0, 0x0,
    0xef, 0xb0, 0x0, 0xcf, 0xe0, 0x0, 0xe, 0xfb,
    0x0, 0x1e, 0xfa, 0x0, 0x0, 0xef, 0xeb, 0xcf,
    0xff, 0x30, 0x0, 0xe, 0xff, 0xdd, 0xff, 0xff,
    0x40, 0x0, 0xef, 0xb0, 0x0, 0x9f, 0xfc, 0x0,
    0xe, 0xfb, 0x0, 0x2, 0xff, 0xd0, 0x0, 0xff,
    0xb0, 0x2, 0xaf, 0xf9, 0x9, 0xff, 0xff, 0xef,
    0xff, 0xfe, 0x20, 0xbe, 0xef, 0xfe, 0xfe, 0xb7,
    0x10, 0x0, 0x0, 0xda, 0x1f, 0x70, 0x0, 0x0,
    0x0, 0xd, 0xa1, 0xf7, 0x0, 0x0, 0x0,

    /* U+F15B "" */
    0xdf, 0xff, 0xff, 0xf0, 0xd1, 0x0, 0xff, 0xff,
    0xff, 0xf0, 0xfd, 0x10, 0xff, 0xff, 0xff, 0xf0,
    0xff, 0xd1, 0xff, 0xff, 0xff, 0xf0, 0xff, 0xfd,
    0xff, 0xff, 0xff, 0xf2, 0x0, 0x0, 0xff, 0xff,
    0xff, 0xff, 0xff, 0xff, 0xff, 0xff, 0xff, 0xff,
    0xff, 0xff, 0xff, 0xff, 0xff, 0xff, 0xff, 0xff,
    0xff, 0xff, 0xff, 0xff, 0xff, 0xff, 0xff, 0xff,
    0xff, 0xff, 0xff, 0xff, 0xff, 0xff, 0xff, 0xff,
    0xff, 0xff, 0xff, 0xff, 0xff, 0xff, 0xff, 0xff,
    0xff, 0xff, 0xff, 0xff, 0xff, 0xff, 0xff, 0xff,
    0xff, 0xff, 0xff, 0xff, 0xff, 0xff, 0xff, 0xff,
    0xff, 0xff, 0xdf, 0xff, 0xff, 0xff, 0xff, 0xfd,

    /* U+F15C "" */
    0xdf, 0xff, 0xff, 0xf0, 0xd1, 0x0, 0xff, 0xff,
    0xff, 0xf0, 0xfd, 0x10, 0xff, 0xff, 0xff, 0xf0,
    0xff, 0xd1, 0xff, 0xff, 0xff, 0xf0, 0xff, 0xfd,
    0xff, 0xff, 0xff, 0xf2, 0x0, 0x0, 0xff, 0xff,
    0xff, 0xff, 0xff, 0xff, 0xff, 0xff, 0xff, 0xff,
    0xff, 0xff, 0xff, 0xf1, 0x0, 0x0, 0x1f, 0xff,
    0xff, 0xff, 0xff, 0xff, 0xff, 0xff, 0xff, 0xf1,
    0x0, 0x0, 0x1f, 0xff, 0xff, 0xff, 0xff, 0xff,
    0xff, 0xff, 0xff, 0xf1, 0x0, 0x0, 0x1f, 0xff,
    0xff, 0xff, 0xff, 0xff, 0xff, 0xff, 0xff, 0xff,
    0xff, 0xff, 0xff, 0xff, 0xff, 0xff, 0xff, 0xff,
    0xff, 0xff, 0xdf, 0xff, 0xff, 0xff, 0xff, 0xfd,

    /* U+F15D "" */
    0x0, 0xe, 0xe0, 0x0, 0x0, 0x2f, 0xf2, 0x0,
    0x0, 0xff, 0x0, 0x0, 0x8, 0xff, 0x80, 0x0,
    0xf, 0xf0, 0x0, 0x0, 0xed, 0xde, 0x0, 0x0,
    0xff, 0x0, 0x0, 0x4f, 0xcc, 0xf4, 0x0, 0xf,
    0xf0, 0x0, 0xa, 0xff, 0xff, 0xa0, 0x0, 0xff,
    0x0, 0x0, 0xec, 0x44, 0xce, 0x0, 0xf, 0xf0,
    0x0, 0x0, 0x0, 0x0, 0x0, 0x0, 0xff, 0x0,
    0x0, 0x0, 0x0, 0x0, 0x0, 0xf, 0xf0, 0x0,
    0x6, 0xff, 0xff, 0x60, 0x0, 0xff, 0x0, 0x0,
    0x6f, 0xff, 0xf5, 0xe, 0xff, 0xff, 0xe0, 0x0,
    0xa, 0xf8, 0x0, 0x4f, 0xff, 0xf4, 0x0, 0x8,
    0xfa, 0x0, 0x0, 0x7f, 0xf7, 0x0, 0x5, 0xff,
    0xff, 0x60, 0x0, 0x99, 0x0, 0x0, 0x6f, 0xff,
    0xf6,

    /* U+F15E "" */
    0x0, 0x9, 0x90, 0x0, 0x0, 0x2f, 0xf2, 0x0,
    0x7, 0xff, 0x70, 0x0, 0x8, 0xff, 0x80, 0x4,
    0xff, 0xff, 0x40, 0x0, 0xed, 0xde, 0x0, 0xef,
    0xff, 0xfe, 0x0, 0x4f, 0xcc, 0xf4, 0x0, 0xf,
    0xf0, 0x0, 0xa, 0xff, 0xff, 0xa0, 0x0, 0xff,
    0x0, 0x0, 0xec, 0x44, 0xce, 0x0, 0xf, 0xf0,
    0x0, 0x0, 0x0, 0x0, 0x0, 0x0, 0xff, 0x0,
    0x0, 0x0, 0x0, 0x0, 0x0, 0xf, 0xf0, 0x0,
    0x6, 0xff, 0xff, 0x60, 0x0, 0xff, 0x0, 0x0,
    0x6f, 0xff, 0xf5, 0x0, 0xf, 0xf0, 0x0, 0x0,
    0xa, 0xf8, 0x0, 0x0, 0xff, 0x0, 0x0, 0x8,
    0xfa, 0x0, 0x0, 0xf, 0xf0, 0x0, 0x5, 0xff,
    0xff, 0x60, 0x0, 0xee, 0x0, 0x0, 0x6f, 0xff,
    0xf6,

    /* U+F160 "" */
    0x0, 0xe, 0xe0, 0x0, 0xef, 0xff, 0xff, 0xff,
    0xe0, 0x0, 0xff, 0x0, 0xe, 0xff, 0xff, 0xff,
    0xfe, 0x0, 0xf, 0xf0, 0x0, 0x0, 0x0, 0x0,
    0x0, 0x0, 0x0, 0xff, 0x0, 0x0, 0x0, 0x0,
    0x0, 0x0, 0x0, 0xf, 0xf0, 0x0, 0xef, 0xff,
    0xff, 0xe0, 0x0, 0x0, 0xff, 0x0, 0xe, 0xff,
    0xff, 0xfe, 0x0, 0x0, 0xf, 0xf0, 0x0, 0x0,
    0x0, 0x0, 0x0, 0x0, 0x0, 0xff, 0x0, 0x0,
    0x0, 0x0, 0x0, 0x0, 0x0, 0xf, 0xf0, 0x0,
    0xef, 0xff, 0xe0, 0x0, 0x0, 0x0, 0xff, 0x0,
    0xe, 0xff, 0xfe, 0x0, 0x0, 0xe, 0xff, 0xff,
    0xe0, 0x0, 0x0, 0x0, 0x0, 0x0, 0x4f, 0xff,
    0xf4, 0x0, 0x0, 0x0, 0x0, 0x0, 0x0, 0x7f,
    0xf7, 0x0, 0xef, 0xe0, 0x0, 0x0, 0x0, 0x0,
    0x99, 0x0, 0xe, 0xfe, 0x0, 0x0, 0x0,

    /* U+F161 "" */
    0x0, 0x9, 0x90, 0x0, 0xef, 0xff, 0xff, 0xff,
    0xe0, 0x7, 0xff, 0x70, 0xe, 0xff, 0xff, 0xff,
    0xfe, 0x4, 0xff, 0xff, 0x40, 0x0, 0x0, 0x0,
    0x0, 0x0, 0xef, 0xff, 0xfe, 0x0, 0x0, 0x0,
    0x0, 0x0, 0x0, 0xf, 0xf0, 0x0, 0xef, 0xff,
    0xff, 0xe0, 0x0, 0x0, 0xff, 0x0, 0xe, 0xff,
    0xff, 0xfe, 0x0, 0x0, 0xf, 0xf0, 0x0, 0x0,
    0x0, 0x0, 0x0, 0x0, 0x0, 0xff, 0x0, 0x0,
    0x0, 0x0, 0x0, 0x0, 0x0, 0xf, 0xf0, 0x0,
    0xef, 0xff, 0xe0, 0x0, 0x0, 0x0, 0xff, 0x0,
    0xe, 0xff, 0xfe, 0x0, 0x0, 0x0, 0xf, 0xf0,
    0x0, 0x0, 0x0, 0x0, 0x0, 0x0, 0x0, 0xff,
    0x0, 0x0, 0x0, 0x0, 0x0, 0x0, 0x0, 0xf,
    0xf0, 0x0, 0xef, 0xe0, 0x0, 0x0, 0x0, 0x0,
    0xee, 0x0, 0xe, 0xfe, 0x0, 0x0, 0x0,

    /* U+F162 "" */
    0x0, 0xe, 0xe0, 0x0, 0x0, 0x8f, 0xe0, 0x0,
    0x0, 0xff, 0x0, 0x0, 0xe, 0xff, 0x0, 0x0,
    0xf, 0xf0, 0x0, 0x0, 0xf, 0xf0, 0x0, 0x0,
    0xff, 0x0, 0x0, 0x0, 0xff, 0x0, 0x0, 0xf,
    0xf0, 0x0, 0x0, 0xef, 0xfe, 0x0, 0x0, 0xff,
    0x0, 0x0, 0xe, 0xff, 0xe0, 0x0, 0xf, 0xf0,
    0x0, 0x0, 0x0, 0x0, 0x0, 0x0, 0xff, 0x0,
    0x0, 0x7, 0xee, 0x70, 0x0, 0xf, 0xf0, 0x0,
    0x4, 0xff, 0xff, 0x30, 0x0, 0xff, 0x0, 0x0,
    0x7f, 0x77, 0xf7, 0xe, 0xff, 0xff, 0xe0, 0x3,
    0xff, 0xff, 0x70, 0x4f, 0xff, 0xf4, 0x0, 0x6,
    0xef, 0xf3, 0x0, 0x7f, 0xf7, 0x0, 0x0, 0x1d,
    0xfb, 0x0, 0x0, 0x99, 0x0, 0x0, 0x0, 0xd9,
    0x0, 0x0, 0x0, 0x0, 0x0, 0x0, 0x0, 0x0,
    0x0,

    /* U+F163 "" */
    0x0, 0x9, 0x90, 0x0, 0x0, 0x8f, 0xe0, 0x0,
    0x7, 0xff, 0x70, 0x0, 0xe, 0xff, 0x0, 0x4,
    0xff, 0xff, 0x40, 0x0, 0xf, 0xf0, 0x0, 0xef,
    0xff, 0xfe, 0x0, 0x0, 0xff, 0x0, 0x0, 0xf,
    0xf0, 0x0, 0x0, 0xef, 0xfe, 0x0, 0x0, 0xff,
    0x0, 0x0, 0xe, 0xff, 0xe0, 0x0, 0xf, 0xf0,
    0x0, 0x0, 0x0, 0x0, 0x0, 0x0, 0xff, 0x0,
    0x0, 0x6, 0xee, 0x70, 0x0, 0xf, 0xf0, 0x0,
    0x4, 0xff, 0xff, 0x30, 0x0, 0xff, 0x0, 0x0,
    0x7f, 0x77, 0xf7, 0x0, 0xf, 0xf0, 0x0, 0x3,
    0xff, 0xff, 0x70, 0x0, 0xff, 0x0, 0x0, 0x6,
    0xef, 0xf3, 0x0, 0xf, 0xf0, 0x0, 0x0, 0x1d,
    0xfb, 0x0, 0x0, 0xee, 0x0, 0x0, 0x0, 0xd9,
    0x0, 0x0, 0x0, 0x0, 0x0, 0x0, 0x0, 0x0,
    0x0,

    /* U+F164 "" */
    0x0, 0x0, 0x0, 0x0, 0xc, 0xd4, 0x0, 0x0,
    0x0, 0x0, 0x0, 0x0, 0x3f, 0xfd, 0x0, 0x0,
    0x0, 0x0, 0x0, 0x0, 0x8f, 0xff, 0x0, 0x0,
    0x0, 0x0, 0x0, 0x1, 0xef, 0xfc, 0x0, 0x0,
    0x0, 0x0, 0x0, 0xc, 0xff, 0xf6, 0x0, 0x0,
    0x0, 0x0, 0x0, 0x8f, 0xff, 0xf8, 0x88, 0x60,
    0x0, 0x0, 0x4, 0xff, 0xff, 0xff, 0xff, 0xfb,
    0xdf, 0xfd, 0xf, 0xff, 0xff, 0xff, 0xff, 0xff,
    0xff, 0xff, 0xf, 0xff, 0xff, 0xff, 0xff, 0xfa,
    0xff, 0xff, 0xf, 0xff, 0xff, 0xff, 0xff, 0xf8,
    0xff, 0xff, 0xf, 0xff, 0xff, 0xff, 0xff, 0xf7,
    0xff, 0xff, 0xf, 0xff, 0xff, 0xff, 0xff, 0xf2,
    0xff, 0xff, 0xf, 0xff, 0xff, 0xff, 0xff, 0xf1,
    0xf9, 0x9f, 0xf, 0xff, 0xff, 0xff, 0xff, 0xb0,
    0xf9, 0x9f, 0x7, 0xcf, 0xff, 0xff, 0xff, 0x90,
    0xdf, 0xfd, 0x0, 0x2, 0x8d, 0xff, 0xea, 0x10,

    /* U+F165 "" */
    0x0, 0x0, 0x0, 0x2, 0x8d, 0xff, 0xea, 0x10,
    0xdf, 0xfd, 0x7, 0xcf, 0xff, 0xff, 0xff, 0x90,
    0xff, 0xff, 0xf, 0xff, 0xff, 0xff, 0xff, 0xb0,
    0xff, 0xff, 0xf, 0xff, 0xff, 0xff, 0xff, 0xf1,
    0xff, 0xff, 0xf, 0xff, 0xff, 0xff, 0xff, 0xf2,
    0xff, 0xff, 0xf, 0xff, 0xff, 0xff, 0xff, 0xf7,
    0xff, 0xff, 0xf, 0xff, 0xff, 0xff, 0xff, 0xf8,
    0xf9, 0x9f, 0xf, 0xff, 0xff, 0xff, 0xff, 0xfa,
    0xf9, 0x9f, 0xf, 0xff, 0xff, 0xff, 0xff, 0xff,
    0xdf, 0xfd, 0x5, 0xff, 0xff, 0xff, 0xff, 0xfb,
    0x0, 0x0, 0x0, 0x8f, 0xff, 0xf8, 0x88, 0x60,
    0x0, 0x0, 0x0, 0xc, 0xff, 0xf6, 0x0, 0x0,
    0x0, 0x0, 0x0, 0x1, 0xef, 0xfc, 0x0, 0x0,
    0x0, 0x0, 0x0, 0x0, 0x8f, 0xff, 0x0, 0x0,
    0x0, 0x0, 0x0, 0x0, 0x3f, 0xfd, 0x0, 0x0,
    0x0, 0x0, 0x0, 0x0, 0xc, 0xd4, 0x0, 0x0,

    /* U+F167 "" */
    0x3, 0xac, 0xde, 0xef, 0xff, 0xee, 0xed, 0xc8,
    0x10, 0x2f, 0xff, 0xff, 0xff, 0xff, 0xff, 0xff,
    0xff, 0xc0, 0x7f, 0xff, 0xff, 0xff, 0xff, 0xff,
    0xff, 0xff, 0xf1, 0x9f, 0xff, 0xff, 0xfc, 0xff,
    0xff, 0xff, 0xff, 0xf3, 0xaf, 0xff, 0xff, 0xf1,
    0x5d, 0xff, 0xff, 0xff, 0xf5, 0xbf, 0xff, 0xff,
    0xf1, 0x0, 0x7f, 0xff, 0xff, 0xf5, 0xbf, 0xff,
    0xff, 0xf1, 0x0, 0x5e, 0xff, 0xff, 0xf5, 0xaf,
    0xff, 0xff, 0xf1, 0x3c, 0xff, 0xff, 0xff, 0xf5,
    0x9f, 0xff, 0xff, 0xfa, 0xff, 0xff, 0xff, 0xff,
    0xf4, 0x7f, 0xff, 0xff, 0xff, 0xff, 0xff, 0xff,
    0xff, 0xf2, 0x3f, 0xff, 0xff, 0xff, 0xff, 0xff,
    0xff, 0xff, 0xd0, 0x5, 0xce, 0xff, 0xff, 0xff,
    0xff, 0xfe, 0xda, 0x20, 0x0, 0x0, 0x0, 0x0,
    0x0, 0x0, 0x0, 0x0, 0x0,

    /* U+F168 "" */
    0x0, 0x0, 0x0, 0x0, 0x0, 0xef, 0xd0, 0x0,
    0x0, 0x0, 0x0, 0x8, 0xff, 0x50, 0x0, 0x34,
    0x10, 0x0, 0x2f, 0xfc, 0x0, 0x1, 0xef, 0xd0,
    0x0, 0xaf, 0xf3, 0x0, 0x0, 0x6f, 0xf7, 0x4,
    0xff, 0xa0, 0x0, 0x0, 0xf, 0xfe, 0xc, 0xff,
    0x10, 0x0, 0x0, 0x5f, 0xf9, 0x6f, 0xf8, 0x0,
    0x0, 0x0, 0xef, 0xe1, 0xef, 0xe0, 0x0, 0x0,
    0x7, 0xff, 0x64, 0xff, 0x90, 0x0, 0x0, 0xb,
    0xdb, 0x0, 0xcf, 0xf2, 0x0, 0x0, 0x0, 0x0,
    0x0, 0x4f, 0xfa, 0x0, 0x0, 0x0, 0x0, 0x0,
    0xb, 0xff, 0x30, 0x0, 0x0, 0x0, 0x0, 0x2,
    0xff, 0xb0, 0x0, 0x0, 0x0, 0x0, 0x0, 0x9f,
    0xf3, 0x0,

    /* U+F169 "" */
    0x8f, 0xff, 0xff, 0xff, 0xff, 0xff, 0xf8, 0xff,
    0xff, 0xff, 0xff, 0xff, 0xff, 0xff, 0xff, 0xff,
    0xff, 0xff, 0xf2, 0xe, 0xff, 0xff, 0xff, 0xff,
    0xff, 0x80, 0x6f, 0xff, 0xff, 0xf7, 0x8, 0xfe,
    0x1, 0xef, 0xff, 0xff, 0xfe, 0x10, 0xe6, 0x9,
    0xff, 0xff, 0xff, 0xfe, 0x0, 0xb0, 0x2f, 0xff,
    0xff, 0xff, 0xf6, 0x8, 0x30, 0xbf, 0xff, 0xff,
    0xff, 0xe0, 0x2f, 0x40, 0xaf, 0xff, 0xff, 0xff,
    0xff, 0xff, 0xc0, 0x2f, 0xff, 0xff, 0xff, 0xff,
    0xff, 0xf5, 0x9, 0xff, 0xff, 0xff, 0xff, 0xff,
    0xfe, 0x1, 0xff, 0xff, 0xff, 0xff, 0xff, 0xff,
    0xff, 0xff, 0xff, 0x8f, 0xff, 0xff, 0xff, 0xff,
    0xff, 0xf8,

    /* U+F16B "" */
    0x0, 0x19, 0xb2, 0x0, 0x0, 0x7, 0xd4, 0x0,
    0x0, 0x5e, 0xff, 0xf7, 0x0, 0x3c, 0xff, 0xfa,
    0x10, 0x9f, 0xff, 0xff, 0xfc, 0x6f, 0xff, 0xff,
    0xfe, 0x20, 0x9f, 0xff, 0xfb, 0x20, 0x6f, 0xff,
    0xfd, 0x40, 0x0, 0x3d, 0xf6, 0x0, 0x0, 0x1b,
    0xf8, 0x0, 0x0, 0x0, 0x58, 0x0, 0x0, 0x0,
    0x3a, 0x10, 0x0, 0x1, 0xbf, 0xfd, 0x30, 0x0,
    0x8f, 0xfe, 0x50, 0x6, 0xff, 0xff, 0xff, 0x94,
    0xef, 0xff, 0xff, 0xb1, 0x3d, 0xff, 0xff, 0xe6,
    0x3a, 0xff, 0xff, 0xf8, 0x0, 0x7, 0xff, 0xa4,
    0xcf, 0x75, 0xef, 0xc3, 0x0, 0x0, 0x2, 0x48,
    0xff, 0xff, 0xd4, 0x50, 0x0, 0x0, 0x0, 0x7,
    0xff, 0xff, 0xff, 0xd1, 0x0, 0x0, 0x0, 0x0,
    0x4, 0xdf, 0xff, 0x90, 0x0, 0x0, 0x0, 0x0,
    0x0, 0x0, 0x8c, 0x30, 0x0, 0x0, 0x0,

    /* U+F16C "" */
    0x0, 0x0, 0x0, 0x5, 0x90, 0x0, 0x0, 0x0,
    0x0, 0x3, 0xf5, 0x0, 0x0, 0x0, 0x6, 0x80,
    0x7f, 0x20, 0x0, 0x0, 0x3, 0xeb, 0xb, 0xc0,
    0x0, 0x0, 0x30, 0x2d, 0xc3, 0xe8, 0x0, 0x3,
    0xfc, 0x41, 0xce, 0x74, 0x0, 0x0, 0x2a, 0xfd,
    0x5a, 0x40, 0x0, 0x7, 0x41, 0x18, 0xf9, 0x0,
    0x0, 0x1c, 0xff, 0xeb, 0x92, 0x0, 0xe5, 0x0,
    0x2, 0x58, 0xb0, 0xf4, 0xe5, 0x5f, 0xff, 0xff,
    0xe0, 0xf4, 0xe5, 0x14, 0x44, 0x44, 0x40, 0xf4,
    0xe7, 0x44, 0x44, 0x44, 0x44, 0xf4, 0xef, 0xff,
    0xff, 0xff, 0xff, 0xf4,

    /* U+F16D "" */
    0x0, 0x0, 0x0, 0x0, 0x0, 0x0, 0x0, 0x1,
    0xae, 0xff, 0xff, 0xff, 0xd9, 0x10, 0x1e, 0xc6,
    0x43, 0x33, 0x34, 0x6c, 0xe1, 0x8c, 0x0, 0x0,
    0x0, 0x0, 0x51, 0xc9, 0xc6, 0x0, 0x1, 0x44,
    0x11, 0xf6, 0x6d, 0xf4, 0x0, 0x5e, 0xff, 0xe5,
    0x30, 0x4f, 0xf4, 0x2, 0xf7, 0x0, 0x8f, 0x20,
    0x4f, 0xf4, 0x6, 0xd0, 0x0, 0xd, 0x60, 0x4f,
    0xf4, 0x6, 0xd0, 0x0, 0xd, 0x60, 0x4f, 0xf4,
    0x2, 0xf7, 0x0, 0x7f, 0x20, 0x4f, 0xf4, 0x0,
    0x5f, 0xff, 0xf5, 0x0, 0x4f, 0xd6, 0x0, 0x1,
    0x44, 0x10, 0x0, 0x6d, 0x9c, 0x0, 0x0, 0x0,
    0x0, 0x0, 0xc9, 0x1d, 0xc6, 0x44, 0x44, 0x44,
    0x6c, 0xe1, 0x0, 0x8c, 0xff, 0xff, 0xff, 0xc9,
    0x10,

    /* U+F16E "" */
    0x8f, 0xff, 0xff, 0xff, 0xff, 0xff, 0xf8, 0xff,
    0xff, 0xff, 0xff, 0xff, 0xff, 0xff, 0xff, 0xff,
    0xff, 0xff, 0xff, 0xff, 0xff, 0xff, 0xff, 0xff,
    0xff, 0xff, 0xff, 0xff, 0xff, 0xff, 0xff, 0xff,
    0xff, 0xff, 0xff, 0xff, 0xf4, 0x7, 0xfe, 0x30,
    0x5f, 0xff, 0xff, 0xa0, 0x0, 0xd6, 0x0, 0xa,
    0xff, 0xff, 0xa0, 0x0, 0xd6, 0x0, 0xa, 0xff,
    0xff, 0xf5, 0x17, 0xfe, 0x41, 0x6f, 0xff, 0xff,
    0xff, 0xff, 0xff, 0xff, 0xff, 0xff, 0xff, 0xff,
    0xff, 0xff, 0xff, 0xff, 0xff, 0xff, 0xff, 0xff,
    0xff, 0xff, 0xff, 0xff, 0xff, 0xff, 0xff, 0xff,
    0xff, 0xff, 0xff, 0x8f, 0xff, 0xff, 0xff, 0xff,
    0xff, 0xf8,

    /* U+F170 "" */
    0x0, 0x0, 0x16, 0xab, 0xa8, 0x30, 0x0, 0x0,
    0x0, 0x7, 0xff, 0xff, 0xff, 0xfc, 0x20, 0x0,
    0x0, 0xaf, 0xff, 0xff, 0xff, 0xff, 0xe3, 0x0,
    0x8, 0xff, 0xff, 0xfe, 0xff, 0xff, 0xfe, 0x10,
    0x2f, 0xff, 0xff, 0xf3, 0xaf, 0xff, 0xff, 0xa0,
    0x9f, 0xff, 0xff, 0x85, 0x2e, 0xff, 0xff, 0xf1,
    0xdf, 0xff, 0xfd, 0x2f, 0x95, 0xff, 0xff, 0xf5,
    0xff, 0xff, 0xf3, 0xbf, 0xf3, 0xaf, 0xff, 0xf7,
    0xff, 0xff, 0x81, 0x55, 0x53, 0x1e, 0xff, 0xf7,
    0xdf, 0xfd, 0x4f, 0xff, 0xff, 0xb5, 0xff, 0xf5,
    0x9f, 0xf9, 0xdf, 0xff, 0xff, 0xf8, 0xef, 0xf1,
    0x2f, 0xff, 0xff, 0xff, 0xff, 0xff, 0xff, 0xa0,
    0x8, 0xff, 0xff, 0xff, 0xff, 0xff, 0xfe, 0x10,
    0x0, 0xaf, 0xff, 0xff, 0xff, 0xff, 0xe3, 0x0,
    0x0, 0x7, 0xff, 0xff, 0xff, 0xfc, 0x20, 0x0,
    0x0, 0x0, 0x16, 0xab, 0xa8, 0x30, 0x0, 0x0,

    /* U+F171 "" */
    0xbf, 0xff, 0xff, 0xff, 0xff, 0xff, 0xff, 0xfb,
    0xaf, 0xff, 0xff, 0xff, 0xff, 0xff, 0xff, 0xfa,
    0x8f, 0xff, 0xff, 0xff, 0xff, 0xff, 0xff, 0xf7,
    0x5f, 0xff, 0xff, 0xff, 0xff, 0xff, 0xff, 0xf4,
    0x2f, 0xff, 0xfd, 0xbb, 0xbb, 0xef, 0xff, 0xf2,
    0xf, 0xff, 0xfa, 0x0, 0x0, 0xbf, 0xff, 0xf0,
    0xd, 0xff, 0xfd, 0x0, 0x0, 0xef, 0xff, 0xd0,
    0xa, 0xff, 0xff, 0x0, 0x1, 0xff, 0xff, 0xa0,
    0x8, 0xff, 0xff, 0x30, 0x3, 0xff, 0xff, 0x70,
    0x5, 0xff, 0xff, 0xcb, 0xbc, 0xff, 0xff, 0x50,
    0x2, 0xff, 0xff, 0xff, 0xff, 0xff, 0xff, 0x20,
    0x0, 0xff, 0xff, 0xff, 0xff, 0xff, 0xff, 0x0,
    0x0, 0xdf, 0xff, 0xff, 0xff, 0xff, 0xfd, 0x0,
    0x0, 0x9f, 0xff, 0xff, 0xff, 0xff, 0xfa, 0x0,
    0x0, 0x0, 0x0, 0x0, 0x0, 0x0, 0x0, 0x0,

    /* U+F173 "" */
    0x0, 0xd, 0xff, 0x10, 0x0, 0x0, 0x1f, 0xff,
    0x20, 0x0, 0x0, 0x8f, 0xff, 0x20, 0x0, 0x6,
    0xff, 0xff, 0x31, 0x10, 0xbf, 0xff, 0xff, 0xff,
    0xf1, 0xdf, 0xff, 0xff, 0xff, 0xf1, 0xdf, 0xff,
    0xff, 0xff, 0xf1, 0x12, 0xff, 0xff, 0x31, 0x10,
    0x1, 0xff, 0xff, 0x20, 0x0, 0x1, 0xff, 0xff,
    0x20, 0x0, 0x1, 0xff, 0xff, 0x20, 0x0, 0x1,
    0xff, 0xff, 0x30, 0x0, 0x0, 0xff, 0xff, 0xc7,
    0x90, 0x0, 0xaf, 0xff, 0xff, 0xf3, 0x0, 0x2e,
    0xff, 0xff, 0xf8, 0x0, 0x2, 0xae, 0xfe, 0xa2,

    /* U+F174 "" */
    0x8f, 0xff, 0xff, 0xff, 0xff, 0xff, 0xf8, 0xff,
    0xff, 0xff, 0xff, 0xff, 0xff, 0xff, 0xff, 0xff,
    0xfe, 0x3, 0xff, 0xff, 0xff, 0xff, 0xff, 0xf8,
    0x3, 0xff, 0xff, 0xff, 0xff, 0xff, 0x70, 0x1,
    0x7a, 0xff, 0xff, 0xff, 0xff, 0x0, 0x0, 0x6,
    0xff, 0xff, 0xff, 0xff, 0x91, 0x1, 0x9c, 0xff,
    0xff, 0xff, 0xff, 0xf2, 0x3, 0xff, 0xff, 0xff,
    0xff, 0xff, 0xf2, 0x3, 0xff, 0xff, 0xff, 0xff,
    0xff, 0xf3, 0x1, 0xcd, 0xff, 0xff, 0xff, 0xff,
    0xf7, 0x0, 0x4, 0xff, 0xff, 0xff, 0xff, 0xff,
    0x50, 0x16, 0xff, 0xff, 0xff, 0xff, 0xff, 0xff,
    0xff, 0xff, 0xff, 0x8f, 0xff, 0xff, 0xff, 0xff,
    0xff, 0xf8,

    /* U+F179 "" */
    0x0, 0x0, 0x0, 0x6, 0xc0, 0x0, 0x0, 0x0,
    0x0, 0x7f, 0x90, 0x0, 0x0, 0x0, 0x0, 0xed,
    0x10, 0x0, 0x0, 0x59, 0x72, 0x67, 0xa8, 0x20,
    0xb, 0xff, 0xff, 0xff, 0xff, 0xf3, 0x7f, 0xff,
    0xff, 0xff, 0xff, 0xa0, 0xcf, 0xff, 0xff, 0xff,
    0xff, 0x10, 0xdf, 0xff, 0xff, 0xff, 0xff, 0x0,
    0xcf, 0xff, 0xff, 0xff, 0xff, 0x20, 0x9f, 0xff,
    0xff, 0xff, 0xff, 0xc0, 0x4f, 0xff, 0xff, 0xff,
    0xff, 0xfb, 0xc, 0xff, 0xff, 0xff, 0xff, 0xf5,
    0x2, 0xff, 0xff, 0xff, 0xff, 0xb0, 0x0, 0x4e,
    0xe9, 0x7b, 0xfb, 0x10, 0x0, 0x0, 0x0, 0x0,
    0x0, 0x0,

    /* U+F17A "" */
    0x0, 0x0, 0x0, 0x1, 0x35, 0x8a, 0xce, 0x24,
    0x68, 0xb9, 0x9f, 0xff, 0xff, 0xff, 0xff, 0xff,
    0xfc, 0xaf, 0xff, 0xff, 0xff, 0xff, 0xff, 0xfc,
    0xaf, 0xff, 0xff, 0xff, 0xff, 0xff, 0xfc, 0xaf,
    0xff, 0xff, 0xff, 0xff, 0xff, 0xfc, 0xaf, 0xff,
    0xff, 0xff, 0xbb, 0xbb, 0xb8, 0x6b, 0xbb, 0xbb,
    0xbb, 0xaa, 0xaa, 0xa7, 0x6a, 0xaa, 0xaa, 0xaa,
    0xff, 0xff, 0xfc, 0xaf, 0xff, 0xff, 0xff, 0xff,
    0xff, 0xfc, 0xaf, 0xff, 0xff, 0xff, 0xff, 0xff,
    0xfc, 0xaf, 0xff, 0xff, 0xff, 0xff, 0xff, 0xfc,
    0xaf, 0xff, 0xff, 0xff, 0x24, 0x68, 0xb9, 0x9f,
    0xff, 0xff, 0xff, 0x0, 0x0, 0x0, 0x1, 0x36,
    0x8a, 0xce,

    /* U+F17B "" */
    0x0, 0x0, 0x0, 0x0, 0x0, 0x0, 0x0, 0x1,
    0x34, 0x52, 0x30, 0x0, 0x0, 0x5, 0xff, 0xff,
    0x80, 0x0, 0x0, 0x5f, 0xbf, 0xfc, 0xe6, 0x0,
    0x0, 0xcf, 0xff, 0xff, 0xfc, 0x0, 0x65, 0x9b,
    0xbb, 0xbb, 0xb9, 0x57, 0xfc, 0xdf, 0xff, 0xff,
    0xfe, 0xcf, 0xfd, 0xdf, 0xff, 0xff, 0xfe, 0xdf,
    0xfd, 0xdf, 0xff, 0xff, 0xfe, 0xdf, 0xfc, 0xdf,
    0xff, 0xff, 0xfe, 0xcf, 0x75, 0xdf, 0xff, 0xff,
    0xfe, 0x67, 0x0, 0xaf, 0xff, 0xff, 0xfb, 0x0,
    0x0, 0x2, 0xfa, 0x4f, 0x60, 0x0, 0x0, 0x1,
    0xf9, 0x3f, 0x60, 0x0, 0x0, 0x0, 0xb5, 0x1c,
    0x20, 0x0,

    /* U+F17C "" */
    0x0, 0x0, 0x5, 0xef, 0xb0, 0x0, 0x0, 0x0,
    0x0, 0xe, 0xff, 0xf6, 0x0, 0x0, 0x0, 0x0,
    0x29, 0xe6, 0xca, 0x0, 0x0, 0x0, 0x0, 0x2a,
    0x79, 0xab, 0x0, 0x0, 0x0, 0x0, 0x26, 0x1,
    0xac, 0x0, 0x0, 0x0, 0x0, 0x66, 0x22, 0x5f,
    0x20, 0x0, 0x0, 0x1, 0xe1, 0x0, 0xe, 0xd0,
    0x0, 0x0, 0xa, 0xa0, 0x0, 0x7, 0xe8, 0x0,
    0x0, 0x4d, 0x30, 0x0, 0x1, 0xdf, 0x10, 0x0,
    0xaa, 0x0, 0x0, 0x0, 0x7f, 0x60, 0x0, 0xc7,
    0x0, 0x0, 0x1, 0xdb, 0x60, 0x3, 0x17, 0x60,
    0x0, 0x3, 0xa7, 0x40, 0x30, 0x0, 0xd4, 0x0,
    0x3, 0x0, 0x21, 0x30, 0x0, 0x33, 0x0, 0x22,
    0x0, 0x4, 0x31, 0x0, 0xa, 0xbb, 0xf0, 0x1,
    0x30, 0x1, 0x33, 0x33, 0x0, 0x13, 0x32, 0x0,
    0x0, 0x0, 0x0, 0x0, 0x0, 0x0, 0x0,

    /* U+F17D "" */
    0x0, 0x0, 0x3, 0x79, 0x97, 0x30, 0x0, 0x0,
    0x0, 0x3, 0xcf, 0xd8, 0x8b, 0xfc, 0x30, 0x0,
    0x0, 0x5f, 0x99, 0xe1, 0x0, 0x18, 0xf5, 0x0,
    0x3, 0xf5, 0x0, 0xeb, 0x0, 0x1, 0xdf, 0x30,
    0xd, 0x70, 0x0, 0x4f, 0x40, 0x4d, 0x97, 0xd0,
    0x4e, 0x0, 0x0, 0xa, 0xdc, 0xe6, 0x0, 0xe4,
    0x9b, 0x45, 0x69, 0xdf, 0xfb, 0x0, 0x0, 0x99,
    0xbf, 0xed, 0xb9, 0x62, 0x9d, 0x23, 0x31, 0x6b,
    0xb6, 0x0, 0x0, 0x6, 0xdf, 0xed, 0xdf, 0xfb,
    0xa8, 0x0, 0x3, 0xde, 0x8c, 0x90, 0x0, 0x99,
    0x6d, 0x0, 0x5f, 0x90, 0x6, 0xe0, 0x0, 0xd5,
    0xe, 0x53, 0xf6, 0x0, 0x1, 0xf3, 0x4, 0xe0,
    0x6, 0xed, 0x70, 0x0, 0x0, 0xc7, 0x2e, 0x60,
    0x0, 0x8f, 0x50, 0x0, 0x0, 0x9c, 0xe8, 0x0,
    0x0, 0x6, 0xfc, 0x74, 0x47, 0xdf, 0x60, 0x0,
    0x0, 0x0, 0x16, 0xbd, 0xdb, 0x61, 0x0, 0x0,

    /* U+F17E "" */
    0x2, 0xac, 0x93, 0x22, 0x0, 0x0, 0x0, 0x3,
    0xff, 0xff, 0xff, 0xff, 0xb3, 0x0, 0x0, 0xcf,
    0xff, 0xff, 0xef, 0xff, 0xf6, 0x0, 0xf, 0xff,
    0xf8, 0x10, 0x1, 0x7f, 0xf4, 0x0, 0xdf, 0xfa,
    0x0, 0x55, 0x10, 0xaf, 0xe0, 0x6, 0xff, 0x70,
    0x1e, 0xff, 0xbf, 0xff, 0x40, 0x5f, 0xfb, 0x0,
    0x2, 0x6c, 0xff, 0xf6, 0x5, 0xff, 0xfb, 0x40,
    0x0, 0xa, 0xff, 0x70, 0x3f, 0xfd, 0x7e, 0xfc,
    0x30, 0x4f, 0xf7, 0x0, 0xef, 0x80, 0x2b, 0xc3,
    0x7, 0xff, 0xe0, 0x5, 0xff, 0x71, 0x0, 0x7,
    0xff, 0xff, 0x0, 0x7, 0xff, 0xfe, 0xef, 0xff,
    0xff, 0xe0, 0x0, 0x4, 0xdf, 0xff, 0xff, 0xff,
    0xf5, 0x0, 0x0, 0x0, 0x24, 0x44, 0xbe, 0xb4,
    0x0,

    /* U+F180 "" */
    0x8e, 0xff, 0xff, 0xff, 0xff, 0xe3, 0xff, 0xdc,
    0xcc, 0xcc, 0xce, 0xf7, 0xfd, 0x0, 0x0, 0x0,
    0x7, 0xf5, 0xfd, 0x0, 0x0, 0x0, 0x9, 0xf2,
    0xfd, 0x0, 0x1, 0x11, 0x1d, 0xe0, 0xfd, 0x0,
    0x3f, 0xff, 0xff, 0xb0, 0xfd, 0x0, 0x19, 0x99,
    0xcf, 0x80, 0xfd, 0x0, 0x0, 0x0, 0x6f, 0x50,
    0xfd, 0x0, 0x0, 0x0, 0xaf, 0x20, 0xfd, 0x0,
    0x4c, 0xdd, 0xff, 0x0, 0xfd, 0x2, 0xef, 0xff,
    0xf7, 0x0, 0xfd, 0x1d, 0xf5, 0x0, 0x0, 0x0,
    0xfd, 0xbf, 0x70, 0x0, 0x0, 0x0, 0xff, 0xf9,
    0x0, 0x0, 0x0, 0x0, 0xff, 0xb0, 0x0, 0x0,
    0x0, 0x0, 0xdc, 0x0, 0x0, 0x0, 0x0, 0x0,
    0x0, 0x0, 0x0, 0x0, 0x0, 0x0,

    /* U+F181 "" */
    0x6f, 0xff, 0xff, 0xff, 0xff, 0xff, 0xf6, 0xff,
    0xed, 0xde, 0xff, 0xed, 0xde, 0xff, 0xff, 0x0,
    0x0, 0xef, 0x0, 0x0, 0xef, 0xfe, 0x0, 0x0,
    0xdf, 0x0, 0x0, 0xdf, 0xfe, 0x0, 0x0, 0xdf,
    0x0, 0x0, 0xdf, 0xfe, 0x0, 0x0, 0xdf, 0x0,
    0x0, 0xdf, 0xfe, 0x0, 0x0, 0xdf, 0x0, 0x0,
    0xdf, 0xfe, 0x0, 0x0, 0xdf, 0x31, 0x12, 0xff,
    0xfe, 0x0, 0x0, 0xdf, 0xff, 0xff, 0xff, 0xfe,
    0x0, 0x0, 0xdf, 0xff, 0xff, 0xff, 0xfe, 0x0,
    0x0, 0xef, 0xff, 0xff, 0xff, 0xff, 0xa9, 0x9a,
    0xff, 0xff, 0xff, 0xff, 0xff, 0xff, 0xff, 0xff,
    0xff, 0xff, 0xfe, 0x6f, 0xff, 0xff, 0xff, 0xff,
    0xff, 0xe6,

    /* U+F182 "" */
    0x0, 0x4e, 0xe4, 0x0, 0x0, 0xef, 0xfe, 0x0,
    0x0, 0xef, 0xfe, 0x0, 0x0, 0x4e, 0xe4, 0x0,
    0x0, 0x74, 0x47, 0x0, 0x5, 0xff, 0xff, 0x50,
    0x9, 0xff, 0xff, 0x90, 0xd, 0xff, 0xff, 0xd0,
    0x1f, 0xff, 0xff, 0xf1, 0x5f, 0xff, 0xff, 0xf5,
    0x9f, 0xff, 0xff, 0xf9, 0x9f, 0xff, 0xff, 0xf9,
    0x0, 0x4f, 0xf4, 0x0, 0x0, 0x4f, 0xf4, 0x0,
    0x0, 0x4f, 0xf4, 0x0, 0x0, 0x2f, 0xf2, 0x0,

    /* U+F183 "" */
    0x4, 0xee, 0x40, 0xe, 0xff, 0xe0, 0xe, 0xff,
    0xe0, 0x4, 0xee, 0x40, 0x27, 0x44, 0x72, 0xdf,
    0xff, 0xfd, 0xff, 0xff, 0xff, 0xff, 0xff, 0xff,
    0xff, 0xff, 0xff, 0xff, 0xff, 0xff, 0xdf, 0xff,
    0xfd, 0xc, 0xff, 0xc0, 0xc, 0xff, 0xc0, 0xc,
    0xff, 0xc0, 0xc, 0xff, 0xc0, 0x9, 0xff, 0x90,

    /* U+F184 "" */
    0x0, 0x0, 0x5, 0x9b, 0xb9, 0x40, 0x0, 0x0,
    0x0, 0x5, 0xef, 0xff, 0xff, 0xfd, 0x30, 0x0,
    0x0, 0x8f, 0xff, 0xff, 0xff, 0xff, 0xf5, 0x0,
    0x5, 0xff, 0xff, 0xff, 0xff, 0xff, 0xff, 0x30,
    0xe, 0xff, 0xfe, 0xff, 0xff, 0xef, 0xff, 0xd0,
    0x6f, 0xff, 0x80, 0x1b, 0xb1, 0x9, 0xff, 0xf3,
    0xaf, 0xff, 0x30, 0x0, 0x0, 0x4, 0xff, 0xf8,
    0xcf, 0xff, 0x90, 0x0, 0x0, 0xa, 0xff, 0xfa,
    0xcf, 0xff, 0xf5, 0x0, 0x0, 0x5f, 0xff, 0xf9,
    0xaf, 0xff, 0xff, 0x20, 0x2, 0xff, 0xff, 0xf8,
    0x6f, 0xff, 0xff, 0xc0, 0xc, 0xff, 0xff, 0xf3,
    0xe, 0xff, 0xff, 0xf8, 0x9f, 0xff, 0xff, 0xd0,
    0x5, 0xff, 0xff, 0xff, 0xff, 0xff, 0xff, 0x30,
    0x0, 0x8f, 0xff, 0xff, 0xff, 0xff, 0xf5, 0x0,
    0x0, 0x5, 0xef, 0xff, 0xff, 0xfd, 0x30, 0x0,
    0x0, 0x0, 0x5, 0x9b, 0xb9, 0x40, 0x0, 0x0,

    /* U+F185 "" */
    0x0, 0x0, 0x0, 0x9, 0x90, 0x0, 0x0, 0x0,
    0x0, 0x0, 0x0, 0x1f, 0xf1, 0x0, 0x0, 0x0,
    0x0, 0x99, 0x40, 0x9f, 0xf9, 0x4, 0x99, 0x0,
    0x0, 0x9f, 0xfe, 0xff, 0xff, 0xef, 0xf9, 0x0,
    0x0, 0x4f, 0xfd, 0x40, 0x4, 0xdf, 0xf4, 0x0,
    0x0, 0xe, 0xd1, 0x8e, 0xe8, 0x1d, 0xe0, 0x0,
    0x1, 0x9f, 0x48, 0xff, 0xff, 0x84, 0xf9, 0x10,
    0x9f, 0xff, 0xe, 0xff, 0xff, 0xe0, 0xff, 0xf9,
    0x9f, 0xff, 0xe, 0xff, 0xff, 0xe0, 0xff, 0xf9,
    0x1, 0x9f, 0x48, 0xff, 0xff, 0x84, 0xf9, 0x10,
    0x0, 0xe, 0xd1, 0x8e, 0xe8, 0x1d, 0xe0, 0x0,
    0x0, 0x4f, 0xfd, 0x40, 0x4, 0xdf, 0xf4, 0x0,
    0x0, 0x9f, 0xfe, 0xff, 0xff, 0xef, 0xf9, 0x0,
    0x0, 0x99, 0x40, 0x9f, 0xf9, 0x4, 0x99, 0x0,
    0x0, 0x0, 0x0, 0x1f, 0xf1, 0x0, 0x0, 0x0,
    0x0, 0x0, 0x0, 0x9, 0x80, 0x0, 0x0, 0x0,

    /* U+F186 "" */
    0x0, 0x0, 0x4, 0xad, 0xff, 0x60, 0x0, 0x0,
    0x0, 0x1, 0xbf, 0xff, 0xf8, 0x0, 0x0, 0x0,
    0x0, 0x1d, 0xff, 0xff, 0x90, 0x0, 0x0, 0x0,
    0x0, 0xbf, 0xff, 0xfe, 0x0, 0x0, 0x0, 0x0,
    0x5, 0xff, 0xff, 0xf8, 0x0, 0x0, 0x0, 0x0,
    0xb, 0xff, 0xff, 0xf5, 0x0, 0x0, 0x0, 0x0,
    0xf, 0xff, 0xff, 0xf4, 0x0, 0x0, 0x0, 0x0,
    0x1f, 0xff, 0xff, 0xf6, 0x0, 0x0, 0x0, 0x0,
    0x2f, 0xff, 0xff, 0xfa, 0x0, 0x0, 0x0, 0x0,
    0xf, 0xff, 0xff, 0xff, 0x20, 0x0, 0x0, 0x0,
    0xc, 0xff, 0xff, 0xff, 0xd1, 0x0, 0x0, 0x0,
    0x5, 0xff, 0xff, 0xff, 0xfd, 0x40, 0x0, 0x0,
    0x0, 0xbf, 0xff, 0xff, 0xff, 0xfc, 0x87, 0x80,
    0x0, 0x1d, 0xff, 0xff, 0xff, 0xff, 0xff, 0x90,
    0x0, 0x0, 0xaf, 0xff, 0xff, 0xff, 0xf7, 0x0,
    0x0, 0x0, 0x3, 0xad, 0xff, 0xc8, 0x20, 0x0,

    /* U+F187 "" */
    0xcf, 0xff, 0xff, 0xff, 0xff, 0xff, 0xff, 0xfc,
    0xff, 0xff, 0xff, 0xff, 0xff, 0xff, 0xff, 0xff,
    0xef, 0xff, 0xff, 0xff, 0xff, 0xff, 0xff, 0xfe,
    0x0, 0x0, 0x0, 0x0, 0x0, 0x0, 0x0, 0x0,
    0xf, 0xff, 0xff, 0xff, 0xff, 0xff, 0xff, 0xf0,
    0xf, 0xff, 0xff, 0xff, 0xff, 0xff, 0xff, 0xf0,
    0xf, 0xff, 0xff, 0x10, 0x1, 0xff, 0xff, 0xf0,
    0xf, 0xff, 0xff, 0xff, 0xff, 0xff, 0xff, 0xf0,
    0xf, 0xff, 0xff, 0xff, 0xff, 0xff, 0xff, 0xf0,
    0xf, 0xff, 0xff, 0xff, 0xff, 0xff, 0xff, 0xf0,
    0xf, 0xff, 0xff, 0xff, 0xff, 0xff, 0xff, 0xf0,
    0xf, 0xff, 0xff, 0xff, 0xff, 0xff, 0xff, 0xf0,
    0xf, 0xff, 0xff, 0xff, 0xff, 0xff, 0xff, 0xf0,
    0xc, 0xff, 0xff, 0xff, 0xff, 0xff, 0xff, 0xc0,

    /* U+F188 "" */
    0x0, 0x0, 0x1, 0x9e, 0xfa, 0x10, 0x0, 0x0,
    0x0, 0x0, 0xc, 0xff, 0xff, 0xd0, 0x0, 0x0,
    0x0, 0x0, 0x4f, 0xff, 0xff, 0xf5, 0x0, 0x0,
    0xc, 0xc1, 0x38, 0x88, 0x88, 0x84, 0x1c, 0xc0,
    0xc, 0xfd, 0x10, 0x0, 0x0, 0x1, 0xdf, 0xc0,
    0x1, 0xdf, 0xff, 0xff, 0xff, 0xff, 0xfd, 0x10,
    0x0, 0x4f, 0xff, 0xff, 0xff, 0xff, 0xf4, 0x0,
    0x0, 0x4f, 0xff, 0xf4, 0x4f, 0xff, 0xf4, 0x0,
    0xcf, 0xff, 0xff, 0xf4, 0x4f, 0xff, 0xff, 0xfc,
    0xcf, 0xff, 0xff, 0xf4, 0x4f, 0xff, 0xff, 0xfc,
    0x0, 0x3f, 0xff, 0xf4, 0x4f, 0xff, 0xf3, 0x0,
    0x0, 0x1f, 0xff, 0xf4, 0x4f, 0xff, 0xf1, 0x0,
    0x0, 0x1e, 0xff, 0xf4, 0x4f, 0xff, 0xe1, 0x0,
    0x1, 0xdf, 0xff, 0xf4, 0x4f, 0xff, 0xfd, 0x10,
    0xc, 0xfd, 0x29, 0xe3, 0x3e, 0x92, 0xdf, 0xc0,
    0xc, 0xc1, 0x0, 0x0, 0x0, 0x0, 0x1c, 0xc0,

    /* U+F189 "" */
    0x8f, 0xf8, 0x0, 0x8f, 0xff, 0x20, 0x4, 0xff,
    0xb0, 0x6f, 0xff, 0x0, 0x1f, 0xff, 0x30, 0xd,
    0xff, 0x70, 0x1f, 0xff, 0x60, 0xe, 0xff, 0x30,
    0x6f, 0xfe, 0x0, 0x9, 0xff, 0xe0, 0xe, 0xff,
    0x31, 0xef, 0xf4, 0x0, 0x1, 0xff, 0xf8, 0xe,
    0xff, 0x6c, 0xff, 0xa0, 0x0, 0x0, 0x7f, 0xff,
    0x8f, 0xff, 0xff, 0xff, 0x40, 0x0, 0x0, 0xc,
    0xff, 0xff, 0xff, 0xff, 0xff, 0xe2, 0x0, 0x0,
    0x1, 0xdf, 0xff, 0xff, 0x45, 0xff, 0xfe, 0x10,
    0x0, 0x0, 0x1c, 0xff, 0xff, 0x30, 0x3f, 0xff,
    0xc0, 0x0, 0x0, 0x0, 0x6c, 0xff, 0x10, 0x4,
    0xef, 0xf2,

    /* U+F18A "" */
    0x0, 0x0, 0x0, 0x0, 0x0, 0x0, 0x0, 0x0,
    0x0, 0x0, 0x0, 0x0, 0x0, 0x7, 0xfe, 0x91,
    0x0, 0x0, 0x0, 0x0, 0x10, 0x0, 0x13, 0x5c,
    0xd1, 0x0, 0x0, 0x7, 0xef, 0xc0, 0x0, 0xca,
    0x1c, 0x90, 0x0, 0x1c, 0xff, 0xfe, 0x3, 0x44,
    0xaa, 0x5e, 0x0, 0xc, 0xff, 0xff, 0xfe, 0xff,
    0xd4, 0xc4, 0xf0, 0xb, 0xff, 0xfd, 0xbb, 0xef,
    0xfd, 0x1, 0x4b, 0x5, 0xff, 0x91, 0x0, 0x0,
    0x4e, 0xf8, 0x0, 0x0, 0xcf, 0x40, 0x6e, 0xfa,
    0x0, 0x2f, 0xfb, 0x0, 0xf, 0xb0, 0x3f, 0xeb,
    0xf7, 0x0, 0xdf, 0xe0, 0x0, 0xda, 0x6, 0x80,
    0xef, 0x70, 0xf, 0xfa, 0x0, 0x6, 0xf2, 0x1c,
    0xbf, 0xd0, 0xb, 0xfe, 0x10, 0x0, 0x6, 0xe7,
    0x25, 0x43, 0x6e, 0xfb, 0x10, 0x0, 0x0, 0x1,
    0x6b, 0xdf, 0xec, 0x93, 0x0, 0x0, 0x0,

    /* U+F18B "" */
    0x0, 0x0, 0x5, 0x40, 0x7, 0x30, 0x0, 0x0,
    0x0, 0x5, 0xef, 0x80, 0xe, 0xfc, 0x20, 0x0,
    0x0, 0x8f, 0xff, 0x80, 0xe, 0xff, 0xf3, 0x0,
    0x6, 0xff, 0xff, 0x80, 0xe, 0xff, 0xfe, 0x10,
    0x1f, 0xff, 0xff, 0x80, 0xe, 0xff, 0xff, 0xa0,
    0x7f, 0xff, 0xff, 0x70, 0xe, 0xff, 0xff, 0xf1,
    0xbf, 0xff, 0xff, 0x60, 0xd, 0xff, 0xff, 0xf5,
    0xdf, 0xff, 0xff, 0x30, 0xa, 0xff, 0xff, 0xf7,
    0xef, 0xff, 0xfe, 0x0, 0x5, 0xff, 0xff, 0xf7,
    0xcf, 0xff, 0xf7, 0x0, 0x0, 0xdf, 0xff, 0xf5,
    0x8f, 0xff, 0xc0, 0x5, 0x0, 0x3f, 0xff, 0xf1,
    0x1f, 0xfd, 0x10, 0xd, 0x50, 0x5, 0xff, 0xa0,
    0x7, 0xa1, 0x0, 0x7f, 0xe1, 0x0, 0x4c, 0x10,
    0x0, 0x0, 0x5, 0xff, 0xfc, 0x0, 0x0, 0x0,
    0x0, 0x0, 0x7f, 0xff, 0xff, 0xd1, 0x0, 0x0,
    0x0, 0x0, 0x5, 0x9b, 0xa8, 0x30, 0x0, 0x0,

    /* U+F18C "" */
    0x0, 0x0, 0x3, 0x30, 0x0, 0x0, 0x0, 0x0,
    0x0, 0xcf, 0x60, 0x0, 0x0, 0x0, 0x0, 0xf,
    0xff, 0x0, 0x0, 0x0, 0x0, 0x0, 0xbf, 0xf1,
    0x0, 0x0, 0x0, 0x47, 0x53, 0xff, 0x3, 0x64,
    0x0, 0xd, 0xff, 0xb5, 0xb8, 0xff, 0xc0, 0x0,
    0x6f, 0xff, 0x9e, 0xff, 0xf7, 0x0, 0x0, 0x5c,
    0xff, 0xff, 0xe9, 0x0, 0x5, 0x87, 0x10, 0x76,
    0x10, 0x0, 0x4, 0xff, 0xff, 0x5b, 0x39, 0xee,
    0x80, 0xb, 0xff, 0xff, 0xef, 0xff, 0xfd, 0x0,
    0x8, 0xcc, 0xdc, 0xff, 0xfe, 0x30, 0x0, 0x0,
    0x2b, 0x1, 0x34, 0x0, 0x0, 0x0, 0x2c, 0x20,
    0x0, 0x0, 0x0, 0x2, 0x7c, 0x20, 0x0, 0x0,
    0x0, 0x8, 0xa6, 0x0, 0x0, 0x0, 0x0, 0x0,

    /* U+F18D "" */
    0x0, 0x12, 0x22, 0x22, 0x22, 0x22, 0x0, 0x9,
    0xff, 0xff, 0xff, 0xff, 0xff, 0xe1, 0x2f, 0xff,
    0xff, 0xff, 0xff, 0xff, 0xf8, 0x2a, 0xaa, 0xaa,
    0xaa, 0xaa, 0xaa, 0xa6, 0x29, 0x99, 0x99, 0x99,
    0x99, 0x99, 0x96, 0x3f, 0xff, 0xff, 0xff, 0xff,
    0xff, 0xfa, 0x3f, 0xff, 0xff, 0xff, 0xff, 0xff,
    0xfa, 0x3, 0x33, 0x33, 0x33, 0x33, 0x33, 0x32,
    0x3f, 0xff, 0xff, 0xff, 0xff, 0xff, 0xfa, 0x3f,
    0xff, 0xff, 0xff, 0xff, 0xff, 0xfa, 0x18, 0x88,
    0x88, 0x88, 0x88, 0x88, 0x85, 0x2c, 0xcc, 0xcc,
    0xcc, 0xcc, 0xcc, 0xc7, 0x1f, 0xff, 0xff, 0xff,
    0xff, 0xff, 0xf8, 0x7, 0xff, 0xff, 0xff, 0xff,
    0xff, 0xc1, 0x0, 0x0, 0x0, 0x0, 0xbf, 0x90,
    0x0, 0x0, 0x0, 0x0, 0x0, 0xb9, 0x0, 0x0,
    0x0, 0x0, 0x0, 0x0, 0x50, 0x0, 0x0,

    /* U+F191 "" */
    0x8f, 0xff, 0xff, 0xff, 0xff, 0xff, 0xf8, 0xff,
    0xff, 0xff, 0xff, 0xff, 0xff, 0xff, 0xff, 0xff,
    0xff, 0xff, 0xef, 0xff, 0xff, 0xff, 0xff, 0xff,
    0xf7, 0x4f, 0xff, 0xff, 0xff, 0xff, 0xff, 0x70,
    0x4f, 0xff, 0xff, 0xff, 0xff, 0xf7, 0x0, 0x4f,
    0xff, 0xff, 0xff, 0xff, 0x80, 0x0, 0x4f, 0xff,
    0xff, 0xff, 0xff, 0x80, 0x0, 0x4f, 0xff, 0xff,
    0xff, 0xff, 0xf8, 0x0, 0x4f, 0xff, 0xff, 0xff,
    0xff, 0xff, 0x80, 0x4f, 0xff, 0xff, 0xff, 0xff,
    0xff, 0xf8, 0x4f, 0xff, 0xff, 0xff, 0xff, 0xff,
    0xff, 0xef, 0xff, 0xff, 0xff, 0xff, 0xff, 0xff,
    0xff, 0xff, 0xff, 0x8f, 0xff, 0xff, 0xff, 0xff,
    0xff, 0xf8,

    /* U+F192 "" */
    0x0, 0x0, 0x16, 0xbc, 0xdb, 0x61, 0x0, 0x0,
    0x0, 0x6, 0xef, 0xff, 0xff, 0xfe, 0x60, 0x0,
    0x0, 0x8f, 0xff, 0xff, 0xff, 0xff, 0xf8, 0x0,
    0x5, 0xff, 0xff, 0xff, 0xff, 0xff, 0xff, 0x50,
    0xe, 0xff, 0xff, 0xff, 0xff, 0xff, 0xff, 0xe0,
    0x5f, 0xff, 0xff, 0xe7, 0x7e, 0xff, 0xff, 0xf5,
    0x9f, 0xff, 0xfe, 0x10, 0x1, 0xef, 0xff, 0xf9,
    0xbf, 0xff, 0xf9, 0x0, 0x0, 0x9f, 0xff, 0xfb,
    0xbf, 0xff, 0xf9, 0x0, 0x0, 0x9f, 0xff, 0xfb,
    0x9f, 0xff, 0xfe, 0x10, 0x1, 0xef, 0xff, 0xf9,
    0x5f, 0xff, 0xff, 0xe7, 0x7e, 0xff, 0xff, 0xf5,
    0xe, 0xff, 0xff, 0xff, 0xff, 0xff, 0xff, 0xe0,
    0x5, 0xff, 0xff, 0xff, 0xff, 0xff, 0xff, 0x50,
    0x0, 0x8f, 0xff, 0xff, 0xff, 0xff, 0xf8, 0x0,
    0x0, 0x6, 0xef, 0xff, 0xff, 0xfe, 0x60, 0x0,
    0x0, 0x0, 0x16, 0xbd, 0xdb, 0x61, 0x0, 0x0,

    /* U+F193 "" */
    0x0, 0x0, 0x0, 0x0, 0x0, 0x0, 0x0, 0x0,
    0x0, 0x0, 0x4, 0xee, 0x40, 0x0, 0x0, 0x0,
    0x0, 0x0, 0x0, 0xef, 0xfe, 0x0, 0x0, 0x0,
    0x0, 0x0, 0x0, 0xe, 0xff, 0xd0, 0x0, 0x0,
    0x0, 0x0, 0x0, 0x0, 0xcf, 0xe4, 0x0, 0x0,
    0x0, 0x0, 0x0, 0x0, 0xa, 0xf5, 0x0, 0x0,
    0x0, 0x0, 0x0, 0x0, 0x13, 0x8f, 0xff, 0xff,
    0xe0, 0x0, 0x0, 0x0, 0x4f, 0x96, 0xff, 0xff,
    0xfe, 0x0, 0x0, 0x0, 0x1f, 0xf8, 0x3f, 0xc0,
    0x0, 0x0, 0x0, 0x0, 0x9, 0xfa, 0x1, 0xff,
    0xff, 0xff, 0xc0, 0x0, 0x0, 0xdf, 0x20, 0xb,
    0xff, 0xff, 0xff, 0x50, 0x0, 0xf, 0xf0, 0x0,
    0x0, 0x0, 0x6, 0xfc, 0x0, 0x0, 0xef, 0x20,
    0x0, 0x0, 0x3e, 0x1e, 0xf4, 0x10, 0x9, 0xfa,
    0x0, 0x0, 0xa, 0xf6, 0x7f, 0xdf, 0xb0, 0x2f,
    0xfa, 0x20, 0x3a, 0xff, 0x10, 0xff, 0xfb, 0x0,
    0x4f, 0xff, 0xff, 0xfe, 0x40, 0x5, 0xa3, 0x0,
    0x0, 0x29, 0xef, 0xd9, 0x10, 0x0, 0x0, 0x0,
    0x0,

    /* U+F194 "" */
    0x8f, 0xff, 0xff, 0xff, 0xff, 0xff, 0xf8, 0xff,
    0xff, 0xff, 0xff, 0xff, 0xff, 0xff, 0xff, 0xff,
    0xee, 0xff, 0xfd, 0xbf, 0xff, 0xff, 0xfa, 0x0,
    0xef, 0x90, 0x3, 0xff, 0xff, 0x80, 0x0, 0x9e,
    0x10, 0x0, 0xff, 0xff, 0xa9, 0x0, 0x7f, 0xf1,
    0x3, 0xff, 0xff, 0xff, 0x10, 0x3f, 0xd0, 0x9,
    0xff, 0xff, 0xff, 0x60, 0xe, 0x40, 0x3f, 0xff,
    0xff, 0xff, 0xb0, 0x1, 0x1, 0xdf, 0xff, 0xff,
    0xff, 0xf0, 0x0, 0xb, 0xff, 0xff, 0xff, 0xff,
    0xf6, 0x1, 0xbf, 0xff, 0xff, 0xff, 0xff, 0xff,
    0xbf, 0xff, 0xff, 0xff, 0xff, 0xff, 0xff, 0xff,
    0xff, 0xff, 0xff, 0x8f, 0xff, 0xff, 0xff, 0xff,
    0xff, 0xf8,

    /* U+F195 "" */
    0x0, 0xff, 0x70, 0x0, 0x0, 0x0, 0x0, 0xff,
    0x84, 0x7b, 0xd0, 0x0, 0x25, 0xff, 0xff, 0xff,
    0xf0, 0x0, 0xff, 0xff, 0xfc, 0x95, 0x20, 0x0,
    0xdb, 0xff, 0x84, 0x7b, 0xd0, 0x0, 0x25, 0xff,
    0xff, 0xff, 0xf0, 0x0, 0xff, 0xff, 0xfc, 0x95,
    0x20, 0x0, 0xdb, 0xff, 0x80, 0x0, 0x3, 0xfe,
    0x0, 0xff, 0x80, 0x0, 0x6, 0xfd, 0x0, 0xff,
    0x80, 0x0, 0xb, 0xfa, 0x0, 0xff, 0x80, 0x0,
    0x7f, 0xf3, 0x0, 0xff, 0x81, 0x5c, 0xff, 0x90,
    0x0, 0xff, 0xff, 0xff, 0xf9, 0x0, 0x0, 0xff,
    0xff, 0xd9, 0x30, 0x0,

    /* U+F197 "" */
    0x6, 0x7f, 0xc5, 0x0, 0x0, 0x0, 0x0, 0x0,
    0x0, 0x0, 0xe, 0x8f, 0xff, 0xb0, 0x0, 0x0,
    0x0, 0x0, 0x0, 0x0, 0xf, 0x8f, 0xff, 0xfd,
    0x20, 0x0, 0x0, 0x0, 0x0, 0x0, 0xf, 0x8f,
    0xff, 0xff, 0xf8, 0x10, 0x0, 0x0, 0x0, 0x0,
    0xcf, 0xff, 0xfc, 0x88, 0x88, 0x75, 0x44, 0x32,
    0x10, 0x0, 0xff, 0xff, 0xff, 0xff, 0xff, 0xff,
    0xff, 0xfe, 0xfd, 0x70, 0x9f, 0xff, 0xff, 0xff,
    0xff, 0xff, 0xff, 0xf1, 0xff, 0xfc, 0x8f, 0xff,
    0xff, 0xff, 0xff, 0xff, 0xff, 0xf1, 0xff, 0xfc,
    0xff, 0xff, 0xff, 0xff, 0xff, 0xff, 0xff, 0xfe,
    0xfd, 0x70, 0xdf, 0xff, 0xfc, 0x88, 0x88, 0x75,
    0x44, 0x32, 0x10, 0x0, 0xf, 0x8f, 0xff, 0xff,
    0xf8, 0x10, 0x0, 0x0, 0x0, 0x0, 0xf, 0x8f,
    0xff, 0xfd, 0x20, 0x0, 0x0, 0x0, 0x0, 0x0,
    0xe, 0x8f, 0xff, 0xb0, 0x0, 0x0, 0x0, 0x0,
    0x0, 0x0, 0x6, 0x7f, 0xc5, 0x0, 0x0, 0x0,
    0x0, 0x0, 0x0, 0x0,

    /* U+F198 "" */
    0x0, 0x0, 0xaf, 0x61, 0xdd, 0x10, 0x0, 0x0,
    0x0, 0xff, 0xd6, 0xff, 0x60, 0x0, 0x0, 0x0,
    0x7d, 0xb6, 0xff, 0x60, 0x0, 0x5, 0x66, 0x66,
    0x6, 0xff, 0x61, 0x51, 0x9f, 0xff, 0xff, 0xb6,
    0xff, 0x6b, 0xfd, 0xaf, 0xff, 0xff, 0xa4, 0xff,
    0x4d, 0xfd, 0x5, 0x66, 0x66, 0x0, 0x44, 0x5,
    0x61, 0x3c, 0xd2, 0x7c, 0x40, 0xad, 0xdd, 0xd6,
    0xbf, 0xf3, 0xff, 0xc5, 0xff, 0xff, 0xff, 0x6f,
    0xc1, 0xff, 0xd2, 0xef, 0xff, 0xfa, 0x0, 0x1,
    0xff, 0xd1, 0x22, 0x11, 0x10, 0x0, 0x1, 0xff,
    0xd6, 0xff, 0x20, 0x0, 0x0, 0x0, 0xff, 0xc5,
    0xff, 0x50, 0x0, 0x0, 0x0, 0x6b, 0x30, 0x9a,
    0x0, 0x0,

    /* U+F199 "" */
    0x8f, 0xff, 0xff, 0xff, 0xff, 0xff, 0xf8, 0xff,
    0xff, 0xff, 0xff, 0xff, 0xff, 0xff, 0xff, 0xff,
    0xff, 0xff, 0xff, 0xff, 0xff, 0xff, 0x20, 0x0,
    0x0, 0x0, 0x2, 0xff, 0xff, 0x20, 0x0, 0x0,
    0x0, 0x2, 0xff, 0xff, 0xe5, 0x0, 0x0, 0x0,
    0x5e, 0xff, 0xff, 0x3d, 0x90, 0x0, 0x9, 0xd3,
    0xff, 0xff, 0x0, 0xad, 0x33, 0xda, 0x0, 0xff,
    0xff, 0x0, 0x6, 0xee, 0x60, 0x0, 0xff, 0xff,
    0x0, 0x0, 0x0, 0x0, 0x0, 0xff, 0xff, 0x20,
    0x0, 0x0, 0x0, 0x2, 0xff, 0xff, 0xff, 0xff,
    0xff, 0xff, 0xff, 0xff, 0xff, 0xff, 0xff, 0xff,
    0xff, 0xff, 0xff, 0x8f, 0xff, 0xff, 0xff, 0xff,
    0xff, 0xf8,

    /* U+F19A "" */
    0x0, 0x0, 0x25, 0x55, 0x55, 0x52, 0x0, 0x0,
    0x0, 0x5, 0x45, 0xac, 0xdb, 0x64, 0x50, 0x0,
    0x0, 0x63, 0xcf, 0xff, 0xff, 0xfd, 0x36, 0x0,
    0x5, 0x3e, 0xff, 0xff, 0xff, 0xf7, 0x1, 0x50,
    0x5, 0x11, 0x5e, 0x31, 0x15, 0xf6, 0x0, 0x50,
    0x53, 0x10, 0xdf, 0xf0, 0xd, 0xfd, 0x2, 0x35,
    0x57, 0x70, 0x8f, 0xf6, 0x8, 0xff, 0x44, 0x75,
    0x59, 0xd0, 0x2f, 0xfb, 0x2, 0xff, 0x79, 0x95,
    0x59, 0xf2, 0xd, 0xf8, 0x10, 0xdf, 0x5e, 0x95,
    0x56, 0xf8, 0x7, 0xf7, 0x80, 0x7f, 0x5f, 0x65,
    0x42, 0xfe, 0x2, 0xd9, 0xe0, 0x2b, 0x9f, 0x24,
    0x6, 0x7f, 0x40, 0x5e, 0xf4, 0x4, 0xe7, 0x60,
    0x3, 0x39, 0xa0, 0x4f, 0xf9, 0x4, 0xa3, 0x30,
    0x0, 0x53, 0x50, 0xaf, 0xff, 0x2, 0x35, 0x0,
    0x0, 0x3, 0x51, 0x36, 0x64, 0x15, 0x30, 0x0,
    0x0, 0x0, 0x4, 0x55, 0x55, 0x40, 0x0, 0x0,

    /* U+F19B "" */
    0x0, 0x0, 0x0, 0x2, 0x10, 0x0, 0x0, 0x0,
    0x0, 0x0, 0x9f, 0x40, 0x0, 0x0, 0x0, 0x0,
    0x0, 0xef, 0x40, 0x0, 0x0, 0x0, 0x0, 0x0,
    0xef, 0x40, 0x0, 0x0, 0x0, 0x0, 0x35, 0xef,
    0x66, 0x20, 0x0, 0x0, 0x7e, 0xfb, 0xef, 0x8f,
    0xfc, 0x77, 0x1c, 0xfb, 0x20, 0xef, 0x40, 0xaf,
    0xfa, 0x9f, 0xa0, 0x0, 0xef, 0x40, 0x59, 0xdb,
    0xff, 0x30, 0x0, 0xef, 0x40, 0x0, 0x0, 0xef,
    0x30, 0x0, 0xef, 0x40, 0x0, 0x0, 0x8f, 0xb0,
    0x0, 0xef, 0x40, 0x0, 0x0, 0xb, 0xfd, 0x40,
    0xef, 0x40, 0x0, 0x0, 0x0, 0x6e, 0xff, 0xfd,
    0x20, 0x0, 0x0, 0x0, 0x0, 0x36, 0x50, 0x0,
    0x0, 0x0,

    /* U+F19C "" */
    0x0, 0x0, 0x2, 0x8e, 0xb5, 0x0, 0x0, 0x0,
    0x0, 0x6, 0xcf, 0xff, 0xff, 0xe9, 0x30, 0x0,
    0x39, 0xff, 0xff, 0xff, 0xff, 0xff, 0xfd, 0x70,
    0x8e, 0xff, 0xff, 0xff, 0xff, 0xff, 0xff, 0xd2,
    0x5, 0x88, 0x88, 0x88, 0x88, 0x88, 0x87, 0x10,
    0x0, 0x3f, 0xc0, 0x3f, 0xc0, 0x3f, 0xc0, 0x0,
    0x0, 0x3f, 0xc0, 0x3f, 0xc0, 0x3f, 0xc0, 0x0,
    0x0, 0x3f, 0xc0, 0x3f, 0xc0, 0x3f, 0xc0, 0x0,
    0x0, 0x3f, 0xc0, 0x3f, 0xc0, 0x3f, 0xc0, 0x0,
    0x0, 0x3f, 0xc0, 0x3f, 0xc0, 0x3f, 0xc0, 0x0,
    0x0, 0x3f, 0xc0, 0x3f, 0xc0, 0x3f, 0xc0, 0x0,
    0xa, 0xff, 0xff, 0xff, 0xff, 0xff, 0xff, 0x30,
    0x37, 0x88, 0x88, 0x88, 0x88, 0x88, 0x88, 0x70,
    0xaf, 0xff, 0xff, 0xff, 0xff, 0xff, 0xff, 0xf3,

    /* U+F19D "" */
    0x0, 0x0, 0x0, 0x0, 0x0, 0x0, 0x0, 0x0,
    0x0, 0x0, 0x0, 0x0, 0x0, 0x5, 0xae, 0xea,
    0x50, 0x0, 0x0, 0x0, 0x0, 0x1, 0x6b, 0xff,
    0xff, 0xff, 0xff, 0xb6, 0x10, 0x0, 0x28, 0xcf,
    0xff, 0xff, 0xff, 0xff, 0xff, 0xff, 0xfc, 0x82,
    0xef, 0xff, 0xff, 0xff, 0xff, 0xff, 0xff, 0xff,
    0xff, 0xfe, 0x28, 0xff, 0xff, 0xff, 0xff, 0xff,
    0xff, 0xff, 0xfd, 0x82, 0x5, 0xc1, 0x6b, 0xff,
    0xff, 0xff, 0xff, 0xb6, 0x10, 0x0, 0xc, 0xc0,
    0x43, 0x5, 0xae, 0xea, 0x50, 0x34, 0x0, 0x0,
    0xc, 0xc0, 0xbf, 0xe9, 0x41, 0x14, 0x9e, 0xfb,
    0x0, 0x0, 0xb, 0xb0, 0xdf, 0xff, 0xff, 0xff,
    0xff, 0xfd, 0x0, 0x0, 0xe, 0xe0, 0xff, 0xff,
    0xff, 0xff, 0xff, 0xff, 0x0, 0x0, 0x2f, 0xf2,
    0xbf, 0xff, 0xff, 0xff, 0xff, 0xfb, 0x0, 0x0,
    0x4f, 0xf4, 0x5, 0x9c, 0xef, 0xfe, 0xc9, 0x50,
    0x0, 0x0,

    /* U+F19E "" */
    0x1d, 0xe1, 0x0, 0x0, 0x0, 0x1e, 0xd1, 0x5,
    0xfa, 0x0, 0x0, 0x0, 0xaf, 0x50, 0x0, 0xbf,
    0x30, 0x0, 0x3, 0xfb, 0x0, 0x0, 0x2f, 0xd0,
    0x0, 0xd, 0xf2, 0x0, 0x0, 0x8, 0xf7, 0x0,
    0x7f, 0x80, 0x0, 0x0, 0x0, 0xef, 0x11, 0xfe,
    0x0, 0x0, 0x0, 0x0, 0x6f, 0xaa, 0xf6, 0x0,
    0x0, 0x0, 0x0, 0xd, 0xff, 0xc0, 0x0, 0x0,
    0x0, 0x0, 0x4, 0xff, 0x30, 0x0, 0x0, 0x0,
    0x0, 0x0, 0xee, 0x0, 0x0, 0x0, 0x0, 0x0,
    0x0, 0xee, 0x0, 0x0, 0x0, 0x0, 0x0, 0x0,
    0xfe, 0x0, 0x0, 0x0, 0x0, 0x0, 0x0, 0xfe,
    0x0, 0x0, 0x0, 0x0, 0x0, 0x0, 0xff, 0x0,
    0x0, 0x0, 0x0, 0x0, 0x0, 0xff, 0x0, 0x0,
    0x0, 0x0, 0x0, 0x0, 0xee, 0x0, 0x0, 0x0,

    /* U+F1A0 "" */
    0x0, 0x0, 0x4, 0x8a, 0x97, 0x30, 0x0, 0x0,
    0x0, 0x5, 0xef, 0xff, 0xff, 0xfc, 0x20, 0x0,
    0x0, 0x8f, 0xff, 0xff, 0xff, 0xff, 0xc0, 0x0,
    0x7, 0xff, 0xfd, 0x74, 0x48, 0xed, 0x10, 0x0,
    0x2f, 0xff, 0x90, 0x0, 0x0, 0x11, 0x0, 0x0,
    0x8f, 0xfb, 0x0, 0x0, 0x0, 0x0, 0x0, 0x0,
    0xdf, 0xf3, 0x0, 0x0, 0x0, 0x0, 0x0, 0x0,
    0xff, 0xf0, 0x0, 0x1, 0xff, 0xff, 0xff, 0xf5,
    0xff, 0xf0, 0x0, 0x1, 0xff, 0xff, 0xff, 0xf6,
    0xdf, 0xf2, 0x0, 0x0, 0xaa, 0xaa, 0xef, 0xf4,
    0x9f, 0xf9, 0x0, 0x0, 0x0, 0x1, 0xff, 0xf1,
    0x2f, 0xff, 0x60, 0x0, 0x0, 0xb, 0xff, 0xc0,
    0x8, 0xff, 0xfb, 0x41, 0x25, 0xcf, 0xff, 0x30,
    0x0, 0xaf, 0xff, 0xff, 0xff, 0xff, 0xf6, 0x0,
    0x0, 0x7, 0xff, 0xff, 0xff, 0xfe, 0x40, 0x0,
    0x0, 0x0, 0x16, 0x9b, 0xb9, 0x50, 0x0, 0x0,

    /* U+F1A1 "" */
    0x0, 0x0, 0x16, 0xbc, 0xdb, 0x61, 0x0, 0x0,
    0x0, 0x6, 0xef, 0xff, 0xff, 0xfe, 0x60, 0x0,
    0x0, 0x8f, 0xff, 0xff, 0xff, 0xff, 0xf8, 0x0,
    0x5, 0xff, 0xff, 0xff, 0xa9, 0x86, 0xff, 0x50,
    0xe, 0xff, 0xff, 0xff, 0xaf, 0xa4, 0xff, 0xe0,
    0x5f, 0xff, 0xff, 0xfe, 0xbf, 0xff, 0xff, 0xf5,
    0x9f, 0xff, 0xcc, 0x52, 0x15, 0xdc, 0xff, 0xf9,
    0xbf, 0xf7, 0x0, 0x0, 0x0, 0x0, 0x6f, 0xfb,
    0xbf, 0xfb, 0x4, 0xd0, 0xd, 0x40, 0xaf, 0xfb,
    0x9f, 0xfe, 0x1, 0x60, 0x6, 0x10, 0xef, 0xf9,
    0x5f, 0xff, 0x50, 0x44, 0x44, 0x6, 0xff, 0xf5,
    0xd, 0xff, 0xf8, 0x11, 0x11, 0x8f, 0xff, 0xd0,
    0x4, 0xff, 0xff, 0xff, 0xff, 0xff, 0xff, 0x40,
    0x0, 0x6f, 0xff, 0xff, 0xff, 0xff, 0xf6, 0x0,
    0x0, 0x4, 0xdf, 0xff, 0xff, 0xfd, 0x40, 0x0,
    0x0, 0x0, 0x5, 0x9b, 0xb9, 0x50, 0x0, 0x0,

    /* U+F1A2 "" */
    0x8f, 0xff, 0xff, 0xff, 0xff, 0xff, 0xf8, 0xff,
    0xff, 0xff, 0xff, 0xff, 0xff, 0xff, 0xff, 0xff,
    0xff, 0xfa, 0x9a, 0x5e, 0xff, 0xff, 0xff, 0xff,
    0xf9, 0xfc, 0x2d, 0xff, 0xff, 0xff, 0xff, 0xfa,
    0xff, 0xff, 0xff, 0xff, 0xff, 0xe9, 0x55, 0x8e,
    0xff, 0xff, 0xff, 0x30, 0x0, 0x0, 0x0, 0x3,
    0xff, 0xff, 0x30, 0x48, 0x0, 0x84, 0x3, 0xff,
    0xff, 0x90, 0x6b, 0x0, 0xb6, 0x9, 0xff, 0xff,
    0xc0, 0x1, 0x0, 0x10, 0xc, 0xff, 0xff, 0xf8,
    0x4, 0x66, 0x40, 0x8f, 0xff, 0xff, 0xff, 0xe8,
    0x55, 0x8e, 0xff, 0xff, 0xff, 0xff, 0xff, 0xff,
    0xff, 0xff, 0xff, 0x8f, 0xff, 0xff, 0xff, 0xff,
    0xff, 0xf8,

    /* U+F1A3 "" */
    0x0, 0x0, 0x6, 0x9b, 0xa8, 0x40, 0x0, 0x0,
    0x0, 0x6, 0xef, 0xff, 0xff, 0xfc, 0x30, 0x0,
    0x0, 0x9f, 0xff, 0xff, 0xff, 0xff, 0xf4, 0x0,
    0x7, 0xff, 0xff, 0xff, 0xff, 0xff, 0xff, 0x20,
    0x1f, 0xff, 0xff, 0x50, 0x3c, 0xff, 0xff, 0xb0,
    0x7f, 0xff, 0xf7, 0x1, 0x1, 0xff, 0xff, 0xf2,
    0xcf, 0xff, 0xf4, 0xe, 0x20, 0xef, 0xff, 0xf6,
    0xef, 0xff, 0xf4, 0xe, 0xdd, 0xff, 0xff, 0xf8,
    0xef, 0xa3, 0xd4, 0xe, 0x86, 0xf5, 0x3f, 0xf8,
    0xcf, 0x90, 0xc3, 0xe, 0x30, 0xe2, 0xe, 0xf6,
    0x7f, 0xc0, 0x10, 0x1f, 0x60, 0x20, 0x2f, 0xf2,
    0x1f, 0xf8, 0x12, 0xcf, 0xe5, 0x2, 0xdf, 0xb0,
    0x7, 0xff, 0xff, 0xff, 0xff, 0xff, 0xff, 0x20,
    0x0, 0x9f, 0xff, 0xff, 0xff, 0xff, 0xf4, 0x0,
    0x0, 0x6, 0xef, 0xff, 0xff, 0xfc, 0x30, 0x0,
    0x0, 0x0, 0x16, 0x9b, 0xb8, 0x40, 0x0, 0x0,

    /* U+F1A4 "" */
    0x0, 0x0, 0x1, 0xae, 0xe9, 0x10, 0x0, 0x0,
    0x0, 0x0, 0x1e, 0xff, 0xff, 0xd0, 0x0, 0x0,
    0x0, 0x0, 0x8f, 0xfd, 0xef, 0xf7, 0x0, 0x0,
    0x0, 0x0, 0xaf, 0xf1, 0x2f, 0xf9, 0x0, 0x0,
    0x0, 0x0, 0xaf, 0xf0, 0xc, 0xd5, 0x0, 0x0,
    0x0, 0x0, 0xaf, 0xf0, 0x0, 0x0, 0x0, 0x0,
    0xbb, 0x70, 0xaf, 0xf0, 0x6, 0x55, 0xa, 0xb7,
    0xff, 0xb0, 0xaf, 0xf0, 0x1f, 0xf9, 0xf, 0xfb,
    0xff, 0xb0, 0xbf, 0xf0, 0x1f, 0xfa, 0xf, 0xfb,
    0xdf, 0xfc, 0xff, 0xd0, 0xe, 0xff, 0xcf, 0xf8,
    0x5f, 0xff, 0xff, 0x60, 0x6, 0xff, 0xff, 0xe1,
    0x5, 0xdf, 0xd5, 0x0, 0x0, 0x7e, 0xfc, 0x30,

    /* U+F1A5 "" */
    0x8f, 0xff, 0xff, 0xff, 0xff, 0xff, 0xf8, 0xf1,
    0x0, 0x0, 0xf, 0xff, 0xff, 0xff, 0xf0, 0x0,
    0x0, 0xf, 0xff, 0xff, 0xff, 0xf0, 0x0, 0x0,
    0xf, 0xff, 0xff, 0xff, 0xf0, 0x0, 0x0, 0xf,
    0xff, 0xff, 0xff, 0xf0, 0x0, 0x0, 0xf, 0xff,
    0xff, 0xff, 0xf0, 0x0, 0x0, 0xf, 0xff, 0xff,
    0xff, 0xff, 0xff, 0xff, 0xf0, 0x0, 0x0, 0xf,
    0xff, 0xff, 0xff, 0xf0, 0x0, 0x0, 0xf, 0xff,
    0xff, 0xff, 0xf0, 0x0, 0x0, 0xf, 0xff, 0xff,
    0xff, 0xf0, 0x0, 0x0, 0xf, 0xff, 0xff, 0xff,
    0xf0, 0x0, 0x0, 0xf, 0xff, 0xff, 0xff, 0xf0,
    0x0, 0x0, 0x1f, 0x8f, 0xff, 0xff, 0xff, 0xff,
    0xff, 0xf8,

    /* U+F1A6 "" */
    0x0, 0x6f, 0x5f, 0x80, 0x0, 0x0, 0x0, 0x0,
    0x0, 0x6f, 0x49, 0x50, 0x0, 0x0, 0x0, 0x0,
    0x66, 0xaf, 0x46, 0x35, 0x66, 0x62, 0x66, 0x66,
    0xff, 0xef, 0x5f, 0x8e, 0xff, 0xf5, 0xfe, 0xff,
    0xf9, 0x6f, 0x5f, 0x8e, 0x98, 0xf5, 0xf6, 0x9f,
    0xf9, 0x6f, 0x5f, 0x8e, 0x98, 0xf5, 0xf6, 0x9f,
    0xfb, 0x9f, 0x5f, 0x8e, 0xba, 0xf5, 0xf9, 0xbf,
    0xee, 0xee, 0x4e, 0x7c, 0xef, 0xf4, 0xee, 0xff,
    0x0, 0x0, 0x0, 0x3, 0x4a, 0xf2, 0x44, 0xbf,
    0x0, 0x0, 0x0, 0xe, 0xff, 0xf5, 0xff, 0xff,

    /* U+F1A7 "" */
    0x8f, 0xff, 0xff, 0xff, 0xff, 0xff, 0xf8, 0xff,
    0xff, 0xff, 0xff, 0xff, 0xff, 0xff, 0xff, 0xf7,
    0x40, 0x2d, 0xff, 0xff, 0xff, 0xff, 0xf4, 0xa,
    0x12, 0xff, 0xff, 0xff, 0xff, 0xf4, 0x1f, 0x60,
    0xff, 0xff, 0xff, 0xff, 0xf4, 0x9, 0x11, 0x59,
    0xff, 0xff, 0xff, 0xf4, 0x1, 0x25, 0x40, 0xaf,
    0xff, 0xff, 0xf4, 0x1f, 0x7, 0xf0, 0x5f, 0xff,
    0xff, 0xf8, 0x8f, 0x6, 0xb0, 0x6f, 0xff, 0xff,
    0xff, 0xff, 0x0, 0x2, 0xef, 0xff, 0xff, 0xff,
    0xff, 0x6, 0xcf, 0xff, 0xff, 0xff, 0xff, 0xff,
    0x19, 0xff, 0xff, 0xff, 0xff, 0xff, 0xff, 0xff,
    0xff, 0xff, 0xff, 0x8f, 0xff, 0xff, 0xff, 0xff,
    0xff, 0xf8,

    /* U+F1A8 "" */
    0x0, 0x0, 0x0, 0x0, 0x0, 0x0, 0x0, 0x0,
    0x1, 0x0, 0x0, 0x0, 0x0, 0x0, 0x0, 0x0,
    0x0, 0x50, 0x0, 0x0, 0x0, 0x0, 0x0, 0x0,
    0x0, 0x5, 0x30, 0x0, 0x0, 0x0, 0x0, 0x0,
    0x20, 0x0, 0x84, 0x0, 0x0, 0x0, 0x0, 0x0,
    0xa, 0xe3, 0x67, 0x10, 0x0, 0x0, 0x0, 0x0,
    0x1, 0xac, 0xb6, 0x0, 0x0, 0x0, 0x0, 0x0,
    0x0, 0x0, 0xef, 0xf2, 0x0, 0x0, 0x0, 0x0,
    0x0, 0x4, 0x15, 0xdf, 0xf8, 0x0, 0x0, 0x0,
    0x0, 0x15, 0x9f, 0xcb, 0x3a, 0xf6, 0x40, 0x0,
    0x0, 0x8c, 0xa6, 0x36, 0x97, 0x39, 0xfa, 0xaa,
    0x0, 0x0, 0x0, 0x0, 0x0, 0x99, 0xbf, 0xef,
    0x3f, 0x80, 0x0, 0x0, 0x0, 0x0, 0xc, 0xd9,
    0xff, 0x1d, 0xf3, 0x0, 0x0, 0x0, 0x0, 0x0,
    0x9, 0xfe, 0xa, 0xfd, 0x0, 0x0, 0x0, 0x0,
    0x0, 0x5, 0x85, 0x7, 0xff, 0xb0, 0x0, 0x0,
    0x0, 0x0, 0x7, 0xef, 0x53, 0xff, 0xf6, 0x0,
    0x0, 0x0, 0x0, 0x6, 0xfe, 0x80, 0xa8, 0x10,
    0x0, 0x0, 0x0, 0x0, 0x0, 0x0, 0x0, 0x0,
    0x0,

    /* U+F1A9 "" */
    0x0, 0x0, 0x7, 0x10, 0x0, 0x0, 0x0, 0x0,
    0x3f, 0xd2, 0x0, 0x0, 0x0, 0x9, 0xff, 0xff,
    0xa1, 0x0, 0x1, 0xdf, 0xff, 0xff, 0xfe, 0x20,
    0xd, 0xff, 0xff, 0xff, 0xff, 0xd0, 0x6f, 0xff,
    0xff, 0xff, 0xff, 0xf6, 0xcf, 0xff, 0xff, 0xff,
    0xff, 0xfc, 0xff, 0xff, 0xff, 0xff, 0xff, 0xff,
    0xff, 0xf9, 0x24, 0xbf, 0xfe, 0x7c, 0xcf, 0xc0,
    0x0, 0x5, 0x81, 0x4, 0x7f, 0xa0, 0x0, 0x1a,
    0xb1, 0x2, 0xd, 0xf7, 0x49, 0xd9, 0xad, 0x50,
    0x1, 0xcf, 0xfc, 0xde, 0xbd, 0x20, 0x0, 0x6,
    0xce, 0xa8, 0x60, 0x0,

    /* U+F1AA "" */
    0x5e, 0xd2, 0x0, 0x0, 0x0, 0x2d, 0xe5, 0xef,
    0xfc, 0x74, 0x0, 0x57, 0xcf, 0xfe, 0xdf, 0xff,
    0xff, 0x8c, 0xff, 0xff, 0xfc, 0x2d, 0xfd, 0x8b,
    0xdf, 0xd7, 0xef, 0xc2, 0xa, 0xf5, 0x1d, 0xfd,
    0x90, 0x8f, 0x60, 0x8, 0xfb, 0xbf, 0xcb, 0xfb,
    0xcf, 0x40, 0x1, 0xef, 0xca, 0x2, 0xef, 0xda,
    0x0, 0x0, 0xae, 0xfb, 0x1, 0xae, 0xfa, 0x0,
    0x7, 0xfa, 0xef, 0x9d, 0xfa, 0xef, 0x40, 0xa,
    0xf5, 0x2b, 0xdf, 0xc1, 0x8f, 0x70, 0x2d, 0xfc,
    0x5d, 0xfd, 0x96, 0xef, 0xc2, 0xdf, 0xff, 0xff,
    0xcb, 0xff, 0xff, 0xfd, 0xef, 0xfc, 0x97, 0x1,
    0x79, 0xcf, 0xfe, 0x5e, 0xd2, 0x0, 0x0, 0x0,
    0x2d, 0xe5,

    /* U+F1AB "" */
    0xdf, 0xff, 0xff, 0xff, 0xf8, 0xbf, 0xff, 0xff,
    0xff, 0xfd, 0xff, 0xff, 0xff, 0xff, 0xf8, 0xbf,
    0xff, 0xff, 0xff, 0xff, 0xff, 0xf8, 0x8, 0xff,
    0xf8, 0xbf, 0xee, 0x90, 0xce, 0xff, 0xff, 0xf3,
    0x13, 0xff, 0xf8, 0xbf, 0x40, 0x0, 0x0, 0x8f,
    0xff, 0xd0, 0x90, 0xdf, 0xf8, 0xbf, 0xed, 0xad,
    0x25, 0xff, 0xff, 0x80, 0x80, 0x8f, 0xf8, 0xbf,
    0xfc, 0x3, 0x1e, 0xff, 0xff, 0x21, 0x41, 0x2f,
    0xf8, 0xbf, 0xfd, 0x10, 0x3f, 0xff, 0xfe, 0xa,
    0xfa, 0xe, 0xf8, 0xbf, 0xf8, 0x4a, 0x2b, 0xff,
    0xff, 0xff, 0xff, 0xff, 0xf8, 0xbf, 0xff, 0xff,
    0xff, 0xff, 0xdf, 0xff, 0xff, 0xff, 0xf8, 0xbf,
    0xff, 0xff, 0xff, 0xfd,

    /* U+F1AC "" */
    0x0, 0x0, 0xcf, 0xff, 0xff, 0xff, 0xf7, 0x0,
    0x0, 0x0, 0xfc, 0x88, 0x88, 0x88, 0xff, 0x70,
    0x0, 0x0, 0xf8, 0x0, 0x0, 0x0, 0xef, 0xf0,
    0x0, 0x0, 0xf8, 0x0, 0x0, 0x0, 0x8, 0xf0,
    0xcf, 0xc0, 0xf8, 0x0, 0x0, 0x0, 0x8, 0xf0,
    0xff, 0xf0, 0xf8, 0x0, 0x0, 0x0, 0x8, 0xfc,
    0xff, 0xf0, 0xff, 0xff, 0xff, 0xff, 0xff, 0xff,
    0xff, 0xf0, 0xff, 0xff, 0xff, 0xff, 0xff, 0xff,
    0xff, 0xf0, 0xff, 0xf1, 0x1f, 0xf1, 0x1f, 0xff,
    0xff, 0xf0, 0xff, 0xf1, 0x1f, 0xf1, 0x1f, 0xff,
    0xff, 0xf0, 0xff, 0xff, 0xff, 0xff, 0xff, 0xff,
    0xff, 0xf0, 0xff, 0xff, 0xff, 0xff, 0xff, 0xff,
    0xff, 0xf0, 0xff, 0xf1, 0x1f, 0xf1, 0x1f, 0xff,
    0xff, 0xf0, 0xff, 0xf1, 0x1f, 0xf1, 0x1f, 0xff,
    0xff, 0xf0, 0xff, 0xff, 0xff, 0xff, 0xff, 0xff,
    0xcf, 0xc0, 0xcf, 0xff, 0xff, 0xff, 0xff, 0xfc,

    /* U+F1AD "" */
    0xd, 0xff, 0xff, 0xff, 0xff, 0xff, 0xd0, 0xf,
    0xff, 0xff, 0xff, 0xff, 0xff, 0xf0, 0xf, 0xff,
    0x0, 0xff, 0x0, 0xff, 0xf0, 0xf, 0xff, 0x0,
    0xff, 0x0, 0xff, 0xf0, 0xf, 0xff, 0xff, 0xff,
    0xff, 0xff, 0xf0, 0xf, 0xff, 0x0, 0xff, 0x0,
    0xff, 0xf0, 0xf, 0xff, 0x0, 0xff, 0x0, 0xff,
    0xf0, 0xf, 0xff, 0xff, 0xff, 0xff, 0xff, 0xf0,
    0xf, 0xff, 0x0, 0xff, 0x0, 0xff, 0xf0, 0xf,
    0xff, 0x0, 0xff, 0x0, 0xff, 0xf0, 0xf, 0xff,
    0xff, 0xff, 0xff, 0xff, 0xf0, 0xf, 0xff, 0xff,
    0xff, 0xff, 0xff, 0xf0, 0xf, 0xff, 0xff, 0x0,
    0xff, 0xff, 0xf0, 0xf, 0xff, 0xff, 0x0, 0xff,
    0xff, 0xf0, 0xf, 0xff, 0xff, 0x0, 0xff, 0xff,
    0xf0, 0xff, 0xff, 0xff, 0xff, 0xff, 0xff, 0xff,

    /* U+F1AE "" */
    0x0, 0x0, 0x7e, 0xd4, 0x0, 0x0, 0x0, 0x3,
    0xff, 0xfe, 0x0, 0x0, 0xcc, 0x5, 0xff, 0xff,
    0x11, 0xdc, 0xdf, 0xc1, 0xef, 0xfb, 0x2e, 0xfc,
    0x1d, 0xfb, 0x16, 0x52, 0xef, 0xc1, 0x2, 0xef,
    0xff, 0xff, 0xfc, 0x10, 0x0, 0x2f, 0xff, 0xff,
    0xd0, 0x0, 0x0, 0xe, 0xff, 0xff, 0xa0, 0x0,
    0x0, 0xe, 0xff, 0xff, 0xa0, 0x0, 0x0, 0xe,
    0xff, 0xff, 0xa0, 0x0, 0x0, 0xe, 0xff, 0xff,
    0xa0, 0x0, 0x0, 0xe, 0xfc, 0xff, 0xa0, 0x0,
    0x0, 0xe, 0xf9, 0xef, 0xa0, 0x0, 0x0, 0xe,
    0xf9, 0xef, 0xa0, 0x0, 0x0, 0xe, 0xf9, 0xef,
    0xa0, 0x0, 0x0, 0xa, 0xf5, 0xaf, 0x60, 0x0,

    /* U+F1B0 "" */
    0x0, 0x0, 0x0, 0x0, 0x0, 0x0, 0x0, 0x0,
    0x0, 0x0, 0x0, 0x1d, 0xe3, 0x0, 0x3d, 0xd1,
    0x0, 0x0, 0x0, 0x0, 0x6f, 0xfd, 0x0, 0xef,
    0xf6, 0x0, 0x0, 0x0, 0x0, 0x7f, 0xff, 0x23,
    0xff, 0xf6, 0x0, 0x0, 0x0, 0x0, 0x2f, 0xff,
    0x22, 0xff, 0xf2, 0x0, 0x0, 0x8, 0xf9, 0x6,
    0xea, 0x0, 0xae, 0x60, 0x9f, 0x80, 0xf, 0xff,
    0x50, 0x0, 0x0, 0x0, 0x5, 0xff, 0xf0, 0xd,
    0xff, 0x70, 0x19, 0xee, 0x91, 0x7, 0xff, 0xd0,
    0x3, 0xdd, 0x13, 0xef, 0xff, 0xfe, 0x31, 0xdd,
    0x30, 0x0, 0x0, 0x3f, 0xff, 0xff, 0xff, 0xf3,
    0x0, 0x0, 0x0, 0x0, 0xef, 0xff, 0xff, 0xff,
    0xfe, 0x0, 0x0, 0x0, 0x8, 0xff, 0xff, 0xff,
    0xff, 0xff, 0x80, 0x0, 0x0, 0xd, 0xff, 0xff,
    0xff, 0xff, 0xff, 0xd0, 0x0, 0x0, 0xe, 0xff,
    0xff, 0xff, 0xff, 0xff, 0xe0, 0x0, 0x0, 0x5,
    0xef, 0xc8, 0x44, 0x8c, 0xfe, 0x50, 0x0,

    /* U+F1B2 "" */
    0x0, 0x0, 0x1, 0x7c, 0xc7, 0x10, 0x0, 0x0,
    0x0, 0x5, 0xbf, 0xff, 0xff, 0xfb, 0x50, 0x0,
    0x19, 0xef, 0xff, 0xb5, 0x5b, 0xff, 0xfe, 0x91,
    0xdf, 0xfd, 0x71, 0x0, 0x0, 0x17, 0xdf, 0xfd,
    0xff, 0x80, 0x0, 0x0, 0x0, 0x0, 0x8, 0xff,
    0xff, 0xfe, 0x82, 0x0, 0x0, 0x28, 0xef, 0xff,
    0xff, 0xff, 0xff, 0xb5, 0x5b, 0xff, 0xfc, 0xff,
    0xff, 0xff, 0xff, 0xff, 0xff, 0xf9, 0x20, 0xff,
    0xff, 0xff, 0xff, 0xff, 0xf6, 0x0, 0x0, 0xff,
    0xff, 0xff, 0xff, 0xff, 0xf0, 0x0, 0x0, 0xff,
    0xff, 0xff, 0xff, 0xff, 0xf0, 0x0, 0x0, 0xff,
    0xef, 0xff, 0xff, 0xff, 0xf0, 0x0, 0x7e, 0xfe,
    0x2c, 0xff, 0xff, 0xff, 0xf0, 0x7e, 0xff, 0xb2,
    0x0, 0x4c, 0xff, 0xff, 0xff, 0xff, 0xb3, 0x0,
    0x0, 0x0, 0x4c, 0xff, 0xff, 0xb3, 0x0, 0x0,
    0x0, 0x0, 0x0, 0x4b, 0xa3, 0x0, 0x0, 0x0,

    /* U+F1B3 "" */
    0x0, 0x0, 0x0, 0x0, 0x0, 0x0, 0x0, 0x0,
    0x0, 0x0, 0x2, 0x8e, 0xd7, 0x10, 0x0, 0x0,
    0x0, 0x0, 0xbe, 0x83, 0x5b, 0xf9, 0x0, 0x0,
    0x0, 0x3, 0xe5, 0x0, 0x2, 0x9f, 0x0, 0x0,
    0x0, 0x4, 0xff, 0xe9, 0xbf, 0xaf, 0x0, 0x0,
    0x0, 0x4, 0xff, 0xff, 0x91, 0xf, 0x0, 0x0,
    0x0, 0x6, 0xff, 0xff, 0x50, 0x1f, 0x20, 0x0,
    0x17, 0xde, 0xbf, 0xff, 0x9b, 0xfb, 0xfc, 0x71,
    0xdb, 0x40, 0x1, 0x7e, 0xd6, 0x0, 0x6, 0xdd,
    0xfe, 0x92, 0x5, 0xcf, 0xfa, 0x40, 0x3a, 0xff,
    0xff, 0xff, 0xfd, 0x5c, 0xff, 0xff, 0xf9, 0x4f,
    0xff, 0xff, 0xd0, 0xc, 0xff, 0xff, 0x20, 0x1f,
    0xef, 0xff, 0xc0, 0x4e, 0xff, 0xff, 0x10, 0x7e,
    0x3c, 0xff, 0xdb, 0xe6, 0x9f, 0xff, 0x9e, 0xb3,
    0x0, 0x4c, 0xe6, 0x0, 0x1, 0x9e, 0xb3, 0x0,
    0x0, 0x0, 0x0, 0x0, 0x0, 0x0, 0x0, 0x0,

    /* U+F1B4 "" */
    0xaa, 0xaa, 0xa9, 0x72, 0x0, 0x0, 0x0, 0x0,
    0x0, 0xff, 0xff, 0xff, 0xff, 0x30, 0x4, 0xff,
    0xff, 0x40, 0xff, 0x94, 0x46, 0xff, 0xa0, 0x0,
    0x0, 0x0, 0x0, 0xff, 0x70, 0x0, 0xaf, 0xb0,
    0x0, 0x7b, 0xc8, 0x10, 0xff, 0x82, 0x24, 0xef,
    0x50, 0x1d, 0xff, 0xef, 0xd1, 0xff, 0xff, 0xff,
    0xfb, 0x0, 0x9f, 0xa0, 0xa, 0xf9, 0xff, 0xb8,
    0x89, 0xef, 0xc0, 0xef, 0x96, 0x69, 0xfe, 0xff,
    0x70, 0x0, 0x4f, 0xf3, 0xff, 0xff, 0xff, 0xfe,
    0xff, 0x70, 0x0, 0x3f, 0xf4, 0xef, 0x40, 0x0,
    0x10, 0xff, 0xa7, 0x77, 0xdf, 0xf1, 0x8f, 0xc2,
    0x19, 0xf9, 0xff, 0xff, 0xff, 0xfe, 0x50, 0xc,
    0xff, 0xff, 0xd1, 0x77, 0x77, 0x76, 0x40, 0x0,
    0x0, 0x59, 0x96, 0x0,

    /* U+F1B5 "" */
    0x8f, 0xff, 0xff, 0xff, 0xff, 0xff, 0xf8, 0xff,
    0xff, 0xff, 0xff, 0xff, 0xff, 0xff, 0xff, 0xff,
    0xff, 0xff, 0xff, 0xff, 0xff, 0xff, 0xff, 0xff,
    0xff, 0xff, 0xff, 0xff, 0xff, 0x20, 0x10, 0x8f,
    0xb6, 0x7f, 0xff, 0xff, 0x27, 0xf9, 0x2f, 0xc7,
    0x9f, 0xff, 0xff, 0x22, 0x41, 0x8d, 0x19, 0x37,
    0xff, 0xff, 0x24, 0xa6, 0x8, 0x4, 0x22, 0xff,
    0xff, 0x26, 0xfa, 0x9, 0x2f, 0xca, 0xff, 0xff,
    0x20, 0x1, 0x8f, 0x61, 0x2c, 0xff, 0xff, 0xff,
    0xff, 0xff, 0xff, 0xff, 0xff, 0xff, 0xff, 0xff,
    0xff, 0xff, 0xff, 0xff, 0xff, 0xff, 0xff, 0xff,
    0xff, 0xff, 0xff, 0x8f, 0xff, 0xff, 0xff, 0xff,
    0xff, 0xf8,

    /* U+F1B6 "" */
    0x0, 0x0, 0x16, 0x9b, 0xb9, 0x40, 0x0, 0x0,
    0x0, 0x7, 0xff, 0xff, 0xff, 0xfd, 0x30, 0x0,
    0x0, 0xaf, 0xff, 0xff, 0xff, 0xff, 0xf6, 0x0,
    0x8, 0xff, 0xff, 0xff, 0xc4, 0x25, 0xdf, 0x40,
    0x2f, 0xff, 0xff, 0xfd, 0x18, 0x77, 0x2f, 0xd0,
    0x9f, 0xff, 0xff, 0xf7, 0x70, 0x2, 0x5a, 0xf4,
    0xdf, 0xff, 0xff, 0xf1, 0x70, 0x2, 0x5a, 0xf8,
    0x9f, 0xff, 0xff, 0x50, 0x18, 0x77, 0x2f, 0xfa,
    0x0, 0x6d, 0xe9, 0x0, 0x0, 0x14, 0xdf, 0xfa,
    0x0, 0x0, 0x5, 0x40, 0x7, 0xff, 0xff, 0xf8,
    0x65, 0x0, 0x0, 0x82, 0xcf, 0xff, 0xff, 0xf4,
    0x2f, 0xe4, 0x20, 0x98, 0xff, 0xff, 0xff, 0xd0,
    0x8, 0xfd, 0x67, 0x6f, 0xff, 0xff, 0xff, 0x30,
    0x0, 0xaf, 0xff, 0xff, 0xff, 0xff, 0xf6, 0x0,
    0x0, 0x7, 0xff, 0xff, 0xff, 0xfd, 0x30, 0x0,
    0x0, 0x0, 0x6, 0xab, 0xb9, 0x40, 0x0, 0x0,

    /* U+F1B7 "" */
    0x8f, 0xff, 0xff, 0xff, 0xff, 0xff, 0xf8, 0xff,
    0xff, 0xff, 0xff, 0xff, 0xff, 0xff, 0xff, 0xff,
    0xff, 0xff, 0x97, 0xbf, 0xff, 0xff, 0xff, 0xff,
    0xf4, 0x67, 0x27, 0xff, 0xff, 0xff, 0xff, 0xc5,
    0x20, 0x80, 0xff, 0xff, 0xff, 0xff, 0x66, 0x0,
    0x70, 0xff, 0xbf, 0xff, 0xfb, 0x0, 0x87, 0x45,
    0xff, 0x2, 0x8e, 0xb1, 0x0, 0x2, 0x7f, 0xff,
    0x0, 0x0, 0x27, 0x0, 0x9f, 0xff, 0xff, 0xd6,
    0x0, 0x3, 0x5d, 0xff, 0xff, 0xff, 0xff, 0xe2,
    0x38, 0x7f, 0xff, 0xff, 0xff, 0xff, 0xfb, 0x77,
    0xef, 0xff, 0xff, 0xff, 0xff, 0xff, 0xff, 0xff,
    0xff, 0xff, 0xff, 0x8f, 0xff, 0xff, 0xff, 0xff,
    0xff, 0xf8,

    /* U+F1B8 "" */
    0x0, 0x0, 0x0, 0x9, 0xee, 0x90, 0x0, 0x0,
    0x0, 0x0, 0x0, 0x9, 0xff, 0xff, 0x90, 0x0,
    0x0, 0x0, 0x0, 0x1, 0xff, 0x33, 0xff, 0x30,
    0x40, 0x0, 0x0, 0x0, 0x2, 0x50, 0x8, 0xfd,
    0xec, 0x0, 0x0, 0x3, 0x68, 0x0, 0x0, 0x2f,
    0xff, 0x80, 0x0, 0x4f, 0xff, 0xf2, 0x0, 0x3f,
    0xff, 0xf5, 0x0, 0x0, 0x8f, 0xff, 0x60, 0x0,
    0x59, 0xdf, 0x10, 0x0, 0x5, 0xff, 0xf9, 0x0,
    0x0, 0x0, 0x0, 0x0, 0x0, 0xef, 0x66, 0x80,
    0x0, 0x0, 0x0, 0xae, 0x10, 0x8f, 0xc0, 0x0,
    0x0, 0x0, 0x0, 0xb, 0xf9, 0xe, 0xf2, 0x0,
    0x0, 0x3, 0xe0, 0x0, 0x2f, 0xe0, 0xef, 0x30,
    0x0, 0x3, 0xff, 0x0, 0x3, 0xfe, 0x8, 0xff,
    0xff, 0x3, 0xff, 0xff, 0xff, 0xff, 0x80, 0x8,
    0xef, 0xf0, 0x3f, 0xff, 0xff, 0xfe, 0x80, 0x0,
    0x0, 0x0, 0x0, 0x3f, 0xf0, 0x0, 0x0, 0x0,
    0x0, 0x0, 0x0, 0x0, 0x3e, 0x0, 0x0, 0x0,
    0x0, 0x0, 0x0, 0x0, 0x0, 0x0, 0x0, 0x0,
    0x0,

    /* U+F1B9 "" */
    0x0, 0x0, 0x1a, 0xef, 0xff, 0xfe, 0x91, 0x0,
    0x0, 0x0, 0x0, 0xcf, 0xff, 0xff, 0xff, 0xfc,
    0x0, 0x0, 0x0, 0x5, 0xfc, 0x10, 0x0, 0x3,
    0xff, 0x50, 0x0, 0x7, 0x8d, 0xf3, 0x0, 0x0,
    0x0, 0x9f, 0xd8, 0x70, 0xd, 0xff, 0xf8, 0x88,
    0x88, 0x88, 0xaf, 0xff, 0xd0, 0x3, 0xff, 0xff,
    0xff, 0xff, 0xff, 0xff, 0xff, 0x30, 0x7, 0xf3,
    0x4f, 0xff, 0xff, 0xff, 0xd2, 0x3f, 0x70, 0x8,
    0xf3, 0xc, 0xff, 0xff, 0xff, 0x60, 0x3f, 0x80,
    0x6, 0xff, 0xff, 0xff, 0xff, 0xff, 0xff, 0xff,
    0x60, 0x0, 0xff, 0xff, 0xff, 0xff, 0xff, 0xff,
    0xff, 0x0, 0x0, 0xff, 0xd0, 0x0, 0x0, 0x0,
    0x2f, 0xff, 0x0, 0x0, 0xcf, 0x90, 0x0, 0x0,
    0x0, 0xd, 0xfc, 0x0,

    /* U+F1BA "" */
    0x0, 0x0, 0xc, 0xff, 0xff, 0xc0, 0x0, 0x0,
    0x0, 0x0, 0xf, 0xff, 0xff, 0xf0, 0x0, 0x0,
    0x0, 0xa, 0xff, 0xff, 0xff, 0xff, 0xa0, 0x0,
    0x0, 0x9f, 0xff, 0xff, 0xff, 0xff, 0xf9, 0x0,
    0x0, 0xef, 0x30, 0x0, 0x0, 0x3, 0xfe, 0x0,
    0x2, 0xfe, 0x0, 0x0, 0x0, 0x0, 0xef, 0x20,
    0x9, 0xfd, 0x88, 0x88, 0x88, 0x88, 0xdf, 0x90,
    0xbf, 0xff, 0xff, 0xff, 0xff, 0xff, 0xff, 0xfb,
    0xff, 0x33, 0xff, 0xff, 0xff, 0xff, 0x33, 0xff,
    0xff, 0x33, 0xff, 0xff, 0xff, 0xff, 0x33, 0xff,
    0xef, 0xff, 0xff, 0xff, 0xff, 0xff, 0xff, 0xfd,
    0x4f, 0xff, 0xff, 0xff, 0xff, 0xff, 0xff, 0xf4,
    0xf, 0xff, 0x0, 0x0, 0x0, 0x0, 0xff, 0xf0,
    0xc, 0xfc, 0x0, 0x0, 0x0, 0x0, 0xcf, 0xc0,

    /* U+F1BB "" */
    0x0, 0x0, 0x0, 0xaa, 0x0, 0x0, 0x0, 0x0,
    0x0, 0xa, 0xff, 0xa0, 0x0, 0x0, 0x0, 0x0,
    0x9f, 0xff, 0xf9, 0x0, 0x0, 0x0, 0x8, 0xff,
    0xff, 0xff, 0x80, 0x0, 0x0, 0xd, 0xff, 0xff,
    0xff, 0xd0, 0x0, 0x0, 0x0, 0xcf, 0xff, 0xfc,
    0x0, 0x0, 0x0, 0xa, 0xff, 0xff, 0xff, 0xa0,
    0x0, 0x0, 0x8f, 0xff, 0xff, 0xff, 0xf8, 0x0,
    0x0, 0xdf, 0xff, 0xff, 0xff, 0xfd, 0x0, 0x0,
    0xb, 0xff, 0xff, 0xff, 0xb0, 0x0, 0x0, 0xaf,
    0xff, 0xff, 0xff, 0xfa, 0x0, 0x8, 0xff, 0xff,
    0xff, 0xff, 0xff, 0x80, 0xd, 0xff, 0xff, 0xff,
    0xff, 0xff, 0xd0, 0x0, 0x0, 0x0, 0xff, 0x0,
    0x0, 0x0, 0x0, 0x0, 0x7, 0xff, 0x70, 0x0,
    0x0, 0x0, 0x0, 0xd, 0xff, 0xd0, 0x0, 0x0,

    /* U+F1BC "" */
    0x0, 0x0, 0x28, 0xbd, 0xc9, 0x40, 0x0, 0x0,
    0x0, 0x9, 0xff, 0xff, 0xff, 0xfc, 0x20, 0x0,
    0x0, 0xcf, 0xff, 0xff, 0xff, 0xff, 0xe2, 0x0,
    0x9, 0xff, 0xff, 0xff, 0xff, 0xff, 0xfd, 0x0,
    0x3f, 0xe8, 0x53, 0x33, 0x47, 0xbf, 0xff, 0x70,
    0x9f, 0x80, 0x14, 0x43, 0x20, 0x1, 0x8f, 0xe0,
    0xdf, 0xfe, 0xfe, 0xee, 0xff, 0xb4, 0xd, 0xf2,
    0xff, 0xf4, 0x0, 0x0, 0x15, 0xaf, 0xff, 0xf4,
    0xff, 0xf7, 0x9b, 0xcb, 0x84, 0x3, 0xff, 0xf4,
    0xdf, 0xff, 0xca, 0xaa, 0xdf, 0xd7, 0xff, 0xf2,
    0x9f, 0xf6, 0x35, 0x65, 0x21, 0x9f, 0xff, 0xe0,
    0x3f, 0xff, 0xff, 0xff, 0xfc, 0x5e, 0xff, 0x70,
    0x9, 0xff, 0xff, 0xff, 0xff, 0xff, 0xfd, 0x0,
    0x0, 0xcf, 0xff, 0xff, 0xff, 0xff, 0xe2, 0x0,
    0x0, 0x9, 0xff, 0xff, 0xff, 0xfc, 0x20, 0x0,
    0x0, 0x0, 0x28, 0xcd, 0xc9, 0x40, 0x0, 0x0,

    /* U+F1BD "" */
    0x0, 0x0, 0x0, 0x5d, 0xdd, 0x0, 0x0, 0x0,
    0xef, 0xff, 0x0, 0x0, 0x8, 0xff, 0xff, 0xff,
    0xff, 0xff, 0xff, 0xfa, 0xff, 0xff, 0xff, 0xff,
    0xf2, 0xff, 0xff, 0xff, 0xff, 0x90, 0xff, 0xff,
    0xff, 0xff, 0x10, 0x0, 0x4f, 0xff, 0xf8, 0x0,
    0x0, 0xaf, 0xff, 0xf2, 0x0, 0x2, 0xff, 0xff,
    0xff, 0xff, 0xa, 0xff, 0xff, 0xff, 0xff, 0x2f,
    0xff, 0xff, 0xff, 0xff, 0xaf, 0xff, 0xff, 0xff,
    0xff, 0xff, 0xff, 0x60, 0x0, 0x0, 0xff, 0xfc,
    0x0, 0x0, 0x0, 0xdd, 0xd3, 0x0, 0x0, 0x0,

    /* U+F1BE "" */
    0x0, 0x0, 0x0, 0x0, 0x0, 0x3, 0x53, 0x0,
    0x0, 0x0, 0x0, 0x0, 0x0, 0x0, 0x3, 0xaf,
    0xff, 0xc2, 0x0, 0x0, 0x0, 0x0, 0x3, 0x54,
    0x4b, 0xcf, 0xff, 0xfd, 0x0, 0x0, 0x0, 0x0,
    0x59, 0x87, 0x9c, 0xdf, 0xff, 0xff, 0x60, 0x0,
    0x1, 0x1, 0xab, 0x98, 0xac, 0xdf, 0xff, 0xff,
    0xdb, 0x80, 0x28, 0x56, 0xcc, 0xa9, 0xbd, 0xdf,
    0xff, 0xff, 0xff, 0xfa, 0x8b, 0xa9, 0xdd, 0xca,
    0xce, 0xef, 0xff, 0xff, 0xff, 0xff, 0x6a, 0x98,
    0xcb, 0xb9, 0xbd, 0xdf, 0xff, 0xff, 0xff, 0xfd,
    0x5, 0x55, 0x98, 0x87, 0x9a, 0xcf, 0xff, 0xff,
    0xff, 0xe3, 0x0, 0x0, 0x0, 0x0, 0x0, 0x2,
    0x22, 0x22, 0x21, 0x0,

    /* U+F1C0 "" */
    0x1, 0x6a, 0xde, 0xff, 0xed, 0xa7, 0x10, 0x8f,
    0xff, 0xff, 0xff, 0xff, 0xff, 0xf7, 0xff, 0xff,
    0xff, 0xff, 0xff, 0xff, 0xff, 0xff, 0xff, 0xff,
    0xff, 0xff, 0xff, 0xff, 0x7f, 0xff, 0xff, 0xff,
    0xff, 0xff, 0xf8, 0x31, 0x7a, 0xde, 0xff, 0xed,
    0xa6, 0x13, 0xfc, 0x74, 0x10, 0x0, 0x1, 0x47,
    0xcf, 0xff, 0xff, 0xff, 0xff, 0xff, 0xff, 0xff,
    0xff, 0xff, 0xff, 0xff, 0xff, 0xff, 0xff, 0x8f,
    0xff, 0xff, 0xff, 0xff, 0xff, 0xf8, 0x31, 0x6a,
    0xde, 0xff, 0xed, 0xa6, 0x13, 0xfc, 0x74, 0x10,
    0x0, 0x1, 0x47, 0xcf, 0xff, 0xff, 0xff, 0xff,
    0xff, 0xff, 0xff, 0xff, 0xff, 0xff, 0xff, 0xff,
    0xff, 0xff, 0x8f, 0xff, 0xff, 0xff, 0xff, 0xff,
    0xf8, 0x1, 0x6a, 0xde, 0xff, 0xed, 0xa6, 0x10,

    /* U+F1C1 "" */
    0xdf, 0xff, 0xff, 0xf0, 0xd1, 0x0, 0xff, 0xff,
    0xff, 0xf0, 0xfd, 0x10, 0xff, 0xff, 0xff, 0xf0,
    0xff, 0xd1, 0xff, 0xff, 0xff, 0xf0, 0xff, 0xfd,
    0xff, 0xff, 0xff, 0xf2, 0x0, 0x0, 0xff, 0xff,
    0xff, 0xff, 0xff, 0xff, 0xff, 0xff, 0xe2, 0xbf,
    0xff, 0xff, 0xff, 0xff, 0xd2, 0xaf, 0xff, 0xff,
    0xff, 0xff, 0xf0, 0xcf, 0xff, 0xff, 0xff, 0xff,
    0xd2, 0x5f, 0xff, 0xff, 0xff, 0xff, 0x6c, 0x54,
    0x57, 0xff, 0xff, 0xfb, 0x15, 0x78, 0x44, 0xff,
    0xff, 0x81, 0x8f, 0xff, 0xff, 0xff, 0xff, 0x36,
    0xff, 0xff, 0xff, 0xff, 0xff, 0xff, 0xff, 0xff,
    0xff, 0xff, 0xdf, 0xff, 0xff, 0xff, 0xff, 0xfd,

    /* U+F1C2 "" */
    0xdf, 0xff, 0xff, 0xf0, 0xd1, 0x0, 0xff, 0xff,
    0xff, 0xf0, 0xfd, 0x10, 0xff, 0xff, 0xff, 0xf0,
    0xff, 0xd1, 0xff, 0xff, 0xff, 0xf0, 0xff, 0xfd,
    0xff, 0xff, 0xff, 0xf2, 0x0, 0x0, 0xff, 0xff,
    0xff, 0xff, 0xff, 0xff, 0xff, 0xff, 0xff, 0xff,
    0xff, 0xff, 0xff, 0xff, 0xff, 0xff, 0xff, 0xff,
    0xff, 0x35, 0xf2, 0x2f, 0x62, 0xff, 0xff, 0x52,
    0xe0, 0xe, 0x35, 0xff, 0xff, 0x90, 0x91, 0xa,
    0x8, 0xff, 0xff, 0xc0, 0x34, 0x44, 0xc, 0xff,
    0xff, 0xf0, 0x8, 0x70, 0xf, 0xff, 0xff, 0xf4,
    0xc, 0xb0, 0x4f, 0xff, 0xff, 0xff, 0xff, 0xff,
    0xff, 0xff, 0xdf, 0xff, 0xff, 0xff, 0xff, 0xfd,

    /* U+F1C3 "" */
    0xdf, 0xff, 0xff, 0xf0, 0xd1, 0x0, 0xff, 0xff,
    0xff, 0xf0, 0xfd, 0x10, 0xff, 0xff, 0xff, 0xf0,
    0xff, 0xd1, 0xff, 0xff, 0xff, 0xf0, 0xff, 0xfd,
    0xff, 0xff, 0xff, 0xf2, 0x0, 0x0, 0xff, 0xff,
    0xff, 0xff, 0xff, 0xff, 0xff, 0xff, 0xff, 0xff,
    0xff, 0xff, 0xff, 0xf3, 0x1e, 0xe1, 0x3f, 0xff,
    0xff, 0xfb, 0x7, 0x70, 0xbf, 0xff, 0xff, 0xff,
    0x50, 0x5, 0xff, 0xff, 0xff, 0xff, 0xd0, 0xd,
    0xff, 0xff, 0xff, 0xff, 0x50, 0x5, 0xff, 0xff,
    0xff, 0xfb, 0x6, 0x70, 0xbf, 0xff, 0xff, 0xf3,
    0x1e, 0xe1, 0x3f, 0xff, 0xff, 0xff, 0xff, 0xff,
    0xff, 0xff, 0xdf, 0xff, 0xff, 0xff, 0xff, 0xfd,

    /* U+F1C4 "" */
    0xdf, 0xff, 0xff, 0xf0, 0xd1, 0x0, 0xff, 0xff,
    0xff, 0xf0, 0xfd, 0x10, 0xff, 0xff, 0xff, 0xf0,
    0xff, 0xd1, 0xff, 0xff, 0xff, 0xf0, 0xff, 0xfd,
    0xff, 0xff, 0xff, 0xf2, 0x0, 0x0, 0xff, 0xff,
    0xff, 0xff, 0xff, 0xff, 0xff, 0xff, 0xff, 0xff,
    0xff, 0xff, 0xff, 0xf8, 0x0, 0x5, 0xff, 0xff,
    0xff, 0xf7, 0x9, 0x80, 0x8f, 0xff, 0xff, 0xf7,
    0xc, 0xc0, 0x6f, 0xff, 0xff, 0xf7, 0x1, 0x0,
    0x9f, 0xff, 0xff, 0xf7, 0x1, 0x37, 0xff, 0xff,
    0xff, 0xf7, 0xc, 0xff, 0xff, 0xff, 0xff, 0xf8,
    0xd, 0xff, 0xff, 0xff, 0xff, 0xff, 0xff, 0xff,
    0xff, 0xff, 0xdf, 0xff, 0xff, 0xff, 0xff, 0xfd,

    /* U+F1C5 "" */
    0xdf, 0xff, 0xff, 0xf0, 0xd1, 0x0, 0xff, 0xff,
    0xff, 0xf0, 0xfd, 0x10, 0xff, 0xff, 0xff, 0xf0,
    0xff, 0xd1, 0xff, 0xff, 0xff, 0xf0, 0xff, 0xfd,
    0xff, 0xff, 0xff, 0xf2, 0x0, 0x0, 0xff, 0xd8,
    0xdf, 0xff, 0xff, 0xff, 0xff, 0x20, 0x1f, 0xff,
    0xff, 0xff, 0xff, 0x20, 0x1f, 0xff, 0xff, 0xff,
    0xff, 0xd8, 0xdf, 0xfe, 0x4d, 0xff, 0xff, 0xff,
    0xff, 0xe2, 0x1, 0xff, 0xff, 0xe4, 0xde, 0x20,
    0x0, 0xff, 0xff, 0x20, 0x12, 0x0, 0x0, 0xff,
    0xff, 0x0, 0x0, 0x0, 0x0, 0xff, 0xff, 0xff,
    0xff, 0xff, 0xff, 0xff, 0xff, 0xff, 0xff, 0xff,
    0xff, 0xff, 0xdf, 0xff, 0xff, 0xff, 0xff, 0xfd,

    /* U+F1C6 "" */
    0xdf, 0xff, 0xf, 0xf0, 0xd1, 0x0, 0xff, 0xf0,
    0xff, 0xf0, 0xfd, 0x10, 0xff, 0xff, 0xf, 0xf0,
    0xff, 0xd1, 0xff, 0xf0, 0xff, 0xf0, 0xff, 0xfd,
    0xff, 0xff, 0xf, 0xf2, 0x0, 0x0, 0xff, 0xf0,
    0xff, 0xff, 0xff, 0xff, 0xff, 0xff, 0xf, 0xff,
    0xff, 0xff, 0xff, 0xf0, 0xff, 0xff, 0xff, 0xff,
    0xff, 0xe0, 0xe, 0xff, 0xff, 0xff, 0xff, 0xb0,
    0xb, 0xff, 0xff, 0xff, 0xff, 0x84, 0x57, 0xff,
    0xff, 0xff, 0xff, 0x6e, 0xe6, 0xff, 0xff, 0xff,
    0xff, 0xd2, 0x2d, 0xff, 0xff, 0xff, 0xff, 0xff,
    0xff, 0xff, 0xff, 0xff, 0xff, 0xff, 0xff, 0xff,
    0xff, 0xff, 0xdf, 0xff, 0xff, 0xff, 0xff, 0xfd,

    /* U+F1C7 "" */
    0xdf, 0xff, 0xff, 0xf0, 0xd1, 0x0, 0xff, 0xff,
    0xff, 0xf0, 0xfd, 0x10, 0xff, 0xff, 0xff, 0xf0,
    0xff, 0xd1, 0xff, 0xff, 0xff, 0xf0, 0xff, 0xfd,
    0xff, 0xff, 0xff, 0xf2, 0x0, 0x0, 0xff, 0xff,
    0xff, 0xff, 0xff, 0xff, 0xff, 0xff, 0xff, 0xff,
    0xff, 0xff, 0xff, 0xff, 0xff, 0xfd, 0x5f, 0xff,
    0xff, 0xfe, 0x2f, 0xed, 0x7, 0xff, 0xff, 0x41,
    0xe, 0x6, 0x72, 0xff, 0xff, 0x0, 0xf, 0x21,
    0xa0, 0xff, 0xff, 0x41, 0xe, 0x4, 0x81, 0xff,
    0xff, 0xfd, 0x2f, 0xad, 0x15, 0xff, 0xff, 0xff,
    0xff, 0xfc, 0x1d, 0xff, 0xff, 0xff, 0xff, 0xff,
    0xff, 0xff, 0xdf, 0xff, 0xff, 0xff, 0xff, 0xfd,

    /* U+F1C8 "" */
    0xdf, 0xff, 0xff, 0xf0, 0xd1, 0x0, 0xff, 0xff,
    0xff, 0xf0, 0xfd, 0x10, 0xff, 0xff, 0xff, 0xf0,
    0xff, 0xd1, 0xff, 0xff, 0xff, 0xf0, 0xff, 0xfd,
    0xff, 0xff, 0xff, 0xf2, 0x0, 0x0, 0xff, 0xff,
    0xff, 0xff, 0xff, 0xff, 0xff, 0xff, 0xff, 0xff,
    0xff, 0xff, 0xff, 0xff, 0xff, 0xff, 0xff, 0xff,
    0xff, 0x20, 0x0, 0x2f, 0x72, 0xff, 0xff, 0x0,
    0x0, 0x7, 0x0, 0xff, 0xff, 0x0, 0x0, 0x0,
    0x0, 0xff, 0xff, 0x0, 0x0, 0x7, 0x0, 0xff,
    0xff, 0x20, 0x0, 0x2f, 0x72, 0xff, 0xff, 0xff,
    0xff, 0xff, 0xff, 0xff, 0xff, 0xff, 0xff, 0xff,
    0xff, 0xff, 0xdf, 0xff, 0xff, 0xff, 0xff, 0xfd,

    /* U+F1C9 "" */
    0xdf, 0xff, 0xff, 0xf0, 0xd1, 0x0, 0xff, 0xff,
    0xff, 0xf0, 0xfd, 0x10, 0xff, 0xff, 0xff, 0xf0,
    0xff, 0xd1, 0xff, 0xff, 0xff, 0xf0, 0xff, 0xfd,
    0xff, 0xff, 0xff, 0xf2, 0x0, 0x0, 0xff, 0xff,
    0xff, 0xff, 0xff, 0xff, 0xff, 0xff, 0xff, 0xff,
    0xff, 0xff, 0xff, 0xff, 0xff, 0x48, 0xff, 0xff,
    0xff, 0xfa, 0xef, 0xb, 0xaf, 0xff, 0xff, 0x80,
    0xba, 0xc, 0x7, 0xff, 0xfb, 0x8, 0xf6, 0x5f,
    0x90, 0xaf, 0xff, 0x80, 0xb1, 0x9c, 0x7, 0xff,
    0xff, 0xfa, 0xb0, 0xef, 0xaf, 0xff, 0xff, 0xff,
    0x93, 0xff, 0xff, 0xff, 0xff, 0xff, 0xff, 0xff,
    0xff, 0xff, 0xdf, 0xff, 0xff, 0xff, 0xff, 0xfd,

    /* U+F1CA "" */
    0x0, 0x0, 0x0, 0x7, 0xcc, 0x70, 0x0, 0x0,
    0x0, 0x8, 0xff, 0xff, 0x80, 0xbc, 0x40, 0x0,
    0xff, 0x69, 0xfd, 0xc, 0xf7, 0x0, 0x2f, 0xf0,
    0x3f, 0xe0, 0x9f, 0xa0, 0x2, 0xff, 0x5, 0xfd,
    0x6, 0xfe, 0x0, 0xe, 0xf5, 0x3c, 0x80, 0x1f,
    0xf2, 0x0, 0x7f, 0xe5, 0x0, 0x0, 0xdf, 0x80,
    0x0, 0xbf, 0xff, 0xf0, 0x7, 0xff, 0x10, 0x0,
    0xef, 0xda, 0x0, 0x1f, 0xf8, 0x0, 0x7f, 0xe0,
    0x0, 0x0, 0x7f, 0xf2, 0x3f, 0xf5, 0x0, 0x0,
    0x0, 0xdf, 0xde, 0xf9, 0x0, 0x0, 0x0, 0x2,
    0xff, 0xfb, 0x0, 0x0, 0x0, 0x0, 0x2, 0xb9,
    0x0, 0x0, 0x0, 0x0, 0x0, 0x0, 0x0, 0x0,
    0x0, 0x0,

    /* U+F1CB "" */
    0x0, 0x0, 0x0, 0x0, 0x0, 0x0, 0x0, 0x0,
    0x0, 0x0, 0x0, 0x4d, 0x90, 0x0, 0x0, 0x0,
    0x0, 0x0, 0x8, 0xff, 0xfe, 0x40, 0x0, 0x0,
    0x0, 0x3, 0xdf, 0x6e, 0x8a, 0xf9, 0x0, 0x0,
    0x0, 0x8f, 0xc2, 0xe, 0x70, 0x6f, 0xd3, 0x0,
    0x2c, 0xf7, 0x0, 0xe, 0x70, 0x2, 0xcf, 0x80,
    0xff, 0x40, 0x0, 0x6f, 0xc2, 0x0, 0xb, 0xf8,
    0xff, 0xe5, 0x1b, 0xf9, 0xdf, 0x61, 0xaf, 0xf9,
    0xf6, 0xaf, 0xfe, 0x40, 0x8, 0xff, 0xe5, 0xd9,
    0xf6, 0xaf, 0xfe, 0x40, 0x8, 0xff, 0xe5, 0xd9,
    0xff, 0xe5, 0x1b, 0xf9, 0xdf, 0x61, 0xaf, 0xf9,
    0xff, 0x40, 0x0, 0x6f, 0xc2, 0x0, 0xb, 0xf8,
    0x2c, 0xf7, 0x0, 0xe, 0x70, 0x2, 0xcf, 0x80,
    0x0, 0x8f, 0xc2, 0xe, 0x70, 0x6f, 0xd3, 0x0,
    0x0, 0x3, 0xdf, 0x6e, 0x8a, 0xf9, 0x0, 0x0,
    0x0, 0x0, 0x8, 0xff, 0xfe, 0x40, 0x0, 0x0,
    0x0, 0x0, 0x0, 0x4d, 0xa0, 0x0, 0x0, 0x0,
    0x0, 0x0, 0x0, 0x0, 0x0, 0x0, 0x0, 0x0,

    /* U+F1CC "" */
    0x0, 0x0, 0x0, 0x0, 0x0, 0x0, 0x0, 0x0,
    0x0, 0x0, 0x0, 0x0, 0x2, 0x88, 0x89, 0x81,
    0x0, 0x0, 0x0, 0x0, 0x0, 0x48, 0x0, 0x0,
    0x19, 0x20, 0x0, 0x0, 0x7, 0x87, 0x80, 0x0,
    0x0, 0x0, 0x90, 0x0, 0x0, 0x91, 0x3, 0x0,
    0x0, 0x0, 0x0, 0x26, 0x0, 0x3, 0x50, 0x0,
    0x0, 0x0, 0x0, 0x0, 0x8, 0x0, 0x6, 0x40,
    0x6, 0x87, 0x0, 0x48, 0x81, 0x9, 0x30, 0x37,
    0x0, 0x44, 0x3, 0x90, 0x50, 0x19, 0x0, 0x82,
    0x80, 0x0, 0x80, 0x0, 0x29, 0x0, 0x8, 0x0,
    0x8, 0x80, 0x0, 0x38, 0x5, 0x42, 0x91, 0x37,
    0x0, 0x8, 0x80, 0x0, 0x3, 0x74, 0x0, 0x17,
    0x50, 0x0, 0x8, 0x28, 0x0, 0x0, 0x0, 0x0,
    0x0, 0x0, 0x0, 0x82, 0x2, 0x98, 0x88, 0x88,
    0x88, 0x88, 0x88, 0x88, 0x30,

    /* U+F1CD "" */
    0x0, 0x0, 0x5, 0x9b, 0xb9, 0x50, 0x0, 0x0,
    0x0, 0x4, 0xdf, 0xff, 0xff, 0xfd, 0x40, 0x0,
    0x0, 0x6e, 0xef, 0xff, 0xff, 0xfe, 0xe6, 0x0,
    0x4, 0xe2, 0x2e, 0xff, 0xff, 0xe2, 0x2e, 0x40,
    0xd, 0xe2, 0x4, 0xff, 0xff, 0x40, 0x2e, 0xd0,
    0x5f, 0xfe, 0x4e, 0x71, 0x17, 0xe4, 0xef, 0xf5,
    0x9f, 0xff, 0xf7, 0x0, 0x0, 0x7f, 0xff, 0xf9,
    0xbf, 0xff, 0xf1, 0x0, 0x0, 0x1f, 0xff, 0xfb,
    0xbf, 0xff, 0xf1, 0x0, 0x0, 0x1f, 0xff, 0xfb,
    0x9f, 0xff, 0xf7, 0x0, 0x0, 0x7f, 0xff, 0xf9,
    0x5f, 0xfe, 0x4e, 0x71, 0x17, 0xe4, 0xef, 0xf5,
    0xe, 0xe2, 0x4, 0xff, 0xff, 0x40, 0x2e, 0xd0,
    0x4, 0xe2, 0x2e, 0xff, 0xff, 0xe2, 0x2e, 0x40,
    0x0, 0x6e, 0xef, 0xff, 0xff, 0xfe, 0xe6, 0x0,
    0x0, 0x4, 0xef, 0xff, 0xff, 0xfd, 0x40, 0x0,
    0x0, 0x0, 0x5, 0x9b, 0xb9, 0x50, 0x0, 0x0,

    /* U+F1CE "" */
    0x0, 0x0, 0x3, 0x40, 0x4, 0x30, 0x0, 0x0,
    0x0, 0x3, 0xcf, 0xf0, 0xf, 0xfc, 0x30, 0x0,
    0x0, 0x5f, 0xfe, 0x70, 0x7, 0xef, 0xf5, 0x0,
    0x3, 0xff, 0x90, 0x0, 0x0, 0x8, 0xff, 0x30,
    0xd, 0xf8, 0x0, 0x0, 0x0, 0x0, 0x8f, 0xd0,
    0x4f, 0xd0, 0x0, 0x0, 0x0, 0x0, 0xd, 0xf4,
    0x9f, 0x70, 0x0, 0x0, 0x0, 0x0, 0x7, 0xf9,
    0xbf, 0x40, 0x0, 0x0, 0x0, 0x0, 0x4, 0xfb,
    0xbf, 0x40, 0x0, 0x0, 0x0, 0x0, 0x4, 0xfb,
    0x9f, 0x60, 0x0, 0x0, 0x0, 0x0, 0x6, 0xfa,
    0x5f, 0xc0, 0x0, 0x0, 0x0, 0x0, 0xc, 0xf6,
    0xe, 0xf5, 0x0, 0x0, 0x0, 0x0, 0x6f, 0xe0,
    0x6, 0xff, 0x50, 0x0, 0x0, 0x5, 0xff, 0x50,
    0x0, 0x8f, 0xfb, 0x52, 0x25, 0xbf, 0xf8, 0x0,
    0x0, 0x6, 0xef, 0xff, 0xff, 0xff, 0x50, 0x0,
    0x0, 0x0, 0x16, 0xbd, 0xdb, 0x71, 0x0, 0x0,

    /* U+F1D0 "" */
    0x0, 0x0, 0x0, 0x3, 0x20, 0x0, 0x0, 0x0,
    0x0, 0x0, 0x0, 0x2e, 0xd1, 0x0, 0x0, 0x0,
    0x0, 0x24, 0x1, 0x3f, 0xf2, 0x10, 0x62, 0x0,
    0x0, 0xc0, 0xb, 0xde, 0xde, 0xa0, 0xd, 0x10,
    0x9, 0x90, 0x0, 0xdf, 0xfc, 0x0, 0xa, 0xb0,
    0x1f, 0x60, 0x0, 0x5f, 0xf4, 0x0, 0x6, 0xf2,
    0x5f, 0x70, 0x0, 0x1f, 0xf1, 0x0, 0x7, 0xf6,
    0x8f, 0xc0, 0x0, 0xf, 0xf0, 0x0, 0xc, 0xf8,
    0x8f, 0xf7, 0x0, 0x5f, 0xf5, 0x0, 0x8f, 0xf8,
    0x7f, 0xff, 0xb9, 0xff, 0xff, 0x9c, 0xff, 0xf7,
    0x3f, 0xff, 0xff, 0xff, 0xff, 0xff, 0xff, 0xf4,
    0xd, 0xff, 0xff, 0xff, 0xff, 0xff, 0xff, 0xe0,
    0x4, 0xff, 0xff, 0xff, 0xff, 0xff, 0xff, 0x60,
    0x0, 0x6f, 0xff, 0xff, 0xff, 0xff, 0xf9, 0x0,
    0x0, 0x5, 0xef, 0xff, 0xff, 0xff, 0x70, 0x0,
    0x0, 0x0, 0x6, 0xbd, 0xdb, 0x71, 0x0, 0x0,

    /* U+F1D1 "" */
    0x0, 0x0, 0x15, 0x66, 0x66, 0x30, 0x0, 0x0,
    0x0, 0x5, 0x8a, 0xa5, 0x9c, 0x97, 0x20, 0x0,
    0x0, 0x7a, 0xfb, 0x40, 0x9, 0xee, 0x93, 0x0,
    0x6, 0xad, 0x40, 0x9, 0x40, 0x9, 0xc9, 0x20,
    0x28, 0x20, 0x0, 0xe, 0x60, 0x0, 0x6, 0x70,
    0x6a, 0x1, 0xd3, 0x1d, 0x70, 0x97, 0x6, 0xa1,
    0x7f, 0x32, 0xae, 0xef, 0xfe, 0xd6, 0xb, 0xa5,
    0x9f, 0x10, 0x7, 0xff, 0xff, 0x0, 0x9, 0xb6,
    0x8f, 0x20, 0x1a, 0xff, 0xff, 0x40, 0x9, 0xa6,
    0x6e, 0x33, 0xfb, 0x9f, 0xd7, 0xfb, 0x9, 0x85,
    0x68, 0x0, 0x60, 0xc, 0x40, 0x33, 0x6, 0x71,
    0x25, 0x74, 0x0, 0xf, 0x70, 0x1, 0x46, 0x60,
    0x6, 0x7f, 0x80, 0x2, 0x10, 0x3d, 0xd6, 0x20,
    0x0, 0x77, 0xfe, 0x60, 0xc, 0xfc, 0x63, 0x0,
    0x0, 0x5, 0x79, 0xa6, 0x9b, 0x76, 0x20, 0x0,
    0x0, 0x0, 0x15, 0x66, 0x66, 0x30, 0x0, 0x0,

    /* U+F1D2 "" */
    0x8f, 0xff, 0xff, 0xff, 0xff, 0xff, 0xf8, 0xff,
    0xff, 0xff, 0xff, 0xff, 0xff, 0xff, 0xff, 0xff,
    0xff, 0xff, 0xff, 0xff, 0xff, 0xff, 0xff, 0xff,
    0xf1, 0xcf, 0xdf, 0xff, 0xff, 0xff, 0xff, 0xfc,
    0xf8, 0x5f, 0xff, 0xff, 0x91, 0x22, 0x90, 0x81,
    0x17, 0xff, 0xff, 0x2b, 0xa4, 0xf2, 0xb6, 0x6f,
    0xff, 0xff, 0x81, 0x19, 0xf2, 0xb6, 0x6f, 0xff,
    0xff, 0x34, 0x7b, 0xc0, 0x68, 0x5, 0xff, 0xff,
    0x38, 0x60, 0xdd, 0xdf, 0xef, 0xff, 0xff, 0x43,
    0x36, 0xff, 0xff, 0xff, 0xff, 0xff, 0xff, 0xff,
    0xff, 0xff, 0xff, 0xff, 0xff, 0xff, 0xff, 0xff,
    0xff, 0xff, 0xff, 0x8f, 0xff, 0xff, 0xff, 0xff,
    0xff, 0xf8,

    /* U+F1D3 "" */
    0x0, 0x0, 0x0, 0x0, 0x44, 0x0, 0x0, 0x0,
    0x0, 0x0, 0x0, 0x1, 0xff, 0x10, 0x13, 0x0,
    0x0, 0x0, 0x0, 0x0, 0xbb, 0x0, 0x9c, 0x0,
    0x0, 0x12, 0x11, 0x1, 0x33, 0x6, 0xfe, 0x53,
    0x2d, 0xff, 0xff, 0xc9, 0xff, 0x4f, 0xff, 0xfa,
    0xaf, 0x62, 0xdd, 0x0, 0xdf, 0x22, 0xfc, 0x0,
    0xbf, 0x10, 0xbf, 0x0, 0xcf, 0x22, 0xfc, 0x0,
    0x6f, 0xec, 0xfb, 0x0, 0xcf, 0x22, 0xfc, 0x0,
    0x2e, 0xa9, 0x60, 0x0, 0xcf, 0x22, 0xfd, 0x0,
    0xbf, 0xcb, 0x96, 0x6, 0xef, 0xa0, 0xef, 0xfd,
    0x8f, 0xff, 0xff, 0x84, 0x77, 0x60, 0x16, 0x62,
    0xe9, 0x0, 0x6f, 0x90, 0x0, 0x0, 0x0, 0x0,
    0xbf, 0xcc, 0xfe, 0x20, 0x0, 0x0, 0x0, 0x0,
    0x4, 0x66, 0x40, 0x0, 0x0, 0x0, 0x0, 0x0,

    /* U+F1D4 "" */
    0xff, 0xff, 0xff, 0xff, 0xff, 0xff, 0xff, 0xff,
    0xff, 0xff, 0xff, 0xff, 0xff, 0xff, 0xff, 0xff,
    0xff, 0xff, 0xff, 0xff, 0xff, 0xff, 0xff, 0x49,
    0xff, 0xa4, 0xff, 0xff, 0xff, 0xff, 0xc1, 0xff,
    0x2c, 0xff, 0xff, 0xff, 0xff, 0xf4, 0x9a, 0x4f,
    0xff, 0xff, 0xff, 0xff, 0xfd, 0x23, 0xdf, 0xff,
    0xff, 0xff, 0xff, 0xff, 0x55, 0xff, 0xff, 0xff,
    0xff, 0xff, 0xff, 0x88, 0xff, 0xff, 0xff, 0xff,
    0xff, 0xff, 0x88, 0xff, 0xff, 0xff, 0xff, 0xff,
    0xff, 0x88, 0xff, 0xff, 0xff, 0xff, 0xff, 0xff,
    0xff, 0xff, 0xff, 0xff, 0xff, 0xff, 0xff, 0xff,
    0xff, 0xff, 0xff, 0xff, 0xff, 0xff, 0xff, 0xff,
    0xff, 0xff,

    /* U+F1D5 "" */
    0x0, 0x5, 0xce, 0xec, 0x50, 0x0, 0x0, 0x9c,
    0x30, 0x3, 0xc9, 0x0, 0x6, 0xb0, 0x0, 0x0,
    0xb, 0x60, 0xd, 0x20, 0x7, 0x81, 0x1, 0xe0,
    0x1d, 0x0, 0x7f, 0xfa, 0x0, 0xc2, 0x2c, 0x0,
    0x9f, 0xfb, 0x0, 0xc2, 0xe, 0x1, 0xdb, 0xc2,
    0x0, 0xe0, 0x8, 0x2c, 0x50, 0x0, 0x6, 0xa0,
    0x0, 0x5a, 0x0, 0x0, 0x5d, 0x10, 0x0, 0xc3,
    0x48, 0x8c, 0xb2, 0x0, 0x2, 0xc0, 0x15, 0x52,
    0x0, 0x0, 0x7, 0x80, 0x0, 0x0, 0x0, 0x0,
    0x9, 0x50, 0x0, 0x0, 0x0, 0x0, 0xb, 0x30,
    0x0, 0x0, 0x0, 0x0, 0xb, 0x30, 0x0, 0x0,
    0x0, 0x0, 0x9, 0x30, 0x0, 0x0, 0x0, 0x0,
    0x0, 0x0, 0x0, 0x0, 0x0, 0x0,

    /* U+F1D6 "" */
    0x0, 0x0, 0x5c, 0xff, 0xc5, 0x0, 0x0, 0x0,
    0x7, 0xff, 0xff, 0xff, 0x70, 0x0, 0x0, 0x2f,
    0xff, 0xff, 0xff, 0xf2, 0x0, 0x0, 0x9f, 0xff,
    0xff, 0xff, 0xf9, 0x0, 0x0, 0xdf, 0xff, 0xff,
    0xff, 0xfd, 0x0, 0x0, 0xff, 0xff, 0xff, 0xff,
    0xff, 0x0, 0x0, 0xff, 0xff, 0xff, 0xff, 0xff,
    0x0, 0x5, 0xff, 0xff, 0xff, 0xff, 0xff, 0x40,
    0xb, 0xff, 0xff, 0xff, 0xff, 0xff, 0xb0, 0x1f,
    0xff, 0xff, 0xff, 0xff, 0xff, 0xf1, 0x5f, 0xff,
    0xff, 0xff, 0xff, 0xff, 0xf5, 0x9e, 0xff, 0xff,
    0xff, 0xff, 0xff, 0xe9, 0xa3, 0xff, 0xff, 0xff,
    0xff, 0xff, 0x3a, 0x0, 0x8f, 0xff, 0xff, 0xff,
    0xf8, 0x0, 0x0, 0xd, 0xff, 0xff, 0xff, 0xd0,
    0x0, 0x0, 0xcf, 0xff, 0xee, 0xff, 0xfc, 0x0,

    /* U+F1D7 "" */
    0x0, 0x6, 0xcf, 0xfe, 0xa3, 0x0, 0x0, 0x0,
    0x0, 0x1, 0xdf, 0xff, 0xff, 0xff, 0x80, 0x0,
    0x0, 0x0, 0xd, 0xfe, 0xbf, 0xff, 0xaf, 0xf8,
    0x0, 0x0, 0x0, 0x7f, 0xf8, 0xf, 0xfc, 0xc,
    0xff, 0x10, 0x0, 0x0, 0xbf, 0xff, 0xff, 0xff,
    0xfc, 0x9a, 0x74, 0x0, 0x0, 0xbf, 0xff, 0xff,
    0xff, 0x8b, 0xff, 0xff, 0xf7, 0x0, 0x8f, 0xff,
    0xff, 0xf9, 0xef, 0xff, 0xff, 0xff, 0x80, 0x1e,
    0xff, 0xff, 0xfa, 0xff, 0x1e, 0xf6, 0x6f, 0xf3,
    0x3, 0xef, 0xff, 0xcd, 0xff, 0xef, 0xff, 0xff,
    0xf7, 0x0, 0x7f, 0xff, 0xcd, 0xff, 0xff, 0xff,
    0xff, 0xf6, 0x0, 0x96, 0x24, 0x49, 0xff, 0xff,
    0xff, 0xff, 0xf1, 0x0, 0x0, 0x0, 0x1, 0xdf,
    0xff, 0xff, 0xff, 0x60, 0x0, 0x0, 0x0, 0x0,
    0x1a, 0xff, 0xff, 0xf8, 0x0, 0x0, 0x0, 0x0,
    0x0, 0x0, 0x14, 0x42, 0x37, 0x0,

    /* U+F1D8 "" */
    0x0, 0x0, 0x0, 0x0, 0x0, 0x0, 0x0, 0x0,
    0x0, 0x0, 0x0, 0x0, 0x0, 0x0, 0x0, 0x0,
    0x2a, 0xd0, 0x0, 0x0, 0x0, 0x0, 0x0, 0x0,
    0x8, 0xff, 0xe0, 0x0, 0x0, 0x0, 0x0, 0x0,
    0x6, 0xef, 0xff, 0xb0, 0x0, 0x0, 0x0, 0x0,
    0x3, 0xcf, 0xf9, 0xff, 0x80, 0x0, 0x0, 0x0,
    0x1, 0xaf, 0xff, 0x6b, 0xff, 0x60, 0x0, 0x0,
    0x0, 0x7f, 0xff, 0xf4, 0x9f, 0xff, 0x30, 0x0,
    0x0, 0x5e, 0xff, 0xfe, 0x36, 0xff, 0xff, 0x10,
    0x0, 0x3c, 0xff, 0xff, 0xd1, 0x3f, 0xff, 0xfe,
    0x0, 0x9, 0xff, 0xff, 0xfc, 0x11, 0xef, 0xff,
    0xfb, 0x0, 0xc, 0xff, 0xff, 0xa0, 0xc, 0xff,
    0xff, 0xf8, 0x0, 0x0, 0x3a, 0xf8, 0x0, 0xaf,
    0xff, 0xff, 0xf6, 0x0, 0x0, 0x0, 0x0, 0x8,
    0xff, 0xff, 0xff, 0xf3, 0x0, 0x0, 0x0, 0x0,
    0x4f, 0xff, 0xff, 0xff, 0xf1, 0x0, 0x0, 0x0,
    0x0, 0x8f, 0xfa, 0x9f, 0xff, 0xe0, 0x0, 0x0,
    0x0, 0x0, 0x8f, 0xc0, 0x0, 0x6d, 0xa0, 0x0,
    0x0, 0x0, 0x0, 0x5d, 0x10, 0x0, 0x0, 0x0,
    0x0, 0x0, 0x0, 0x0, 0x0, 0x0, 0x0, 0x0,
    0x0, 0x0,

    /* U+F1DA "" */
    0x30, 0x0, 0x6, 0xbc, 0xdb, 0x61, 0x0, 0x0,
    0xbc, 0x5, 0xef, 0xff, 0xff, 0xfe, 0x60, 0x0,
    0xcf, 0xef, 0xfc, 0x63, 0x35, 0xbf, 0xf8, 0x0,
    0xcf, 0xff, 0x80, 0x0, 0x0, 0x6, 0xff, 0x50,
    0xcf, 0xff, 0xb0, 0xb, 0xb0, 0x0, 0x6f, 0xe0,
    0xbf, 0xff, 0xfa, 0xf, 0xf0, 0x0, 0xc, 0xf5,
    0x2, 0x22, 0x21, 0xf, 0xf0, 0x0, 0x7, 0xf9,
    0x0, 0x0, 0x0, 0xf, 0xf0, 0x0, 0x4, 0xfb,
    0x0, 0x0, 0x0, 0xf, 0xfa, 0x0, 0x4, 0xfb,
    0x0, 0x0, 0x0, 0x5, 0xff, 0x70, 0x7, 0xf9,
    0x0, 0x0, 0x0, 0x0, 0x29, 0x10, 0xc, 0xf5,
    0x0, 0x0, 0x0, 0x0, 0x0, 0x0, 0x6f, 0xe0,
    0x0, 0x5, 0x50, 0x0, 0x0, 0x5, 0xff, 0x50,
    0x0, 0x1f, 0xfc, 0x52, 0x25, 0xbf, 0xf8, 0x0,
    0x0, 0x5, 0xef, 0xff, 0xff, 0xfe, 0x60, 0x0,
    0x0, 0x0, 0x6, 0xbd, 0xdb, 0x61, 0x0, 0x0,

    /* U+F1DC "" */
    0xaf, 0xff, 0xff, 0x30, 0xb, 0xff, 0xff, 0xf2,
    0xaf, 0xff, 0xff, 0x30, 0xb, 0xff, 0xff, 0xf2,
    0x3, 0xff, 0xc0, 0x0, 0x0, 0x4f, 0xfb, 0x0,
    0x3, 0xff, 0xc0, 0x0, 0x0, 0x4f, 0xfb, 0x0,
    0x3, 0xff, 0xc0, 0x0, 0x0, 0x4f, 0xfb, 0x0,
    0x3, 0xff, 0xc0, 0x0, 0x0, 0x4f, 0xfb, 0x0,
    0x3, 0xff, 0xff, 0xff, 0xff, 0xff, 0xfb, 0x0,
    0x3, 0xff, 0xff, 0xff, 0xff, 0xff, 0xfb, 0x0,
    0x3, 0xff, 0xc0, 0x0, 0x0, 0x4f, 0xfb, 0x0,
    0x3, 0xff, 0xc0, 0x0, 0x0, 0x4f, 0xfb, 0x0,
    0x3, 0xff, 0xc0, 0x0, 0x0, 0x4f, 0xfb, 0x0,
    0x3, 0xff, 0xc0, 0x0, 0x0, 0x4f, 0xfb, 0x0,
    0xaf, 0xff, 0xff, 0x30, 0xb, 0xff, 0xff, 0xf2,
    0xaf, 0xff, 0xff, 0x30, 0xb, 0xff, 0xff, 0xf2,

    /* U+F1DD "" */
    0x0, 0x4c, 0xff, 0xff, 0xff, 0xff, 0xe0, 0x8f,
    0xff, 0xff, 0xff, 0xff, 0xfe, 0x4f, 0xff, 0xff,
    0xff, 0xf, 0xf0, 0xc, 0xff, 0xff, 0xff, 0xf0,
    0xff, 0x0, 0xff, 0xff, 0xff, 0xff, 0xf, 0xf0,
    0xf, 0xff, 0xff, 0xff, 0xf0, 0xff, 0x0, 0xcf,
    0xff, 0xff, 0xff, 0xf, 0xf0, 0x4, 0xff, 0xff,
    0xff, 0xf0, 0xff, 0x0, 0x8, 0xff, 0xff, 0xff,
    0xf, 0xf0, 0x0, 0x4, 0xcf, 0xff, 0xf0, 0xff,
    0x0, 0x0, 0x0, 0x0, 0xff, 0xf, 0xf0, 0x0,
    0x0, 0x0, 0xf, 0xf0, 0xff, 0x0, 0x0, 0x0,
    0x0, 0xff, 0xf, 0xf0, 0x0, 0x0, 0x0, 0xe,
    0xe0, 0xee, 0x0,

    /* U+F1DE "" */
    0x0, 0x0, 0x0, 0xe, 0xe0, 0x0, 0x0, 0x0,
    0xef, 0xff, 0xff, 0xff, 0xff, 0xff, 0xff, 0xfe,
    0xef, 0xff, 0xff, 0xff, 0xff, 0xff, 0xff, 0xfe,
    0x0, 0x0, 0x0, 0xe, 0xe0, 0x0, 0x0, 0x0,
    0x0, 0x0, 0x0, 0x0, 0x0, 0x0, 0x0, 0x0,
    0x0, 0x0, 0x0, 0x0, 0x0, 0xe, 0xe0, 0x0,
    0xef, 0xff, 0xff, 0xff, 0xff, 0xff, 0xff, 0xfe,
    0xef, 0xff, 0xff, 0xff, 0xff, 0xff, 0xff, 0xfe,
    0x0, 0x0, 0x0, 0x0, 0x0, 0xe, 0xe0, 0x0,
    0x0, 0x0, 0x0, 0x0, 0x0, 0x0, 0x0, 0x0,
    0x0, 0xe, 0xe0, 0x0, 0x0, 0x0, 0x0, 0x0,
    0xef, 0xff, 0xff, 0xff, 0xff, 0xff, 0xff, 0xfe,
    0xef, 0xff, 0xff, 0xff, 0xff, 0xff, 0xff, 0xfe,
    0x0, 0xe, 0xe0, 0x0, 0x0, 0x0, 0x0, 0x0,

    /* U+F1E0 "" */
    0x0, 0x0, 0x0, 0x0, 0x8, 0xee, 0x80, 0x0,
    0x0, 0x0, 0x0, 0x8f, 0xff, 0xf8, 0x0, 0x0,
    0x0, 0x0, 0xef, 0xff, 0xfe, 0x0, 0x0, 0x0,
    0x1, 0xff, 0xff, 0xfe, 0x0, 0x0, 0x0, 0x5e,
    0xff, 0xff, 0xf8, 0x8, 0xee, 0x9b, 0xff, 0xb9,
    0xee, 0x80, 0x8f, 0xff, 0xff, 0xe5, 0x0, 0x0,
    0x0, 0xef, 0xff, 0xff, 0x10, 0x0, 0x0, 0x0,
    0xef, 0xff, 0xff, 0x10, 0x0, 0x0, 0x0, 0x8f,
    0xff, 0xff, 0xe5, 0x0, 0x0, 0x0, 0x8, 0xee,
    0x9b, 0xff, 0xb8, 0xee, 0x80, 0x0, 0x0, 0x0,
    0x5e, 0xff, 0xff, 0xf8, 0x0, 0x0, 0x0, 0x1,
    0xff, 0xff, 0xfe, 0x0, 0x0, 0x0, 0x0, 0xef,
    0xff, 0xfe, 0x0, 0x0, 0x0, 0x0, 0x8f, 0xff,
    0xf8, 0x0, 0x0, 0x0, 0x0, 0x8, 0xee, 0x80,

    /* U+F1E1 "" */
    0x8f, 0xff, 0xff, 0xff, 0xff, 0xff, 0xf8, 0xff,
    0xff, 0xff, 0xff, 0xff, 0xff, 0xff, 0xff, 0xff,
    0xff, 0xff, 0xa4, 0x9f, 0xff, 0xff, 0xff, 0xff,
    0xfd, 0x0, 0xd, 0xff, 0xff, 0xff, 0xff, 0xf8,
    0x0, 0xe, 0xff, 0xff, 0xfa, 0x47, 0x24, 0x96,
    0xbf, 0xff, 0xff, 0xd0, 0x0, 0x9f, 0xff, 0xff,
    0xff, 0xff, 0xd0, 0x0, 0x7f, 0xff, 0xff, 0xff,
    0xff, 0xfa, 0x49, 0x43, 0x83, 0x8f, 0xff, 0xff,
    0xff, 0xff, 0xf8, 0x0, 0xd, 0xff, 0xff, 0xff,
    0xff, 0xfd, 0x0, 0xd, 0xff, 0xff, 0xff, 0xff,
    0xff, 0xa4, 0xaf, 0xff, 0xff, 0xff, 0xff, 0xff,
    0xff, 0xff, 0xff, 0x8f, 0xff, 0xff, 0xff, 0xff,
    0xff, 0xf8,

    /* U+F1E2 "" */
    0x0, 0x0, 0x0, 0x0, 0x0, 0x0, 0x49, 0x32,
    0x0, 0x0, 0x0, 0x0, 0x0, 0x0, 0x77, 0xa3,
    0x0, 0x0, 0x0, 0x0, 0x0, 0x10, 0x25, 0x79,
    0x0, 0x3, 0xae, 0xfe, 0xab, 0xf6, 0xc1, 0x84,
    0x0, 0x9f, 0xff, 0xff, 0xff, 0xff, 0x60, 0x0,
    0x9, 0xff, 0xb9, 0xff, 0xff, 0xff, 0xf1, 0x0,
    0x3f, 0xf5, 0x28, 0xff, 0xff, 0xff, 0xb0, 0x0,
    0xaf, 0xb2, 0xff, 0xff, 0xff, 0xff, 0xa0, 0x0,
    0xef, 0x98, 0xff, 0xff, 0xff, 0xff, 0xe0, 0x0,
    0xff, 0xff, 0xff, 0xff, 0xff, 0xff, 0xf0, 0x0,
    0xef, 0xff, 0xff, 0xff, 0xff, 0xff, 0xe0, 0x0,
    0xaf, 0xff, 0xff, 0xff, 0xff, 0xff, 0xa0, 0x0,
    0x4f, 0xff, 0xff, 0xff, 0xff, 0xff, 0x30, 0x0,
    0x9, 0xff, 0xff, 0xff, 0xff, 0xf9, 0x0, 0x0,
    0x0, 0x9f, 0xff, 0xff, 0xff, 0x90, 0x0, 0x0,
    0x0, 0x4, 0xae, 0xfe, 0xa3, 0x0, 0x0, 0x0,

    /* U+F1E3 "" */
    0x0, 0x0, 0x17, 0xbd, 0xdb, 0x71, 0x0, 0x0,
    0x0, 0x7, 0xff, 0xff, 0xff, 0xff, 0x60, 0x0,
    0x0, 0x9f, 0xb5, 0xff, 0xff, 0x5b, 0xf8, 0x0,
    0x6, 0xf8, 0x0, 0x5e, 0xe5, 0x0, 0x9f, 0x50,
    0x1e, 0xfd, 0x10, 0x0, 0x0, 0x1, 0xdf, 0xe0,
    0x6f, 0xff, 0x40, 0x3, 0x30, 0x4, 0xff, 0xf5,
    0xaf, 0xff, 0x60, 0x8f, 0xf7, 0x7, 0xff, 0xf9,
    0xbf, 0xfa, 0x5, 0xff, 0xff, 0x40, 0xaf, 0xfb,
    0xbc, 0x50, 0x0, 0xff, 0xff, 0x0, 0x5, 0xda,
    0x9f, 0x0, 0x0, 0xbf, 0xfa, 0x0, 0x0, 0xf8,
    0x4f, 0x56, 0x53, 0x0, 0x0, 0x35, 0x65, 0xf4,
    0xd, 0xef, 0xff, 0x20, 0x2, 0xff, 0xfe, 0xc0,
    0x3, 0xff, 0xff, 0xa0, 0xa, 0xff, 0xff, 0x30,
    0x0, 0x5f, 0xff, 0x90, 0xa, 0xff, 0xf4, 0x0,
    0x0, 0x3, 0xcf, 0xfe, 0xef, 0xfc, 0x20, 0x0,
    0x0, 0x0, 0x3, 0x79, 0x97, 0x20, 0x0, 0x0,

    /* U+F1E4 "" */
    0x0, 0x0, 0x0, 0x0, 0x0, 0x0, 0x0, 0x0,
    0x0, 0x0, 0x16, 0xbe, 0xff, 0xeb, 0x61, 0x0,
    0x0, 0x0, 0x8f, 0xff, 0xff, 0xff, 0xff, 0xf8,
    0x0, 0x2, 0xdf, 0xff, 0xa6, 0x55, 0x6a, 0xff,
    0xfd, 0x20, 0xef, 0xff, 0xf1, 0x0, 0x0, 0x1f,
    0xff, 0xfe, 0x9, 0xff, 0xff, 0x20, 0x0, 0x2,
    0xff, 0xff, 0x90, 0xe, 0xfc, 0x60, 0x0, 0x0,
    0x6, 0xcf, 0xe0, 0x0, 0x23, 0x0, 0x0, 0x0,
    0x0, 0x0, 0x32, 0x0, 0x0, 0x0, 0x0, 0x0,
    0x0, 0x0, 0x0, 0x0, 0x0, 0xff, 0xf, 0xf0,
    0xff, 0xf, 0xf0, 0xff, 0x0, 0xf, 0xf0, 0xff,
    0xf, 0xf0, 0xff, 0xf, 0xf0, 0x0, 0x0, 0x0,
    0x0, 0x0, 0x0, 0x0, 0x0, 0x0, 0x0, 0x7f,
    0x77, 0xf7, 0x7f, 0x77, 0xf7, 0x0, 0x0, 0x7,
    0xf7, 0x7f, 0x77, 0xf7, 0x7f, 0x70, 0x0, 0x0,
    0x0, 0x0, 0x0, 0x0, 0x0, 0x0, 0x0, 0x0,
    0xff, 0xf, 0xff, 0xff, 0xff, 0xf0, 0xff, 0x0,
    0xf, 0xf0, 0xff, 0xff, 0xff, 0xff, 0xf, 0xf0,
    0x0,

    /* U+F1E5 "" */
    0x0, 0xe, 0xfe, 0x0, 0x0, 0xef, 0xe0, 0x0,
    0x0, 0xf, 0xff, 0x0, 0x0, 0xff, 0xf0, 0x0,
    0x0, 0x0, 0x0, 0x0, 0x0, 0x0, 0x0, 0x0,
    0x0, 0xcf, 0xff, 0xf, 0xf0, 0xff, 0xfb, 0x0,
    0x1, 0xff, 0xff, 0xf, 0xf0, 0xff, 0xff, 0x0,
    0x4, 0xff, 0xff, 0xf, 0xf0, 0xff, 0xff, 0x30,
    0x9, 0xff, 0xff, 0xf, 0xf0, 0xff, 0xff, 0x90,
    0x1f, 0xff, 0xff, 0xf, 0xf0, 0xff, 0xff, 0xf1,
    0x7f, 0xff, 0xf0, 0x0, 0x0, 0xf, 0xff, 0xf7,
    0xbf, 0xff, 0xf0, 0x0, 0x0, 0xf, 0xff, 0xfb,
    0xdf, 0xff, 0xf0, 0x0, 0x0, 0xf, 0xff, 0xfe,
    0xff, 0xff, 0xf0, 0x0, 0x0, 0xf, 0xff, 0xff,
    0xff, 0xff, 0xf0, 0x0, 0x0, 0xf, 0xff, 0xff,
    0xcf, 0xff, 0xc0, 0x0, 0x0, 0xc, 0xff, 0xfc,

    /* U+F1E6 "" */
    0x0, 0xcc, 0x0, 0x0, 0xcc, 0x0, 0x0, 0xff,
    0x0, 0x0, 0xff, 0x0, 0x0, 0xff, 0x0, 0x0,
    0xff, 0x0, 0x0, 0xff, 0x0, 0x0, 0xff, 0x0,
    0x0, 0x88, 0x0, 0x0, 0x88, 0x0, 0xef, 0xff,
    0xff, 0xff, 0xff, 0xfe, 0xef, 0xff, 0xff, 0xff,
    0xff, 0xfe, 0xf, 0xff, 0xff, 0xff, 0xff, 0xf0,
    0xf, 0xff, 0xff, 0xff, 0xff, 0xf0, 0xc, 0xff,
    0xff, 0xff, 0xff, 0xc0, 0x5, 0xff, 0xff, 0xff,
    0xff, 0x40, 0x0, 0x8f, 0xff, 0xff, 0xf8, 0x0,
    0x0, 0x5, 0xcf, 0xfc, 0x50, 0x0, 0x0, 0x0,
    0xf, 0xf0, 0x0, 0x0, 0x0, 0x0, 0xf, 0xf0,
    0x0, 0x0, 0x0, 0x0, 0xf, 0xf0, 0x0, 0x0,

    /* U+F1E7 "" */
    0x8, 0xed, 0xdd, 0xdd, 0xdd, 0xdd, 0xde, 0x80,
    0xe, 0x0, 0x0, 0x0, 0x0, 0x0, 0x0, 0xe0,
    0xd, 0x0, 0x0, 0x0, 0x0, 0x0, 0x0, 0xc0,
    0xd, 0x0, 0x0, 0x0, 0x0, 0x0, 0x0, 0xc0,
    0xd, 0x0, 0x1, 0x0, 0x0, 0x10, 0x0, 0xc0,
    0xd, 0x0, 0x7f, 0xf5, 0x2e, 0xfb, 0x0, 0xc0,
    0xd, 0x0, 0xff, 0xfc, 0x7f, 0xff, 0x30, 0xc0,
    0x4d, 0x0, 0xbf, 0xf8, 0x4f, 0xfe, 0x0, 0xc4,
    0x6f, 0x61, 0x5, 0x50, 0x3, 0x61, 0x16, 0xe6,
    0x4, 0xef, 0xdc, 0xc9, 0x6c, 0xcd, 0xfe, 0x40,
    0x0, 0x9, 0xff, 0xff, 0xff, 0xff, 0xa0, 0x0,
    0x0, 0x9, 0xff, 0xfe, 0xdf, 0xff, 0x90, 0x0,
    0x0, 0xa, 0xff, 0xfd, 0xbf, 0xff, 0xb0, 0x0,
    0x0, 0x9, 0xff, 0xfd, 0xbf, 0xff, 0x90, 0x0,
    0x0, 0x3, 0xff, 0xfd, 0xbf, 0xff, 0x30, 0x0,
    0x0, 0x0, 0x5f, 0xf6, 0x5f, 0xf6, 0x0, 0x0,
    0x0, 0x0, 0x0, 0x0, 0x0, 0x0, 0x0, 0x0,

    /* U+F1E8 "" */
    0x2f, 0xff, 0xff, 0xff, 0xff, 0xff, 0xf5, 0x9f,
    0x64, 0x44, 0x44, 0x44, 0x44, 0xf5, 0xef, 0x30,
    0x0, 0x0, 0x0, 0x0, 0xe5, 0xef, 0x30, 0x2,
    0x80, 0x19, 0x10, 0xe5, 0xef, 0x30, 0x5, 0xe0,
    0x2f, 0x20, 0xe5, 0xef, 0x30, 0x5, 0xe0, 0x2f,
    0x20, 0xe5, 0xef, 0x30, 0x5, 0xe0, 0x2f, 0x20,
    0xe5, 0xef, 0x30, 0x0, 0x10, 0x1, 0x0, 0xe5,
    0xef, 0x30, 0x0, 0x0, 0x0, 0x8, 0xf3, 0xef,
    0x30, 0x0, 0x0, 0x0, 0x6f, 0x50, 0xef, 0xff,
    0xf0, 0x9f, 0xff, 0xf6, 0x0, 0xef, 0xff, 0xfa,
    0xff, 0xff, 0x70, 0x0, 0x33, 0x3a, 0xff, 0xd3,
    0x33, 0x0, 0x0, 0x0, 0x9, 0xfd, 0x10, 0x0,
    0x0, 0x0,

    /* U+F1E9 "" */
    0x0, 0x5, 0xad, 0xe0, 0x0, 0x0, 0x0, 0x8,
    0xff, 0xff, 0x10, 0x0, 0x0, 0x0, 0x3f, 0xff,
    0xf1, 0x0, 0x0, 0x0, 0x0, 0x9f, 0xff, 0x10,
    0x0, 0x0, 0x0, 0x1, 0xff, 0xf1, 0x0, 0x0,
    0x0, 0x0, 0x7, 0xff, 0x10, 0x1c, 0x60, 0x0,
    0x0, 0xd, 0xf1, 0xa, 0xff, 0x30, 0x55, 0x0,
    0x4d, 0x5, 0xff, 0xfb, 0xe, 0xfd, 0x50, 0x0,
    0xdf, 0xea, 0x31, 0xff, 0xff, 0x90, 0x3, 0x30,
    0x0, 0xf, 0xfc, 0x82, 0x0, 0x65, 0x0, 0x0,
    0x20, 0x0, 0x5c, 0xd, 0xff, 0xa3, 0x0, 0x0,
    0x4f, 0xf0, 0x4f, 0xff, 0x90, 0x0, 0x3f, 0xff,
    0x0, 0xaf, 0xe1, 0x0, 0xa, 0xff, 0xe0, 0x1,
    0xb3, 0x0, 0x0, 0x7, 0xdb, 0x0, 0x0, 0x0,

    /* U+F1EA "" */
    0x0, 0xdf, 0xff, 0xff, 0xff, 0xff, 0xff, 0xff,
    0xfd, 0xdf, 0xff, 0xff, 0xff, 0xff, 0xff, 0xff,
    0xff, 0xff, 0xfc, 0xff, 0x0, 0x0, 0x0, 0x0,
    0x0, 0x0, 0xff, 0xf8, 0xff, 0x0, 0x0, 0x0,
    0x0, 0x0, 0x0, 0xff, 0xf8, 0xff, 0xff, 0xff,
    0xff, 0xff, 0xff, 0xff, 0xff, 0xf8, 0xff, 0xff,
    0xff, 0xff, 0xff, 0xff, 0xff, 0xff, 0xf8, 0xff,
    0x0, 0x0, 0xc, 0x50, 0x0, 0x1, 0xff, 0xf8,
    0xff, 0xff, 0xff, 0xff, 0xff, 0xff, 0xff, 0xff,
    0xf8, 0xff, 0xff, 0xff, 0xff, 0xff, 0xff, 0xff,
    0xff, 0xf8, 0xff, 0x0, 0x0, 0xc, 0x50, 0x0,
    0x1, 0xff, 0xfd, 0xff, 0xff, 0xff, 0xff, 0xff,
    0xff, 0xff, 0xff, 0x6f, 0xff, 0xff, 0xff, 0xff,
    0xff, 0xff, 0xff, 0xf8,

    /* U+F1EB "" */
    0x0, 0x0, 0x0, 0x0, 0x0, 0x0, 0x0, 0x0,
    0x0, 0x0, 0x0, 0x0, 0x4, 0x9c, 0xef, 0xfe,
    0xc9, 0x40, 0x0, 0x0, 0x0, 0x7, 0xef, 0xff,
    0xff, 0xff, 0xff, 0xfe, 0x70, 0x0, 0x4, 0xdf,
    0xff, 0xfc, 0xa8, 0x8a, 0xcf, 0xff, 0xfd, 0x40,
    0x6f, 0xff, 0xd5, 0x0, 0x0, 0x0, 0x0, 0x5d,
    0xff, 0xf6, 0xcf, 0xf6, 0x0, 0x0, 0x0, 0x0,
    0x0, 0x0, 0x6f, 0xfc, 0x1a, 0x30, 0x0, 0x5a,
    0xdf, 0xfd, 0xa5, 0x0, 0x3, 0xa1, 0x0, 0x0,
    0x4d, 0xff, 0xff, 0xff, 0xff, 0xd4, 0x0, 0x0,
    0x0, 0x5, 0xff, 0xfe, 0xa8, 0x8a, 0xef, 0xff,
    0x50, 0x0, 0x0, 0x1, 0xdf, 0x70, 0x0, 0x0,
    0x7, 0xfd, 0x10, 0x0, 0x0, 0x0, 0x12, 0x0,
    0x0, 0x0, 0x0, 0x21, 0x0, 0x0, 0x0, 0x0,
    0x0, 0x0, 0x4e, 0xe4, 0x0, 0x0, 0x0, 0x0,
    0x0, 0x0, 0x0, 0x0, 0xef, 0xfe, 0x0, 0x0,
    0x0, 0x0, 0x0, 0x0, 0x0, 0x0, 0xef, 0xfe,
    0x0, 0x0, 0x0, 0x0, 0x0, 0x0, 0x0, 0x0,
    0x4e, 0xe4, 0x0, 0x0, 0x0, 0x0,

    /* U+F1EC "" */
    0x8f, 0xff, 0xff, 0xff, 0xff, 0xff, 0xf8, 0xff,
    0xff, 0xff, 0xff, 0xff, 0xff, 0xff, 0xff, 0x0,
    0x0, 0x0, 0x0, 0x0, 0xff, 0xff, 0x0, 0x0,
    0x0, 0x0, 0x0, 0xff, 0xff, 0x0, 0x0, 0x0,
    0x0, 0x0, 0xff, 0xff, 0x0, 0x0, 0x0, 0x0,
    0x0, 0xff, 0xff, 0xff, 0xff, 0xff, 0xff, 0xff,
    0xff, 0xff, 0xff, 0xff, 0xff, 0xff, 0xff, 0xff,
    0xff, 0x0, 0xff, 0x0, 0xff, 0x0, 0xff, 0xff,
    0x0, 0xff, 0x0, 0xff, 0x0, 0xff, 0xff, 0xff,
    0xff, 0xff, 0xff, 0x0, 0xff, 0xff, 0xff, 0xff,
    0xff, 0xff, 0x0, 0xff, 0xff, 0x0, 0xff, 0x0,
    0xff, 0x0, 0xff, 0xff, 0x0, 0xff, 0x0, 0xff,
    0x0, 0xff, 0xff, 0xff, 0xff, 0xff, 0xff, 0xff,
    0xff, 0x8f, 0xff, 0xff, 0xff, 0xff, 0xff, 0xf8,

    /* U+F1ED "" */
    0x0, 0x0, 0x11, 0x11, 0x0, 0x0, 0x0, 0x0,
    0x2f, 0xff, 0xff, 0xfd, 0x40, 0x0, 0x0, 0x5f,
    0xff, 0xff, 0xff, 0xf3, 0x0, 0x0, 0x7f, 0xff,
    0xff, 0xff, 0xf8, 0x0, 0x0, 0xaf, 0xff, 0xff,
    0xff, 0xf7, 0x10, 0x0, 0xcf, 0xff, 0xff, 0xff,
    0xf5, 0xb0, 0x0, 0xff, 0xff, 0xff, 0xff, 0xc8,
    0xf0, 0x1, 0xff, 0xff, 0xff, 0xfc, 0x5f, 0xe0,
    0x4, 0xff, 0xd7, 0x76, 0x68, 0xff, 0x90, 0x6,
    0xff, 0x7d, 0xef, 0xff, 0xff, 0x20, 0x9, 0xff,
    0x6f, 0xff, 0xff, 0xc3, 0x0, 0xc, 0xff, 0x6f,
    0xfa, 0x20, 0x0, 0x0, 0xe, 0xff, 0x7f, 0xf6,
    0x0, 0x0, 0x0, 0x7, 0x86, 0x9f, 0xf3, 0x0,
    0x0, 0x0, 0x0, 0x0, 0xbf, 0xf1, 0x0, 0x0,
    0x0, 0x0, 0x0, 0x1, 0x0, 0x0, 0x0, 0x0,

    /* U+F1EE "" */
    0x0, 0x0, 0x0, 0x0, 0x9, 0xff, 0xc0, 0x0,
    0x0, 0x0, 0x0, 0x6, 0xff, 0xf0, 0x0, 0x0,
    0x7, 0x88, 0x33, 0xff, 0xf3, 0x0, 0x0, 0x1b,
    0xff, 0xe1, 0xff, 0xf7, 0x0, 0x0, 0x1d, 0xef,
    0xf9, 0xef, 0xf8, 0x7c, 0xca, 0x1f, 0xbf, 0xff,
    0xbf, 0xfa, 0x2f, 0xff, 0x9f, 0xde, 0xff, 0xbf,
    0xfb, 0x7, 0xff, 0xfb, 0xfc, 0xff, 0xfc, 0xfb,
    0x0, 0xef, 0xfb, 0xf7, 0xff, 0xfc, 0xfa, 0x0,
    0x8f, 0xfd, 0xe1, 0xbf, 0xfd, 0xe9, 0x0, 0x2f,
    0xff, 0x70, 0x6f, 0xff, 0xc8, 0x0, 0x7, 0x88,
    0x20, 0x2f, 0xff, 0xb5, 0x0, 0x0, 0x0, 0x0,
    0xf, 0xff, 0xb2, 0x0, 0x0, 0x0, 0x0, 0xd,
    0xff, 0xb0,

    /* U+F1F0 "" */
    0x8f, 0xff, 0xff, 0xff, 0xff, 0xff, 0xff, 0xff,
    0xf8, 0xff, 0xff, 0xff, 0xff, 0xff, 0xff, 0xff,
    0xff, 0xff, 0xff, 0xff, 0xff, 0xff, 0xff, 0xff,
    0xff, 0xff, 0xff, 0xff, 0xff, 0xff, 0xff, 0xff,
    0xff, 0xff, 0xff, 0xff, 0xfb, 0x7c, 0xfa, 0xa9,
    0xce, 0x87, 0xef, 0x8b, 0xff, 0xff, 0x64, 0xf0,
    0xa1, 0xa2, 0x6b, 0xf9, 0x4, 0xff, 0xff, 0xa0,
    0xa1, 0xe0, 0xd4, 0x1a, 0xf3, 0x61, 0xff, 0xff,
    0xe0, 0x27, 0xc0, 0xff, 0x70, 0xb0, 0x80, 0xef,
    0xff, 0xf3, 0xe, 0x92, 0x91, 0x12, 0x52, 0x61,
    0xaf, 0xff, 0xfc, 0xbf, 0xdb, 0xe9, 0xaf, 0xad,
    0xfc, 0xdf, 0xff, 0xff, 0xff, 0xff, 0xff, 0xff,
    0xff, 0xff, 0xff, 0xff, 0xff, 0xff, 0xff, 0xff,
    0xff, 0xff, 0xff, 0xff, 0xff, 0xff, 0xff, 0xff,
    0xff, 0xff, 0xff, 0xff, 0xff, 0x8f, 0xff, 0xff,
    0xff, 0xff, 0xff, 0xff, 0xff, 0xf8,

    /* U+F1F1 "" */
    0x7f, 0xff, 0xff, 0xff, 0xff, 0xff, 0xff, 0xff,
    0xf7, 0xff, 0xff, 0xfa, 0x9b, 0xff, 0xc9, 0xae,
    0xff, 0xff, 0xff, 0xfa, 0x0, 0x0, 0x67, 0x0,
    0x0, 0xaf, 0xff, 0xff, 0xb0, 0x0, 0x3, 0x21,
    0x40, 0x0, 0xb, 0xff, 0xff, 0x30, 0x0, 0x5,
    0x0, 0x50, 0x0, 0x3, 0xff, 0xff, 0x0, 0x0,
    0x5, 0x0, 0x50, 0x0, 0x0, 0xff, 0xff, 0x10,
    0x0, 0x5, 0x0, 0x50, 0x0, 0x1, 0xff, 0xff,
    0x50, 0x0, 0x5, 0x0, 0x50, 0x0, 0x5, 0xff,
    0xff, 0xd1, 0x0, 0x1, 0x33, 0x20, 0x0, 0x1d,
    0xff, 0xff, 0xfd, 0x40, 0x0, 0x8a, 0x10, 0x4,
    0xdf, 0xff, 0xff, 0xff, 0xff, 0xef, 0xff, 0xfe,
    0xff, 0xfe, 0xff, 0xff, 0xc9, 0xb8, 0xa8, 0xb9,
    0x9b, 0x8a, 0xab, 0xff, 0xff, 0xee, 0xeb, 0xdd,
    0xdc, 0xec, 0xbe, 0xcd, 0xff, 0x8f, 0xff, 0xff,
    0xff, 0xff, 0xff, 0xff, 0xff, 0xf8, 0x0, 0x0,
    0x0, 0x0, 0x0, 0x0, 0x0, 0x0, 0x0,

    /* U+F1F2 "" */
    0x8f, 0xff, 0xff, 0xff, 0xff, 0xff, 0xff, 0xff,
    0xf8, 0xff, 0xff, 0xff, 0xff, 0xff, 0xff, 0xff,
    0xff, 0xff, 0xff, 0xff, 0xff, 0xff, 0xff, 0xff,
    0xff, 0xff, 0xff, 0xff, 0xff, 0xff, 0xff, 0xff,
    0xff, 0xff, 0xff, 0xff, 0xf6, 0xaa, 0xab, 0xa7,
    0xb4, 0x9c, 0xb9, 0xa6, 0xaf, 0xf8, 0x77, 0x8a,
    0x7f, 0x30, 0x28, 0x79, 0xb4, 0x7f, 0xf5, 0x88,
    0x97, 0x89, 0x80, 0x7a, 0xba, 0xb7, 0x8f, 0xff,
    0xff, 0xff, 0xff, 0xff, 0xff, 0xff, 0xff, 0xff,
    0xff, 0xff, 0xff, 0xff, 0xff, 0xff, 0xff, 0xfd,
    0x4f, 0xff, 0xff, 0xff, 0xff, 0xff, 0xff, 0xfc,
    0x50, 0xf, 0xff, 0xff, 0xff, 0xff, 0xff, 0xfa,
    0x30, 0x0, 0xf, 0xff, 0xff, 0xff, 0xff, 0xc6,
    0x10, 0x0, 0x0, 0xf, 0xff, 0xff, 0xea, 0x62,
    0x0, 0x0, 0x0, 0x0, 0x1f, 0x8f, 0xff, 0xff,
    0xff, 0xff, 0xff, 0xff, 0xff, 0xf8,

    /* U+F1F3 "" */
    0x8f, 0xff, 0xff, 0xff, 0xff, 0xff, 0xff, 0xff,
    0xf8, 0xff, 0xff, 0xff, 0xff, 0xff, 0xff, 0xff,
    0xff, 0xff, 0xff, 0xff, 0xff, 0xff, 0xff, 0xff,
    0xff, 0xff, 0xff, 0xb8, 0x78, 0xa7, 0x98, 0x99,
    0x77, 0x88, 0x68, 0x7b, 0x9a, 0x8a, 0x88, 0xc6,
    0xcb, 0x98, 0x5a, 0x7c, 0x9a, 0x89, 0xb5, 0x66,
    0x95, 0x78, 0x86, 0x99, 0x96, 0xba, 0xef, 0xed,
    0xdd, 0xdd, 0xde, 0xde, 0xdf, 0xde, 0xee, 0xff,
    0xf7, 0x77, 0x78, 0x75, 0x76, 0x76, 0x67, 0x56,
    0xff, 0xfa, 0x95, 0xe8, 0x78, 0xaa, 0xa6, 0x68,
    0x68, 0xff, 0xf9, 0x99, 0x8a, 0x99, 0x96, 0x88,
    0x79, 0x7a, 0xff, 0xff, 0xff, 0xff, 0xff, 0xff,
    0xff, 0xff, 0xff, 0xff, 0xff, 0xff, 0xff, 0xff,
    0xff, 0xff, 0xff, 0xff, 0xff, 0xff, 0xff, 0xff,
    0xff, 0xff, 0xff, 0xff, 0xff, 0x8f, 0xff, 0xff,
    0xff, 0xff, 0xff, 0xff, 0xff, 0xf8,

    /* U+F1F4 "" */
    0x8f, 0xff, 0xff, 0xff, 0xff, 0xff, 0xff, 0xff,
    0xf9, 0xf, 0xff, 0xff, 0xff, 0xff, 0xff, 0xff,
    0xff, 0xff, 0xf0, 0xff, 0xff, 0xff, 0xff, 0xff,
    0xff, 0xff, 0xff, 0xff, 0x1f, 0xff, 0xff, 0xff,
    0xff, 0xff, 0xff, 0xff, 0xff, 0xf1, 0xfe, 0xdf,
    0xff, 0xff, 0xff, 0xed, 0xff, 0xff, 0xef, 0x1f,
    0x64, 0x1f, 0xff, 0xff, 0xf4, 0x43, 0xff, 0xf3,
    0xf1, 0xf4, 0x63, 0x33, 0x53, 0xb5, 0x26, 0x42,
    0x35, 0x3f, 0x1f, 0x2d, 0xd3, 0x87, 0x82, 0xe2,
    0xdb, 0x48, 0x65, 0xf1, 0xfc, 0xff, 0xbb, 0xe6,
    0xbf, 0xcf, 0xfb, 0xbd, 0xdf, 0x1f, 0xff, 0xff,
    0xff, 0xef, 0xff, 0xff, 0xff, 0xff, 0xf1, 0xff,
    0xff, 0xff, 0xff, 0xff, 0xff, 0xff, 0xff, 0xff,
    0x1f, 0xff, 0xff, 0xff, 0xff, 0xff, 0xff, 0xff,
    0xff, 0xf1, 0xff, 0xff, 0xff, 0xff, 0xff, 0xff,
    0xff, 0xff, 0xff, 0x8, 0xff, 0xff, 0xff, 0xff,
    0xff, 0xff, 0xff, 0xff, 0x90,

    /* U+F1F5 "" */
    0x8f, 0xff, 0xff, 0xff, 0xff, 0xff, 0xff, 0xff,
    0xf8, 0xff, 0xff, 0xff, 0xff, 0xff, 0xff, 0xff,
    0xff, 0xff, 0xff, 0xff, 0xff, 0xff, 0xff, 0xff,
    0xff, 0xff, 0xff, 0xff, 0xff, 0xff, 0xff, 0xec,
    0xff, 0xff, 0xff, 0xff, 0xff, 0xff, 0x3e, 0xff,
    0xaa, 0xff, 0xff, 0xff, 0xff, 0xf6, 0x8, 0x1,
    0x52, 0x47, 0x12, 0x3e, 0x50, 0x9f, 0xf1, 0x7d,
    0xd, 0x46, 0x76, 0xc, 0x25, 0x18, 0x1f, 0xfc,
    0x45, 0xe, 0x49, 0x76, 0xe, 0x25, 0x7, 0x7f,
    0xf3, 0x18, 0x42, 0x59, 0x86, 0x1, 0x2e, 0x51,
    0x5f, 0xff, 0xff, 0xff, 0xff, 0xff, 0xe, 0xff,
    0xff, 0xff, 0xff, 0xff, 0xff, 0xff, 0xff, 0xdf,
    0xff, 0xff, 0xff, 0xff, 0xff, 0xff, 0xff, 0xff,
    0xff, 0xff, 0xff, 0xff, 0xff, 0xff, 0xff, 0xff,
    0xff, 0xff, 0xff, 0xff, 0xff, 0x8f, 0xff, 0xff,
    0xff, 0xff, 0xff, 0xff, 0xff, 0xf8,

    /* U+F1F6 "" */
    0x0, 0x0, 0x0, 0x0, 0x0, 0x0, 0x0, 0x0,
    0x0, 0x0, 0x0, 0x8, 0xc2, 0x0, 0x0, 0x0,
    0xcc, 0x0, 0x0, 0x0, 0x0, 0x0, 0xd, 0xfe,
    0x40, 0x0, 0x3, 0xff, 0x20, 0x0, 0x0, 0x0,
    0x0, 0x1, 0xbf, 0xf8, 0x1, 0xcf, 0xff, 0xfb,
    0x10, 0x0, 0x0, 0x0, 0x0, 0x7, 0xff, 0xbe,
    0xff, 0xff, 0xff, 0xe1, 0x0, 0x0, 0x0, 0x0,
    0x0, 0x4e, 0xff, 0xff, 0xff, 0xff, 0xf9, 0x0,
    0x0, 0x0, 0x0, 0x0, 0x1, 0xcf, 0xff, 0xff,
    0xff, 0xfe, 0x0, 0x0, 0x0, 0x0, 0x0, 0x0,
    0x9, 0xff, 0xff, 0xff, 0xff, 0x0, 0x0, 0x0,
    0x0, 0x0, 0x0, 0x0, 0x5f, 0xff, 0xff, 0xff,
    0x0, 0x0, 0x0, 0x0, 0x0, 0x4, 0xa0, 0x2,
    0xdf, 0xff, 0xff, 0x30, 0x0, 0x0, 0x0, 0x0,
    0x8, 0xfd, 0x20, 0xa, 0xff, 0xff, 0x80, 0x0,
    0x0, 0x0, 0x0, 0x1e, 0xff, 0xf5, 0x0, 0x6f,
    0xff, 0xe1, 0x0, 0x0, 0x0, 0x0, 0xcf, 0xff,
    0xff, 0x90, 0x3, 0xef, 0xfc, 0x0, 0x0, 0x0,
    0x0, 0xcf, 0xff, 0xff, 0xfc, 0x10, 0x1b, 0xff,
    0x70, 0x0, 0x0, 0x0, 0x0, 0x0, 0x0, 0x0,
    0x0, 0x0, 0x8f, 0xfb, 0x0, 0x0, 0x0, 0x0,
    0x0, 0xe, 0xff, 0xe0, 0x0, 0x4, 0xef, 0xd0,
    0x0, 0x0, 0x0, 0x0, 0x4, 0xee, 0x40, 0x0,
    0x0, 0x2c, 0x80, 0x0, 0x0, 0x0, 0x0, 0x0,
    0x0, 0x0, 0x0, 0x0, 0x0, 0x0,

    /* U+F1F8 "" */
    0x0, 0x0, 0x7f, 0xff, 0xf7, 0x0, 0x0, 0xef,
    0xff, 0xff, 0xff, 0xff, 0xff, 0xfe, 0xef, 0xff,
    0xff, 0xff, 0xff, 0xff, 0xfe, 0x0, 0x0, 0x0,
    0x0, 0x0, 0x0, 0x0, 0xf, 0xff, 0xff, 0xff,
    0xff, 0xff, 0xf0, 0xe, 0xff, 0xff, 0xff, 0xff,
    0xff, 0xe0, 0xd, 0xff, 0xff, 0xff, 0xff, 0xff,
    0xd0, 0xc, 0xff, 0xff, 0xff, 0xff, 0xff, 0xc0,
    0xb, 0xff, 0xff, 0xff, 0xff, 0xff, 0xb0, 0xa,
    0xff, 0xff, 0xff, 0xff, 0xff, 0xa0, 0x9, 0xff,
    0xff, 0xff, 0xff, 0xff, 0x90, 0x8, 0xff, 0xff,
    0xff, 0xff, 0xff, 0x80, 0x7, 0xff, 0xff, 0xff,
    0xff, 0xff, 0x70, 0x6, 0xff, 0xff, 0xff, 0xff,
    0xff, 0x60, 0x5, 0xff, 0xff, 0xff, 0xff, 0xff,
    0x50, 0x0, 0xcf, 0xff, 0xff, 0xff, 0xfc, 0x0,

    /* U+F1F9 "" */
    0x0, 0x0, 0x16, 0xbc, 0xdb, 0x61, 0x0, 0x0,
    0x0, 0x6, 0xef, 0xff, 0xff, 0xfe, 0x60, 0x0,
    0x0, 0x8f, 0xff, 0xff, 0xff, 0xff, 0xf8, 0x0,
    0x5, 0xff, 0xff, 0xb7, 0x68, 0xef, 0xff, 0x50,
    0xe, 0xff, 0xf4, 0x0, 0x0, 0xa, 0xff, 0xe0,
    0x5f, 0xff, 0x60, 0x7, 0x95, 0xd, 0xff, 0xf5,
    0x9f, 0xfe, 0x0, 0xaf, 0xff, 0xef, 0xff, 0xf9,
    0xbf, 0xfb, 0x0, 0xff, 0xff, 0xff, 0xff, 0xfb,
    0xbf, 0xfc, 0x0, 0xdf, 0xff, 0xff, 0xff, 0xfb,
    0x9f, 0xfe, 0x0, 0x5f, 0xfe, 0x5e, 0xff, 0xf9,
    0x5f, 0xff, 0x60, 0x1, 0x20, 0x5, 0xff, 0xf5,
    0xe, 0xff, 0xf4, 0x0, 0x0, 0x1c, 0xff, 0xe0,
    0x5, 0xff, 0xff, 0xb7, 0x69, 0xff, 0xff, 0x50,
    0x0, 0x8f, 0xff, 0xff, 0xff, 0xff, 0xf8, 0x0,
    0x0, 0x6, 0xef, 0xff, 0xff, 0xfe, 0x60, 0x0,
    0x0, 0x0, 0x16, 0xbd, 0xdb, 0x61, 0x0, 0x0,

    /* U+F1FA "" */
    0x0, 0x0, 0x16, 0xbc, 0xdb, 0x82, 0x0, 0x0,
    0x0, 0x6, 0xef, 0xff, 0xff, 0xff, 0xa0, 0x0,
    0x0, 0x8f, 0xfb, 0x53, 0x24, 0x9f, 0xfd, 0x10,
    0x5, 0xff, 0x60, 0x0, 0x0, 0x2, 0xdf, 0xb0,
    0xe, 0xf6, 0x5, 0xdf, 0xf9, 0xbb, 0x3e, 0xf3,
    0x5f, 0xc0, 0x6f, 0xff, 0xff, 0xff, 0x38, 0xf8,
    0x9f, 0x71, 0xff, 0xe6, 0x6f, 0xff, 0x4, 0xfb,
    0xbf, 0x46, 0xff, 0x60, 0xe, 0xfc, 0x4, 0xfb,
    0xbf, 0x47, 0xff, 0x30, 0x1f, 0xf9, 0x8, 0xf9,
    0x9f, 0x76, 0xff, 0xa5, 0xdf, 0xf9, 0x5f, 0xf4,
    0x5f, 0xc1, 0xff, 0xff, 0xff, 0xff, 0xff, 0x90,
    0xe, 0xf6, 0x4c, 0xfc, 0x28, 0xdd, 0xa5, 0x0,
    0x5, 0xff, 0x50, 0x0, 0x0, 0x1, 0x0, 0x0,
    0x0, 0x8f, 0xfb, 0x52, 0x36, 0xcf, 0x50, 0x0,
    0x0, 0x6, 0xff, 0xff, 0xff, 0xfe, 0x40, 0x0,
    0x0, 0x0, 0x16, 0xbd, 0xdb, 0x61, 0x0, 0x0,

    /* U+F1FB "" */
    0x0, 0x0, 0x0, 0x0, 0x0, 0x8, 0xee, 0x80,
    0x0, 0x0, 0x0, 0x0, 0x0, 0xbf, 0xff, 0xf8,
    0x0, 0x0, 0x0, 0x3, 0xb, 0xff, 0xff, 0xfe,
    0x0, 0x0, 0x0, 0x9f, 0xef, 0xff, 0xff, 0xfe,
    0x0, 0x0, 0x6, 0xff, 0xff, 0xff, 0xff, 0xf8,
    0x0, 0x0, 0x1, 0xef, 0xff, 0xff, 0xff, 0xb0,
    0x0, 0x0, 0x4, 0x2e, 0xff, 0xff, 0xfb, 0x0,
    0x0, 0x0, 0x7f, 0x82, 0xef, 0xff, 0xe0, 0x0,
    0x0, 0x7, 0xff, 0xf8, 0x2e, 0xff, 0xf3, 0x0,
    0x0, 0x7f, 0xff, 0xff, 0x82, 0xef, 0x90, 0x0,
    0x7, 0xff, 0xff, 0xff, 0xf4, 0x16, 0x0, 0x0,
    0xe, 0xff, 0xff, 0xff, 0x70, 0x0, 0x0, 0x0,
    0xf, 0xff, 0xff, 0xf7, 0x0, 0x0, 0x0, 0x0,
    0x2f, 0xff, 0xff, 0x70, 0x0, 0x0, 0x0, 0x0,
    0xbf, 0xff, 0xe7, 0x0, 0x0, 0x0, 0x0, 0x0,
    0x8b, 0x20, 0x0, 0x0, 0x0, 0x0, 0x0, 0x0,

    /* U+F1FC "" */
    0x0, 0x0, 0x0, 0x0, 0x0, 0x0, 0x1b, 0xf7,
    0x0, 0x0, 0x0, 0x0, 0x0, 0x2, 0xef, 0xff,
    0x0, 0x0, 0x0, 0x0, 0x0, 0x3e, 0xff, 0xfc,
    0x0, 0x0, 0x0, 0x0, 0x5, 0xff, 0xff, 0xf4,
    0x0, 0x0, 0x0, 0x0, 0x7f, 0xff, 0xff, 0xb0,
    0x0, 0x0, 0x0, 0x9, 0xff, 0xff, 0xff, 0x30,
    0x0, 0x0, 0x0, 0x7f, 0xff, 0xff, 0xf9, 0x0,
    0x0, 0x0, 0x0, 0xff, 0xff, 0xff, 0xe1, 0x0,
    0x0, 0x0, 0x0, 0xef, 0xff, 0xff, 0x50, 0x0,
    0x0, 0x0, 0x32, 0x6f, 0xff, 0xf9, 0x0, 0x0,
    0x0, 0xb, 0xff, 0x44, 0xee, 0x80, 0x0, 0x0,
    0x60, 0x9f, 0xff, 0xf6, 0x0, 0x0, 0x0, 0x0,
    0xdd, 0xff, 0xff, 0xff, 0x0, 0x0, 0x0, 0x0,
    0x8f, 0xff, 0xff, 0xfc, 0x0, 0x0, 0x0, 0x0,
    0x1e, 0xff, 0xff, 0xf5, 0x0, 0x0, 0x0, 0x0,
    0x2, 0xbf, 0xeb, 0x30, 0x0, 0x0, 0x0, 0x0,

    /* U+F1FD "" */
    0x0, 0x28, 0x0, 0x28, 0x0, 0x28, 0x0, 0x0,
    0xcf, 0x0, 0xcf, 0x0, 0xcf, 0x0, 0x0, 0xcb,
    0x0, 0xcb, 0x0, 0xcb, 0x0, 0x0, 0x88, 0x0,
    0x88, 0x0, 0x88, 0x0, 0x0, 0xff, 0x0, 0xff,
    0x0, 0xff, 0x0, 0x0, 0xff, 0x0, 0xff, 0x0,
    0xff, 0x0, 0x0, 0xff, 0x0, 0xff, 0x0, 0xff,
    0x0, 0x0, 0xff, 0x0, 0xff, 0x0, 0xff, 0x0,
    0x8f, 0xff, 0xff, 0xff, 0xff, 0xff, 0xf8, 0xff,
    0xff, 0xff, 0xff, 0xff, 0xff, 0xff, 0xff, 0xff,
    0xff, 0xff, 0xff, 0xff, 0xff, 0xc3, 0x6, 0xe9,
    0x11, 0x9e, 0x60, 0x3c, 0x19, 0xe6, 0x3, 0xcc,
    0x30, 0x6e, 0x91, 0xff, 0xff, 0xff, 0xff, 0xff,
    0xff, 0xff, 0xff, 0xff, 0xff, 0xff, 0xff, 0xff,
    0xff, 0xff, 0xff, 0xff, 0xff, 0xff, 0xff, 0xff,

    /* U+F1FE "" */
    0xff, 0x0, 0x0, 0x0, 0x0, 0x0, 0x0, 0x0,
    0xff, 0x0, 0x6, 0x80, 0x0, 0x0, 0x0, 0x0,
    0xff, 0x0, 0x1f, 0xf5, 0x0, 0x0, 0x0, 0x0,
    0xff, 0x0, 0xaf, 0xfe, 0x20, 0x3d, 0x50, 0x0,
    0xff, 0x4, 0xff, 0xff, 0xc9, 0xff, 0xd0, 0x0,
    0xff, 0xd, 0xff, 0xff, 0xff, 0xff, 0xf5, 0x0,
    0xff, 0xf, 0xff, 0xff, 0xff, 0xff, 0xfc, 0x0,
    0xff, 0xf, 0xff, 0xff, 0xff, 0xff, 0xff, 0x40,
    0xff, 0xf, 0xff, 0xff, 0xff, 0xff, 0xff, 0xc0,
    0xff, 0x0, 0x0, 0x0, 0x0, 0x0, 0x0, 0x0,
    0xff, 0xff, 0xff, 0xff, 0xff, 0xff, 0xff, 0xff,
    0xff, 0xff, 0xff, 0xff, 0xff, 0xff, 0xff, 0xff,

    /* U+F200 "" */
    0x0, 0x0, 0x0, 0x0, 0x0, 0x0, 0x0, 0x0,
    0x0, 0x0, 0x0, 0x0, 0x0, 0x0, 0x6f, 0xc6,
    0x0, 0x0, 0x0, 0x0, 0x0, 0x5, 0xbc, 0x7,
    0xff, 0xfd, 0x20, 0x0, 0x0, 0x0, 0x2c, 0xff,
    0xf0, 0x7f, 0xff, 0xff, 0x20, 0x0, 0x0, 0x2e,
    0xff, 0xff, 0x7, 0xff, 0xff, 0xfd, 0x0, 0x0,
    0xc, 0xff, 0xff, 0xf0, 0x7f, 0xff, 0xff, 0xf6,
    0x0, 0x5, 0xff, 0xff, 0xff, 0x7, 0xff, 0xff,
    0xff, 0xc0, 0x0, 0xbf, 0xff, 0xff, 0xf0, 0x7f,
    0xff, 0xff, 0xff, 0x0, 0xe, 0xff, 0xff, 0xff,
    0x3, 0x77, 0x77, 0x77, 0x60, 0x0, 0xff, 0xff,
    0xff, 0xf0, 0x0, 0x0, 0x0, 0x0, 0x0, 0xe,
    0xff, 0xff, 0xff, 0x80, 0x6f, 0xff, 0xff, 0xfe,
    0x0, 0xbf, 0xff, 0xff, 0xff, 0x80, 0x6f, 0xff,
    0xff, 0xc0, 0x5, 0xff, 0xff, 0xff, 0xff, 0x80,
    0x6f, 0xff, 0xf7, 0x0, 0xc, 0xff, 0xff, 0xff,
    0xff, 0x80, 0x6f, 0xfd, 0x0, 0x0, 0x1e, 0xff,
    0xff, 0xff, 0xff, 0x80, 0x6f, 0x30, 0x0, 0x0,
    0x1c, 0xff, 0xff, 0xff, 0xfc, 0x0, 0x0, 0x0,
    0x0, 0x0, 0x5, 0xbe, 0xfe, 0xb5, 0x0, 0x0,
    0x0, 0x0, 0x0, 0x0, 0x0, 0x0, 0x0, 0x0,
    0x0, 0x0, 0x0,

    /* U+F201 "" */
    0xee, 0x0, 0x0, 0x0, 0x0, 0x0, 0x0, 0x0,
    0xff, 0x0, 0x0, 0x0, 0x0, 0xcf, 0xff, 0xe0,
    0xff, 0x0, 0x0, 0x0, 0x0, 0x7f, 0xff, 0xf0,
    0xff, 0x0, 0x1c, 0xc1, 0x0, 0x1e, 0xff, 0xf0,
    0xff, 0x1, 0xdf, 0xfd, 0x11, 0xdf, 0xef, 0xf0,
    0xff, 0xc, 0xfd, 0xdf, 0xdd, 0xfd, 0x17, 0xc0,
    0xff, 0x7, 0xc1, 0x1d, 0xff, 0xd1, 0x0, 0x0,
    0xff, 0x0, 0x0, 0x1, 0xcc, 0x10, 0x0, 0x0,
    0xff, 0x0, 0x0, 0x0, 0x0, 0x0, 0x0, 0x0,
    0xff, 0x0, 0x0, 0x0, 0x0, 0x0, 0x0, 0x0,
    0xff, 0xff, 0xff, 0xff, 0xff, 0xff, 0xff, 0xfe,
    0xcf, 0xff, 0xff, 0xff, 0xff, 0xff, 0xff, 0xfe,

    /* U+F202 "" */
    0x0, 0x26, 0x64, 0x0, 0x0, 0x4, 0x65, 0x10,
    0x9, 0xff, 0xff, 0xe3, 0x1, 0xdf, 0xff, 0xf5,
    0x6f, 0xd3, 0x16, 0xfe, 0x8, 0xf7, 0x3, 0xfc,
    0xcf, 0x30, 0x0, 0x9f, 0x69, 0xf7, 0x0, 0x0,
    0xff, 0x0, 0x0, 0x3f, 0xc3, 0xff, 0xeb, 0x50,
    0xff, 0x0, 0x0, 0xe, 0xf1, 0x28, 0xcf, 0xf9,
    0xdf, 0x30, 0x0, 0x8, 0xf9, 0x0, 0x2, 0xff,
    0x8f, 0xc2, 0x17, 0x91, 0xef, 0x71, 0x4, 0xfd,
    0xb, 0xff, 0xff, 0xb0, 0x3e, 0xff, 0xff, 0xf5,
    0x0, 0x36, 0x63, 0x0, 0x0, 0x46, 0x64, 0x10,

    /* U+F203 "" */
    0x8f, 0xff, 0xff, 0xff, 0xff, 0xff, 0xf8, 0xff,
    0xff, 0xff, 0xff, 0xff, 0xff, 0xff, 0xff, 0xff,
    0xff, 0xff, 0xff, 0xff, 0xff, 0xff, 0xff, 0xff,
    0xff, 0xff, 0xff, 0xff, 0xff, 0xf7, 0x45, 0xcf,
    0xb4, 0x4b, 0xff, 0xff, 0x63, 0xd8, 0x1e, 0xa,
    0x95, 0xff, 0xff, 0x1b, 0xff, 0x29, 0x24, 0x9e,
    0xff, 0xff, 0xb, 0xff, 0x83, 0xe9, 0x32, 0xff,
    0xff, 0x43, 0xc8, 0xb0, 0x7c, 0x91, 0xff, 0xff,
    0xe6, 0x46, 0xed, 0x63, 0x5b, 0xff, 0xff, 0xff,
    0xff, 0xff, 0xff, 0xff, 0xff, 0xff, 0xff, 0xff,
    0xff, 0xff, 0xff, 0xff, 0xff, 0xff, 0xff, 0xff,
    0xff, 0xff, 0xff, 0x8f, 0xff, 0xff, 0xff, 0xff,
    0xff, 0xf8,

    /* U+F204 "" */
    0x0, 0x7, 0xcf, 0xff, 0xff, 0xff, 0xfc, 0x70,
    0x0, 0x1, 0xdf, 0xff, 0xff, 0xff, 0xff, 0xff,
    0xfd, 0x10, 0xd, 0xfd, 0x40, 0x4, 0xdf, 0xc0,
    0x4, 0xdf, 0xd0, 0x7f, 0xd1, 0x0, 0x0, 0x1d,
    0xf6, 0x0, 0x1d, 0xf7, 0xcf, 0x40, 0x0, 0x0,
    0x4, 0xfc, 0x0, 0x4, 0xfc, 0xff, 0x0, 0x0,
    0x0, 0x0, 0xff, 0x0, 0x0, 0xff, 0xff, 0x0,
    0x0, 0x0, 0x0, 0xff, 0x0, 0x0, 0xff, 0xcf,
    0x40, 0x0, 0x0, 0x4, 0xfc, 0x0, 0x4, 0xfc,
    0x7f, 0xd1, 0x0, 0x0, 0x1d, 0xf6, 0x0, 0x1d,
    0xf7, 0xd, 0xfd, 0x40, 0x4, 0xdf, 0xc0, 0x4,
    0xdf, 0xd0, 0x1, 0xdf, 0xff, 0xff, 0xff, 0xff,
    0xff, 0xfd, 0x10, 0x0, 0x7, 0xcf, 0xff, 0xff,
    0xff, 0xfc, 0x70, 0x0,

    /* U+F205 "" */
    0x0, 0x7, 0xcf, 0xff, 0xff, 0xff, 0xfc, 0x70,
    0x0, 0x1, 0xdf, 0xff, 0xff, 0xff, 0xff, 0xff,
    0xfd, 0x10, 0xd, 0xff, 0xff, 0xff, 0xfd, 0x40,
    0x4, 0xdf, 0xd0, 0x7f, 0xff, 0xff, 0xff, 0xd1,
    0x0, 0x0, 0x1d, 0xf7, 0xcf, 0xff, 0xff, 0xff,
    0x40, 0x0, 0x0, 0x4, 0xfc, 0xff, 0xff, 0xff,
    0xff, 0x0, 0x0, 0x0, 0x0, 0xff, 0xff, 0xff,
    0xff, 0xff, 0x0, 0x0, 0x0, 0x0, 0xff, 0xcf,
    0xff, 0xff, 0xff, 0x40, 0x0, 0x0, 0x4, 0xfc,
    0x7f, 0xff, 0xff, 0xff, 0xd1, 0x0, 0x0, 0x1d,
    0xf7, 0xd, 0xff, 0xff, 0xff, 0xfd, 0x40, 0x4,
    0xdf, 0xd0, 0x1, 0xdf, 0xff, 0xff, 0xff, 0xff,
    0xff, 0xfd, 0x10, 0x0, 0x7, 0xcf, 0xff, 0xff,
    0xff, 0xfc, 0x70, 0x0,

    /* U+F206 "" */
    0x0, 0x0, 0x0, 0x0, 0xb, 0xcc, 0x20, 0x0,
    0x0, 0x0, 0x0, 0x0, 0x6, 0x88, 0x70, 0xab,
    0xfc, 0x0, 0x0, 0x0, 0x0, 0x0, 0x0, 0xcf,
    0xff, 0x88, 0x8c, 0xf6, 0x0, 0x0, 0x0, 0x0,
    0x0, 0x0, 0x2f, 0xdc, 0xcc, 0xef, 0xf1, 0x0,
    0x0, 0x0, 0x2, 0xaf, 0xee, 0xe0, 0x0, 0x1f,
    0xcf, 0xee, 0xfb, 0x20, 0x2, 0xef, 0x9c, 0xfe,
    0x20, 0xa, 0xf4, 0xff, 0xc9, 0xfe, 0x20, 0xbf,
    0x21, 0xfc, 0xea, 0x4, 0xf7, 0xbf, 0xde, 0x2,
    0xfb, 0xf, 0x90, 0xaf, 0xad, 0xf8, 0xed, 0xf,
    0x93, 0xf9, 0x9, 0xf0, 0xf9, 0xd, 0xff, 0xff,
    0xff, 0x30, 0xf9, 0x7, 0x70, 0x9f, 0xb, 0xf2,
    0x0, 0x1e, 0xa0, 0x0, 0xa, 0xe2, 0x0, 0x2f,
    0xb0, 0x2e, 0xf9, 0x9e, 0xe2, 0x0, 0x0, 0x2e,
    0xe9, 0x9f, 0xf2, 0x0, 0x2b, 0xfe, 0xa2, 0x0,
    0x0, 0x0, 0x2a, 0xff, 0xb2, 0x0, 0x0, 0x0,
    0x0, 0x0, 0x0, 0x0, 0x0, 0x0, 0x0, 0x0,
    0x0,

    /* U+F207 "" */
    0x0, 0x16, 0xad, 0xef, 0xfe, 0xda, 0x61, 0x0,
    0x6, 0xff, 0xff, 0xff, 0xff, 0xff, 0xff, 0x60,
    0xf, 0xff, 0xff, 0xff, 0xff, 0xff, 0xff, 0xf0,
    0xf, 0xf3, 0x0, 0x0, 0x0, 0x0, 0x3f, 0xf0,
    0xdf, 0xf0, 0x0, 0x0, 0x0, 0x0, 0xf, 0xfd,
    0xff, 0xf0, 0x0, 0x0, 0x0, 0x0, 0xf, 0xff,
    0xff, 0xf0, 0x0, 0x0, 0x0, 0x0, 0xf, 0xff,
    0xdf, 0xf0, 0x0, 0x0, 0x0, 0x0, 0xf, 0xfd,
    0xf, 0xf3, 0x0, 0x0, 0x0, 0x0, 0x3f, 0xf0,
    0xf, 0xff, 0xff, 0xff, 0xff, 0xff, 0xff, 0xf0,
    0xf, 0xe9, 0xff, 0xff, 0xff, 0xfd, 0x8f, 0xf0,
    0xf, 0x80, 0xcf, 0xff, 0xff, 0xf5, 0x8, 0xf0,
    0xf, 0xe9, 0xff, 0xff, 0xff, 0xfd, 0x8f, 0xf0,
    0xc, 0xff, 0xff, 0xff, 0xff, 0xff, 0xff, 0xd0,
    0x0, 0xff, 0xc0, 0x0, 0x0, 0x3f, 0xff, 0x0,
    0x0, 0xcf, 0x80, 0x0, 0x0, 0x1e, 0xfb, 0x0,

    /* U+F208 "" */
    0x0, 0x0, 0x0, 0x3, 0x79, 0x97, 0x30, 0x0,
    0x0, 0x0, 0x0, 0x0, 0x3, 0xcf, 0xfe, 0xef,
    0xfc, 0x30, 0x0, 0x0, 0x0, 0x0, 0x5f, 0xe6,
    0x10, 0x1, 0x6e, 0xf5, 0x0, 0x0, 0x0, 0x3,
    0xfb, 0x10, 0x0, 0x0, 0x1, 0xbf, 0x40, 0x0,
    0x0, 0xd, 0xd0, 0x0, 0x0, 0x0, 0x0, 0xd,
    0xd0, 0x0, 0x0, 0x4f, 0x40, 0xdf, 0xff, 0xff,
    0xff, 0xff, 0xff, 0xfc, 0x0, 0x9f, 0x0, 0x58,
    0x88, 0x88, 0x88, 0x88, 0xfc, 0x85, 0x0, 0xbc,
    0x0, 0x9c, 0xcc, 0xcc, 0xc9, 0x0, 0xda, 0x0,
    0x0, 0xbc, 0x0, 0x9c, 0xcc, 0xcc, 0xc9, 0x0,
    0xcb, 0x0, 0x58, 0xcf, 0x88, 0x88, 0x88, 0x88,
    0x85, 0x0, 0xf9, 0x0, 0xdf, 0xff, 0xff, 0xff,
    0xff, 0xff, 0xfd, 0x4, 0xf5, 0x0, 0x0, 0xe,
    0xd0, 0x0, 0x0, 0x0, 0x0, 0xc, 0xe0, 0x0,
    0x0, 0x5, 0xfa, 0x0, 0x0, 0x0, 0x0, 0x9f,
    0x50, 0x0, 0x0, 0x0, 0x7f, 0xc3, 0x0, 0x0,
    0x2b, 0xf8, 0x0, 0x0, 0x0, 0x0, 0x5, 0xef,
    0xdb, 0xad, 0xfe, 0x60, 0x0, 0x0, 0x0, 0x0,
    0x0, 0x16, 0xbd, 0xdb, 0x61, 0x0, 0x0, 0x0,

    /* U+F209 "" */
    0x0, 0x1a, 0x70, 0x0, 0x9, 0xb1, 0x0, 0x79,
    0xc4, 0x0, 0x6b, 0xc6, 0x0, 0x69, 0x4d, 0x0,
    0xe2, 0xc4, 0x0, 0x2d, 0xe, 0x45, 0xc1, 0xf1,
    0x0, 0xd, 0x38, 0xac, 0x76, 0xb0, 0x0, 0x8,
    0x83, 0xff, 0x1b, 0x60, 0x0, 0x6, 0xeb, 0xfe,
    0x6f, 0x30, 0x0, 0xde, 0xf8, 0x56, 0x9e, 0xf4,
    0x2, 0xd0, 0xad, 0x75, 0x41, 0xba, 0x9, 0xf3,
    0x1f, 0xcf, 0xf5, 0x8b, 0x6b, 0x4d, 0x28, 0xeb,
    0x10, 0x8b, 0x8b, 0x57, 0xec, 0xd0, 0x0, 0xc8,
    0x5e, 0xe6, 0xfb, 0x80, 0x3, 0xf2, 0xd, 0xbc,
    0x92, 0xa0, 0x1d, 0x90, 0x2, 0xea, 0x31, 0x46,
    0xeb, 0x0, 0x0, 0x18, 0xdf, 0xeb, 0x50, 0x0,

    /* U+F20A "" */
    0x8f, 0xff, 0xff, 0xff, 0xff, 0xff, 0xff, 0xf8,
    0xff, 0xff, 0xff, 0xff, 0xff, 0xff, 0xff, 0xff,
    0xff, 0xff, 0xff, 0xff, 0xff, 0xff, 0xff, 0xff,
    0xff, 0xfa, 0x20, 0x2b, 0xfa, 0x20, 0x3b, 0xff,
    0xff, 0xb0, 0x27, 0x39, 0xa0, 0x27, 0x39, 0xff,
    0xff, 0x50, 0xef, 0xff, 0x40, 0xff, 0xff, 0xff,
    0xff, 0x60, 0xef, 0xff, 0x50, 0xff, 0xff, 0xff,
    0xff, 0xb0, 0x38, 0x39, 0xa0, 0x38, 0x39, 0xff,
    0xff, 0xf9, 0x10, 0x2b, 0xf9, 0x10, 0x2c, 0xff,
    0xff, 0xff, 0xff, 0xff, 0xff, 0xff, 0xff, 0xff,
    0xff, 0xff, 0xff, 0xff, 0xff, 0xff, 0xff, 0xff,
    0x8f, 0xff, 0xff, 0xff, 0xff, 0xff, 0xff, 0xf8,

    /* U+F20B "" */
    0xdf, 0xff, 0xff, 0xfc, 0x40, 0x6, 0xfe, 0xff,
    0xff, 0xff, 0xff, 0xf5, 0x8, 0xff, 0xff, 0xc8,
    0x88, 0x9f, 0xff, 0x18, 0xff, 0xff, 0x80, 0x0,
    0x5, 0xff, 0x58, 0xff, 0xff, 0x80, 0xff, 0x51,
    0xff, 0x68, 0xff, 0xff, 0x81, 0xff, 0x61, 0xff,
    0x68, 0xff, 0xff, 0x81, 0xff, 0x61, 0xff, 0x68,
    0xff, 0xff, 0x81, 0xff, 0x61, 0xff, 0x68, 0xff,
    0xff, 0x81, 0xff, 0x61, 0xff, 0x68, 0xff, 0xff,
    0x81, 0xff, 0x60, 0xff, 0x58, 0xff, 0xff, 0x81,
    0xff, 0x60, 0x0, 0xb, 0xfe, 0xff, 0x81, 0xff,
    0xb8, 0x88, 0xbf, 0xf9, 0xff, 0x81, 0xff, 0xff,
    0xff, 0xff, 0xd1, 0xef, 0x60, 0xef, 0xff, 0xff,
    0xe9, 0x10,

    /* U+F20D "" */
    0x8f, 0xff, 0xff, 0xff, 0xff, 0xff, 0xf8, 0xff,
    0xff, 0xff, 0xff, 0xff, 0xff, 0xff, 0xff, 0xff,
    0xe5, 0x55, 0x5e, 0xff, 0xff, 0xff, 0xff, 0xa0,
    0x0, 0xa, 0xff, 0xff, 0xff, 0xff, 0x40, 0x33,
    0x5, 0xff, 0xff, 0xff, 0xff, 0x0, 0x77, 0x0,
    0xff, 0xff, 0xff, 0xfa, 0x0, 0xbb, 0x0, 0xaf,
    0xff, 0xff, 0xf5, 0x0, 0xff, 0x0, 0x5f, 0xff,
    0xff, 0xf0, 0x2, 0xbb, 0x30, 0xf, 0xff, 0xff,
    0xb0, 0x0, 0x7, 0x80, 0xb, 0xff, 0xff, 0x60,
    0x0, 0xaf, 0xd0, 0x6, 0xff, 0xff, 0x65, 0x5c,
    0xff, 0xf5, 0x56, 0xff, 0xff, 0xff, 0xff, 0xff,
    0xff, 0xff, 0xff, 0x8f, 0xff, 0xff, 0xff, 0xff,
    0xff, 0xf8,

    /* U+F20E "" */
    0x0, 0x0, 0x68, 0x88, 0x98, 0x88, 0x93, 0x0,
    0x0, 0x0, 0x0, 0xd6, 0x11, 0x24, 0x67, 0x7a,
    0x0, 0x0, 0x0, 0x8, 0x70, 0x54, 0x42, 0x4,
    0x8, 0x40, 0x0, 0x0, 0x2a, 0x64, 0x35, 0x0,
    0x40, 0x0, 0xb0, 0x0, 0x0, 0xa7, 0x40, 0x1,
    0x44, 0x0, 0x0, 0x77, 0x0, 0x3, 0x83, 0x50,
    0x0, 0x53, 0x0, 0x2, 0x7b, 0x0, 0xb, 0x0,
    0x61, 0x4, 0x1, 0x30, 0x24, 0x33, 0x80, 0x66,
    0x0, 0x43, 0x40, 0x0, 0x24, 0x40, 0x30, 0x92,
    0x57, 0x0, 0x44, 0x40, 0x0, 0x16, 0x20, 0x30,
    0xb1, 0xa, 0x10, 0x61, 0x4, 0x1, 0x40, 0x33,
    0x25, 0x60, 0x2, 0x93, 0x60, 0x0, 0x55, 0x0,
    0x6, 0x2b, 0x0, 0x0, 0xa8, 0x74, 0x44, 0x77,
    0x44, 0x46, 0xb5, 0x0, 0x0, 0x1a, 0x40, 0x5,
    0x0, 0x40, 0x5, 0xb0, 0x0, 0x0, 0x7, 0x80,
    0x50, 0x0, 0x4, 0xc, 0x30, 0x0, 0x0, 0x0,
    0xd5, 0x21, 0x21, 0x12, 0x6a, 0x0, 0x0, 0x0,
    0x0, 0x69, 0x99, 0x99, 0x99, 0x93, 0x0, 0x0,

    /* U+F210 "" */
    0x0, 0x0, 0x0, 0x0, 0x0, 0x0, 0x0, 0x0,
    0x0, 0x0, 0x0, 0x0, 0x0, 0x64, 0x0, 0x0,
    0x0, 0x0, 0x0, 0x6, 0xf4, 0x0, 0x0, 0x0,
    0x0, 0x0, 0x5f, 0xf4, 0x1, 0xbe, 0xff, 0xff,
    0xff, 0xff, 0xf4, 0xd, 0xff, 0xff, 0xff, 0xff,
    0xff, 0xf4, 0x3f, 0xff, 0xff, 0xff, 0xff, 0xff,
    0xf4, 0x4f, 0xff, 0x74, 0x44, 0x47, 0xff, 0xf4,
    0x4f, 0xfe, 0x0, 0x0, 0x0, 0xef, 0xf4, 0x4f,
    0xfe, 0x0, 0x0, 0x0, 0xef, 0xf4, 0x4f, 0xfe,
    0x0, 0x0, 0x0, 0xef, 0xf4, 0x4f, 0xfe, 0x0,
    0x0, 0x0, 0xef, 0xf4, 0x4f, 0xfe, 0x0, 0x0,
    0x0, 0xaf, 0xf4, 0x4f, 0xff, 0x20, 0x0, 0x0,
    0xc, 0xf4, 0x4f, 0xff, 0xff, 0xff, 0xff, 0xff,
    0xf4, 0xe, 0xff, 0xff, 0xff, 0xff, 0xff, 0xe0,
    0x3, 0xcf, 0xff, 0xff, 0xff, 0xfc, 0x30,

    /* U+F211 "" */
    0x0, 0x0, 0x7b, 0xd8, 0x10, 0x0, 0x0, 0x0,
    0x4e, 0xfd, 0x30, 0x1, 0x73, 0x0, 0x4, 0xff,
    0xa0, 0x2, 0xaf, 0xff, 0x20, 0x1e, 0xf8, 0x0,
    0x6f, 0xff, 0x81, 0x0, 0x8f, 0x90, 0x8, 0xff,
    0xa1, 0x0, 0x44, 0xcd, 0x0, 0x9f, 0xf6, 0x0,
    0x4d, 0xfb, 0xf3, 0x6, 0xff, 0x40, 0xa, 0xff,
    0xd4, 0xa0, 0x2f, 0xf6, 0x1, 0xcf, 0xf6, 0x0,
    0x20, 0xaf, 0xa0, 0xc, 0xfe, 0x30, 0x17, 0x2,
    0xff, 0x10, 0x9f, 0xe1, 0x4, 0xf7, 0x8, 0xf8,
    0x4, 0xff, 0x30, 0x6f, 0xf1, 0x6, 0xf1, 0xd,
    0xf6, 0x4, 0xff, 0xf3, 0x0, 0x40, 0x4f, 0xd0,
    0x1e, 0xff, 0xf8, 0x0, 0x0, 0x6e, 0x50, 0x99,
    0x24, 0x9c, 0x0, 0x0, 0x0, 0x0, 0x0, 0x0,
    0x0,

    /* U+F212 "" */
    0x0, 0x5b, 0xef, 0xeb, 0x55, 0xbe, 0xfe, 0xb5,
    0x0, 0x8, 0xeb, 0xbb, 0xba, 0xee, 0xab, 0x45,
    0x9e, 0x80, 0xa, 0xaf, 0xff, 0xff, 0xaa, 0xff,
    0x20, 0x8, 0xa0, 0xc, 0xbf, 0xff, 0xff, 0xff,
    0xff, 0x30, 0x6, 0xc0, 0xe, 0xbf, 0xff, 0xff,
    0xff, 0xff, 0x40, 0x4, 0xd0, 0xf, 0xbf, 0xff,
    0xff, 0xff, 0xff, 0x50, 0x3, 0xf0, 0x1f, 0xbf,
    0xff, 0xff, 0xff, 0xff, 0x60, 0x1, 0xf1, 0x3f,
    0xbf, 0xff, 0xff, 0xff, 0xff, 0x70, 0x0, 0xf3,
    0x5d, 0xdf, 0xff, 0xff, 0xff, 0xff, 0x80, 0x0,
    0xd5, 0x7b, 0xfc, 0xbb, 0xab, 0xff, 0xba, 0x72,
    0x0, 0xb7, 0x9c, 0xbf, 0xfe, 0xef, 0xbb, 0xfe,
    0xef, 0xe9, 0xb9, 0xbe, 0x94, 0x0, 0x3, 0xbb,
    0x30, 0x0, 0x49, 0xeb, 0x10, 0x0, 0x0, 0x0,
    0x0, 0x0, 0x0, 0x0, 0x1,

    /* U+F213 "" */
    0x0, 0x0, 0x0, 0x0, 0x0, 0x12, 0x10, 0x0,
    0x0, 0x0, 0x0, 0x0, 0x0, 0x0, 0x2b, 0xff,
    0xfd, 0x40, 0x0, 0x0, 0x0, 0x0, 0x0, 0x2,
    0xff, 0xff, 0xff, 0xf7, 0x0, 0x0, 0x0, 0x0,
    0x0, 0xd, 0xff, 0xff, 0xff, 0xff, 0x30, 0x0,
    0x0, 0x6, 0xcb, 0x7f, 0xff, 0xff, 0xfe, 0xff,
    0xa0, 0x0, 0x0, 0x5f, 0xff, 0xff, 0xff, 0xff,
    0xd0, 0x8f, 0xd0, 0x0, 0x0, 0xaf, 0xff, 0xff,
    0xff, 0xff, 0xd0, 0x8f, 0xe0, 0x0, 0x0, 0xcf,
    0xff, 0xfe, 0xee, 0x1, 0xd0, 0x8f, 0xe6, 0x0,
    0xc, 0xff, 0x96, 0xf0, 0xe, 0x0, 0xd0, 0x8f,
    0xff, 0xa0, 0x8f, 0xff, 0x30, 0xe0, 0xe, 0x0,
    0xd0, 0x8f, 0xff, 0xf5, 0xdf, 0xff, 0x30, 0xe0,
    0xe, 0x0, 0xd0, 0x8f, 0xff, 0xfa, 0xef, 0xff,
    0x30, 0xe0, 0xe, 0x0, 0xd0, 0x8f, 0xff, 0xfb,
    0xaf, 0xff, 0x40, 0xe0, 0xe, 0x1, 0xd0, 0x9f,
    0xff, 0xf7, 0x2e, 0xff, 0xff, 0xff, 0xff, 0xff,
    0xff, 0xff, 0xff, 0xd0, 0x2, 0xbf, 0xff, 0xff,
    0xff, 0xff, 0xff, 0xff, 0xe9, 0x10,

    /* U+F214 "" */
    0xee, 0xee, 0xee, 0xee, 0xee, 0xee, 0xee, 0xe3,
    0x35, 0x33, 0x54, 0x35, 0x43, 0x3e, 0xe2, 0x22,
    0x22, 0x22, 0x22, 0x22, 0x2e, 0xfc, 0xcc, 0xcc,
    0xcc, 0xcc, 0xcc, 0xcf, 0xe6, 0x25, 0x33, 0x53,
    0x25, 0x33, 0x6e, 0xe3, 0x0, 0x0, 0x0, 0x0,
    0x0, 0x3e, 0xe3, 0x0, 0x7, 0xee, 0x90, 0x0,
    0x3e, 0xe5, 0x0, 0x7d, 0x78, 0xd8, 0x0, 0x5e,
    0xe3, 0x0, 0xcb, 0x58, 0xde, 0x0, 0x3e, 0xe3,
    0x0, 0xbd, 0xc8, 0x7d, 0x0, 0x3e, 0xe3, 0x0,
    0x4f, 0xbc, 0xf5, 0x0, 0x3e, 0xe5, 0x0, 0x3,
    0x99, 0x40, 0x0, 0x5e, 0xe8, 0x73, 0x0, 0x0,
    0x0, 0x36, 0x8f, 0x17, 0xdb, 0x74, 0x21, 0x37,
    0xbd, 0x71, 0x0, 0x5, 0xcc, 0x87, 0xcc, 0x50,
    0x0, 0x0, 0x0, 0x3, 0xaa, 0x30, 0x0, 0x0,

    /* U+F215 "" */
    0xbf, 0xff, 0xd0, 0x0, 0x0, 0xd, 0xff, 0xfb,
    0xef, 0xff, 0xf0, 0x0, 0x0, 0xf, 0xff, 0xfe,
    0xef, 0xff, 0xff, 0xff, 0xff, 0xff, 0xff, 0xfe,
    0xef, 0xff, 0xff, 0xff, 0xff, 0xff, 0xff, 0xfe,
    0xef, 0xff, 0xff, 0xff, 0xff, 0xff, 0xff, 0xfe,
    0xef, 0xf5, 0x3, 0xef, 0xfd, 0x30, 0x6f, 0xfe,
    0xef, 0xa0, 0x0, 0x6f, 0xf5, 0x0, 0xa, 0xfe,
    0xef, 0xa0, 0x0, 0x6f, 0xf4, 0x0, 0xa, 0xfe,
    0xef, 0xf4, 0x2, 0xdf, 0xfc, 0x10, 0x4f, 0xfe,
    0xef, 0xff, 0xef, 0xff, 0xff, 0xfe, 0xff, 0xfe,
    0xef, 0xff, 0xff, 0xff, 0xff, 0xff, 0xff, 0xfe,
    0xbf, 0xff, 0xff, 0xff, 0xff, 0xff, 0xff, 0xfb,

    /* U+F216 "" */
    0x0, 0x0, 0x0, 0x0, 0x29, 0xdd, 0x91, 0x0,
    0x0, 0x0, 0x0, 0x0, 0x0, 0x2, 0xd6, 0x24,
    0xae, 0x20, 0x0, 0x0, 0x0, 0x2, 0x43, 0x1,
    0x0, 0x0, 0x8, 0xb0, 0x0, 0x0, 0x2, 0xcf,
    0xff, 0xf8, 0x0, 0x0, 0x0, 0xf1, 0x0, 0x0,
    0x1e, 0xf7, 0x21, 0x4c, 0xd1, 0x0, 0x0, 0xc3,
    0x0, 0x0, 0x9f, 0x30, 0x0, 0x0, 0x8e, 0x10,
    0x0, 0xef, 0xfd, 0x50, 0xec, 0x0, 0x0, 0x0,
    0x8, 0xc0, 0x0, 0x31, 0x19, 0xf6, 0xfb, 0x0,
    0x0, 0x0, 0x0, 0xb9, 0x0, 0x0, 0x0, 0xee,
    0xde, 0x0, 0x0, 0x0, 0x0, 0x1d, 0x70, 0x0,
    0x0, 0xdf, 0x7f, 0x70, 0x0, 0x0, 0x3c, 0x12,
    0xe9, 0x0, 0x4, 0xfc, 0xa, 0xfb, 0x65, 0x7b,
    0xb1, 0x0, 0x2d, 0xea, 0xbf, 0xf3, 0x0, 0x5b,
    0xdc, 0x94, 0x0, 0x0, 0x0, 0x7c, 0xda, 0x30,

    /* U+F217 "" */
    0xd, 0xff, 0xf9, 0x0, 0x0, 0x0, 0x0, 0x0,
    0x0, 0x0, 0xd, 0xff, 0xfd, 0x0, 0x0, 0x0,
    0x0, 0x0, 0x0, 0x0, 0x0, 0x0, 0xff, 0xff,
    0xff, 0xff, 0xff, 0xff, 0xff, 0xd0, 0x0, 0x0,
    0xcf, 0xff, 0xff, 0xe8, 0xff, 0xff, 0xff, 0xd0,
    0x0, 0x0, 0x9f, 0xff, 0xff, 0xb0, 0xcf, 0xff,
    0xff, 0x90, 0x0, 0x0, 0x5f, 0xff, 0xd4, 0x20,
    0x34, 0xef, 0xff, 0x50, 0x0, 0x0, 0x2f, 0xff,
    0xd4, 0x20, 0x34, 0xef, 0xff, 0x20, 0x0, 0x0,
    0xf, 0xff, 0xff, 0xb0, 0xcf, 0xff, 0xfe, 0x0,
    0x0, 0x0, 0xc, 0xff, 0xff, 0xe8, 0xff, 0xff,
    0xfb, 0x0, 0x0, 0x0, 0x8, 0xff, 0xff, 0xff,
    0xff, 0xff, 0xf6, 0x0, 0x0, 0x0, 0x5, 0xfb,
    0x0, 0x0, 0x0, 0x0, 0x0, 0x0, 0x0, 0x0,
    0x2, 0xff, 0xff, 0xff, 0xff, 0xff, 0xc0, 0x0,
    0x0, 0x0, 0x0, 0xff, 0xff, 0xff, 0xff, 0xff,
    0xd0, 0x0, 0x0, 0x0, 0x8, 0xff, 0x80, 0x0,
    0x0, 0x8f, 0xf7, 0x0, 0x0, 0x0, 0xb, 0xff,
    0xa0, 0x0, 0x0, 0xbf, 0xfa, 0x0, 0x0, 0x0,
    0x3, 0xed, 0x30, 0x0, 0x0, 0x3e, 0xd3, 0x0,
    0x0, 0x0, 0x0, 0x0, 0x0, 0x0, 0x0, 0x0,
    0x0, 0x0,

    /* U+F218 "" */
    0xd, 0xff, 0xf9, 0x0, 0x0, 0x0, 0x0, 0x0,
    0x0, 0x0, 0xd, 0xff, 0xfd, 0x0, 0x0, 0x0,
    0x0, 0x0, 0x0, 0x0, 0x0, 0x0, 0xff, 0xff,
    0xff, 0xff, 0xff, 0xff, 0xff, 0xd0, 0x0, 0x0,
    0xcf, 0xff, 0xff, 0xfc, 0xff, 0xff, 0xff, 0xd0,
    0x0, 0x0, 0x9f, 0xff, 0xff, 0xb0, 0xcf, 0xff,
    0xff, 0x90, 0x0, 0x0, 0x5f, 0xff, 0xff, 0xb0,
    0xcf, 0xff, 0xff, 0x50, 0x0, 0x0, 0x2f, 0xff,
    0xf3, 0x0, 0x3, 0xff, 0xff, 0x20, 0x0, 0x0,
    0xf, 0xff, 0xfd, 0x10, 0x2e, 0xff, 0xfe, 0x0,
    0x0, 0x0, 0xc, 0xff, 0xff, 0xd4, 0xef, 0xff,
    0xfb, 0x0, 0x0, 0x0, 0x8, 0xff, 0xff, 0xff,
    0xff, 0xff, 0xf6, 0x0, 0x0, 0x0, 0x5, 0xfb,
    0x0, 0x0, 0x0, 0x0, 0x0, 0x0, 0x0, 0x0,
    0x2, 0xff, 0xff, 0xff, 0xff, 0xff, 0xc0, 0x0,
    0x0, 0x0, 0x0, 0xff, 0xff, 0xff, 0xff, 0xff,
    0xd0, 0x0, 0x0, 0x0, 0x8, 0xff, 0x80, 0x0,
    0x0, 0x8f, 0xf7, 0x0, 0x0, 0x0, 0xb, 0xff,
    0xa0, 0x0, 0x0, 0xbf, 0xfa, 0x0, 0x0, 0x0,
    0x3, 0xed, 0x30, 0x0, 0x0, 0x3e, 0xd3, 0x0,
    0x0, 0x0, 0x0, 0x0, 0x0, 0x0, 0x0, 0x0,
    0x0, 0x0,

    /* U+F21A "" */
    0x0, 0x0, 0x0, 0xd, 0xff, 0xff, 0xd0, 0x0,
    0x0, 0x0, 0x0, 0x0, 0x0, 0xf, 0xff, 0xff,
    0xf0, 0x0, 0x0, 0x0, 0x0, 0x0, 0xcf, 0xff,
    0xff, 0xff, 0xff, 0xfc, 0x0, 0x0, 0x0, 0x0,
    0xff, 0xff, 0xff, 0xff, 0xff, 0xff, 0x0, 0x0,
    0x0, 0x0, 0xff, 0x0, 0x0, 0x0, 0x0, 0xff,
    0x0, 0x0, 0x0, 0x0, 0xff, 0x0, 0x15, 0x51,
    0x0, 0xff, 0x0, 0x0, 0x0, 0x0, 0xff, 0x6b,
    0xff, 0xff, 0xb6, 0xff, 0x0, 0x0, 0x0, 0x17,
    0xff, 0xff, 0xff, 0xff, 0xff, 0xff, 0x71, 0x0,
    0x0, 0xef, 0xff, 0xff, 0xff, 0xff, 0xff, 0xff,
    0xfe, 0x0, 0x0, 0xaf, 0xff, 0xff, 0xff, 0xff,
    0xff, 0xff, 0xfa, 0x0, 0x0, 0xa, 0xff, 0xff,
    0xff, 0xff, 0xff, 0xff, 0xa0, 0x0, 0x0, 0x0,
    0xcf, 0xff, 0xff, 0xff, 0xff, 0xfc, 0x0, 0x0,
    0x0, 0x1, 0xef, 0xff, 0xff, 0xff, 0xff, 0xff,
    0x20, 0x0, 0x1, 0x5e, 0xff, 0xff, 0xff, 0xff,
    0xff, 0xff, 0xe6, 0x10, 0xdf, 0xff, 0xc9, 0xff,
    0xff, 0xff, 0xff, 0x9c, 0xff, 0xfd, 0xdf, 0xc6,
    0x0, 0x8e, 0xff, 0xff, 0xe8, 0x0, 0x6c, 0xfd,

    /* U+F21B "" */
    0x0, 0x0, 0x0, 0x0, 0x0, 0x0, 0x0, 0x0,
    0x0, 0x8e, 0x88, 0xe8, 0x0, 0x0, 0x0, 0x3,
    0xff, 0xff, 0xff, 0x30, 0x0, 0x0, 0xa, 0xff,
    0xff, 0xff, 0xa0, 0x0, 0x7, 0xdf, 0xff, 0xff,
    0xff, 0xfd, 0x70, 0x7, 0xef, 0xff, 0xff, 0xff,
    0xfe, 0x70, 0x0, 0xe, 0x44, 0x55, 0x44, 0xe0,
    0x0, 0x0, 0xa, 0x90, 0xaa, 0x9, 0xa0, 0x0,
    0xa, 0xff, 0xff, 0xff, 0xff, 0xff, 0xa0, 0x5,
    0xff, 0xff, 0xff, 0xff, 0xff, 0x60, 0x1, 0xff,
    0x8d, 0xff, 0xd8, 0xff, 0x20, 0x1d, 0xff, 0x80,
    0xee, 0x8, 0xff, 0xd1, 0x9f, 0xff, 0xb0, 0x99,
    0xb, 0xff, 0xf9, 0xef, 0xff, 0xf0, 0xdd, 0xf,
    0xff, 0xfe, 0xff, 0xff, 0xf4, 0xff, 0x4f, 0xff,
    0xff, 0xff, 0xff, 0xfc, 0xff, 0xcf, 0xff, 0xff,
    0x9f, 0xff, 0xff, 0xff, 0xff, 0xff, 0xf9,

    /* U+F21C "" */
    0x0, 0x0, 0x0, 0x0, 0x3, 0xff, 0xf7, 0x1d,
    0xfd, 0x0, 0x0, 0x0, 0x3b, 0xcb, 0x81, 0x1,
    0x78, 0xcf, 0xcf, 0xff, 0x0, 0x0, 0x0, 0x3b,
    0xcd, 0xfe, 0x88, 0x88, 0x9f, 0xe8, 0x85, 0x0,
    0x0, 0x0, 0x0, 0x0, 0xbf, 0xff, 0xff, 0xff,
    0xf4, 0x0, 0x0, 0x0, 0x0, 0x2b, 0xfe, 0xff,
    0xff, 0xff, 0xfc, 0xde, 0xef, 0xb2, 0x0, 0x2,
    0xef, 0x9e, 0xff, 0xff, 0xff, 0xe3, 0xef, 0xd9,
    0xfe, 0x20, 0xb, 0xf2, 0x2f, 0xff, 0xff, 0xff,
    0x8a, 0xfb, 0xf1, 0x2f, 0xb0, 0xf, 0x90, 0xbf,
    0xff, 0xff, 0xff, 0x5f, 0x91, 0xfa, 0x9, 0xf0,
    0xf, 0x90, 0xdf, 0xff, 0xff, 0xff, 0x2f, 0x90,
    0x7e, 0x9, 0xf0, 0xb, 0xf2, 0x0, 0x2e, 0xa0,
    0x0, 0xb, 0xf2, 0x0, 0x2e, 0xb0, 0x2, 0xef,
    0x99, 0xee, 0x20, 0x0, 0x2, 0xef, 0x99, 0xef,
    0x20, 0x0, 0x2b, 0xfe, 0xa2, 0x0, 0x0, 0x0,
    0x2b, 0xff, 0xb2, 0x0, 0x0, 0x0, 0x0, 0x0,
    0x0, 0x0, 0x0, 0x0, 0x0, 0x0, 0x0,

    /* U+F21D "" */
    0x0, 0x0, 0x0, 0x4e, 0xe4, 0x0, 0x0, 0x0,
    0x0, 0x0, 0x0, 0xef, 0xfe, 0x0, 0x0, 0x0,
    0x0, 0x0, 0x0, 0xef, 0xfe, 0x0, 0x0, 0x0,
    0x0, 0x0, 0x0, 0x4e, 0xe4, 0x0, 0x0, 0x0,
    0x0, 0x0, 0x2, 0x75, 0x57, 0x20, 0x0, 0x0,
    0x0, 0x0, 0xd, 0xff, 0xff, 0xd0, 0x0, 0x0,
    0x0, 0x0, 0xf, 0xff, 0xff, 0xf0, 0x0, 0x0,
    0x0, 0x0, 0xf, 0xff, 0xff, 0xf0, 0x0, 0x0,
    0x0, 0x0, 0xf, 0xff, 0xff, 0xf0, 0x0, 0x0,
    0x0, 0x0, 0xc, 0xff, 0xff, 0xc0, 0x0, 0x0,
    0x0, 0x26, 0x80, 0xff, 0xff, 0x8, 0x62, 0x0,
    0x2b, 0xfc, 0x80, 0xff, 0xff, 0x8, 0xbf, 0xb1,
    0xdc, 0x10, 0x0, 0xff, 0xff, 0x0, 0x1, 0xcd,
    0xdc, 0x10, 0x0, 0xcf, 0xfc, 0x0, 0x1, 0xcd,
    0x2b, 0xfc, 0x96, 0x54, 0x45, 0x69, 0xcf, 0xb2,
    0x0, 0x26, 0xad, 0xef, 0xfe, 0xda, 0x62, 0x0,

    /* U+F21E "" */
    0x0, 0x19, 0xef, 0xc4, 0x0, 0x4c, 0xfe, 0x91,
    0x0, 0x1, 0xdf, 0xff, 0xff, 0x66, 0xff, 0xff,
    0xfd, 0x10, 0x9, 0xff, 0xff, 0xff, 0xff, 0xff,
    0xff, 0xff, 0x90, 0xe, 0xff, 0xff, 0xff, 0xff,
    0xff, 0xff, 0xff, 0xe0, 0xf, 0xff, 0xff, 0x3b,
    0xff, 0xff, 0xff, 0xff, 0xf0, 0xd, 0xff, 0xfc,
    0x3, 0xff, 0x77, 0xff, 0xff, 0xc0, 0x5, 0xff,
    0xf5, 0x82, 0xce, 0x11, 0xef, 0xff, 0x50, 0x0,
    0x0, 0x0, 0xe9, 0x57, 0x76, 0x0, 0x0, 0x0,
    0x0, 0x9, 0xff, 0xff, 0x11, 0xef, 0xff, 0x90,
    0x0, 0x0, 0x0, 0x9f, 0xff, 0x77, 0xff, 0xf9,
    0x0, 0x0, 0x0, 0x0, 0xa, 0xff, 0xff, 0xff,
    0xa0, 0x0, 0x0, 0x0, 0x0, 0x0, 0xaf, 0xff,
    0xfa, 0x0, 0x0, 0x0, 0x0, 0x0, 0x0, 0xa,
    0xff, 0xa0, 0x0, 0x0, 0x0, 0x0, 0x0, 0x0,
    0x0, 0xaa, 0x0, 0x0, 0x0, 0x0,

    /* U+F221 "" */
    0x0, 0x8d, 0xfd, 0x80, 0x0, 0xcf, 0xff, 0xff,
    0xc0, 0x8f, 0xe4, 0x4, 0xef, 0x8d, 0xf4, 0x0,
    0x4, 0xfd, 0xff, 0x0, 0x0, 0xf, 0xfd, 0xf4,
    0x0, 0x4, 0xfd, 0x7f, 0xe4, 0x4, 0xef, 0x70,
    0xbf, 0xff, 0xff, 0xb0, 0x0, 0x7e, 0xfe, 0x70,
    0x0, 0x0, 0x8f, 0x80, 0x0, 0x0, 0x7c, 0xfc,
    0x70, 0x0, 0xf, 0xff, 0xff, 0x0, 0x0, 0x7c,
    0xfc, 0x70, 0x0, 0x0, 0x7f, 0x70, 0x0,

    /* U+F222 "" */
    0x0, 0x0, 0x0, 0x0, 0x1f, 0xff, 0x0, 0x0,
    0x0, 0x0, 0x1d, 0xff, 0x0, 0x0, 0x0, 0x1,
    0xdf, 0xdf, 0x0, 0x8d, 0xfd, 0x8d, 0xfd, 0x11,
    0xc, 0xff, 0xff, 0xff, 0xd1, 0x0, 0x8f, 0xe4,
    0x4, 0xef, 0x80, 0x0, 0xdf, 0x40, 0x0, 0x4f,
    0xd0, 0x0, 0xff, 0x0, 0x0, 0xf, 0xf0, 0x0,
    0xdf, 0x40, 0x0, 0x4f, 0xd0, 0x0, 0x8f, 0xe4,
    0x4, 0xef, 0x80, 0x0, 0xc, 0xff, 0xff, 0xfc,
    0x0, 0x0, 0x0, 0x8d, 0xfd, 0x80, 0x0, 0x0,

    /* U+F223 "" */
    0xef, 0x10, 0x0, 0x1f, 0xea, 0xfc, 0x30, 0x3c,
    0xfa, 0x1d, 0xff, 0xff, 0xfd, 0x10, 0xcf, 0xff,
    0xff, 0xc0, 0x8f, 0xe4, 0x4, 0xef, 0x8d, 0xf4,
    0x0, 0x4, 0xfd, 0xff, 0x0, 0x0, 0xf, 0xfd,
    0xf4, 0x0, 0x4, 0xfd, 0x7f, 0xe4, 0x4, 0xef,
    0x70, 0xbf, 0xff, 0xff, 0xb0, 0x0, 0x7e, 0xfe,
    0x70, 0x0, 0x0, 0x8f, 0x80, 0x0, 0x0, 0x7c,
    0xfc, 0x70, 0x0, 0xf, 0xff, 0xff, 0x0, 0x0,
    0x7c, 0xfc, 0x70, 0x0, 0x0, 0x7f, 0x70, 0x0,

    /* U+F224 "" */
    0x0, 0x0, 0x0, 0x0, 0x1f, 0xff, 0x0, 0x0,
    0x0, 0x0, 0x1d, 0xff, 0x0, 0x0, 0x0, 0x1,
    0xdf, 0xdf, 0x0, 0x8d, 0xfd, 0x8d, 0xfd, 0x11,
    0xc, 0xff, 0xff, 0xff, 0xd1, 0x0, 0x8f, 0xe4,
    0x4, 0xef, 0x80, 0x0, 0xdf, 0x40, 0x0, 0x4f,
    0xd0, 0x0, 0xff, 0x0, 0x0, 0xf, 0xf0, 0x0,
    0xdf, 0x40, 0x0, 0x4f, 0xd0, 0x0, 0x7f, 0xe4,
    0x4, 0xef, 0x70, 0x0, 0xb, 0xff, 0xff, 0xfb,
    0x0, 0x0, 0x0, 0x7e, 0xfe, 0x70, 0x0, 0x0,
    0x0, 0x3a, 0xfa, 0x30, 0x0, 0x0, 0x0, 0xff,
    0xff, 0xf0, 0x0, 0x0, 0x0, 0xbe, 0xfe, 0xb0,
    0x0, 0x0, 0x0, 0x7, 0xf7, 0x0, 0x0, 0x0,

    /* U+F225 "" */
    0xff, 0xf1, 0x0, 0x0, 0x0, 0x1, 0xff, 0xff,
    0xfd, 0x9a, 0x0, 0x0, 0x0, 0x1d, 0xff, 0xfd,
    0xff, 0xf2, 0x0, 0x0, 0x1d, 0xfd, 0xf1, 0x9f,
    0xfd, 0x8d, 0xfd, 0x8d, 0xfd, 0x11, 0xa, 0xfd,
    0xff, 0xff, 0xff, 0xfd, 0x10, 0x0, 0x2, 0x8f,
    0xe4, 0x4, 0xef, 0x80, 0x0, 0x0, 0xd, 0xf4,
    0x0, 0x4, 0xfd, 0x0, 0x0, 0x0, 0xff, 0x0,
    0x0, 0xf, 0xf0, 0x0, 0x0, 0xd, 0xf4, 0x0,
    0x4, 0xfd, 0x0, 0x0, 0x0, 0x8f, 0xe4, 0x4,
    0xef, 0x70, 0x0, 0x0, 0x0, 0xcf, 0xff, 0xff,
    0xb0, 0x0, 0x0, 0x0, 0x0, 0x7e, 0xfe, 0x70,
    0x0, 0x0, 0x0, 0x0, 0x3, 0xaf, 0xa3, 0x0,
    0x0, 0x0, 0x0, 0x0, 0xff, 0xff, 0xf0, 0x0,
    0x0, 0x0, 0x0, 0xb, 0xef, 0xeb, 0x0, 0x0,
    0x0, 0x0, 0x0, 0x7, 0xf7, 0x0, 0x0, 0x0,

    /* U+F226 "" */
    0x0, 0x8d, 0xfd, 0x80, 0x7, 0xdf, 0xd8, 0x0,
    0xc, 0xff, 0xff, 0xfc, 0x1d, 0xff, 0xff, 0xc0,
    0x8f, 0xe4, 0x4, 0xef, 0x84, 0x40, 0x4e, 0xf8,
    0xdf, 0x40, 0x0, 0x4f, 0xd0, 0x0, 0x4, 0xfd,
    0xff, 0x0, 0x0, 0xf, 0xf0, 0x0, 0x0, 0xff,
    0xdf, 0x40, 0x0, 0x4f, 0xd0, 0x0, 0x4, 0xfd,
    0x7f, 0xe4, 0x4, 0xef, 0x74, 0x40, 0x4e, 0xf7,
    0xb, 0xff, 0xff, 0xfb, 0x1d, 0xff, 0xff, 0xb0,
    0x0, 0x7e, 0xfe, 0x70, 0x7, 0xef, 0xe7, 0x0,
    0x0, 0x8, 0xf8, 0x0, 0x0, 0x8f, 0x80, 0x0,
    0x0, 0x7c, 0xfc, 0x70, 0x7, 0xcf, 0xc7, 0x0,
    0x0, 0xff, 0xff, 0xf0, 0xf, 0xff, 0xff, 0x0,
    0x0, 0x7c, 0xfc, 0x70, 0x7, 0xcf, 0xc7, 0x0,
    0x0, 0x7, 0xf7, 0x0, 0x0, 0x7f, 0x70, 0x0,

    /* U+F227 "" */
    0x0, 0x0, 0x0, 0x1, 0xff, 0xf0, 0x0, 0x0,
    0x0, 0x0, 0x0, 0x1, 0xdf, 0xf0, 0x0, 0x0,
    0x0, 0x8d, 0xfd, 0x8d, 0xfd, 0xf0, 0x0, 0x0,
    0xc, 0xff, 0xff, 0xff, 0xd1, 0x10, 0x0, 0x0,
    0x8f, 0xe4, 0x4, 0xef, 0x80, 0x0, 0x0, 0x0,
    0xdf, 0x40, 0x0, 0x4f, 0xd0, 0x0, 0x1f, 0xff,
    0xff, 0x0, 0x0, 0xf, 0xf0, 0x0, 0x1d, 0xff,
    0xdf, 0x40, 0x0, 0x4f, 0xd1, 0xd8, 0xdf, 0xdf,
    0x8f, 0xe4, 0x4, 0xef, 0x86, 0xff, 0xfd, 0x11,
    0xc, 0xff, 0xff, 0xfc, 0x0, 0x3e, 0xf8, 0x0,
    0x0, 0x8d, 0xfd, 0x80, 0x0, 0x3, 0xfd, 0x0,
    0x0, 0x0, 0x1, 0x60, 0x0, 0x0, 0xff, 0x0,
    0x0, 0x0, 0xd, 0xf4, 0x0, 0x4, 0xfd, 0x0,
    0x0, 0x0, 0x7, 0xfe, 0x40, 0x4e, 0xf8, 0x0,
    0x0, 0x0, 0x0, 0xcf, 0xff, 0xff, 0xc0, 0x0,
    0x0, 0x0, 0x0, 0x8, 0xdf, 0xd8, 0x0, 0x0,

    /* U+F228 "" */
    0x0, 0x0, 0x0, 0x0, 0x0, 0x0, 0x0, 0x1f,
    0xff, 0x0, 0x0, 0x0, 0x0, 0x0, 0x0, 0x0,
    0x1d, 0xff, 0x0, 0x8d, 0xfd, 0x80, 0x7, 0xdf,
    0xd8, 0xdf, 0xdf, 0xc, 0xff, 0xff, 0xfc, 0x1e,
    0xff, 0xff, 0xfd, 0x11, 0x8f, 0xe4, 0x4, 0xef,
    0x84, 0x40, 0x4e, 0xf8, 0x0, 0xdf, 0x40, 0x0,
    0x4f, 0xd0, 0x0, 0x4, 0xfd, 0x0, 0xff, 0x0,
    0x0, 0xf, 0xf0, 0x0, 0x0, 0xff, 0x0, 0xdf,
    0x40, 0x0, 0x4f, 0xd0, 0x0, 0x4, 0xfd, 0x0,
    0x7f, 0xe4, 0x4, 0xef, 0x74, 0x40, 0x4e, 0xf8,
    0x0, 0xb, 0xff, 0xff, 0xfb, 0x1d, 0xff, 0xff,
    0xc0, 0x0, 0x0, 0x7e, 0xfe, 0x70, 0x7, 0xdf,
    0xd8, 0x0, 0x0, 0x0, 0x8, 0xf8, 0x0, 0x0,
    0x0, 0x0, 0x0, 0x0, 0x0, 0x7c, 0xfc, 0x70,
    0x0, 0x0, 0x0, 0x0, 0x0, 0x0, 0xff, 0xff,
    0xf0, 0x0, 0x0, 0x0, 0x0, 0x0, 0x0, 0x7c,
    0xfc, 0x70, 0x0, 0x0, 0x0, 0x0, 0x0, 0x0,
    0x7, 0xf7, 0x0, 0x0, 0x0, 0x0, 0x0, 0x0,

    /* U+F229 "" */
    0x0, 0x0, 0x0, 0x0, 0x1f, 0xff, 0x0, 0x0,
    0x0, 0x5, 0x9d, 0xff, 0x0, 0x0, 0x0, 0xe,
    0xff, 0xdf, 0x0, 0x7d, 0xfd, 0x8d, 0xff, 0x91,
    0xc, 0xff, 0xff, 0xff, 0xde, 0x50, 0x7f, 0xe4,
    0x4, 0xef, 0x80, 0x0, 0xdf, 0x40, 0x0, 0x4f,
    0xd0, 0x0, 0xff, 0x0, 0x0, 0xf, 0xf0, 0x0,
    0xdf, 0x40, 0x0, 0x4f, 0xd0, 0x0, 0x8f, 0xe4,
    0x4, 0xef, 0x80, 0x0, 0xc, 0xff, 0xff, 0xfc,
    0x0, 0x0, 0x0, 0x8d, 0xfd, 0x80, 0x0, 0x0,

    /* U+F22A "" */
    0x0, 0x0, 0x0, 0x0, 0x0, 0x0, 0x4f, 0x40,
    0x0, 0x0, 0x4f, 0xff, 0x40, 0x0, 0x3, 0xbf,
    0xa2, 0x0, 0x0, 0x6e, 0xfe, 0x60, 0x0, 0x7,
    0xff, 0xf7, 0x0, 0x0, 0x9, 0xf9, 0x0, 0x0,
    0x1a, 0xff, 0xfa, 0x10, 0x1d, 0xff, 0xff, 0xfd,
    0x19, 0xfd, 0x20, 0x2d, 0xf9, 0xef, 0x30, 0x0,
    0x3f, 0xef, 0xf0, 0x0, 0x0, 0xff, 0xdf, 0x40,
    0x0, 0x4f, 0xd8, 0xfe, 0x40, 0x4e, 0xf8, 0xc,
    0xff, 0xff, 0xfc, 0x0, 0x8, 0xdf, 0xd8, 0x0,

    /* U+F22B "" */
    0x0, 0x2, 0x42, 0x0, 0x0, 0x0, 0x0, 0x0,
    0x2, 0xcf, 0xff, 0xc2, 0x0, 0x0, 0x0, 0x0,
    0x2e, 0xfe, 0xce, 0xfe, 0x10, 0x0, 0x0, 0x0,
    0xaf, 0xb0, 0x0, 0xbf, 0x92, 0xc9, 0x66, 0x0,
    0xef, 0x20, 0x0, 0x2f, 0xfd, 0xff, 0xef, 0x60,
    0xff, 0x0, 0x0, 0xf, 0xff, 0xff, 0xff, 0xc0,
    0xcf, 0x60, 0x0, 0x6f, 0xc6, 0xfd, 0x9c, 0x10,
    0x5f, 0xf8, 0x58, 0xff, 0x50, 0x32, 0x10, 0x0,
    0x8, 0xff, 0xff, 0xf8, 0x0, 0x0, 0x0, 0x0,
    0x0, 0x39, 0xb9, 0x30, 0x0, 0x0, 0x0, 0x0,

    /* U+F22C "" */
    0x1, 0x9e, 0xfc, 0x50, 0x0, 0xdf, 0xff, 0xff,
    0x70, 0x8f, 0xd3, 0x17, 0xff, 0x2e, 0xf3, 0x0,
    0xa, 0xf7, 0xff, 0x0, 0x0, 0x7f, 0x8d, 0xf3,
    0x0, 0xa, 0xf6, 0x8f, 0xd3, 0x7, 0xff, 0x10,
    0xcf, 0xff, 0xff, 0x60, 0x0, 0x8f, 0xfc, 0x40,
    0x0, 0x0, 0xbf, 0x40, 0x0, 0x0, 0xb, 0xf4,
    0x0, 0x0, 0x0, 0xbf, 0x40, 0x0, 0x0, 0xb,
    0xf4, 0x0, 0x0, 0x0, 0xaf, 0x30, 0x0,

    /* U+F22D "" */
    0x0, 0x2, 0x42, 0x0, 0x0, 0x2c, 0xff, 0xfc,
    0x20, 0x2e, 0xfe, 0xce, 0xfe, 0x2a, 0xfb, 0x0,
    0xb, 0xfa, 0xef, 0x20, 0x0, 0x2f, 0xef, 0xf0,
    0x0, 0x1, 0xff, 0xcf, 0x60, 0x0, 0x6f, 0xc5,
    0xff, 0x85, 0x8f, 0xf5, 0x8, 0xff, 0xff, 0xf8,
    0x0, 0x3, 0x9b, 0x93, 0x0,

    /* U+F231 "" */
    0x0, 0x3, 0x9c, 0xdb, 0x71, 0x0, 0x1, 0xaf,
    0xfb, 0xbe, 0xfe, 0x30, 0xc, 0xf8, 0x0, 0x0,
    0x6f, 0xf2, 0x7f, 0x80, 0x23, 0x0, 0x8, 0xfa,
    0xdf, 0x5, 0xff, 0x10, 0x4, 0xfe, 0xfc, 0xa,
    0xff, 0x20, 0x3, 0xff, 0xed, 0xa, 0xfe, 0x0,
    0x5, 0xfe, 0xaf, 0x27, 0xf9, 0x0, 0x9, 0xfa,
    0x2f, 0x5a, 0xf7, 0x0, 0xe, 0xf5, 0x1, 0xe,
    0xfc, 0x23, 0xcf, 0xc0, 0x0, 0x2f, 0xee, 0xff,
    0xfc, 0x10, 0x0, 0x5f, 0x90, 0x66, 0x30, 0x0,
    0x0, 0x7f, 0x50, 0x0, 0x0, 0x0, 0x0, 0x9f,
    0x10, 0x0, 0x0, 0x0, 0x0, 0x98, 0x0, 0x0,
    0x0, 0x0, 0x0, 0x50, 0x0, 0x0, 0x0, 0x0,

    /* U+F232 "" */
    0x0, 0x1, 0x8d, 0xff, 0xd8, 0x10, 0x0, 0x0,
    0x5f, 0xc6, 0x33, 0x6c, 0xf4, 0x0, 0x4, 0xf6,
    0x0, 0x0, 0x0, 0x6f, 0x40, 0x1e, 0x60, 0x30,
    0x0, 0x0, 0x6, 0xf1, 0x7c, 0x4, 0xf7, 0x0,
    0x0, 0x0, 0xc8, 0xc6, 0x7, 0xfb, 0x0, 0x0,
    0x0, 0x6d, 0xe4, 0x3, 0xf6, 0x0, 0x0, 0x0,
    0x3f, 0xd4, 0x0, 0x9e, 0x20, 0x10, 0x0, 0x3f,
    0xb7, 0x0, 0xa, 0xf7, 0xde, 0x40, 0x6c, 0x6e,
    0x0, 0x0, 0x7e, 0xff, 0x40, 0xc7, 0x1f, 0x20,
    0x0, 0x0, 0x31, 0x7, 0xe1, 0x4e, 0x1, 0x0,
    0x0, 0x0, 0x7f, 0x40, 0x9e, 0xdf, 0xe8, 0x55,
    0x7d, 0xe3, 0x0, 0xb9, 0x51, 0x5a, 0xdd, 0xb6,
    0x0, 0x0,

    /* U+F233 "" */
    0xcf, 0xff, 0xff, 0xff, 0xff, 0xff, 0xff, 0xfc,
    0xff, 0xff, 0xff, 0xff, 0xff, 0xe5, 0xd5, 0xef,
    0xff, 0xff, 0xff, 0xff, 0xff, 0xe5, 0xd5, 0xef,
    0xcf, 0xff, 0xff, 0xff, 0xff, 0xff, 0xff, 0xfc,
    0x0, 0x0, 0x0, 0x0, 0x0, 0x0, 0x0, 0x0,
    0xcf, 0xff, 0xff, 0xff, 0xff, 0xff, 0xff, 0xfc,
    0xff, 0xff, 0xff, 0xff, 0xff, 0xe5, 0xd5, 0xef,
    0xff, 0xff, 0xff, 0xff, 0xff, 0xe5, 0xd5, 0xef,
    0xcf, 0xff, 0xff, 0xff, 0xff, 0xff, 0xff, 0xfc,
    0x0, 0x0, 0x0, 0x0, 0x0, 0x0, 0x0, 0x0,
    0xcf, 0xff, 0xff, 0xff, 0xff, 0xff, 0xff, 0xfc,
    0xff, 0xff, 0xff, 0xff, 0xff, 0xe5, 0xd5, 0xef,
    0xff, 0xff, 0xff, 0xff, 0xff, 0xe5, 0xd5, 0xef,
    0xcf, 0xff, 0xff, 0xff, 0xff, 0xff, 0xff, 0xfc,

    /* U+F234 "" */
    0x0, 0x0, 0x2b, 0xff, 0xb2, 0x0, 0x0, 0x0,
    0x0, 0x0, 0x0, 0x2, 0xef, 0xff, 0xfe, 0x20,
    0x0, 0x0, 0x0, 0x0, 0x0, 0xb, 0xff, 0xff,
    0xff, 0xb0, 0x0, 0x0, 0x0, 0x0, 0x0, 0xf,
    0xff, 0xff, 0xff, 0xf0, 0x0, 0x0, 0x0, 0x0,
    0x0, 0xf, 0xff, 0xff, 0xff, 0xf0, 0x0, 0x6,
    0xf6, 0x0, 0x0, 0xb, 0xff, 0xff, 0xff, 0xb0,
    0x0, 0x8, 0xf8, 0x0, 0x0, 0x2, 0xef, 0xff,
    0xfe, 0x20, 0x6, 0x8c, 0xfc, 0x86, 0x0, 0x0,
    0x2b, 0xff, 0xb2, 0x0, 0xf, 0xff, 0xff, 0xff,
    0x0, 0x0, 0x0, 0x0, 0x0, 0x0, 0x6, 0x8c,
    0xfc, 0x86, 0x1, 0x9e, 0xfb, 0x88, 0xbf, 0xe9,
    0x10, 0x8, 0xf8, 0x0, 0x1e, 0xff, 0xff, 0xff,
    0xff, 0xff, 0xe1, 0x6, 0xf6, 0x0, 0x9f, 0xff,
    0xff, 0xff, 0xff, 0xff, 0xf9, 0x0, 0x0, 0x0,
    0xef, 0xff, 0xff, 0xff, 0xff, 0xff, 0xfe, 0x0,
    0x0, 0x0, 0xff, 0xff, 0xff, 0xff, 0xff, 0xff,
    0xff, 0x0, 0x0, 0x0, 0xff, 0xff, 0xff, 0xff,
    0xff, 0xff, 0xff, 0x0, 0x0, 0x0, 0x8f, 0xff,
    0xff, 0xff, 0xff, 0xff, 0xf8, 0x0, 0x0, 0x0,

    /* U+F235 "" */
    0x0, 0x0, 0x2b, 0xff, 0xb2, 0x0, 0x0, 0x0,
    0x0, 0x0, 0x0, 0x0, 0x2e, 0xff, 0xff, 0xe2,
    0x0, 0x0, 0x0, 0x0, 0x0, 0x0, 0xb, 0xff,
    0xff, 0xff, 0xb0, 0x0, 0x0, 0x0, 0x0, 0x0,
    0x0, 0xff, 0xff, 0xff, 0xff, 0x0, 0x0, 0x0,
    0x0, 0x0, 0x0, 0xf, 0xff, 0xff, 0xff, 0xf0,
    0x0, 0x15, 0x0, 0x51, 0x0, 0x0, 0xbf, 0xff,
    0xff, 0xfb, 0x0, 0xd, 0xf6, 0x6f, 0xd0, 0x0,
    0x2, 0xef, 0xff, 0xfe, 0x20, 0x0, 0x6f, 0xff,
    0xf6, 0x0, 0x0, 0x2, 0xbf, 0xfb, 0x20, 0x0,
    0x0, 0xaf, 0xfa, 0x0, 0x0, 0x0, 0x0, 0x0,
    0x0, 0x0, 0x0, 0x6f, 0xff, 0xf6, 0x0, 0x19,
    0xef, 0xb8, 0x8b, 0xfe, 0x91, 0xd, 0xf6, 0x6f,
    0xd0, 0x1e, 0xff, 0xff, 0xff, 0xff, 0xff, 0xe1,
    0x15, 0x0, 0x51, 0x9, 0xff, 0xff, 0xff, 0xff,
    0xff, 0xff, 0x90, 0x0, 0x0, 0x0, 0xef, 0xff,
    0xff, 0xff, 0xff, 0xff, 0xfe, 0x0, 0x0, 0x0,
    0xf, 0xff, 0xff, 0xff, 0xff, 0xff, 0xff, 0xf0,
    0x0, 0x0, 0x0, 0xff, 0xff, 0xff, 0xff, 0xff,
    0xff, 0xff, 0x0, 0x0, 0x0, 0x8, 0xff, 0xff,
    0xff, 0xff, 0xff, 0xff, 0x80, 0x0, 0x0, 0x0,

    /* U+F236 "" */
    0xee, 0x0, 0x0, 0x0, 0x0, 0x0, 0x0, 0x0,
    0x0, 0x0, 0xff, 0x1, 0xbf, 0xb1, 0x0, 0x0,
    0x0, 0x0, 0x0, 0x0, 0xff, 0xb, 0xff, 0xfb,
    0xe, 0xff, 0xff, 0xff, 0xfd, 0x50, 0xff, 0xf,
    0xff, 0xff, 0xf, 0xff, 0xff, 0xff, 0xff, 0xf5,
    0xff, 0xb, 0xff, 0xfb, 0xf, 0xff, 0xff, 0xff,
    0xff, 0xfd, 0xff, 0x1, 0xbf, 0xb1, 0xf, 0xff,
    0xff, 0xff, 0xff, 0xff, 0xff, 0x0, 0x0, 0x0,
    0xf, 0xff, 0xff, 0xff, 0xff, 0xff, 0xff, 0xff,
    0xff, 0xff, 0xff, 0xff, 0xff, 0xff, 0xff, 0xff,
    0xff, 0xff, 0xff, 0xff, 0xff, 0xff, 0xff, 0xff,
    0xff, 0xff, 0xff, 0xff, 0xff, 0xff, 0xff, 0xff,
    0xff, 0xff, 0xff, 0xff, 0xff, 0x0, 0x0, 0x0,
    0x0, 0x0, 0x0, 0x0, 0x0, 0xff, 0xee, 0x0,
    0x0, 0x0, 0x0, 0x0, 0x0, 0x0, 0x0, 0xee,

    /* U+F237 "" */
    0xcf, 0x30, 0x0, 0x0, 0x3, 0xfc, 0x5f, 0xa0,
    0x0, 0x0, 0xa, 0xf5, 0xe, 0xf1, 0x0, 0x0,
    0x1f, 0xe0, 0x8c, 0xf7, 0x0, 0x0, 0x7f, 0xc8,
    0xff, 0xfe, 0x0, 0x0, 0xef, 0xff, 0x0, 0xaf,
    0x50, 0x5, 0xfa, 0x0, 0xff, 0xff, 0xff, 0xff,
    0xff, 0xff, 0x88, 0x8d, 0xfa, 0xaf, 0xd8, 0x88,
    0x0, 0x5, 0xf9, 0x9f, 0x50, 0x0, 0x0, 0x0,
    0xef, 0xfe, 0x0, 0x0, 0x0, 0x0, 0x8f, 0xf7,
    0x0, 0x0, 0x0, 0x0, 0x1f, 0xf1, 0x0, 0x0,
    0x0, 0x0, 0xa, 0xa0, 0x0, 0x0, 0x0, 0x0,
    0x3, 0x30, 0x0, 0x0,

    /* U+F238 "" */
    0x3, 0xbe, 0xff, 0xff, 0xff, 0xeb, 0x30, 0x6f,
    0xff, 0xff, 0xff, 0xff, 0xff, 0xf6, 0xef, 0xff,
    0xff, 0xff, 0xff, 0xff, 0xfe, 0xfa, 0x0, 0x0,
    0x0, 0x0, 0x0, 0xaf, 0xf8, 0x0, 0x0, 0x0,
    0x0, 0x0, 0x8f, 0xf8, 0x0, 0x0, 0x0, 0x0,
    0x0, 0x8f, 0xf8, 0x0, 0x0, 0x0, 0x0, 0x0,
    0x8f, 0xfa, 0x0, 0x0, 0x0, 0x0, 0x0, 0xaf,
    0xff, 0xff, 0xff, 0xff, 0xff, 0xff, 0xff, 0xff,
    0xff, 0xfe, 0x65, 0xef, 0xff, 0xff, 0xff, 0xff,
    0xf5, 0x0, 0x5f, 0xff, 0xff, 0xef, 0xff, 0xf5,
    0x0, 0x6f, 0xff, 0xfe, 0x6f, 0xff, 0xfe, 0x55,
    0xef, 0xff, 0xf6, 0x3, 0xbe, 0xff, 0xff, 0xff,
    0xeb, 0x30, 0x0, 0x8, 0xff, 0xff, 0xff, 0x80,
    0x0, 0x0, 0xbf, 0xff, 0xff, 0xff, 0xfb, 0x0,

    /* U+F239 "" */
    0x3, 0xbe, 0xff, 0xff, 0xff, 0xeb, 0x30, 0x6f,
    0xff, 0xff, 0xff, 0xff, 0xff, 0xf6, 0xef, 0xff,
    0xff, 0xff, 0xff, 0xff, 0xfe, 0xfa, 0x0, 0x1,
    0xfb, 0x0, 0x0, 0xaf, 0xf8, 0x0, 0x0, 0xe9,
    0x0, 0x0, 0x8f, 0xf8, 0x0, 0x0, 0xe9, 0x0,
    0x0, 0x8f, 0xf8, 0x0, 0x0, 0xe9, 0x0, 0x0,
    0x8f, 0xfa, 0x0, 0x1, 0xfb, 0x0, 0x0, 0xaf,
    0xff, 0xff, 0xff, 0xff, 0xff, 0xff, 0xff, 0xfd,
    0x13, 0xff, 0xff, 0xfc, 0x12, 0xdf, 0xf8, 0x0,
    0xbf, 0xff, 0xf6, 0x0, 0x8f, 0xed, 0x13, 0xff,
    0xff, 0xfc, 0x12, 0xde, 0x6f, 0xff, 0xff, 0xff,
    0xff, 0xff, 0xf6, 0x4, 0xbe, 0xff, 0xff, 0xff,
    0xeb, 0x30, 0x0, 0xa, 0xff, 0xff, 0xff, 0x70,
    0x0, 0x0, 0xdf, 0xff, 0xff, 0xff, 0xf9, 0x0,

    /* U+F23A "" */
    0xff, 0xff, 0xff, 0xff, 0xff, 0xff, 0xff, 0xff,
    0xff, 0xff, 0xff, 0xff, 0xff, 0xff, 0xff, 0xff,
    0xff, 0xff, 0xff, 0xff, 0xff, 0xff, 0xa2, 0x2c,
    0xff, 0xe2, 0x2b, 0xff, 0xff, 0xf3, 0x4, 0xff,
    0x80, 0x2f, 0xff, 0xff, 0xf6, 0x10, 0xdf, 0x30,
    0x3f, 0xff, 0xff, 0xf6, 0x70, 0x6b, 0x70, 0x3f,
    0xff, 0xff, 0xf6, 0xe0, 0x5, 0xc0, 0x3f, 0xff,
    0xff, 0xf6, 0xf6, 0x8, 0xc0, 0x3f, 0xff, 0xff,
    0xe1, 0xbd, 0xe, 0xb0, 0x2f, 0xff, 0xff, 0x96,
    0x7f, 0xaf, 0x76, 0x6b, 0xff, 0xff, 0xff, 0xff,
    0xff, 0xff, 0xff, 0xff, 0xff, 0xff, 0xff, 0xff,
    0xff, 0xff, 0xff, 0xff, 0xff, 0xff, 0xff, 0xff,
    0xff, 0xff,

    /* U+F23B "" */
    0xff, 0xff, 0xff, 0xff, 0xff, 0xff, 0xff, 0xff,
    0xff, 0xff, 0xff, 0xff, 0xff, 0xff, 0xff, 0xff,
    0xff, 0xff, 0xff, 0xff, 0xff, 0xff, 0xff, 0x8d,
    0xff, 0xca, 0xff, 0xff, 0xff, 0xff, 0x95, 0xff,
    0x3c, 0xff, 0xff, 0xff, 0xff, 0xf2, 0xdb, 0x4f,
    0xff, 0xff, 0xff, 0xff, 0xfa, 0x53, 0xdf, 0xff,
    0xff, 0xff, 0xff, 0xff, 0x35, 0xff, 0xff, 0xff,
    0xff, 0xff, 0xff, 0x7a, 0xff, 0xff, 0xff, 0xff,
    0xff, 0xff, 0x7a, 0xff, 0xff, 0xff, 0xff, 0xff,
    0xff, 0x8a, 0xff, 0xff, 0xff, 0xff, 0xff, 0xff,
    0xff, 0xff, 0xff, 0xff, 0xff, 0xff, 0xff, 0xff,
    0xff, 0xff, 0xff, 0xff, 0xff, 0xff, 0xff, 0xff,
    0xff, 0xff,

    /* U+F23C "" */
    0x0, 0x0, 0x0, 0x0, 0x3, 0x84, 0x0, 0x0,
    0x0, 0x0, 0x0, 0x0, 0x0, 0x0, 0x15, 0x38,
    0x50, 0x0, 0x0, 0x0, 0x0, 0x0, 0x0, 0x2a,
    0xfa, 0xab, 0x70, 0x0, 0x0, 0x0, 0x0, 0x0,
    0x6, 0xdf, 0x40, 0x2, 0xfc, 0x10, 0x0, 0x0,
    0x0, 0x46, 0x7f, 0xfb, 0x2, 0xb2, 0xaf, 0xb0,
    0x54, 0x0, 0x0, 0x76, 0xaf, 0xfc, 0x37, 0xfa,
    0xbf, 0xf9, 0x67, 0x0, 0x0, 0x84, 0x6f, 0xff,
    0x8f, 0xfa, 0xff, 0xf9, 0x48, 0x0, 0x0, 0x37,
    0xcf, 0xff, 0xfd, 0xdf, 0xff, 0xfd, 0x73, 0x0,
    0x0, 0x1b, 0xaf, 0x56, 0x3, 0x20, 0x77, 0xfa,
    0xb1, 0x0, 0x0, 0x9f, 0xf4, 0x69, 0x47, 0x76,
    0x87, 0x4f, 0xf8, 0x0, 0x0, 0x5f, 0xe6, 0x31,
    0x10, 0x0, 0x14, 0x6d, 0xf5, 0x0, 0x0, 0x48,
    0x50, 0x56, 0x0, 0x0, 0x64, 0x4, 0x84, 0x0,
    0x8, 0xcb, 0x60, 0x5, 0xb6, 0x6a, 0x40, 0x6,
    0xbc, 0x80, 0xb, 0xde, 0x55, 0x84, 0x1, 0x0,
    0x27, 0x56, 0xed, 0xa0, 0x4, 0x9b, 0x9a, 0x77,
    0x77, 0x67, 0x77, 0x99, 0xb9, 0x40, 0x0, 0x24,
    0x10, 0x0, 0x0, 0x0, 0x0, 0x1, 0x32, 0x0,

    /* U+F23D "" */
    0x0, 0x0, 0x0, 0x0, 0x0, 0x0, 0x0, 0x0,
    0x0, 0x0, 0x5, 0x0, 0x0, 0x0, 0x0, 0x0,
    0x0, 0x0, 0x0, 0x0, 0x0, 0xb, 0x60, 0x0,
    0x0, 0x0, 0x0, 0x0, 0x0, 0x0, 0x0, 0x0,
    0x1b, 0xfb, 0x85, 0x43, 0x22, 0x11, 0x11, 0x10,
    0x0, 0x0, 0x0, 0x3, 0x8d, 0xff, 0xff, 0xff,
    0xff, 0xff, 0xff, 0xd7, 0x0, 0x0, 0x0, 0x0,
    0x23, 0x44, 0x55, 0x56, 0x7b, 0xff, 0xd0, 0x0,
    0x0, 0x0, 0x0, 0x0, 0x0, 0x0, 0x0, 0x9,
    0xf3, 0x0, 0x0, 0x0, 0x0, 0x0, 0x0, 0x0,
    0x0, 0x1, 0xd3, 0x0, 0x0, 0x0, 0x0, 0x0,
    0x0, 0x0, 0x0, 0x1, 0xa2, 0x0, 0x0, 0x0,
    0x0, 0x0, 0x0, 0x0, 0x0, 0x0, 0x80, 0x0,
    0x0, 0x0, 0x0, 0x0, 0x0, 0x0, 0x0, 0x0,
    0x40, 0x0, 0x0, 0x0, 0x0, 0x0, 0x0, 0x0,
    0x0, 0x0, 0x0, 0x0, 0x0, 0x0, 0x0, 0x0,
    0x6a, 0x20, 0x0, 0x19, 0x70, 0x0, 0x0, 0x0,
    0x0, 0x0, 0x1f, 0xfa, 0x0, 0x8, 0xff, 0x20,
    0x0, 0x0, 0x0, 0x0, 0x0, 0xdf, 0x60, 0x0,
    0x5f, 0xd0, 0x0, 0x0, 0x0, 0x0, 0x0, 0x0,
    0x10, 0x0, 0x0, 0x10, 0x0, 0x0, 0x0, 0x0,

    /* U+F23E "" */
    0x0, 0x0, 0x38, 0x99, 0x99, 0x60, 0x0, 0x0,
    0x0, 0x9, 0x77, 0xbd, 0xc9, 0x6a, 0x30, 0x0,
    0x0, 0xa6, 0xef, 0x94, 0x7e, 0xf9, 0x84, 0x0,
    0x9, 0x6f, 0xf6, 0x14, 0x31, 0xef, 0xa9, 0x10,
    0x37, 0xef, 0xe0, 0xdf, 0xf5, 0x8f, 0xf7, 0x90,
    0x97, 0xff, 0xb2, 0xff, 0xfa, 0x5f, 0xfd, 0x80,
    0x9b, 0xff, 0xc7, 0xff, 0xfc, 0x8f, 0xff, 0x74,
    0x9d, 0xf7, 0x40, 0x0, 0x0, 0x0, 0xff, 0x75,
    0x8d, 0xf6, 0x90, 0x2d, 0x80, 0x0, 0xef, 0x75,
    0x9b, 0xf6, 0x90, 0x4f, 0xb0, 0x0, 0xef, 0x73,
    0x87, 0xf6, 0x90, 0xd, 0x50, 0x0, 0xec, 0x90,
    0x28, 0xd6, 0x80, 0x4, 0x10, 0x0, 0xe6, 0x70,
    0x7, 0x6b, 0x88, 0x88, 0x88, 0x88, 0x8a, 0x0,
    0x0, 0x96, 0xcf, 0xff, 0xff, 0xf7, 0xa2, 0x0,
    0x0, 0x7, 0x87, 0x8a, 0x97, 0x79, 0x10, 0x0,
    0x0, 0x0, 0x16, 0x99, 0x98, 0x30, 0x0, 0x0,

    /* U+F240 "" */
    0x8f, 0xff, 0xff, 0xff, 0xff, 0xff, 0xff, 0xff,
    0xff, 0x80, 0xff, 0xff, 0xff, 0xff, 0xff, 0xff,
    0xff, 0xff, 0xff, 0xf0, 0xff, 0x0, 0x0, 0x0,
    0x0, 0x0, 0x0, 0x0, 0xf, 0xfd, 0xff, 0xf,
    0xff, 0xff, 0xff, 0xff, 0xff, 0xff, 0xf, 0xff,
    0xff, 0xf, 0xff, 0xff, 0xff, 0xff, 0xff, 0xff,
    0x0, 0xff, 0xff, 0xf, 0xff, 0xff, 0xff, 0xff,
    0xff, 0xff, 0x0, 0xff, 0xff, 0xf, 0xff, 0xff,
    0xff, 0xff, 0xff, 0xff, 0xf, 0xff, 0xff, 0x0,
    0x0, 0x0, 0x0, 0x0, 0x0, 0x0, 0xf, 0xfd,
    0xff, 0xff, 0xff, 0xff, 0xff, 0xff, 0xff, 0xff,
    0xff, 0xf0, 0x8f, 0xff, 0xff, 0xff, 0xff, 0xff,
    0xff, 0xff, 0xff, 0x80,

    /* U+F241 "" */
    0x8f, 0xff, 0xff, 0xff, 0xff, 0xff, 0xff, 0xff,
    0xff, 0x80, 0xff, 0xff, 0xff, 0xff, 0xff, 0xff,
    0xff, 0xff, 0xff, 0xf0, 0xff, 0x0, 0x0, 0x0,
    0x0, 0x0, 0x0, 0x0, 0xf, 0xfd, 0xff, 0xf,
    0xff, 0xff, 0xff, 0xff, 0xf0, 0x0, 0xf, 0xff,
    0xff, 0xf, 0xff, 0xff, 0xff, 0xff, 0xf0, 0x0,
    0x0, 0xff, 0xff, 0xf, 0xff, 0xff, 0xff, 0xff,
    0xf0, 0x0, 0x0, 0xff, 0xff, 0xf, 0xff, 0xff,
    0xff, 0xff, 0xf0, 0x0, 0xf, 0xff, 0xff, 0x0,
    0x0, 0x0, 0x0, 0x0, 0x0, 0x0, 0xf, 0xfd,
    0xff, 0xff, 0xff, 0xff, 0xff, 0xff, 0xff, 0xff,
    0xff, 0xf0, 0x8f, 0xff, 0xff, 0xff, 0xff, 0xff,
    0xff, 0xff, 0xff, 0x80,

    /* U+F242 "" */
    0x8f, 0xff, 0xff, 0xff, 0xff, 0xff, 0xff, 0xff,
    0xff, 0x80, 0xff, 0xff, 0xff, 0xff, 0xff, 0xff,
    0xff, 0xff, 0xff, 0xf0, 0xff, 0x0, 0x0, 0x0,
    0x0, 0x0, 0x0, 0x0, 0xf, 0xfd, 0xff, 0xf,
    0xff, 0xff, 0xff, 0x0, 0x0, 0x0, 0xf, 0xff,
    0xff, 0xf, 0xff, 0xff, 0xff, 0x0, 0x0, 0x0,
    0x0, 0xff, 0xff, 0xf, 0xff, 0xff, 0xff, 0x0,
    0x0, 0x0, 0x0, 0xff, 0xff, 0xf, 0xff, 0xff,
    0xff, 0x0, 0x0, 0x0, 0xf, 0xff, 0xff, 0x0,
    0x0, 0x0, 0x0, 0x0, 0x0, 0x0, 0xf, 0xfd,
    0xff, 0xff, 0xff, 0xff, 0xff, 0xff, 0xff, 0xff,
    0xff, 0xf0, 0x8f, 0xff, 0xff, 0xff, 0xff, 0xff,
    0xff, 0xff, 0xff, 0x80,

    /* U+F243 "" */
    0x8f, 0xff, 0xff, 0xff, 0xff, 0xff, 0xff, 0xff,
    0xff, 0x80, 0xff, 0xff, 0xff, 0xff, 0xff, 0xff,
    0xff, 0xff, 0xff, 0xf0, 0xff, 0x0, 0x0, 0x0,
    0x0, 0x0, 0x0, 0x0, 0xf, 0xfd, 0xff, 0xf,
    0xff, 0xf0, 0x0, 0x0, 0x0, 0x0, 0xf, 0xff,
    0xff, 0xf, 0xff, 0xf0, 0x0, 0x0, 0x0, 0x0,
    0x0, 0xff, 0xff, 0xf, 0xff, 0xf0, 0x0, 0x0,
    0x0, 0x0, 0x0, 0xff, 0xff, 0xf, 0xff, 0xf0,
    0x0, 0x0, 0x0, 0x0, 0xf, 0xff, 0xff, 0x0,
    0x0, 0x0, 0x0, 0x0, 0x0, 0x0, 0xf, 0xfd,
    0xff, 0xff, 0xff, 0xff, 0xff, 0xff, 0xff, 0xff,
    0xff, 0xf0, 0x8f, 0xff, 0xff, 0xff, 0xff, 0xff,
    0xff, 0xff, 0xff, 0x80,

    /* U+F244 "" */
    0x8f, 0xff, 0xff, 0xff, 0xff, 0xff, 0xff, 0xff,
    0xff, 0x80, 0xff, 0xff, 0xff, 0xff, 0xff, 0xff,
    0xff, 0xff, 0xff, 0xf0, 0xff, 0x0, 0x0, 0x0,
    0x0, 0x0, 0x0, 0x0, 0xf, 0xfd, 0xff, 0x0,
    0x0, 0x0, 0x0, 0x0, 0x0, 0x0, 0xf, 0xff,
    0xff, 0x0, 0x0, 0x0, 0x0, 0x0, 0x0, 0x0,
    0x0, 0xff, 0xff, 0x0, 0x0, 0x0, 0x0, 0x0,
    0x0, 0x0, 0x0, 0xff, 0xff, 0x0, 0x0, 0x0,
    0x0, 0x0, 0x0, 0x0, 0xf, 0xff, 0xff, 0x0,
    0x0, 0x0, 0x0, 0x0, 0x0, 0x0, 0xf, 0xfd,
    0xff, 0xff, 0xff, 0xff, 0xff, 0xff, 0xff, 0xff,
    0xff, 0xf0, 0x8f, 0xff, 0xff, 0xff, 0xff, 0xff,
    0xff, 0xff, 0xff, 0x80,

    /* U+F245 "" */
    0x0, 0x0, 0x0, 0x0, 0x0, 0xe, 0x40, 0x0,
    0x0, 0x0, 0x0, 0xff, 0x40, 0x0, 0x0, 0x0,
    0xf, 0xff, 0x40, 0x0, 0x0, 0x0, 0xff, 0xff,
    0x30, 0x0, 0x0, 0xf, 0xff, 0xff, 0x30, 0x0,
    0x0, 0xff, 0xff, 0xfe, 0x30, 0x0, 0xf, 0xff,
    0xff, 0xfe, 0x20, 0x0, 0xff, 0xff, 0xff, 0xfe,
    0x20, 0xf, 0xff, 0xff, 0xff, 0xfe, 0x20, 0xff,
    0xff, 0xff, 0xff, 0xfd, 0xf, 0xff, 0xff, 0xf7,
    0x44, 0x30, 0xff, 0xfe, 0xff, 0xa0, 0x0, 0xf,
    0xfc, 0x1f, 0xff, 0x10, 0x0, 0xfc, 0x0, 0x9f,
    0xf7, 0x0, 0x7, 0x0, 0x2, 0xff, 0xd0, 0x0,
    0x0, 0x0, 0xb, 0xc4, 0x0, 0x0, 0x0, 0x0,
    0x0, 0x0, 0x0,

    /* U+F246 "" */
    0xfe, 0xa2, 0x3b, 0xff, 0xff, 0xff, 0xff, 0xff,
    0x1, 0x8f, 0xf9, 0x10, 0x0, 0xf, 0xf0, 0x0,
    0x0, 0xf, 0xf0, 0x0, 0x0, 0xf, 0xf0, 0x0,
    0x0, 0xf, 0xf0, 0x0, 0x7, 0xff, 0xff, 0x70,
    0x7, 0xff, 0xff, 0x70, 0x0, 0xf, 0xf0, 0x0,
    0x0, 0xf, 0xf0, 0x0, 0x0, 0xf, 0xf0, 0x0,
    0x0, 0xf, 0xf0, 0x0, 0x1, 0x9f, 0xf8, 0x10,
    0xff, 0xff, 0xff, 0xff, 0xff, 0xb3, 0x2a, 0xef,

    /* U+F247 "" */
    0xff, 0x0, 0x0, 0x0, 0x0, 0x0, 0x0, 0xff,
    0xff, 0xff, 0xff, 0xff, 0xff, 0xff, 0xff, 0xff,
    0xf, 0xff, 0xff, 0xff, 0xff, 0xff, 0xff, 0xf0,
    0xf, 0xf0, 0x0, 0x0, 0xf, 0xff, 0xff, 0xf0,
    0xf, 0xf0, 0x0, 0x0, 0xf, 0xff, 0xff, 0xf0,
    0xf, 0xf0, 0x0, 0x0, 0xf, 0xff, 0xff, 0xf0,
    0xf, 0xf0, 0x0, 0x0, 0xf, 0x0, 0xf, 0xf0,
    0xf, 0xf0, 0x0, 0x0, 0xf, 0x0, 0xf, 0xf0,
    0xf, 0xff, 0xff, 0xff, 0xfd, 0x0, 0xf, 0xf0,
    0xf, 0xff, 0xff, 0xf0, 0x0, 0x0, 0xf, 0xf0,
    0xf, 0xff, 0xff, 0xf0, 0x0, 0x0, 0xf, 0xf0,
    0xf, 0xff, 0xff, 0xff, 0xff, 0xff, 0xff, 0xf0,
    0xff, 0xff, 0xff, 0xff, 0xff, 0xff, 0xff, 0xff,
    0xff, 0x0, 0x0, 0x0, 0x0, 0x0, 0x0, 0xff,

    /* U+F248 "" */
    0xff, 0x0, 0x0, 0x0, 0x0, 0xf, 0xf0, 0x0,
    0x0, 0xff, 0xff, 0xff, 0xff, 0xff, 0xff, 0xf0,
    0x0, 0x0, 0xf, 0xff, 0xff, 0xff, 0xff, 0xff,
    0x0, 0x0, 0x0, 0xf, 0xff, 0xff, 0xff, 0xff,
    0xff, 0x0, 0x0, 0x0, 0xf, 0xff, 0xff, 0xff,
    0xff, 0xff, 0x0, 0x0, 0xff, 0xf, 0xff, 0xff,
    0xff, 0xff, 0xff, 0x4f, 0xff, 0xff, 0xf, 0xff,
    0xff, 0xff, 0xff, 0xff, 0x4f, 0xff, 0xf0, 0xf,
    0xff, 0xff, 0xff, 0xff, 0xff, 0x19, 0xff, 0xf0,
    0xff, 0xff, 0xff, 0xff, 0xff, 0xff, 0xf4, 0xff,
    0xf0, 0xff, 0x0, 0x0, 0x44, 0x44, 0x1f, 0xf4,
    0xff, 0xf0, 0x0, 0x0, 0x0, 0xff, 0xff, 0x94,
    0x49, 0xff, 0xf0, 0x0, 0x0, 0x0, 0xff, 0xff,
    0xff, 0xff, 0xff, 0xf0, 0x0, 0x0, 0xf, 0xff,
    0xff, 0xff, 0xff, 0xff, 0xff, 0x0, 0x0, 0xf,
    0xf0, 0x0, 0x0, 0x0, 0x0, 0xff,

    /* U+F249 "" */
    0xdf, 0xff, 0xff, 0xff, 0xff, 0xff, 0xfd, 0xff,
    0xff, 0xff, 0xff, 0xff, 0xff, 0xff, 0xff, 0xff,
    0xff, 0xff, 0xff, 0xff, 0xff, 0xff, 0xff, 0xff,
    0xff, 0xff, 0xff, 0xff, 0xff, 0xff, 0xff, 0xff,
    0xff, 0xff, 0xff, 0xff, 0xff, 0xff, 0xff, 0xff,
    0xff, 0xff, 0xff, 0xff, 0xff, 0xff, 0xff, 0xff,
    0xff, 0xff, 0xff, 0xff, 0xff, 0xff, 0xff, 0xff,
    0xff, 0xff, 0xff, 0xff, 0xff, 0xff, 0xff, 0xff,
    0xff, 0xff, 0xff, 0xf2, 0x0, 0x0, 0xff, 0xff,
    0xff, 0xff, 0xf0, 0xff, 0xfd, 0xff, 0xff, 0xff,
    0xff, 0xf0, 0xff, 0xe1, 0xff, 0xff, 0xff, 0xff,
    0xf0, 0xfe, 0x10, 0xdf, 0xff, 0xff, 0xff, 0xf0,
    0xd1, 0x0,

    /* U+F24B "" */
    0x8f, 0xff, 0xff, 0xff, 0xff, 0xff, 0xff, 0xff,
    0xf8, 0xff, 0xff, 0xff, 0xff, 0xff, 0xff, 0xff,
    0xff, 0xff, 0xff, 0xff, 0xff, 0xff, 0xff, 0xff,
    0xff, 0xff, 0xff, 0xff, 0xff, 0xff, 0xff, 0xff,
    0xff, 0xff, 0xff, 0xff, 0xff, 0xff, 0xff, 0xff,
    0xfe, 0xff, 0xff, 0xff, 0xff, 0xff, 0xfe, 0x7,
    0xb2, 0x3, 0x1a, 0x2, 0x21, 0x9f, 0xff, 0xfe,
    0x6, 0x10, 0xdf, 0xfc, 0x9, 0xb0, 0x7f, 0xff,
    0xfd, 0x7, 0x10, 0xff, 0xfd, 0x6, 0x90, 0x6f,
    0xf3, 0x63, 0x1d, 0xb2, 0x37, 0x5a, 0x3, 0x40,
    0x4f, 0xff, 0xee, 0xff, 0xff, 0xff, 0xff, 0xff,
    0xff, 0xff, 0xff, 0xff, 0xff, 0xff, 0xff, 0xff,
    0xff, 0xff, 0xff, 0xff, 0xff, 0xff, 0xff, 0xff,
    0xff, 0xff, 0xff, 0xff, 0xff, 0xff, 0xff, 0xff,
    0xff, 0xff, 0xff, 0xff, 0xff, 0x8f, 0xff, 0xff,
    0xff, 0xff, 0xff, 0xff, 0xff, 0xf8,

    /* U+F24C "" */
    0x8f, 0xff, 0xff, 0xff, 0xff, 0xff, 0xff, 0xff,
    0xf8, 0xff, 0xff, 0xc7, 0x87, 0x61, 0x2, 0x6d,
    0xff, 0xff, 0xff, 0xf7, 0x9f, 0xff, 0xff, 0x90,
    0x0, 0x9f, 0xff, 0xff, 0x9b, 0xff, 0xff, 0xff,
    0xfb, 0x0, 0xa, 0xff, 0xff, 0x7f, 0xd2, 0xef,
    0x94, 0xff, 0x60, 0x1, 0xff, 0xfa, 0xcf, 0x40,
    0xef, 0x90, 0x6f, 0xc0, 0x0, 0xaf, 0xf8, 0xff,
    0x0, 0xef, 0x90, 0x1f, 0xf0, 0x0, 0x7f, 0xf7,
    0xff, 0x0, 0xef, 0x90, 0x1f, 0xf0, 0x0, 0x7f,
    0xfa, 0xcf, 0x40, 0xef, 0x90, 0x7f, 0xc0, 0x0,
    0xaf, 0xfe, 0x7f, 0xe2, 0xef, 0x94, 0xff, 0x50,
    0x1, 0xff, 0xff, 0x9b, 0xff, 0xff, 0xff, 0xfb,
    0x0, 0xa, 0xff, 0xff, 0xf8, 0x9f, 0xff, 0xff,
    0x90, 0x0, 0xaf, 0xff, 0xff, 0xff, 0xc7, 0x77,
    0x61, 0x2, 0x6d, 0xff, 0xff, 0x8f, 0xff, 0xff,
    0xff, 0xff, 0xff, 0xff, 0xff, 0xf8,

    /* U+F24D "" */
    0x0, 0x0, 0x8f, 0xff, 0xff, 0xff, 0xff, 0xf8,
    0x0, 0x0, 0xff, 0xff, 0xff, 0xff, 0xff, 0xff,
    0x0, 0x0, 0xff, 0xff, 0xff, 0xff, 0xff, 0xff,
    0x0, 0x0, 0xff, 0xff, 0xff, 0xff, 0xff, 0xff,
    0x8f, 0xf0, 0xff, 0xff, 0xff, 0xff, 0xff, 0xff,
    0xff, 0xf0, 0xff, 0xff, 0xff, 0xff, 0xff, 0xff,
    0xff, 0xf0, 0xff, 0xff, 0xff, 0xff, 0xff, 0xff,
    0xff, 0xf0, 0xff, 0xff, 0xff, 0xff, 0xff, 0xff,
    0xff, 0xf0, 0xff, 0xff, 0xff, 0xff, 0xff, 0xff,
    0xff, 0xf0, 0xff, 0xff, 0xff, 0xff, 0xff, 0xff,
    0xff, 0xf0, 0xff, 0xff, 0xff, 0xff, 0xff, 0xff,
    0xff, 0xf4, 0x8f, 0xff, 0xff, 0xff, 0xff, 0xf8,
    0xff, 0xfe, 0x40, 0x0, 0x0, 0x0, 0x0, 0x0,
    0xff, 0xff, 0xff, 0xff, 0xff, 0xff, 0x0, 0x0,
    0xff, 0xff, 0xff, 0xff, 0xff, 0xff, 0x0, 0x0,
    0x8f, 0xff, 0xff, 0xff, 0xff, 0xf8, 0x0, 0x0,

    /* U+F24E "" */
    0x0, 0x0, 0x0, 0x0, 0x6e, 0xe6, 0x0, 0x0,
    0x0, 0x0, 0x0, 0xe, 0xff, 0xff, 0xff, 0xff,
    0xff, 0xff, 0xe0, 0x0, 0x0, 0xe, 0xff, 0xff,
    0xff, 0xff, 0xff, 0xff, 0xe0, 0x0, 0x0, 0x0,
    0x0, 0x3, 0xff, 0xff, 0x30, 0x0, 0x0, 0x0,
    0x0, 0x2d, 0xd2, 0x0, 0x6f, 0xf6, 0x0, 0x2d,
    0xd2, 0x0, 0x0, 0xbe, 0xfa, 0x0, 0xf, 0xf0,
    0x0, 0xae, 0xfa, 0x0, 0x3, 0xf7, 0x8f, 0x20,
    0xf, 0xf0, 0x2, 0xf7, 0x8f, 0x20, 0xb, 0xe0,
    0x1f, 0xa0, 0xf, 0xf0, 0xb, 0xe0, 0x1f, 0xa0,
    0x3f, 0x70, 0x8, 0xf2, 0xf, 0xf0, 0x3f, 0x70,
    0x8, 0xf2, 0xaf, 0x0, 0x1, 0xfa, 0xf, 0xf0,
    0xaf, 0x0, 0x1, 0xfa, 0xff, 0xff, 0xff, 0xff,
    0xf, 0xf0, 0xff, 0xff, 0xff, 0xff, 0xaf, 0xff,
    0xff, 0xfa, 0xf, 0xf0, 0xaf, 0xff, 0xff, 0xf9,
    0x6, 0xcf, 0xfc, 0x60, 0xf, 0xf0, 0x6, 0xcf,
    0xfc, 0x70, 0x0, 0x0, 0x0, 0x0, 0xf, 0xf0,
    0x0, 0x0, 0x0, 0x0, 0x0, 0xe, 0xff, 0xff,
    0xff, 0xff, 0xff, 0xff, 0xe0, 0x0, 0x0, 0xe,
    0xff, 0xff, 0xff, 0xff, 0xff, 0xff, 0xe0, 0x0,

    /* U+F251 "" */
    0xdf, 0xff, 0xff, 0xff, 0xff, 0xfd, 0xdf, 0xff,
    0xff, 0xff, 0xff, 0xfd, 0x3f, 0xff, 0xff, 0xff,
    0xff, 0xf3, 0x1f, 0xff, 0xff, 0xff, 0xff, 0xf1,
    0xc, 0xff, 0xff, 0xff, 0xff, 0xc0, 0x5, 0xff,
    0xff, 0xff, 0xff, 0x50, 0x0, 0x9f, 0xff, 0xff,
    0xf9, 0x0, 0x0, 0x7, 0xef, 0xff, 0x70, 0x0,
    0x0, 0x7, 0xef, 0xfe, 0x70, 0x0, 0x0, 0x9f,
    0xe9, 0x9e, 0xf9, 0x0, 0x5, 0xfe, 0x10, 0x1,
    0xef, 0x50, 0xc, 0xf5, 0x0, 0x0, 0x6f, 0xc0,
    0x1f, 0xf0, 0x0, 0x0, 0xf, 0xf1, 0x3f, 0xd0,
    0x0, 0x0, 0xd, 0xf3, 0xdf, 0xff, 0xff, 0xff,
    0xff, 0xfd, 0xdf, 0xff, 0xff, 0xff, 0xff, 0xfd,

    /* U+F252 "" */
    0xdf, 0xff, 0xff, 0xff, 0xff, 0xfd, 0xdf, 0xff,
    0xff, 0xff, 0xff, 0xfd, 0x3f, 0xc0, 0x0, 0x0,
    0xc, 0xf3, 0x1f, 0xf0, 0x0, 0x0, 0xf, 0xf1,
    0xc, 0xff, 0xff, 0xff, 0xff, 0xc0, 0x5, 0xff,
    0xff, 0xff, 0xff, 0x50, 0x0, 0x9f, 0xff, 0xff,
    0xf9, 0x0, 0x0, 0x7, 0xef, 0xff, 0x70, 0x0,
    0x0, 0x7, 0xef, 0xfe, 0x70, 0x0, 0x0, 0x9f,
    0xf9, 0x9f, 0xf9, 0x0, 0x5, 0xfe, 0x20, 0x2,
    0xef, 0x50, 0xc, 0xf5, 0x0, 0x0, 0x5f, 0xc0,
    0x1f, 0xff, 0xff, 0xff, 0xff, 0xf1, 0x3f, 0xff,
    0xff, 0xff, 0xff, 0xf3, 0xdf, 0xff, 0xff, 0xff,
    0xff, 0xfd, 0xdf, 0xff, 0xff, 0xff, 0xff, 0xfd,

    /* U+F253 "" */
    0xdf, 0xff, 0xff, 0xff, 0xff, 0xfd, 0xdf, 0xff,
    0xff, 0xff, 0xff, 0xfd, 0x3f, 0xd0, 0x0, 0x0,
    0xd, 0xf3, 0x1f, 0xf0, 0x0, 0x0, 0xf, 0xf1,
    0xc, 0xf5, 0x0, 0x0, 0x6f, 0xc0, 0x5, 0xfe,
    0x10, 0x1, 0xef, 0x50, 0x0, 0x9f, 0xe9, 0x9e,
    0xf9, 0x0, 0x0, 0x7, 0xef, 0xff, 0x70, 0x0,
    0x0, 0x7, 0xef, 0xfe, 0x70, 0x0, 0x0, 0x9f,
    0xff, 0xff, 0xf9, 0x0, 0x5, 0xff, 0xff, 0xff,
    0xff, 0x50, 0xc, 0xff, 0xff, 0xff, 0xff, 0xc0,
    0x1f, 0xff, 0xff, 0xff, 0xff, 0xf1, 0x3f, 0xff,
    0xff, 0xff, 0xff, 0xf3, 0xdf, 0xff, 0xff, 0xff,
    0xff, 0xfd, 0xdf, 0xff, 0xff, 0xff, 0xff, 0xfd,

    /* U+F254 "" */
    0xdf, 0xff, 0xff, 0xff, 0xff, 0xfd, 0xdf, 0xff,
    0xff, 0xff, 0xff, 0xfd, 0x3f, 0xff, 0xff, 0xff,
    0xff, 0xf3, 0x1f, 0xff, 0xff, 0xff, 0xff, 0xf1,
    0xc, 0xff, 0xff, 0xff, 0xff, 0xc0, 0x5, 0xff,
    0xff, 0xff, 0xff, 0x50, 0x0, 0x9f, 0xff, 0xff,
    0xf9, 0x0, 0x0, 0x7, 0xef, 0xff, 0x70, 0x0,
    0x0, 0x7, 0xef, 0xfe, 0x70, 0x0, 0x0, 0x9f,
    0xff, 0xff, 0xf9, 0x0, 0x5, 0xff, 0xff, 0xff,
    0xff, 0x50, 0xc, 0xff, 0xff, 0xff, 0xff, 0xc0,
    0x1f, 0xff, 0xff, 0xff, 0xff, 0xf1, 0x3f, 0xff,
    0xff, 0xff, 0xff, 0xf3, 0xdf, 0xff, 0xff, 0xff,
    0xff, 0xfd, 0xdf, 0xff, 0xff, 0xff, 0xff, 0xfd,

    /* U+F255 "" */
    0x0, 0x0, 0x63, 0x2d, 0xd2, 0x36, 0x0, 0x0,
    0x0, 0x9, 0xff, 0x9f, 0xf9, 0xff, 0x92, 0x71,
    0x0, 0xc, 0xff, 0xbf, 0xfc, 0xff, 0xbd, 0xfd,
    0x8f, 0x8c, 0xff, 0xff, 0xff, 0xff, 0xff, 0xff,
    0xff, 0xfc, 0xff, 0xff, 0xff, 0xff, 0xff, 0xff,
    0xff, 0xfc, 0xff, 0xff, 0xff, 0xff, 0xff, 0xff,
    0xff, 0xff, 0xff, 0xff, 0xff, 0xff, 0xff, 0xff,
    0xcf, 0xff, 0xff, 0xff, 0xff, 0xff, 0xff, 0xfe,
    0x3f, 0xff, 0xff, 0xff, 0xff, 0xff, 0xff, 0xfa,
    0x4, 0xff, 0xff, 0xff, 0xff, 0xff, 0xff, 0xf4,
    0x0, 0x3e, 0xff, 0xff, 0xff, 0xff, 0xff, 0xd0,
    0x0, 0x2, 0xdf, 0xff, 0xff, 0xff, 0xff, 0x70,
    0x0, 0x0, 0x2f, 0xff, 0xff, 0xff, 0xff, 0x20,
    0x0, 0x0, 0xd, 0xff, 0xff, 0xff, 0xfd, 0x0,

    /* U+F256 "" */
    0x0, 0x0, 0x0, 0xc, 0xd1, 0x0, 0x0, 0x0,
    0x0, 0x5, 0xa4, 0xff, 0x6a, 0x70, 0x0, 0x0,
    0x0, 0xef, 0xbf, 0xfb, 0xff, 0x0, 0x0, 0x0,
    0xe, 0xfc, 0xff, 0xcf, 0xf1, 0x0, 0x0, 0x0,
    0xef, 0xcf, 0xfc, 0xff, 0x6f, 0x70, 0x0, 0xe,
    0xfc, 0xff, 0xcf, 0xfb, 0xfd, 0x0, 0x0, 0xef,
    0xcf, 0xfc, 0xff, 0xcf, 0xd0, 0x0, 0xe, 0xfc,
    0xff, 0xcf, 0xfc, 0xfd, 0xc, 0xd2, 0xef, 0xff,
    0xff, 0xff, 0xff, 0xd1, 0xff, 0xce, 0xff, 0xff,
    0xff, 0xff, 0xfd, 0x8, 0xff, 0xff, 0xff, 0xff,
    0xff, 0xff, 0xc0, 0xc, 0xff, 0xff, 0xff, 0xff,
    0xff, 0xf9, 0x0, 0x2f, 0xff, 0xff, 0xff, 0xff,
    0xff, 0x60, 0x0, 0x6f, 0xff, 0xff, 0xff, 0xff,
    0xf2, 0x0, 0x0, 0xaf, 0xff, 0xff, 0xff, 0xfe,
    0x0, 0x0, 0x0, 0xbf, 0xff, 0xff, 0xff, 0x60,

    /* U+F257 "" */
    0x1, 0xaa, 0x50, 0x0, 0x0, 0x0, 0x0, 0x0,
    0x6, 0xff, 0xfe, 0x82, 0x0, 0x7b, 0x40, 0x0,
    0x3, 0xff, 0xff, 0xff, 0xb8, 0xff, 0xfb, 0x20,
    0x0, 0x28, 0xef, 0xff, 0xff, 0xff, 0xff, 0xf7,
    0x0, 0x0, 0x5, 0xbf, 0xff, 0xff, 0xff, 0xff,
    0x4, 0x44, 0x44, 0x46, 0xff, 0xff, 0xff, 0xff,
    0xcf, 0xff, 0xff, 0xff, 0xff, 0xff, 0xff, 0xff,
    0xef, 0xff, 0xff, 0xff, 0xff, 0xff, 0xff, 0xff,
    0x4b, 0xbb, 0xbb, 0xbc, 0xff, 0xff, 0xff, 0xff,
    0x0, 0x0, 0x1, 0xef, 0xff, 0xff, 0xff, 0xff,
    0x0, 0x0, 0x2, 0xff, 0xff, 0xff, 0xff, 0xff,
    0x0, 0x0, 0x0, 0x29, 0xff, 0xff, 0xff, 0xff,
    0x0, 0x0, 0x0, 0x2f, 0xff, 0xff, 0xff, 0xfa,
    0x0, 0x0, 0x0, 0x1d, 0xff, 0xfc, 0x95, 0x10,

    /* U+F258 "" */
    0xdf, 0xff, 0xff, 0xff, 0xff, 0xfe, 0x30, 0x0,
    0x0, 0xff, 0xff, 0xff, 0xff, 0xff, 0xff, 0xe0,
    0x0, 0x0, 0x6f, 0xff, 0xff, 0xff, 0xff, 0xff,
    0xf9, 0x0, 0x0, 0x0, 0x0, 0x0, 0x0, 0xa,
    0xff, 0xff, 0x30, 0x0, 0x0, 0x0, 0x0, 0x0,
    0xd, 0xff, 0xff, 0xd0, 0x0, 0x0, 0x0, 0x0,
    0x0, 0x6f, 0xff, 0xff, 0xf7, 0x0, 0x0, 0x4e,
    0xff, 0xff, 0xff, 0xff, 0xff, 0xff, 0x20, 0x0,
    0xef, 0xff, 0xff, 0xff, 0xff, 0xff, 0xff, 0xb0,
    0x0, 0xdf, 0xff, 0xff, 0xff, 0xff, 0xff, 0xff,
    0xf5, 0x0, 0x0, 0x0, 0x0, 0x7f, 0xff, 0xff,
    0xff, 0xfd, 0x0, 0x0, 0x0, 0x0, 0x1, 0xbf,
    0xff, 0xff, 0xff, 0x0, 0x0, 0x0, 0x0, 0x0,
    0x6, 0xff, 0xff, 0xff, 0x0, 0x0, 0x0, 0x0,
    0x0, 0x0, 0xff, 0xff, 0xff, 0x0, 0x0, 0x0,
    0x0, 0x0, 0x0, 0xff, 0xff, 0xff,

    /* U+F259 "" */
    0x0, 0x0, 0x0, 0x0, 0x0, 0x0, 0x0, 0x0,
    0x0, 0x0, 0x0, 0x8e, 0x40, 0x0, 0x0, 0x0,
    0x0, 0x0, 0x0, 0xd, 0xfa, 0x0, 0x8, 0xf5,
    0x0, 0x0, 0x0, 0x99, 0xaf, 0xe0, 0x0, 0xff,
    0x90, 0x0, 0x0, 0x3f, 0xfb, 0xff, 0x20, 0x3f,
    0xf9, 0xea, 0x0, 0x1, 0xff, 0xbf, 0xf6, 0x7,
    0xff, 0xbf, 0xf0, 0x0, 0xd, 0xfb, 0xff, 0x90,
    0xbf, 0xdd, 0xfb, 0x0, 0x0, 0x9f, 0xfb, 0xfd,
    0xf, 0xfa, 0xff, 0x80, 0x0, 0x5, 0xff, 0xbf,
    0xf4, 0xff, 0xaf, 0xf4, 0x0, 0x0, 0x2f, 0xff,
    0xff, 0xff, 0xff, 0xff, 0x0, 0x36, 0x0, 0xff,
    0xff, 0xff, 0xff, 0xff, 0xd0, 0xe, 0xfb, 0xf,
    0xff, 0xff, 0xff, 0xff, 0xfc, 0x0, 0xaf, 0xfc,
    0xff, 0xff, 0xff, 0xff, 0xff, 0xb0, 0x0, 0xaf,
    0xff, 0xff, 0xff, 0xff, 0xff, 0xf8, 0x0, 0x0,
    0xaf, 0xff, 0xff, 0xff, 0xff, 0xff, 0x30, 0x0,
    0x0, 0x9f, 0xff, 0xff, 0xff, 0xff, 0xe0, 0x0,
    0x0, 0x0, 0x8f, 0xff, 0xff, 0xff, 0xf6, 0x0,
    0x0,

    /* U+F25A "" */
    0x0, 0x0, 0x9f, 0x40, 0x0, 0x0, 0x0, 0x0,
    0x0, 0xe, 0xf9, 0x0, 0x0, 0x0, 0x0, 0x0,
    0x0, 0xef, 0x90, 0x0, 0x0, 0x0, 0x0, 0x0,
    0xe, 0xf9, 0x0, 0x0, 0x0, 0x0, 0x0, 0x0,
    0xef, 0x90, 0x0, 0x0, 0x0, 0x0, 0x0, 0xe,
    0xf9, 0xcd, 0x16, 0x40, 0x0, 0x0, 0x0, 0xef,
    0xbf, 0xfa, 0xff, 0x3b, 0x40, 0x0, 0xe, 0xfe,
    0xff, 0xef, 0xfd, 0xfc, 0xc, 0xd2, 0xef, 0xff,
    0xff, 0xff, 0xff, 0xd1, 0xff, 0xce, 0xff, 0xff,
    0xff, 0xff, 0xfd, 0x8, 0xff, 0xff, 0xcf, 0xfc,
    0xff, 0xcf, 0xc0, 0xc, 0xff, 0xfc, 0xff, 0xcf,
    0xfc, 0xfa, 0x0, 0x2f, 0xff, 0xcf, 0xfc, 0xff,
    0xcf, 0x60, 0x0, 0x6f, 0xff, 0xff, 0xff, 0xff,
    0xf2, 0x0, 0x0, 0xaf, 0xff, 0xff, 0xff, 0xfe,
    0x0, 0x0, 0x0, 0xcf, 0xff, 0xff, 0xff, 0x70,

    /* U+F25B "" */
    0x0, 0x0, 0x0, 0x4e, 0xc0, 0x0, 0x0, 0x0,
    0x36, 0x0, 0xb, 0xff, 0x40, 0x0, 0x0, 0x1f,
    0xfa, 0x0, 0xbf, 0xf4, 0x0, 0x0, 0x1, 0xff,
    0xf1, 0xb, 0xff, 0x40, 0x0, 0x0, 0xc, 0xff,
    0x70, 0xbf, 0xf4, 0x0, 0x0, 0x0, 0x5f, 0xfd,
    0xb, 0xff, 0x42, 0x10, 0x0, 0x0, 0xef, 0xf4,
    0xbf, 0xf9, 0xfe, 0x3, 0x0, 0x9, 0xff, 0xab,
    0xff, 0xbf, 0xf9, 0xfc, 0x0, 0x2f, 0xff, 0xff,
    0xff, 0xff, 0xff, 0xe0, 0x1, 0xef, 0xff, 0xff,
    0xff, 0xff, 0xfe, 0x0, 0xdf, 0xff, 0xff, 0xff,
    0xff, 0xff, 0xe0, 0x2f, 0xff, 0xff, 0xff, 0xff,
    0xff, 0xfb, 0x0, 0xbf, 0xff, 0xff, 0xff, 0xff,
    0xff, 0x70, 0x2, 0xff, 0xff, 0xff, 0xff, 0xff,
    0xf3, 0x0, 0x8, 0xff, 0xff, 0xff, 0xff, 0xff,
    0x0, 0x0, 0xc, 0xff, 0xff, 0xff, 0xff, 0x80,

    /* U+F25C "" */
    0xff, 0xff, 0xff, 0xff, 0x71, 0xff, 0xc0, 0x0,
    0x9f, 0xf3, 0xf, 0xff, 0xff, 0xff, 0xf7, 0x2f,
    0xff, 0x20, 0xe, 0xff, 0x50, 0x11, 0x1f, 0xf8,
    0x11, 0x3, 0xff, 0xf7, 0x4, 0xff, 0xf6, 0x0,
    0x0, 0xff, 0x70, 0x0, 0x5f, 0xff, 0xd0, 0xaf,
    0xff, 0x80, 0x0, 0xf, 0xf7, 0x0, 0x6, 0xfe,
    0xdf, 0x2f, 0xfc, 0xf9, 0x0, 0x0, 0xff, 0x70,
    0x0, 0x7f, 0xe7, 0xfb, 0xfa, 0xbf, 0xa0, 0x0,
    0xf, 0xf7, 0x0, 0x9, 0xfd, 0x2f, 0xff, 0x5a,
    0xfb, 0x0, 0x0, 0xff, 0x70, 0x0, 0xaf, 0xc0,
    0xcf, 0xf0, 0x9f, 0xd0, 0x0, 0xf, 0xf7, 0x0,
    0xb, 0xfb, 0x2, 0x63, 0x8, 0xfe, 0x0, 0x0,
    0xef, 0x60, 0x0, 0xcf, 0x90, 0x0, 0x0, 0x6f,
    0xf0,

    /* U+F25D "" */
    0x0, 0x0, 0x18, 0xce, 0xec, 0x82, 0x0, 0x0,
    0x0, 0x6, 0xff, 0xff, 0xff, 0xff, 0x70, 0x0,
    0x0, 0x8f, 0xff, 0xff, 0xff, 0xff, 0xf9, 0x0,
    0x5, 0xff, 0xf8, 0x66, 0x8b, 0xff, 0xff, 0x60,
    0xe, 0xff, 0xe0, 0x0, 0x0, 0x6f, 0xff, 0xf1,
    0x4f, 0xff, 0xe0, 0x8, 0x60, 0xe, 0xff, 0xf6,
    0x8f, 0xff, 0xe0, 0xd, 0xd0, 0xd, 0xff, 0xfa,
    0xaf, 0xff, 0xe0, 0x2, 0x0, 0x1f, 0xff, 0xfc,
    0xaf, 0xff, 0xe0, 0x0, 0x0, 0xbf, 0xff, 0xfb,
    0x8f, 0xff, 0xe0, 0x7, 0x0, 0x9f, 0xff, 0xfa,
    0x4f, 0xff, 0xe0, 0xd, 0x70, 0x1f, 0xff, 0xf5,
    0xd, 0xff, 0xf0, 0xd, 0xf1, 0x9, 0xff, 0xe0,
    0x4, 0xff, 0xfa, 0x9f, 0xfc, 0x8e, 0xff, 0x50,
    0x0, 0x7f, 0xff, 0xff, 0xff, 0xff, 0xf8, 0x0,
    0x0, 0x5, 0xef, 0xff, 0xff, 0xff, 0x60, 0x0,
    0x0, 0x0, 0x6, 0xbc, 0xdb, 0x71, 0x0, 0x0,

    /* U+F25E "" */
    0x0, 0x0, 0x28, 0xbd, 0xca, 0x50, 0x0, 0x0,
    0x0, 0x8, 0xff, 0xa9, 0x9c, 0xfd, 0x30, 0x0,
    0x0, 0xcf, 0x70, 0x0, 0x0, 0x2c, 0xf5, 0x0,
    0x9, 0xf4, 0x0, 0x0, 0x0, 0x0, 0xbf, 0x20,
    0x2f, 0x70, 0x0, 0x0, 0x0, 0x0, 0xe, 0xb0,
    0x9e, 0x0, 0x2, 0x0, 0x1, 0x20, 0x6, 0xf1,
    0xd9, 0x2, 0xde, 0xf5, 0x8f, 0xec, 0x1, 0xf5,
    0xf7, 0x8, 0xd0, 0x21, 0xf5, 0x2, 0x0, 0xf7,
    0xf7, 0x8, 0xd0, 0x22, 0xf5, 0x3, 0x0, 0xf7,
    0xd9, 0x2, 0xee, 0xe4, 0x9f, 0xeb, 0x1, 0xf5,
    0x9e, 0x0, 0x2, 0x0, 0x1, 0x20, 0x6, 0xf1,
    0x2f, 0x70, 0x0, 0x0, 0x0, 0x0, 0xd, 0xb0,
    0x9, 0xf4, 0x0, 0x0, 0x0, 0x0, 0xbf, 0x20,
    0x0, 0xbf, 0x70, 0x0, 0x0, 0x3c, 0xf4, 0x0,
    0x0, 0x8, 0xff, 0xa9, 0x9d, 0xfd, 0x30, 0x0,
    0x0, 0x0, 0x28, 0xbd, 0xca, 0x50, 0x0, 0x0,

    /* U+F260 "" */
    0x0, 0x0, 0x5, 0x0, 0x0, 0x50, 0x0, 0x0,
    0x0, 0x0, 0x7f, 0xa0, 0xa, 0xf8, 0x0, 0x0,
    0x0, 0x7, 0xe4, 0x40, 0xad, 0x4e, 0x80, 0x0,
    0x0, 0x7e, 0x20, 0x8, 0xf1, 0x2, 0xe8, 0x0,
    0x7, 0xe2, 0x0, 0x1, 0xda, 0x0, 0x2e, 0x80,
    0x7e, 0x20, 0x8, 0x10, 0x1d, 0xa0, 0x2, 0xe8,
    0x8e, 0x20, 0xa, 0xd1, 0x1, 0x80, 0x2, 0xe7,
    0x8, 0xe2, 0x0, 0xad, 0x10, 0x0, 0x2e, 0x70,
    0x0, 0x8e, 0x20, 0x1f, 0x80, 0x2, 0xe7, 0x0,
    0x0, 0x8, 0xe4, 0xda, 0x4, 0x4e, 0x70, 0x0,
    0x0, 0x0, 0x8f, 0xa0, 0xa, 0xf7, 0x0, 0x0,
    0x0, 0x0, 0x5, 0x0, 0x0, 0x50, 0x0, 0x0,

    /* U+F261 "" */
    0x0, 0x0, 0x3, 0x79, 0x97, 0x30, 0x0, 0x0,
    0x0, 0x3, 0xcf, 0xff, 0xff, 0xfc, 0x30, 0x0,
    0x0, 0x5f, 0xff, 0xff, 0xff, 0xff, 0xf5, 0x0,
    0x3, 0xff, 0xff, 0xff, 0xff, 0xff, 0xff, 0x40,
    0xc, 0xff, 0xff, 0x7f, 0xf6, 0xef, 0xff, 0xd0,
    0x4f, 0xff, 0xf3, 0x1a, 0x41, 0x2e, 0xff, 0xf5,
    0x8f, 0xff, 0x35, 0xf7, 0x1e, 0x62, 0xef, 0xf9,
    0xaf, 0xf3, 0x5f, 0x8f, 0x44, 0xf6, 0x2e, 0xfb,
    0xaf, 0xd1, 0x8e, 0x26, 0xf5, 0xd9, 0x1d, 0xfb,
    0x9f, 0xfd, 0x19, 0xe1, 0x7f, 0x81, 0xdf, 0xfa,
    0x5f, 0xff, 0xd1, 0x41, 0xa4, 0x1d, 0xff, 0xf6,
    0xe, 0xff, 0xfd, 0x2d, 0xe3, 0xdf, 0xff, 0xe1,
    0x5, 0xff, 0xff, 0xff, 0xff, 0xff, 0xff, 0x60,
    0x0, 0x8f, 0xff, 0xff, 0xff, 0xff, 0xf8, 0x0,
    0x0, 0x6, 0xef, 0xff, 0xff, 0xff, 0x60, 0x0,
    0x0, 0x0, 0x16, 0xbd, 0xdb, 0x71, 0x0, 0x0,

    /* U+F262 "" */
    0x0, 0x0, 0x0, 0x1, 0x46, 0x64, 0x10, 0x0,
    0x0, 0x0, 0x0, 0x0, 0x18, 0xca, 0x76, 0x67,
    0xab, 0x71, 0x0, 0x0, 0x9, 0xbb, 0xff, 0xa4,
    0x0, 0x0, 0x4a, 0xff, 0xbb, 0x90, 0x5, 0xfc,
    0x42, 0x4c, 0x80, 0x9, 0xd6, 0x36, 0xdf, 0x50,
    0x6, 0xb0, 0x6a, 0x50, 0xb5, 0x6c, 0x6, 0xa6,
    0xc, 0x70, 0xd, 0x27, 0x93, 0xa5, 0x2d, 0xc2,
    0x69, 0x39, 0x63, 0xd0, 0xe, 0xb, 0x4f, 0x3a,
    0xe, 0xe0, 0xb3, 0xf3, 0xb0, 0xf0, 0xe, 0x9,
    0x55, 0x67, 0xf, 0xf0, 0x85, 0x55, 0x90, 0xf0,
    0xa, 0x51, 0xbc, 0xa0, 0x5f, 0xf5, 0x1a, 0xcb,
    0x6, 0xb0, 0x2, 0xe3, 0x0, 0x3, 0xef, 0xed,
    0x40, 0x0, 0x4e, 0x30, 0x0, 0x2c, 0xc9, 0xbd,
    0x36, 0x53, 0xdb, 0x9b, 0xd3, 0x0, 0x0, 0x0,
    0x24, 0x20, 0x0, 0x0, 0x3, 0x53, 0x0, 0x0,

    /* U+F263 "" */
    0x0, 0x2b, 0xfe, 0xa2, 0x0, 0x2, 0xff, 0xff,
    0xff, 0x20, 0xb, 0xfc, 0x22, 0xcf, 0xb0, 0xf,
    0xf1, 0x0, 0x2f, 0xf0, 0xf, 0xf1, 0x0, 0x1f,
    0xf0, 0xc, 0xfb, 0x11, 0xbf, 0xc0, 0x3, 0xff,
    0xff, 0xff, 0x30, 0x0, 0x3c, 0xff, 0xc3, 0x0,
    0x8d, 0x50, 0x0, 0x4, 0xd8, 0x9f, 0xfe, 0xcc,
    0xef, 0xf9, 0x7, 0xef, 0xff, 0xfe, 0x70, 0x0,
    0x4, 0xff, 0x40, 0x0, 0x0, 0x1d, 0xff, 0xd1,
    0x0, 0x1, 0xdf, 0xcc, 0xfd, 0x10, 0xd, 0xfc,
    0x0, 0xcf, 0xd0, 0xc, 0xc0, 0x0, 0xb, 0xc0,
    0x0, 0x0, 0x0, 0x0, 0x0,

    /* U+F264 "" */
    0x8f, 0xff, 0xff, 0xff, 0xff, 0xff, 0xf8, 0xff,
    0xff, 0xff, 0xff, 0xff, 0xff, 0xff, 0xff, 0xff,
    0xf8, 0x11, 0x8f, 0xff, 0xff, 0xff, 0xff, 0xb0,
    0x77, 0xb, 0xff, 0xff, 0xff, 0xff, 0x82, 0xff,
    0x38, 0xff, 0xff, 0xff, 0xff, 0xb0, 0xab, 0xb,
    0xff, 0xff, 0xff, 0xff, 0xf7, 0x0, 0x7f, 0xff,
    0xff, 0xff, 0xff, 0x37, 0xbb, 0x72, 0xff, 0xff,
    0xff, 0xff, 0xa2, 0x0, 0x2a, 0xff, 0xff, 0xff,
    0xff, 0xfe, 0x22, 0xef, 0xff, 0xff, 0xff, 0xff,
    0xe2, 0x33, 0x2e, 0xff, 0xff, 0xff, 0xff, 0x93,
    0xef, 0x39, 0xff, 0xff, 0xff, 0xff, 0xff, 0xff,
    0xff, 0xff, 0xff, 0x8f, 0xff, 0xff, 0xff, 0xff,
    0xff, 0xf8,

    /* U+F265 "" */
    0x9f, 0xff, 0xff, 0xff, 0xff, 0xff, 0xfa, 0xff,
    0xff, 0xff, 0xff, 0xff, 0xff, 0xff, 0xff, 0xff,
    0xff, 0xff, 0xff, 0xff, 0xff, 0xff, 0xfb, 0xef,
    0xff, 0xfe, 0xbf, 0xff, 0xff, 0xd0, 0x1d, 0xff,
    0xe2, 0xd, 0xff, 0xff, 0xf4, 0x1, 0xdd, 0x20,
    0x4f, 0xff, 0xef, 0xff, 0x40, 0x11, 0x4, 0xff,
    0xfe, 0xbf, 0xff, 0xf4, 0x0, 0x4f, 0xff, 0xfb,
    0x6f, 0xff, 0xff, 0x55, 0xff, 0xff, 0xf6, 0xd,
    0xff, 0xff, 0xff, 0xff, 0xff, 0xd0, 0x2, 0xef,
    0xff, 0xff, 0xff, 0xfe, 0x20, 0x0, 0x1b, 0xff,
    0xff, 0xff, 0xb1, 0x0, 0x0, 0x0, 0x38, 0xaa,
    0x83, 0x0, 0x0,

    /* U+F266 "" */
    0x77, 0x77, 0x60, 0x77, 0x77, 0x25, 0x77, 0x61,
    0x66, 0x65, 0x2d, 0xfd, 0x10, 0x7, 0xf8, 0x0,
    0xab, 0x10, 0x2d, 0xb1, 0x1, 0xfd, 0x0, 0x0,
    0xdc, 0x0, 0xc1, 0x0, 0xd, 0x10, 0x0, 0x8f,
    0x50, 0x0, 0x7f, 0x34, 0x80, 0x0, 0x59, 0x0,
    0x0, 0x1f, 0xc0, 0x0, 0xf, 0xac, 0x10, 0x0,
    0xb2, 0x0, 0x0, 0xa, 0xf2, 0x0, 0x9, 0xf9,
    0x0, 0x2, 0xc0, 0x0, 0x0, 0x3, 0xf9, 0x0,
    0x3, 0xfb, 0x0, 0x9, 0x50, 0x0, 0x0, 0x0,
    0xcf, 0x10, 0x8, 0xdf, 0x20, 0x1d, 0x0, 0x0,
    0x0, 0x0, 0x5f, 0x70, 0x1c, 0x3f, 0x90, 0x77,
    0x0, 0x0, 0x0, 0x0, 0xe, 0xe0, 0x94, 0xc,
    0xf1, 0xd1, 0x0, 0x0, 0x0, 0x0, 0x7, 0xf7,
    0xb0, 0x5, 0xfc, 0x90, 0x0, 0x0, 0x0, 0x0,
    0x1, 0xff, 0x40, 0x0, 0xef, 0x20, 0x0, 0x0,
    0x0, 0x0, 0x0, 0x9b, 0x0, 0x0, 0x8b, 0x0,
    0x0, 0x0, 0x0, 0x0, 0x0, 0x12, 0x0, 0x0,
    0x12, 0x0, 0x0, 0x0,

    /* U+F267 "" */
    0x0, 0x0, 0x6, 0xac, 0xca, 0x60, 0x0, 0x0,
    0x0, 0x5, 0xd7, 0x20, 0x2, 0x7d, 0x50, 0x0,
    0x0, 0x7b, 0x28, 0xae, 0xeb, 0x61, 0xb7, 0x0,
    0x5, 0xb4, 0xef, 0xff, 0xff, 0xfb, 0x2b, 0x50,
    0xd, 0x2f, 0xff, 0xff, 0xff, 0xaf, 0xd1, 0xd0,
    0x58, 0xbf, 0xff, 0xff, 0xf7, 0xaf, 0xf6, 0x85,
    0x95, 0xff, 0xff, 0xff, 0x74, 0xff, 0xfa, 0x49,
    0xb6, 0xff, 0xff, 0xf8, 0xd, 0xff, 0xfe, 0x2b,
    0xb7, 0xff, 0xff, 0xa7, 0xaf, 0xff, 0xff, 0x2b,
    0x96, 0xef, 0xff, 0x16, 0xff, 0xff, 0xfd, 0x49,
    0x58, 0xef, 0xf7, 0x7f, 0xff, 0xff, 0xf9, 0x85,
    0xd, 0x7f, 0xd9, 0xff, 0xff, 0xff, 0xe3, 0xd0,
    0x5, 0xb9, 0xdf, 0xff, 0xff, 0xff, 0x5b, 0x50,
    0x0, 0x7b, 0x5e, 0xff, 0xfe, 0xc4, 0xb7, 0x0,
    0x0, 0x5, 0xd7, 0x66, 0x64, 0x7d, 0x50, 0x0,
    0x0, 0x0, 0x6, 0xac, 0xca, 0x60, 0x0, 0x0,

    /* U+F268 "" */
    0x0, 0x0, 0x39, 0xde, 0xeb, 0x60, 0x0, 0x0,
    0x0, 0x1a, 0xff, 0xff, 0xff, 0xfe, 0x30, 0x0,
    0x0, 0xcf, 0xff, 0xff, 0xff, 0xff, 0xf5, 0x0,
    0x2, 0xdf, 0xff, 0xff, 0xff, 0xff, 0xff, 0x20,
    0x3b, 0x4f, 0xfc, 0x40, 0x0, 0x12, 0x23, 0x20,
    0x9f, 0x39, 0xc0, 0x15, 0x30, 0x16, 0x67, 0x80,
    0xdf, 0xa0, 0x22, 0xef, 0xfa, 0xd, 0xff, 0xf4,
    0xff, 0xf2, 0xb, 0xff, 0xff, 0x39, 0xff, 0xf7,
    0xff, 0xfa, 0xd, 0xff, 0xff, 0x48, 0xff, 0xf7,
    0xdf, 0xff, 0x27, 0xff, 0xfe, 0x1b, 0xff, 0xf5,
    0x9f, 0xff, 0xc0, 0x7c, 0xb2, 0x2f, 0xff, 0xf2,
    0x2f, 0xff, 0xfc, 0x40, 0x0, 0xcf, 0xff, 0xb0,
    0x9, 0xff, 0xff, 0xff, 0x47, 0xff, 0xff, 0x30,
    0x0, 0xcf, 0xff, 0xfc, 0x2f, 0xff, 0xf6, 0x0,
    0x0, 0xa, 0xff, 0xf4, 0xbf, 0xfe, 0x50, 0x0,
    0x0, 0x0, 0x39, 0xa5, 0xec, 0x70, 0x0, 0x0,
    0x0, 0x0, 0x0, 0x0, 0x0, 0x0, 0x0, 0x0,

    /* U+F269 "" */
    0x0, 0x0, 0x0, 0x0, 0x2, 0x10, 0x0, 0x0,
    0x0, 0x0, 0x0, 0x0, 0xac, 0x0, 0x0, 0x2,
    0x50, 0x0, 0x0, 0xf, 0xfd, 0x50, 0x0, 0x8e,
    0x98, 0xd3, 0x1, 0xff, 0xfe, 0x10, 0xc, 0xff,
    0xfc, 0x0, 0xd, 0xff, 0xfb, 0x5, 0xff, 0xff,
    0xff, 0x50, 0x4f, 0xff, 0xf4, 0xaf, 0xff, 0xfe,
    0x40, 0x0, 0x5f, 0xff, 0x9d, 0xff, 0xfe, 0x50,
    0x0, 0x0, 0xaf, 0xfe, 0xdf, 0xff, 0xd0, 0x0,
    0x0, 0xd, 0xff, 0xeb, 0xff, 0xff, 0xda, 0xd7,
    0x0, 0xff, 0xfc, 0x7f, 0xff, 0xfd, 0xb6, 0x0,
    0x8f, 0xff, 0x51, 0xff, 0xff, 0xe5, 0x12, 0x9f,
    0xff, 0xf0, 0x7, 0xff, 0xff, 0xff, 0xff, 0xff,
    0xfb, 0x0, 0x9, 0xff, 0xff, 0xff, 0xff, 0xfb,
    0x10, 0x0, 0x6, 0xef, 0xff, 0xff, 0xf6, 0x0,
    0x0, 0x0, 0x0, 0x6a, 0xbb, 0x83, 0x0, 0x0,

    /* U+F26A "" */
    0x0, 0x0, 0x4a, 0xef, 0xec, 0x71, 0x0, 0x0,
    0x0, 0x1b, 0xff, 0xf8, 0x33, 0x8b, 0x40, 0x0,
    0x1, 0xdf, 0xfe, 0x20, 0x8, 0xff, 0xf7, 0x0,
    0xb, 0xff, 0xf2, 0x0, 0x0, 0x7f, 0xff, 0x40,
    0x4f, 0xff, 0x80, 0x0, 0x0, 0xd, 0xff, 0xd0,
    0xaf, 0xff, 0x10, 0x0, 0x0, 0x6, 0xff, 0xf2,
    0xef, 0xfd, 0x0, 0x0, 0x0, 0x3, 0xff, 0xf6,
    0xff, 0xfc, 0x0, 0x0, 0x0, 0x2, 0xff, 0xf7,
    0xef, 0xfd, 0x0, 0x0, 0x0, 0x3, 0xff, 0xf6,
    0xcf, 0xff, 0x0, 0x0, 0x0, 0x5, 0xff, 0xf4,
    0x6f, 0xff, 0x50, 0x0, 0x0, 0xb, 0xff, 0xe0,
    0xe, 0xff, 0xe0, 0x0, 0x0, 0x4f, 0xff, 0x60,
    0x3, 0xff, 0xfb, 0x0, 0x5, 0xef, 0xfa, 0x0,
    0x0, 0x4e, 0xff, 0xd4, 0x6, 0xbc, 0x80, 0x0,
    0x0, 0x1, 0x9e, 0xff, 0xec, 0x94, 0x0, 0x0,
    0x0, 0x0, 0x0, 0x24, 0x31, 0x0, 0x0, 0x0,

    /* U+F26B "" */
    0x0, 0x0, 0x0, 0x0, 0x0, 0x0, 0x0, 0x0,
    0x0, 0x0, 0x0, 0x0, 0x0, 0x17, 0xcf, 0xeb,
    0x10, 0x0, 0x0, 0x2, 0x8d, 0xff, 0xfd, 0x20,
    0x28, 0x0, 0x0, 0x6, 0xff, 0xff, 0xff, 0xfd,
    0x20, 0x60, 0x0, 0x8, 0xff, 0xff, 0xff, 0xff,
    0xfe, 0x24, 0x0, 0x4, 0xe9, 0xff, 0xc8, 0x8d,
    0xff, 0xfc, 0x30, 0x0, 0xa5, 0xef, 0x70, 0x0,
    0xa, 0xff, 0xf6, 0x0, 0x2, 0xdf, 0xd0, 0x0,
    0x0, 0xf, 0xff, 0xc0, 0x0, 0x9f, 0xfe, 0xcc,
    0xcc, 0xcc, 0xff, 0xff, 0x0, 0x3f, 0xff, 0xff,
    0xff, 0xff, 0xff, 0xff, 0xf0, 0xc, 0xff, 0xfc,
    0x33, 0x33, 0x33, 0x33, 0x32, 0x4, 0xff, 0xff,
    0xe1, 0x0, 0x0, 0x15, 0x55, 0x20, 0x9a, 0x9f,
    0xff, 0xc1, 0x0, 0x2d, 0xff, 0xf3, 0xd, 0x51,
    0xef, 0xff, 0xfc, 0xdf, 0xff, 0xf9, 0x0, 0xf2,
    0x3, 0xef, 0xff, 0xff, 0xff, 0xf9, 0x0, 0xd,
    0x60, 0x3, 0xdf, 0xff, 0xff, 0xb4, 0x0, 0x0,
    0x5d, 0x86, 0x50, 0x2, 0x32, 0x0, 0x0, 0x0,
    0x0, 0x0, 0x0, 0x0, 0x0, 0x0, 0x0, 0x0,
    0x0,

    /* U+F26C "" */
    0x8f, 0xff, 0xff, 0xff, 0xff, 0xff, 0xff, 0xff,
    0xff, 0xf8, 0xff, 0xff, 0xff, 0xff, 0xff, 0xff,
    0xff, 0xff, 0xff, 0xff, 0xff, 0x0, 0x0, 0x0,
    0x0, 0x0, 0x0, 0x0, 0x0, 0xff, 0xff, 0x0,
    0x0, 0x0, 0x0, 0x0, 0x0, 0x0, 0x0, 0xff,
    0xff, 0x0, 0x0, 0x0, 0x0, 0x0, 0x0, 0x0,
    0x0, 0xff, 0xff, 0x0, 0x0, 0x0, 0x0, 0x0,
    0x0, 0x0, 0x0, 0xff, 0xff, 0x0, 0x0, 0x0,
    0x0, 0x0, 0x0, 0x0, 0x0, 0xff, 0xff, 0x0,
    0x0, 0x0, 0x0, 0x0, 0x0, 0x0, 0x0, 0xff,
    0xff, 0x0, 0x0, 0x0, 0x0, 0x0, 0x0, 0x0,
    0x0, 0xff, 0xff, 0x0, 0x0, 0x0, 0x0, 0x0,
    0x0, 0x0, 0x0, 0xff, 0xff, 0x0, 0x0, 0x0,
    0x0, 0x0, 0x0, 0x0, 0x0, 0xff, 0xff, 0xff,
    0xff, 0xff, 0xff, 0xff, 0xff, 0xff, 0xff, 0xff,
    0x8f, 0xff, 0xff, 0xff, 0xff, 0xff, 0xff, 0xff,
    0xff, 0xf8, 0x0, 0x0, 0x0, 0x0, 0xd, 0xf2,
    0x0, 0x0, 0x0, 0x0, 0x0, 0x9, 0xff, 0xff,
    0xff, 0xff, 0xff, 0xff, 0xd0, 0x0, 0x0, 0x9,
    0xff, 0xff, 0xff, 0xff, 0xff, 0xff, 0xd0, 0x0,

    /* U+F26D "" */
    0xbf, 0x70, 0x0, 0x0, 0x0, 0x0, 0x7f, 0xfb,
    0xfb, 0x0, 0x0, 0x0, 0x0, 0x0, 0xc, 0xff,
    0xf3, 0x0, 0x1, 0xad, 0x80, 0x0, 0x19, 0xff,
    0xe0, 0x0, 0xa, 0xff, 0xfa, 0xae, 0xff, 0xff,
    0xd0, 0x0, 0xd, 0xff, 0xff, 0xff, 0xff, 0xff,
    0xe0, 0x0, 0xb, 0xff, 0xff, 0xff, 0xff, 0xff,
    0xf0, 0x0, 0x9, 0xff, 0xff, 0xff, 0xff, 0xff,
    0xf3, 0x0, 0x5, 0xff, 0xff, 0xff, 0xff, 0xff,
    0xf6, 0x0, 0x2, 0xff, 0xff, 0xff, 0xff, 0xff,
    0xfa, 0x0, 0x0, 0xef, 0xff, 0xfa, 0x73, 0xe,
    0xfd, 0x0, 0x0, 0x9f, 0xff, 0xa0, 0x0, 0xf,
    0xff, 0x20, 0x0, 0x1d, 0xfe, 0x20, 0x0, 0x3f,
    0xff, 0x90, 0x0, 0x0, 0x10, 0x0, 0x0, 0xaf,
    0xbf, 0xf3, 0x0, 0x0, 0x0, 0x0, 0x4, 0xfb,

    /* U+F26E "" */
    0x0, 0xc, 0xee, 0xee, 0xee, 0xe2, 0x0, 0x0,
    0xe, 0x0, 0x24, 0x31, 0x0, 0x0, 0x0, 0xe,
    0xb, 0xca, 0xad, 0xb3, 0x0, 0x0, 0xe, 0x0,
    0x2, 0x20, 0x4c, 0x50, 0x0, 0xe, 0x1a, 0xa7,
    0x8c, 0x60, 0x10, 0x0, 0xe, 0xc3, 0x1, 0x0,
    0x88, 0x0, 0x0, 0x7, 0x22, 0xce, 0xe9, 0xb,
    0x30, 0x0, 0x0, 0xd, 0x50, 0x1b, 0x74, 0xa0,
    0x0, 0x0, 0x3c, 0x2c, 0x92, 0xc1, 0xc0, 0x4,
    0x0, 0x4b, 0x2b, 0x93, 0xc2, 0xc0, 0xe, 0x1c,
    0x5b, 0x1, 0x3c, 0x67, 0x80, 0x9, 0x77, 0xdb,
    0x3e, 0xd6, 0x2e, 0x20, 0x2, 0xe2, 0xad, 0x30,
    0x16, 0xe5, 0x0, 0x0, 0x5d, 0x25, 0xbe, 0xd9,
    0x25, 0xb0, 0x0, 0x4, 0xd9, 0x42, 0x25, 0xbc,
    0x10, 0x0, 0x0, 0x6, 0xac, 0xb9, 0x40, 0x0,
    0x0, 0x0, 0x0, 0x0, 0x0, 0x0, 0x0,

    /* U+F270 "" */
    0x0, 0x0, 0x3b, 0xef, 0xd5, 0x0, 0x0, 0x0,
    0x5, 0xff, 0xff, 0xff, 0x40, 0x0, 0x0, 0xe,
    0xfc, 0x11, 0xff, 0xa0, 0x0, 0x0, 0x4, 0x62,
    0x0, 0xff, 0xa0, 0x0, 0x0, 0x0, 0x17, 0xbd,
    0xff, 0xa0, 0x0, 0x0, 0x4, 0xff, 0xd9, 0xff,
    0xa0, 0x0, 0x0, 0xe, 0xfb, 0x0, 0xff, 0xa0,
    0x0, 0x0, 0x3f, 0xf7, 0x1, 0xff, 0xc0, 0x0,
    0x0, 0x2f, 0xfe, 0x7b, 0xff, 0xf5, 0x0, 0x0,
    0xa, 0xff, 0xfe, 0x6f, 0xd1, 0x0, 0x30, 0x0,
    0x58, 0x71, 0x3, 0x14, 0x86, 0x2a, 0x40, 0x0,
    0x0, 0x0, 0x3, 0x29, 0x1, 0xad, 0x85, 0x33,
    0x58, 0xd9, 0x33, 0x0, 0x2, 0x8d, 0xff, 0xd8,
    0x20, 0x0,

    /* U+F271 "" */
    0x0, 0xf, 0xf0, 0x0, 0xf, 0xf0, 0x0, 0x0,
    0xf, 0xf0, 0x0, 0xf, 0xf0, 0x0, 0x8f, 0xff,
    0xff, 0xff, 0xff, 0xff, 0xf8, 0xff, 0xff, 0xff,
    0xff, 0xff, 0xff, 0xff, 0xff, 0xff, 0xff, 0xff,
    0xff, 0xff, 0xff, 0x0, 0x0, 0x0, 0x0, 0x0,
    0x0, 0x0, 0xff, 0xff, 0xff, 0xff, 0xff, 0xff,
    0xff, 0xff, 0xff, 0xff, 0xcc, 0xff, 0xff, 0xff,
    0xff, 0xff, 0xff, 0x0, 0xff, 0xff, 0xff, 0xff,
    0xff, 0xff, 0x0, 0xff, 0xff, 0xff, 0xff, 0xfc,
    0x0, 0x0, 0x0, 0xcf, 0xff, 0xff, 0xfc, 0x0,
    0x0, 0x0, 0xcf, 0xff, 0xff, 0xff, 0xff, 0x0,
    0xff, 0xff, 0xff, 0xff, 0xff, 0xff, 0x0, 0xff,
    0xff, 0xff, 0xff, 0xff, 0xff, 0xcc, 0xff, 0xff,
    0xff, 0x8f, 0xff, 0xff, 0xff, 0xff, 0xff, 0xf8,

    /* U+F272 "" */
    0x0, 0xf, 0xf0, 0x0, 0xf, 0xf0, 0x0, 0x0,
    0xf, 0xf0, 0x0, 0xf, 0xf0, 0x0, 0x8f, 0xff,
    0xff, 0xff, 0xff, 0xff, 0xf8, 0xff, 0xff, 0xff,
    0xff, 0xff, 0xff, 0xff, 0xff, 0xff, 0xff, 0xff,
    0xff, 0xff, 0xff, 0x0, 0x0, 0x0, 0x0, 0x0,
    0x0, 0x0, 0xff, 0xff, 0xff, 0xff, 0xff, 0xff,
    0xff, 0xff, 0xff, 0xff, 0xff, 0xff, 0xff, 0xff,
    0xff, 0xff, 0xff, 0xff, 0xff, 0xff, 0xff, 0xff,
    0xff, 0xff, 0xff, 0xff, 0xff, 0xff, 0xff, 0xfc,
    0x0, 0x0, 0x0, 0xcf, 0xff, 0xff, 0xfc, 0x0,
    0x0, 0x0, 0xcf, 0xff, 0xff, 0xff, 0xff, 0xff,
    0xff, 0xff, 0xff, 0xff, 0xff, 0xff, 0xff, 0xff,
    0xff, 0xff, 0xff, 0xff, 0xff, 0xff, 0xff, 0xff,
    0xff, 0x8f, 0xff, 0xff, 0xff, 0xff, 0xff, 0xf8,

    /* U+F273 "" */
    0x0, 0xf, 0xf0, 0x0, 0xf, 0xf0, 0x0, 0x0,
    0xf, 0xf0, 0x0, 0xf, 0xf0, 0x0, 0x8f, 0xff,
    0xff, 0xff, 0xff, 0xff, 0xf8, 0xff, 0xff, 0xff,
    0xff, 0xff, 0xff, 0xff, 0xff, 0xff, 0xff, 0xff,
    0xff, 0xff, 0xff, 0x0, 0x0, 0x0, 0x0, 0x0,
    0x0, 0x0, 0xff, 0xff, 0xff, 0xff, 0xff, 0xff,
    0xff, 0xff, 0xff, 0xff, 0xff, 0xff, 0xff, 0xff,
    0xff, 0xff, 0x82, 0xee, 0x28, 0xff, 0xff, 0xff,
    0xff, 0x20, 0x22, 0x2, 0xff, 0xff, 0xff, 0xff,
    0xe2, 0x0, 0x2e, 0xff, 0xff, 0xff, 0xff, 0xe2,
    0x0, 0x2e, 0xff, 0xff, 0xff, 0xff, 0x20, 0x22,
    0x2, 0xff, 0xff, 0xff, 0xff, 0x82, 0xee, 0x28,
    0xff, 0xff, 0xff, 0xff, 0xff, 0xff, 0xff, 0xff,
    0xff, 0x8f, 0xff, 0xff, 0xff, 0xff, 0xff, 0xf8,

    /* U+F274 "" */
    0x0, 0xf, 0xf0, 0x0, 0xf, 0xf0, 0x0, 0x0,
    0xf, 0xf0, 0x0, 0xf, 0xf0, 0x0, 0x8f, 0xff,
    0xff, 0xff, 0xff, 0xff, 0xf8, 0xff, 0xff, 0xff,
    0xff, 0xff, 0xff, 0xff, 0xff, 0xff, 0xff, 0xff,
    0xff, 0xff, 0xff, 0x0, 0x0, 0x0, 0x0, 0x0,
    0x0, 0x0, 0xff, 0xff, 0xff, 0xff, 0xff, 0xff,
    0xff, 0xff, 0xff, 0xff, 0xff, 0xff, 0xff, 0xff,
    0xff, 0xff, 0xff, 0xff, 0xd2, 0xbf, 0xff, 0xff,
    0xff, 0xef, 0xfd, 0x10, 0x4f, 0xff, 0xff, 0xf8,
    0xc, 0xd1, 0x3, 0xff, 0xff, 0xff, 0xf6, 0x0,
    0x10, 0x3f, 0xff, 0xff, 0xff, 0xff, 0x50, 0x4,
    0xff, 0xff, 0xff, 0xff, 0xff, 0xf5, 0x4f, 0xff,
    0xff, 0xff, 0xff, 0xff, 0xff, 0xff, 0xff, 0xff,
    0xff, 0x8f, 0xff, 0xff, 0xff, 0xff, 0xff, 0xf8,

    /* U+F275 "" */
    0xdf, 0xff, 0xd0, 0x0, 0x0, 0x0, 0x0, 0x0,
    0xff, 0xff, 0xf0, 0x0, 0x0, 0x0, 0x0, 0x0,
    0xff, 0xff, 0xf0, 0x0, 0x0, 0x0, 0x0, 0x0,
    0xff, 0xff, 0xf0, 0x0, 0x0, 0x0, 0x0, 0x0,
    0xff, 0xff, 0xf0, 0x0, 0x5e, 0x50, 0x1, 0xad,
    0xff, 0xff, 0xf0, 0x1b, 0xff, 0x80, 0x6e, 0xff,
    0xff, 0xff, 0xf7, 0xff, 0xff, 0xac, 0xff, 0xff,
    0xff, 0xff, 0xff, 0xff, 0xff, 0xff, 0xff, 0xff,
    0xff, 0xff, 0xff, 0xff, 0xff, 0xff, 0xff, 0xff,
    0xff, 0xff, 0xff, 0xff, 0xff, 0xff, 0xff, 0xff,
    0xff, 0xff, 0xff, 0xff, 0xff, 0xff, 0xff, 0xff,
    0xff, 0xff, 0xff, 0xff, 0xff, 0xff, 0xff, 0xff,
    0xff, 0xff, 0xff, 0xff, 0xff, 0xff, 0xff, 0xff,
    0xdf, 0xff, 0xff, 0xff, 0xff, 0xff, 0xff, 0xfd,

    /* U+F276 "" */
    0x0, 0x8e, 0xfd, 0x60, 0x0, 0xcf, 0xcc, 0xff,
    0xa0, 0x8f, 0x76, 0xcf, 0xff, 0x5e, 0xd8, 0xff,
    0xff, 0xfa, 0xfb, 0xdf, 0xff, 0xff, 0xce, 0xff,
    0xff, 0xff, 0xfa, 0x8f, 0xff, 0xff, 0xff, 0x50,
    0xcf, 0xff, 0xff, 0xa0, 0x0, 0x8e, 0xfd, 0x60,
    0x0, 0x0, 0x0, 0x0, 0x0, 0x0, 0xb, 0xf4,
    0x0, 0x0, 0x0, 0xbf, 0x40, 0x0, 0x0, 0xb,
    0xf4, 0x0, 0x0, 0x0, 0xbf, 0x40, 0x0, 0x0,
    0xb, 0xf4, 0x0, 0x0, 0x0, 0x4c, 0x0, 0x0,

    /* U+F277 "" */
    0x0, 0x0, 0x0, 0x0, 0xee, 0x0, 0x0, 0x0,
    0x0, 0x0, 0xdf, 0xff, 0xff, 0xff, 0xff, 0xff,
    0xfa, 0x0, 0x0, 0xff, 0xff, 0xff, 0xff, 0xff,
    0xff, 0xff, 0xa0, 0x0, 0xff, 0xff, 0xff, 0xff,
    0xff, 0xff, 0xff, 0xa0, 0x0, 0xdf, 0xff, 0xff,
    0xff, 0xff, 0xff, 0xfa, 0x0, 0x0, 0x0, 0x0,
    0x0, 0x0, 0x0, 0x0, 0x0, 0x0, 0x0, 0x0,
    0x0, 0x0, 0xff, 0x0, 0x0, 0x0, 0x0, 0x0,
    0xaf, 0xff, 0xff, 0xff, 0xff, 0xff, 0xfd, 0x0,
    0xa, 0xff, 0xff, 0xff, 0xff, 0xff, 0xff, 0xff,
    0x0, 0xa, 0xff, 0xff, 0xff, 0xff, 0xff, 0xff,
    0xff, 0x0, 0x0, 0xaf, 0xff, 0xff, 0xff, 0xff,
    0xff, 0xfd, 0x0, 0x0, 0x0, 0x0, 0x0, 0x0,
    0x0, 0x0, 0x0, 0x0, 0x0, 0x0, 0x0, 0x0,
    0xff, 0x0, 0x0, 0x0, 0x0, 0x0, 0x0, 0x0,
    0x0, 0xff, 0x0, 0x0, 0x0, 0x0, 0x0, 0x0,
    0x0, 0x0, 0xff, 0x0, 0x0, 0x0, 0x0, 0x0,
    0x0, 0x0, 0x0, 0xee, 0x0, 0x0, 0x0, 0x0,

    /* U+F279 "" */
    0x0, 0x0, 0x0, 0x0, 0x0, 0x0, 0x0, 0x0,
    0x0, 0x0, 0x6, 0xc0, 0xd7, 0x20, 0x0, 0x0,
    0x2, 0x9e, 0x29, 0xff, 0xf0, 0xff, 0xfd, 0x72,
    0x3, 0xaf, 0xff, 0xef, 0xff, 0xf0, 0xff, 0xff,
    0xff, 0xf, 0xff, 0xff, 0xff, 0xff, 0xf0, 0xff,
    0xff, 0xff, 0xf, 0xff, 0xff, 0xff, 0xff, 0xf0,
    0xff, 0xff, 0xff, 0xf, 0xff, 0xff, 0xff, 0xff,
    0xf0, 0xff, 0xff, 0xff, 0xf, 0xff, 0xff, 0xff,
    0xff, 0xf0, 0xff, 0xff, 0xff, 0xf, 0xff, 0xff,
    0xff, 0xff, 0xf0, 0xff, 0xff, 0xff, 0xf, 0xff,
    0xff, 0xff, 0xff, 0xf0, 0xff, 0xff, 0xff, 0xf,
    0xff, 0xff, 0xff, 0xff, 0xf0, 0xff, 0xff, 0xff,
    0xf, 0xff, 0xff, 0xff, 0xff, 0xf0, 0xff, 0xff,
    0xff, 0xf, 0xff, 0xff, 0xff, 0xff, 0xf0, 0xff,
    0xff, 0xff, 0xf, 0xff, 0xfe, 0xff, 0xfa, 0x30,
    0x28, 0xdf, 0xff, 0xf, 0xff, 0x92, 0xd9, 0x20,
    0x0, 0x0, 0x2, 0x8d, 0xc, 0x60, 0x0, 0x0,
    0x0, 0x0, 0x0, 0x0, 0x0, 0x0, 0x0, 0x0,

    /* U+F27A "" */
    0x4e, 0xff, 0xff, 0xff, 0xff, 0xff, 0xff, 0xe4,
    0xef, 0xff, 0xff, 0xff, 0xff, 0xff, 0xff, 0xfe,
    0xff, 0xff, 0xff, 0xff, 0xff, 0xff, 0xff, 0xff,
    0xff, 0xff, 0xff, 0xff, 0xff, 0xff, 0xff, 0xff,
    0xff, 0xff, 0xff, 0xff, 0xff, 0xff, 0xff, 0xff,
    0xff, 0xff, 0xff, 0xff, 0xff, 0xff, 0xff, 0xff,
    0xff, 0xff, 0xff, 0xff, 0xff, 0xff, 0xff, 0xff,
    0xff, 0xff, 0xff, 0xff, 0xff, 0xff, 0xff, 0xff,
    0xff, 0xff, 0xff, 0xff, 0xff, 0xff, 0xff, 0xff,
    0xff, 0xff, 0xff, 0xff, 0xff, 0xff, 0xff, 0xff,
    0xff, 0xff, 0xff, 0xff, 0xff, 0xff, 0xff, 0xff,
    0xef, 0xff, 0xff, 0xff, 0xff, 0xff, 0xff, 0xfe,
    0x4e, 0xff, 0xff, 0xff, 0xff, 0xff, 0xff, 0xe4,
    0x0, 0x0, 0xf, 0xff, 0xb1, 0x0, 0x0, 0x0,
    0x0, 0x0, 0xf, 0xf8, 0x0, 0x0, 0x0, 0x0,
    0x0, 0x0, 0xd, 0x40, 0x0, 0x0, 0x0, 0x0,
    0x0, 0x0, 0x0, 0x0, 0x0, 0x0, 0x0, 0x0,

    /* U+F27C "" */
    0x7f, 0xff, 0x0, 0x0, 0x0, 0x0, 0x0, 0x7f,
    0xff, 0x0, 0x0, 0x0, 0x0, 0x0, 0x7f, 0xff,
    0x0, 0x0, 0x0, 0x0, 0x0, 0x7f, 0xff, 0x95,
    0x0, 0x0, 0x0, 0x0, 0x7f, 0xff, 0xff, 0xfc,
    0x73, 0x0, 0x0, 0x7f, 0xff, 0xff, 0xff, 0xff,
    0xea, 0x61, 0x7f, 0xff, 0xff, 0xff, 0xff, 0xff,
    0xfb, 0x7f, 0xff, 0xff, 0xff, 0xff, 0xff, 0xfb,
    0x7f, 0xff, 0xff, 0xff, 0xff, 0xff, 0xfb, 0x7f,
    0xff, 0xf9, 0x55, 0x7f, 0xff, 0xfb, 0x7f, 0xff,
    0xf5, 0x0, 0x2f, 0xff, 0xfb, 0x7f, 0xff, 0xf5,
    0x0, 0x2f, 0xff, 0xfb, 0x7f, 0xff, 0xf5, 0x0,
    0x2f, 0xff, 0xfb, 0x7f, 0xff, 0xf5, 0x0, 0x2f,
    0xff, 0xfb,

    /* U+F27D "" */
    0x0, 0x0, 0x0, 0x0, 0x0, 0x0, 0x0, 0x0,
    0x1, 0x9c, 0x30, 0x0, 0x2b, 0xfe, 0x40, 0x2,
    0xdf, 0xfd, 0x0, 0x2e, 0xff, 0xfd, 0x3, 0xef,
    0xff, 0xf2, 0xa, 0xff, 0xff, 0xf0, 0xb9, 0xdf,
    0xff, 0x40, 0x23, 0xff, 0xfd, 0x0, 0x5, 0xff,
    0xf7, 0x0, 0x1f, 0xff, 0x80, 0x0, 0xf, 0xff,
    0xb0, 0x7, 0xff, 0xf1, 0x0, 0x0, 0xaf, 0xfe,
    0x1, 0xef, 0xf7, 0x0, 0x0, 0x6, 0xff, 0xf8,
    0xcf, 0xfc, 0x0, 0x0, 0x0, 0x2f, 0xff, 0xff,
    0xfe, 0x10, 0x0, 0x0, 0x0, 0xdf, 0xff, 0xff,
    0x30, 0x0, 0x0, 0x0, 0x7, 0xff, 0xff, 0x40,
    0x0, 0x0, 0x0, 0x0, 0xc, 0xfc, 0x30, 0x0,
    0x0, 0x0, 0x0, 0x0, 0x1, 0x0, 0x0, 0x0,
    0x0,

    /* U+F27E "" */
    0xff, 0xff, 0xff, 0xff, 0xff, 0xff, 0xff, 0xff,
    0xff, 0xcb, 0xbb, 0xbc, 0xff, 0xff, 0xff, 0xff,
    0xb0, 0x0, 0xb, 0xff, 0xff, 0xff, 0xff, 0xf7,
    0x0, 0x7f, 0xff, 0xff, 0xff, 0xff, 0xff, 0x0,
    0xff, 0xff, 0xff, 0xff, 0xff, 0xfb, 0x0, 0xbf,
    0xff, 0xff, 0xff, 0xff, 0xf6, 0x0, 0x6f, 0xff,
    0xff, 0xff, 0xff, 0xf1, 0x0, 0x1f, 0xff, 0xff,
    0xff, 0xff, 0xb0, 0x0, 0xb, 0xff, 0xff, 0xff,
    0xff, 0x50, 0x0, 0x5, 0xff, 0xff, 0xff, 0xff,
    0x70, 0x0, 0x7, 0xff, 0xff, 0xff, 0xff, 0xf8,
    0x0, 0x8f, 0xff, 0xff, 0xff, 0xff, 0xff, 0x88,
    0xff, 0xff, 0xff, 0xff, 0xff, 0xff, 0xff, 0xff,
    0xff, 0xff,

    /* U+F280 "" */
    0xff, 0xff, 0xff, 0xff, 0xff, 0xff, 0xff, 0xff,
    0xff, 0xff, 0xff, 0xff, 0xff, 0xff, 0xff, 0xff,
    0xff, 0xff, 0xe5, 0xcf, 0xff, 0xff, 0xff, 0x95,
    0x5c, 0x70, 0x1d, 0xff, 0xff, 0xfa, 0x6, 0x23,
    0xa3, 0x3f, 0xff, 0xff, 0xf8, 0xc, 0xff, 0xff,
    0xff, 0xff, 0xff, 0xa0, 0x0, 0xc, 0x30, 0x4f,
    0xff, 0xff, 0xe5, 0x8, 0xbf, 0xd0, 0x3f, 0xff,
    0xff, 0xf8, 0xc, 0xff, 0xf0, 0x3f, 0xff, 0xff,
    0xf8, 0xc, 0xff, 0xf0, 0x3f, 0xff, 0xff, 0xf7,
    0xb, 0xff, 0xf0, 0x3f, 0xff, 0xff, 0xb1, 0x1,
    0x6f, 0x40, 0xb, 0xff, 0xff, 0xff, 0xff, 0xff,
    0xff, 0xff, 0xff, 0xff, 0xff, 0xff, 0xff, 0xff,
    0xff, 0xff,

    /* U+F281 "" */
    0x0, 0x0, 0x0, 0x0, 0x0, 0x0, 0x0, 0x0,
    0x0, 0x0, 0x0, 0x0, 0x89, 0x96, 0xbe, 0x20,
    0x0, 0x0, 0x0, 0x0, 0x90, 0x3, 0xff, 0x40,
    0x0, 0x0, 0x0, 0x1, 0x70, 0x0, 0x35, 0x0,
    0x0, 0x0, 0x0, 0x5, 0x40, 0x0, 0x0, 0x0,
    0x0, 0x0, 0x5, 0x9d, 0xa8, 0x40, 0x0, 0x0,
    0x9, 0xc8, 0xef, 0xff, 0xff, 0xfe, 0x8c, 0x90,
    0x5f, 0xff, 0xff, 0xff, 0xff, 0xff, 0xff, 0xf5,
    0x3f, 0xff, 0x95, 0xff, 0xfc, 0x39, 0xff, 0xf3,
    0x9, 0xff, 0x10, 0xcf, 0xf5, 0x1, 0xff, 0x90,
    0x7, 0xff, 0x73, 0xff, 0xfb, 0x28, 0xff, 0x80,
    0x4, 0xff, 0xff, 0xff, 0xff, 0xff, 0xff, 0x40,
    0x0, 0xbf, 0xf7, 0x69, 0x96, 0x7f, 0xfb, 0x0,
    0x0, 0xa, 0xff, 0xc9, 0x9d, 0xff, 0xa0, 0x0,
    0x0, 0x0, 0x39, 0xdf, 0xfd, 0xa4, 0x0, 0x0,

    /* U+F282 "" */
    0x0, 0x0, 0x17, 0xbd, 0xca, 0x50, 0x0, 0x0,
    0x0, 0x5, 0xff, 0xff, 0xff, 0xfe, 0x40, 0x0,
    0x0, 0x5f, 0xff, 0xff, 0xff, 0xff, 0xf4, 0x0,
    0x2, 0xff, 0xc6, 0x31, 0x4b, 0xff, 0xfe, 0x10,
    0xa, 0xe5, 0x17, 0x0, 0x0, 0xbf, 0xff, 0x70,
    0xd, 0x21, 0xd6, 0x0, 0x0, 0x5f, 0xff, 0xc0,
    0x22, 0xb, 0xfc, 0xbb, 0xbb, 0xcf, 0xff, 0xf0,
    0x0, 0x2f, 0xff, 0xff, 0xff, 0xff, 0xff, 0xf0,
    0x0, 0x6f, 0xff, 0xff, 0xff, 0xff, 0xff, 0xf0,
    0x0, 0x7f, 0xf5, 0x0, 0x0, 0x0, 0x0, 0x0,
    0x0, 0x7f, 0xfa, 0x0, 0x0, 0x0, 0x0, 0x0,
    0x0, 0x2f, 0xff, 0x80, 0x0, 0x0, 0x37, 0x0,
    0x0, 0xb, 0xff, 0xff, 0xcb, 0xce, 0xfb, 0x0,
    0x0, 0x1, 0xdf, 0xff, 0xff, 0xff, 0xfb, 0x0,
    0x0, 0x0, 0x1a, 0xff, 0xff, 0xff, 0xf7, 0x0,
    0x0, 0x0, 0x0, 0x26, 0x88, 0x74, 0x0, 0x0,

    /* U+F284 "" */
    0x0, 0x0, 0x16, 0xab, 0xb8, 0x30, 0x0, 0x0,
    0x0, 0x7d, 0x84, 0x23, 0x6d, 0xa0, 0x0, 0x0,
    0xaa, 0x0, 0x0, 0x0, 0x7, 0xc1, 0x0, 0x89,
    0x0, 0x3, 0x66, 0x10, 0x6, 0xb0, 0x2d, 0x0,
    0x2c, 0xff, 0xff, 0x80, 0x2e, 0x59, 0x50, 0xd,
    0xff, 0xff, 0xff, 0xbd, 0x40, 0xd0, 0x7, 0xff,
    0xff, 0xff, 0xf7, 0x96, 0xe, 0x0, 0xbf, 0xff,
    0xff, 0x91, 0xf, 0xd0, 0xd0, 0xc, 0xff, 0xff,
    0xf9, 0x10, 0xd0, 0xd, 0x0, 0x9f, 0xff, 0xff,
    0xff, 0x96, 0x0, 0x95, 0x3, 0xff, 0xff, 0xff,
    0xfc, 0xd9, 0x12, 0xd0, 0x6, 0xff, 0xff, 0xfd,
    0x0, 0xb7, 0x8, 0x90, 0x3, 0xad, 0xc8, 0x0,
    0x3d, 0x0, 0xa, 0xa0, 0x0, 0x0, 0x0, 0x5d,
    0x20, 0x0, 0x7, 0xd8, 0x42, 0x36, 0xcb, 0x10,
    0x0, 0x0, 0x1, 0x6a, 0xba, 0x83, 0x0, 0x0,

    /* U+F285 "" */
    0x4, 0x80, 0x0, 0x0, 0x0, 0x0, 0x0, 0x4,
    0xfd, 0x40, 0x1a, 0xaa, 0xaa, 0xa5, 0x4, 0xff,
    0xf9, 0x7f, 0xff, 0xff, 0xf1, 0x4, 0xff, 0xff,
    0xe9, 0xdf, 0xff, 0x60, 0x4, 0xff, 0xff, 0xff,
    0xca, 0xfc, 0x0, 0x4, 0xff, 0xff, 0xff, 0xff,
    0x82, 0x0, 0x3, 0xff, 0xff, 0xd9, 0x77, 0x53,
    0x0, 0x0, 0x38, 0x77, 0x9d, 0xff, 0xaf, 0x30,
    0x0, 0x2e, 0xff, 0xff, 0xfa, 0xff, 0x40, 0x0,
    0xcf, 0xff, 0xff, 0xdb, 0xff, 0x40, 0x6, 0xff,
    0xff, 0xff, 0x9f, 0xff, 0x40, 0x1e, 0xff, 0xff,
    0xfa, 0x8f, 0xff, 0x40, 0x5a, 0xaa, 0xaa, 0xa1,
    0x3, 0xdf, 0x40, 0x0, 0x0, 0x0, 0x0, 0x0,
    0x8, 0x40,

    /* U+F286 "" */
    0x0, 0x0, 0x0, 0x0, 0x0, 0x0, 0x0, 0x0,
    0x0, 0x0, 0x0, 0x5, 0x70, 0x0, 0x0, 0x0,
    0x0, 0x0, 0x0, 0x2, 0xff, 0xe0, 0x0, 0x0,
    0x0, 0x0, 0x0, 0x2, 0xff, 0xf0, 0x0, 0x0,
    0x0, 0x0, 0x0, 0x2, 0x62, 0x30, 0x0, 0x0,
    0x0, 0x6, 0x5, 0x14, 0x70, 0x60, 0x52, 0x0,
    0x0, 0xf, 0x5e, 0x7a, 0xc5, 0xf5, 0xe7, 0x0,
    0x0, 0xf, 0xfe, 0xff, 0xff, 0xef, 0xf7, 0x0,
    0x0, 0xf, 0xf2, 0xbf, 0xfe, 0x2f, 0xf7, 0x0,
    0x0, 0xf, 0xf2, 0xbf, 0xfe, 0x2f, 0xf7, 0x0,
    0x3e, 0xf, 0xff, 0xff, 0xff, 0xff, 0xf7, 0x4d,
    0x3f, 0xef, 0xff, 0xff, 0xff, 0xff, 0xfe, 0xed,
    0x3f, 0xff, 0xff, 0xe6, 0x5d, 0xff, 0xff, 0xfd,
    0x3f, 0xff, 0xff, 0x60, 0x3, 0xff, 0xff, 0xfd,
    0x3f, 0xff, 0xff, 0x40, 0x1, 0xff, 0xff, 0xfd,
    0x3f, 0xff, 0xff, 0x40, 0x1, 0xff, 0xff, 0xfd,
    0x3f, 0xff, 0xff, 0x40, 0x1, 0xff, 0xff, 0xfd,

    /* U+F287 "" */
    0x0, 0x0, 0x0, 0x0, 0x0, 0x1, 0x0, 0x0,
    0x0, 0x0, 0x0, 0x0, 0x0, 0x0, 0x0, 0x7,
    0xfd, 0x10, 0x0, 0x0, 0x0, 0x0, 0x0, 0x0,
    0x1, 0xcf, 0xff, 0xf5, 0x0, 0x0, 0x0, 0x0,
    0x0, 0x0, 0x0, 0xb9, 0x29, 0xfe, 0x10, 0x0,
    0x0, 0x0, 0x0, 0x0, 0x0, 0x3f, 0x10, 0x2,
    0x0, 0x0, 0x0, 0x0, 0x3, 0xdf, 0x80, 0xa,
    0x90, 0x0, 0x0, 0x0, 0x3, 0x70, 0x0, 0xdf,
    0xff, 0x77, 0xf7, 0x55, 0x55, 0x55, 0x55, 0x8f,
    0xd3, 0xf, 0xff, 0xfd, 0xcc, 0xdf, 0xdc, 0xcc,
    0xcc, 0xcd, 0xff, 0xb0, 0x8f, 0xfe, 0x10, 0x0,
    0xaa, 0x0, 0x0, 0x0, 0x4d, 0x40, 0x0, 0x46,
    0x10, 0x0, 0x1, 0xf2, 0x2, 0x33, 0x10, 0x0,
    0x0, 0x0, 0x0, 0x0, 0x0, 0x9, 0xb1, 0xcf,
    0xf9, 0x0, 0x0, 0x0, 0x0, 0x0, 0x0, 0x0,
    0xa, 0xff, 0xff, 0x90, 0x0, 0x0, 0x0, 0x0,
    0x0, 0x0, 0x0, 0x0, 0xbf, 0xf9, 0x0, 0x0,
    0x0, 0x0, 0x0, 0x0, 0x0, 0x0, 0x1, 0x22,
    0x0, 0x0, 0x0,

    /* U+F288 "" */
    0x0, 0x0, 0x16, 0xac, 0xca, 0x60, 0x0, 0x0,
    0x0, 0x7, 0xff, 0xff, 0xff, 0xfe, 0x50, 0x0,
    0x0, 0x9f, 0xff, 0xff, 0xff, 0xff, 0xf7, 0x0,
    0x7, 0xff, 0xff, 0xff, 0xff, 0xff, 0xff, 0x50,
    0x1f, 0xff, 0xf2, 0x0, 0x2, 0x9f, 0xff, 0xe0,
    0x8f, 0xff, 0xf1, 0x15, 0x41, 0xa, 0xff, 0xf5,
    0xcf, 0xff, 0xf1, 0x5f, 0xfe, 0x4, 0xff, 0xf9,
    0xef, 0xff, 0xf1, 0x5f, 0xfb, 0x5, 0xff, 0xfb,
    0xef, 0xff, 0xf1, 0x0, 0x0, 0xd, 0xff, 0xfb,
    0xcf, 0xff, 0xf1, 0x15, 0x57, 0xdf, 0xff, 0xf9,
    0x8f, 0xff, 0xf1, 0x5f, 0xff, 0xff, 0xff, 0xf5,
    0x1f, 0xff, 0xf2, 0x5f, 0xff, 0xff, 0xff, 0xe0,
    0x7, 0xff, 0xff, 0xff, 0xff, 0xff, 0xff, 0x50,
    0x0, 0x9f, 0xff, 0xff, 0xff, 0xff, 0xf7, 0x0,
    0x0, 0x7, 0xff, 0xff, 0xff, 0xfe, 0x50, 0x0,
    0x0, 0x0, 0x16, 0xbc, 0xca, 0x60, 0x0, 0x0,

    /* U+F289 "" */
    0x0, 0x0, 0x2, 0x9c, 0xda, 0x30, 0x0, 0x0,
    0x0, 0x0, 0x0, 0x0, 0x6f, 0xc8, 0x7b, 0xf7,
    0x0, 0x0, 0x0, 0x0, 0x0, 0x5, 0xf7, 0x0,
    0x0, 0x5f, 0x50, 0x0, 0x0, 0x0, 0x0, 0x1d,
    0xa0, 0x0, 0x0, 0x8, 0xd0, 0x0, 0x0, 0x20,
    0x9, 0xff, 0xfa, 0x0, 0x0, 0x2, 0xf2, 0x0,
    0x15, 0xf1, 0x7f, 0x51, 0x5c, 0x20, 0x0, 0x1,
    0xff, 0x53, 0xf2, 0xe8, 0xd8, 0x0, 0x0, 0x0,
    0x0, 0x3, 0xfa, 0xf3, 0xd8, 0x8d, 0xf6, 0x0,
    0x0, 0x0, 0x0, 0x1, 0x70, 0xd8, 0xaa, 0x6f,
    0xbc, 0x0, 0x0, 0x0, 0x0, 0x0, 0x0, 0xe6,
    0xba, 0x7e, 0x2f, 0xd9, 0x88, 0x88, 0x88, 0x88,
    0x9d, 0xe2, 0xf6, 0xab, 0x2, 0x9c, 0xcc, 0xcc,
    0xcc, 0xcc, 0xc9, 0x12, 0xb2, 0xf6, 0x0, 0x0,
    0x0, 0x0, 0x0, 0x0, 0x0, 0x0, 0x4, 0xc0,

    /* U+F28A "" */
    0x0, 0x0, 0x4, 0x54, 0x30, 0x0, 0x0, 0x0,
    0x7f, 0xff, 0xff, 0xe8, 0x0, 0x0, 0x9f, 0x92,
    0x0, 0x38, 0xfd, 0x20, 0x2f, 0x70, 0x0, 0x0,
    0xb, 0xe1, 0x6, 0xf5, 0x20, 0x0, 0x1, 0xc4,
    0x0, 0x7f, 0xff, 0xe1, 0x0, 0x0, 0x0, 0x5,
    0xff, 0xff, 0x60, 0x0, 0x0, 0x0, 0xe, 0xff,
    0xf3, 0x2, 0xac, 0x60, 0x0, 0x2a, 0xb6, 0x0,
    0xcf, 0xff, 0x60, 0x0, 0x0, 0x0, 0xe, 0xff,
    0xfc, 0x0, 0x32, 0x0, 0x0, 0x7f, 0xff, 0xe0,
    0x2e, 0xb0, 0x0, 0x0, 0x12, 0xdd, 0xc, 0xf3,
    0x0, 0x0, 0x0, 0x2f, 0x80, 0x3d, 0xf9, 0x30,
    0x1, 0x5e, 0xe1, 0x0, 0x7, 0xef, 0xff, 0xff,
    0xa1, 0x0, 0x0, 0x0, 0x24, 0x54, 0x10, 0x0,

    /* U+F28B "" */
    0x0, 0x0, 0x5, 0x9b, 0xb9, 0x50, 0x0, 0x0,
    0x0, 0x4, 0xdf, 0xff, 0xff, 0xfd, 0x40, 0x0,
    0x0, 0x6f, 0xff, 0xff, 0xff, 0xff, 0xf6, 0x0,
    0x4, 0xff, 0xff, 0xff, 0xff, 0xff, 0xff, 0x40,
    0xd, 0xff, 0xff, 0xff, 0xff, 0xff, 0xff, 0xd0,
    0x5f, 0xff, 0xf1, 0xc, 0x50, 0x1f, 0xff, 0xf5,
    0x9f, 0xff, 0xf0, 0xb, 0x40, 0xf, 0xff, 0xf9,
    0xbf, 0xff, 0xf0, 0xb, 0x40, 0xf, 0xff, 0xfb,
    0xbf, 0xff, 0xf0, 0xb, 0x40, 0xf, 0xff, 0xfb,
    0x9f, 0xff, 0xf0, 0xb, 0x40, 0xf, 0xff, 0xf9,
    0x5f, 0xff, 0xf1, 0xc, 0x50, 0x1f, 0xff, 0xf5,
    0xe, 0xff, 0xff, 0xff, 0xff, 0xff, 0xff, 0xd0,
    0x4, 0xff, 0xff, 0xff, 0xff, 0xff, 0xff, 0x40,
    0x0, 0x6f, 0xff, 0xff, 0xff, 0xff, 0xf6, 0x0,
    0x0, 0x4, 0xef, 0xff, 0xff, 0xfd, 0x40, 0x0,
    0x0, 0x0, 0x5, 0x9b, 0xb9, 0x50, 0x0, 0x0,

    /* U+F28D "" */
    0x0, 0x0, 0x5, 0x9b, 0xb9, 0x50, 0x0, 0x0,
    0x0, 0x4, 0xdf, 0xff, 0xff, 0xfd, 0x40, 0x0,
    0x0, 0x6f, 0xff, 0xff, 0xff, 0xff, 0xf6, 0x0,
    0x4, 0xff, 0xff, 0xff, 0xff, 0xff, 0xff, 0x40,
    0xd, 0xff, 0xff, 0xff, 0xff, 0xff, 0xff, 0xd0,
    0x5f, 0xff, 0xf1, 0x0, 0x0, 0x1f, 0xff, 0xf5,
    0x9f, 0xff, 0xf0, 0x0, 0x0, 0xf, 0xff, 0xf9,
    0xbf, 0xff, 0xf0, 0x0, 0x0, 0xf, 0xff, 0xfb,
    0xbf, 0xff, 0xf0, 0x0, 0x0, 0xf, 0xff, 0xfb,
    0x9f, 0xff, 0xf0, 0x0, 0x0, 0xf, 0xff, 0xf9,
    0x5f, 0xff, 0xf1, 0x0, 0x0, 0x1f, 0xff, 0xf5,
    0xe, 0xff, 0xff, 0xff, 0xff, 0xff, 0xff, 0xd0,
    0x4, 0xff, 0xff, 0xff, 0xff, 0xff, 0xff, 0x40,
    0x0, 0x6f, 0xff, 0xff, 0xff, 0xff, 0xf6, 0x0,
    0x0, 0x4, 0xef, 0xff, 0xff, 0xfd, 0x40, 0x0,
    0x0, 0x0, 0x5, 0x9b, 0xb9, 0x50, 0x0, 0x0,

    /* U+F290 "" */
    0x0, 0x0, 0x2b, 0xff, 0xb2, 0x0, 0x0, 0x0,
    0x2, 0xef, 0xff, 0xfe, 0x20, 0x0, 0x0, 0xb,
    0xfb, 0x11, 0xbf, 0xb0, 0x0, 0x0, 0xf, 0xf2,
    0x0, 0x1f, 0xf0, 0x0, 0x0, 0xf, 0xf0, 0x0,
    0xf, 0xf0, 0x0, 0xff, 0xff, 0xff, 0xff, 0xff,
    0xff, 0xff, 0xff, 0xf9, 0x9f, 0xff, 0xf9, 0x9f,
    0xff, 0xff, 0xf9, 0x9f, 0xff, 0xf9, 0x9f, 0xff,
    0xff, 0xff, 0xff, 0xff, 0xff, 0xff, 0xff, 0xff,
    0xff, 0xff, 0xff, 0xff, 0xff, 0xff, 0xff, 0xff,
    0xff, 0xff, 0xff, 0xff, 0xff, 0xff, 0xff, 0xff,
    0xff, 0xff, 0xff, 0xff, 0xff, 0xff, 0xff, 0xff,
    0xff, 0xff, 0xff, 0xff, 0xff, 0xff, 0xff, 0xff,
    0xff, 0xff, 0xbf, 0xff, 0xff, 0xff, 0xff, 0xff,
    0xfb, 0x1b, 0xff, 0xff, 0xff, 0xff, 0xff, 0xb1,

    /* U+F291 "" */
    0x0, 0x0, 0x0, 0x0, 0x0, 0x0, 0x0, 0x0,
    0x0, 0x0, 0x0, 0x0, 0xcc, 0x0, 0xcc, 0x0,
    0x0, 0x0, 0x0, 0x0, 0x9, 0xfd, 0x0, 0xdf,
    0x90, 0x0, 0x0, 0x0, 0x0, 0x5f, 0xf2, 0x0,
    0x2f, 0xf5, 0x0, 0x0, 0x0, 0x2, 0xff, 0x60,
    0x0, 0x6, 0xff, 0x10, 0x0, 0x0, 0xc, 0xfa,
    0x0, 0x0, 0x0, 0xaf, 0xc0, 0x0, 0xdf, 0xff,
    0xff, 0xff, 0xff, 0xff, 0xff, 0xff, 0xfd, 0xdf,
    0xff, 0xff, 0xff, 0xff, 0xff, 0xff, 0xff, 0xfd,
    0xe, 0xff, 0xd1, 0xdf, 0x66, 0xfd, 0x1d, 0xff,
    0xe0, 0xc, 0xff, 0xc0, 0xcf, 0x44, 0xfc, 0xc,
    0xff, 0xc0, 0xa, 0xff, 0xc0, 0xcf, 0x44, 0xfc,
    0xc, 0xff, 0xa0, 0x8, 0xff, 0xc0, 0xcf, 0x44,
    0xfc, 0xc, 0xff, 0x80, 0x5, 0xff, 0xd1, 0xdf,
    0x66, 0xfd, 0x1d, 0xff, 0x50, 0x3, 0xff, 0xff,
    0xff, 0xff, 0xff, 0xff, 0xff, 0x30, 0x0, 0xbf,
    0xff, 0xff, 0xff, 0xff, 0xff, 0xfa, 0x0,

    /* U+F292 "" */
    0x0, 0x0, 0x6, 0xf8, 0x0, 0x4f, 0xa0, 0x0,
    0x0, 0x0, 0x9, 0xf7, 0x0, 0x7f, 0x80, 0x0,
    0x0, 0x0, 0xc, 0xf4, 0x0, 0xaf, 0x50, 0x0,
    0x0, 0xbf, 0xff, 0xff, 0xff, 0xff, 0xff, 0xe0,
    0x0, 0xdf, 0xff, 0xff, 0xff, 0xff, 0xff, 0xc0,
    0x0, 0x0, 0x5f, 0xb0, 0x3, 0xfd, 0x0, 0x0,
    0x0, 0x0, 0x7f, 0x80, 0x5, 0xfa, 0x0, 0x0,
    0x0, 0x0, 0xaf, 0x50, 0x8, 0xf7, 0x0, 0x0,
    0x0, 0x0, 0xdf, 0x20, 0xb, 0xf4, 0x0, 0x0,
    0xc, 0xff, 0xff, 0xff, 0xff, 0xff, 0xfd, 0x0,
    0xe, 0xff, 0xff, 0xff, 0xff, 0xff, 0xfb, 0x0,
    0x0, 0x6, 0xfa, 0x0, 0x4f, 0xc0, 0x0, 0x0,
    0x0, 0x8, 0xf7, 0x0, 0x7f, 0x90, 0x0, 0x0,
    0x0, 0xa, 0xf4, 0x0, 0x8f, 0x60, 0x0, 0x0,

    /* U+F293 "" */
    0x0, 0x18, 0xdf, 0xfd, 0x92, 0x0, 0x2, 0xef,
    0xfb, 0xef, 0xff, 0x40, 0xd, 0xff, 0xfa, 0x2e,
    0xff, 0xe0, 0x4f, 0xff, 0xfa, 0x3, 0xff, 0xf5,
    0x9f, 0xfa, 0xfa, 0x35, 0x4f, 0xfa, 0xcf, 0xc0,
    0x8a, 0x3d, 0xb, 0xfd, 0xef, 0xfb, 0x3, 0x11,
    0x8f, 0xfe, 0xff, 0xff, 0xb0, 0x6, 0xff, 0xff,
    0xff, 0xff, 0xd1, 0x8, 0xff, 0xff, 0xef, 0xfd,
    0x11, 0x10, 0x9f, 0xff, 0xdf, 0xd1, 0x59, 0x3b,
    0xb, 0xfd, 0xaf, 0xd6, 0xfa, 0x37, 0x1d, 0xfb,
    0x5f, 0xff, 0xfa, 0x1, 0xdf, 0xf7, 0xd, 0xff,
    0xfa, 0x1d, 0xff, 0xf1, 0x3, 0xef, 0xfc, 0xdf,
    0xff, 0x50, 0x0, 0x18, 0xdf, 0xfe, 0xa3, 0x0,

    /* U+F294 "" */
    0x0, 0x0, 0x51, 0x0, 0x0, 0x0, 0x0, 0x7d,
    0x10, 0x0, 0x0, 0x0, 0x7f, 0xc0, 0x0, 0x0,
    0x0, 0x7f, 0xdc, 0x0, 0xc, 0x90, 0x7e, 0x1d,
    0xb0, 0x5, 0xf9, 0x7e, 0x2e, 0x90, 0x0, 0x5f,
    0xef, 0xea, 0x0, 0x0, 0x5, 0xff, 0xb0, 0x0,
    0x0, 0x2, 0xff, 0x90, 0x0, 0x0, 0x2e, 0xff,
    0xf8, 0x0, 0x2, 0xec, 0x8e, 0x5f, 0x70, 0xd,
    0xc1, 0x6e, 0xc, 0xe1, 0x2, 0x10, 0x6e, 0xae,
    0x30, 0x0, 0x0, 0x6f, 0xe3, 0x0, 0x0, 0x0,
    0x6e, 0x30, 0x0, 0x0, 0x0, 0x43, 0x0, 0x0,

    /* U+F295 "" */
    0x0, 0x5d, 0xfd, 0x50, 0x0, 0x0, 0x7f, 0xd0,
    0x5, 0xff, 0xff, 0xf5, 0x0, 0x4, 0xff, 0x90,
    0xd, 0xf7, 0x7, 0xfd, 0x0, 0x2e, 0xfc, 0x0,
    0xf, 0xf0, 0x0, 0xff, 0x0, 0xdf, 0xe1, 0x0,
    0xd, 0xf7, 0x7, 0xfd, 0xa, 0xff, 0x40, 0x0,
    0x5, 0xff, 0xff, 0xf5, 0x7f, 0xf7, 0x0, 0x0,
    0x0, 0x5d, 0xfd, 0x54, 0xff, 0xa0, 0x0, 0x0,
    0x0, 0x0, 0x0, 0x1e, 0xfd, 0x0, 0x0, 0x0,
    0x0, 0x0, 0x0, 0xcf, 0xf2, 0x0, 0x0, 0x0,
    0x0, 0x0, 0xa, 0xff, 0x45, 0xdf, 0xd5, 0x0,
    0x0, 0x0, 0x6f, 0xf8, 0x5f, 0xff, 0xff, 0x50,
    0x0, 0x3, 0xff, 0xb0, 0xdf, 0x70, 0x7f, 0xd0,
    0x0, 0x1e, 0xfd, 0x10, 0xff, 0x0, 0xf, 0xf0,
    0x0, 0xcf, 0xf2, 0x0, 0xdf, 0x70, 0x7f, 0xd0,
    0x9, 0xff, 0x50, 0x0, 0x5f, 0xff, 0xff, 0x50,
    0xd, 0xf8, 0x0, 0x0, 0x5, 0xdf, 0xd5, 0x0,

    /* U+F296 "" */
    0x0, 0x3, 0x20, 0x0, 0x0, 0x0, 0x2, 0x30,
    0x0, 0x0, 0x9, 0x90, 0x0, 0x0, 0x0, 0x9,
    0x90, 0x0, 0x0, 0xe, 0xe0, 0x0, 0x0, 0x0,
    0xe, 0xe0, 0x0, 0x0, 0x4f, 0xf3, 0x0, 0x0,
    0x0, 0x3f, 0xf3, 0x0, 0x0, 0x9f, 0xf8, 0x0,
    0x0, 0x0, 0x8f, 0xf9, 0x0, 0x0, 0xef, 0xfe,
    0x0, 0x0, 0x0, 0xef, 0xfe, 0x0, 0x3, 0x50,
    0x0, 0xcf, 0xff, 0xfb, 0x0, 0x5, 0x30, 0x8,
    0xe1, 0x0, 0x7f, 0xff, 0xf7, 0x0, 0x2e, 0x80,
    0xd, 0xfc, 0x0, 0x2f, 0xff, 0xf2, 0x0, 0xcf,
    0xd0, 0xa, 0xff, 0x90, 0xd, 0xff, 0xd0, 0x9,
    0xff, 0xa0, 0x0, 0x6f, 0xf5, 0x8, 0xff, 0x80,
    0x5f, 0xf6, 0x0, 0x0, 0x2, 0xdf, 0x23, 0xff,
    0x32, 0xfd, 0x20, 0x0, 0x0, 0x0, 0xa, 0xd0,
    0xdd, 0xd, 0xa0, 0x0, 0x0, 0x0, 0x0, 0x0,
    0x69, 0x88, 0x96, 0x0, 0x0, 0x0, 0x0, 0x0,
    0x0, 0x2, 0x77, 0x20, 0x0, 0x0, 0x0, 0x0,
    0x0, 0x0, 0x0, 0x0, 0x0, 0x0, 0x0, 0x0,

    /* U+F297 "" */
    0x0, 0x0, 0x39, 0xdf, 0xfd, 0x93, 0x0, 0x0,
    0x0, 0x9, 0xff, 0xff, 0xff, 0xff, 0x90, 0x0,
    0x0, 0xbf, 0xff, 0xff, 0xff, 0xff, 0xfb, 0x0,
    0x6, 0xff, 0xff, 0xff, 0xff, 0xff, 0xff, 0x70,
    0xe, 0xff, 0xae, 0xaa, 0xaa, 0xaf, 0xff, 0xe0,
    0x1f, 0xfe, 0xc, 0x0, 0x0, 0xe, 0xff, 0xf2,
    0x2f, 0xff, 0x8e, 0x88, 0x88, 0x8f, 0xff, 0xf3,
    0xf, 0xff, 0xec, 0xff, 0xff, 0xff, 0xff, 0xf0,
    0xa, 0xff, 0xf6, 0x49, 0xba, 0xbf, 0xff, 0xa0,
    0xa, 0xff, 0xff, 0xd9, 0x78, 0xdf, 0xff, 0xb0,
    0xf, 0xff, 0xff, 0xff, 0xff, 0xff, 0xff, 0xf0,
    0xf, 0xff, 0xff, 0xff, 0xff, 0xff, 0xff, 0xf0,
    0x8, 0xff, 0xff, 0xf9, 0x9f, 0xff, 0xff, 0x90,
    0x0, 0x7d, 0xfd, 0x60, 0x6, 0xdf, 0xd7, 0x0,

    /* U+F298 "" */
    0x9f, 0xff, 0xff, 0xff, 0xff, 0xff, 0xf9, 0xf5,
    0xac, 0x32, 0xae, 0x42, 0x8c, 0x6f, 0xf2, 0x5,
    0xcb, 0x83, 0xcb, 0x80, 0x2f, 0xf2, 0x0, 0x14,
    0x0, 0x13, 0x0, 0x2f, 0xf2, 0x13, 0x20, 0x33,
    0x33, 0x32, 0x2f, 0xf2, 0x5f, 0xe4, 0xff, 0xff,
    0xfc, 0x2f, 0xf2, 0x0, 0x0, 0x0, 0x0, 0x0,
    0x2f, 0xf2, 0x5f, 0xd4, 0xff, 0xff, 0xfc, 0x2f,
    0xf2, 0x13, 0x31, 0x33, 0x33, 0x33, 0x2f, 0xf2,
    0x0, 0x0, 0x0, 0x15, 0x54, 0x2f, 0xf2, 0x0,
    0x0, 0x0, 0x3d, 0xda, 0x2f, 0xf2, 0x0, 0x0,
    0x0, 0x0, 0x0, 0x2f, 0xf4, 0x22, 0x22, 0x22,
    0x22, 0x22, 0x4f, 0x9f, 0xff, 0xff, 0xff, 0xff,
    0xff, 0xf9,

    /* U+F299 "" */
    0xde, 0xeb, 0x95, 0x10, 0x0, 0x0, 0x0, 0x9f,
    0xaf, 0xff, 0xfb, 0x20, 0x0, 0x0, 0x5f, 0xe5,
    0xcf, 0xff, 0xf6, 0x0, 0x0, 0x1f, 0xfe, 0x2c,
    0xff, 0xff, 0x50, 0x0, 0xd, 0xff, 0xa2, 0xff,
    0xff, 0xf1, 0x0, 0x9, 0xff, 0xf2, 0x7f, 0xff,
    0xf6, 0x0, 0x5, 0xff, 0xfb, 0xe, 0xff, 0xf9,
    0x0, 0x0, 0xff, 0xff, 0x56, 0xff, 0xfc, 0x0,
    0x0, 0x8f, 0xff, 0xf2, 0xcf, 0xfc, 0x0, 0x0,
    0xc, 0xff, 0xfd, 0x3e, 0xfb, 0x0, 0x0, 0x1,
    0xcf, 0xff, 0xe9, 0xe9, 0x0, 0x0, 0x0, 0x6,
    0xcf, 0xff, 0xd9, 0x0, 0x0, 0x0, 0x0, 0x0,
    0x10, 0x5, 0x70, 0x0, 0x0, 0x0, 0x0, 0x0,
    0x0, 0x57,

    /* U+F29A "" */
    0x0, 0x0, 0x5, 0x9b, 0xb9, 0x50, 0x0, 0x0,
    0x0, 0x4, 0xef, 0xb8, 0x8b, 0xfd, 0x40, 0x0,
    0x0, 0x6f, 0x98, 0xcf, 0xfc, 0x89, 0xf6, 0x0,
    0x4, 0xf7, 0xdf, 0xf8, 0x9f, 0xfc, 0x7f, 0x40,
    0xe, 0x9d, 0xff, 0xe0, 0xf, 0xff, 0xc9, 0xd0,
    0x5f, 0x8f, 0x8a, 0xd8, 0x8d, 0xa8, 0xf7, 0xf4,
    0x9a, 0xcf, 0x84, 0x10, 0x1, 0x48, 0xfc, 0xb9,
    0xb8, 0xff, 0xff, 0xd0, 0xe, 0xff, 0xfe, 0x9a,
    0xb8, 0xff, 0xff, 0xc0, 0xd, 0xff, 0xff, 0x8b,
    0x9a, 0xdf, 0xff, 0xb0, 0xb, 0xff, 0xfc, 0xb9,
    0x5e, 0x8f, 0xff, 0x85, 0x49, 0xff, 0xf8, 0xf5,
    0xe, 0x8e, 0xff, 0x39, 0x93, 0xff, 0xd8, 0xe0,
    0x5, 0xf7, 0xef, 0x8f, 0xe9, 0xfd, 0x7f, 0x50,
    0x0, 0x8f, 0x89, 0xef, 0xfe, 0x98, 0xf8, 0x0,
    0x0, 0x6, 0xfe, 0x98, 0x89, 0xee, 0x60, 0x0,
    0x0, 0x0, 0x17, 0xbd, 0xdb, 0x61, 0x0, 0x0,

    /* U+F29D "" */
    0x1, 0xdd, 0x10, 0x0, 0x0, 0x0, 0x5, 0xff,
    0x50, 0x0, 0x0, 0x0, 0x0, 0x99, 0x0, 0x0,
    0x0, 0x0, 0x4, 0xff, 0x40, 0x0, 0x0, 0x0,
    0x1e, 0xff, 0xe2, 0x0, 0x0, 0x0, 0xcf, 0xfc,
    0xfc, 0x0, 0x0, 0x0, 0xf8, 0xff, 0x8f, 0xa0,
    0x0, 0x0, 0xf8, 0xff, 0x48, 0xf6, 0x0, 0x0,
    0xf7, 0xff, 0x40, 0xbe, 0x0, 0x0, 0x51, 0xff,
    0x30, 0x4, 0x40, 0x0, 0x2, 0xfe, 0x80, 0x0,
    0x90, 0x0, 0x8, 0xfb, 0xf2, 0x0, 0x27, 0x0,
    0xe, 0xfa, 0xf9, 0x0, 0x7, 0x10, 0x4f, 0xd3,
    0xfe, 0x0, 0x0, 0x80, 0x9f, 0x70, 0xcf, 0x50,
    0x0, 0x44, 0x8e, 0x10, 0x4f, 0x40, 0x0, 0x8,
    0x0, 0x0, 0x0, 0x0, 0x0, 0x0,

    /* U+F29E "" */
    0x8f, 0xff, 0xff, 0xff, 0xff, 0xff, 0xff, 0xf8,
    0xff, 0xff, 0xff, 0xff, 0xff, 0xff, 0xff, 0xff,
    0xff, 0xff, 0xff, 0xff, 0xff, 0xff, 0xff, 0xff,
    0xff, 0xff, 0x11, 0xff, 0x30, 0x3, 0xbf, 0xff,
    0xff, 0xfa, 0x0, 0xbf, 0x30, 0x40, 0xe, 0xff,
    0xff, 0xf4, 0x21, 0x5f, 0x31, 0xfa, 0x9, 0xff,
    0xff, 0xe0, 0x21, 0xf, 0x31, 0xfc, 0xa, 0xff,
    0xff, 0x90, 0x32, 0xa, 0x30, 0xb4, 0xe, 0xff,
    0xff, 0x51, 0xff, 0x6, 0x30, 0x3, 0xcf, 0xff,
    0xff, 0xff, 0xff, 0xff, 0xff, 0xff, 0xff, 0xff,
    0xff, 0xff, 0xff, 0xff, 0xff, 0xff, 0xff, 0xff,
    0x8f, 0xff, 0xff, 0xff, 0xff, 0xff, 0xff, 0xf8,

    /* U+F2A0 "" */
    0x0, 0x0, 0x0, 0x0, 0x0, 0x0, 0x0, 0x0,
    0x0, 0x0, 0x0, 0x2, 0xc0, 0x0, 0x4, 0xe6,
    0x0, 0x5, 0x2a, 0x70, 0x1, 0xff, 0xfb, 0x1,
    0x7a, 0x3c, 0x0, 0xbf, 0xff, 0xb1, 0xe1, 0xe0,
    0xf0, 0x3f, 0xff, 0xf5, 0x1e, 0x1e, 0xf, 0x8,
    0xfe, 0xcc, 0x0, 0x17, 0xa3, 0xc0, 0xcf, 0x60,
    0x0, 0x0, 0x52, 0xa7, 0xf, 0xf3, 0x0, 0x0,
    0x0, 0x2c, 0x0, 0xff, 0x20, 0x0, 0x0, 0x0,
    0x0, 0xf, 0xf3, 0x0, 0x0, 0x0, 0x0, 0x0,
    0xcf, 0x60, 0x0, 0x0, 0x0, 0x0, 0x8, 0xfe,
    0xcc, 0x0, 0x0, 0x0, 0x0, 0x3f, 0xff, 0xf5,
    0x0, 0x0, 0x0, 0x0, 0xbf, 0xff, 0xb0, 0x0,
    0x0, 0x0, 0x2, 0xff, 0xfb, 0x0, 0x0, 0x0,
    0x0, 0x4, 0xe6, 0x0, 0x0, 0x0, 0x0,

    /* U+F2A1 "" */
    0x4e, 0xe4, 0x4, 0xee, 0x40, 0x0, 0x4e, 0xe4,
    0x0, 0x0, 0xef, 0xfe, 0xe, 0xff, 0xe0, 0x0,
    0xef, 0xfe, 0x0, 0xcc, 0xef, 0xfe, 0xe, 0xff,
    0xe0, 0x0, 0xef, 0xfe, 0x0, 0xcc, 0x4e, 0xe4,
    0x4, 0xee, 0x40, 0x0, 0x4e, 0xe4, 0x0, 0x0,
    0x0, 0x0, 0x0, 0x0, 0x0, 0x0, 0x0, 0x0,
    0x0, 0x0, 0x4e, 0xe4, 0x0, 0x0, 0x0, 0x0,
    0x0, 0x0, 0x0, 0x0, 0xef, 0xfe, 0x0, 0xcc,
    0x0, 0x0, 0xc, 0xc0, 0x0, 0xcc, 0xef, 0xfe,
    0x0, 0xcc, 0x0, 0x0, 0xc, 0xc0, 0x0, 0xcc,
    0x4e, 0xe4, 0x0, 0x0, 0x0, 0x0, 0x0, 0x0,
    0x0, 0x0, 0x0, 0x0, 0x0, 0x0, 0x0, 0x0,
    0x0, 0x0, 0x0, 0x0, 0x0, 0x0, 0x0, 0x0,
    0x0, 0x0, 0x0, 0x0, 0x0, 0x0, 0xc, 0xc0,
    0x0, 0xcc, 0x0, 0x0, 0xc, 0xc0, 0x0, 0xcc,
    0xc, 0xc0, 0x0, 0xcc, 0x0, 0x0, 0xc, 0xc0,
    0x0, 0xcc,

    /* U+F2A2 "" */
    0x0, 0x0, 0x0, 0x0, 0x1, 0x10, 0x0, 0x0,
    0x0, 0x0, 0x0, 0x0, 0xc, 0xf9, 0x10, 0x0,
    0x0, 0x0, 0x0, 0x0, 0x5, 0xdf, 0xe3, 0x0,
    0x0, 0x0, 0x3, 0x79, 0x73, 0x7, 0xfe, 0x20,
    0x0, 0x0, 0xaf, 0xff, 0xff, 0xa0, 0x6f, 0xc0,
    0x0, 0xc, 0xfb, 0x42, 0x4c, 0xfb, 0xb, 0xf4,
    0x0, 0x6f, 0xa0, 0x58, 0x50, 0xaf, 0x63, 0xfa,
    0x0, 0xcf, 0x18, 0xff, 0xf8, 0x1f, 0xc0, 0xee,
    0x0, 0xfc, 0xe, 0xe4, 0xee, 0xc, 0xf0, 0xcf,
    0x0, 0x85, 0x8, 0x50, 0x58, 0xd, 0xe0, 0x58,
    0x0, 0x0, 0x0, 0x0, 0x0, 0x3f, 0xb0, 0x0,
    0x0, 0x0, 0xcc, 0x0, 0x2, 0xef, 0x40, 0x0,
    0x1, 0x70, 0xcc, 0x0, 0xc, 0xf6, 0x0, 0x0,
    0x7, 0xf8, 0x0, 0x0, 0xf, 0xc0, 0x0, 0x0,
    0x0, 0x9f, 0x70, 0x0, 0x5f, 0x90, 0x0, 0x0,
    0xcc, 0x7, 0x10, 0x3c, 0xff, 0x20, 0x0, 0x0,
    0xcc, 0x0, 0x0, 0x4e, 0xc3, 0x0, 0x0, 0x0,

    /* U+F2A3 "" */
    0x0, 0x0, 0x0, 0x39, 0x0, 0x0, 0x0, 0x0,
    0x0, 0x0, 0x0, 0x0, 0x0, 0x2, 0xff, 0x10,
    0x0, 0x0, 0x0, 0x0, 0x0, 0x0, 0x0, 0x0,
    0xc, 0xfb, 0xce, 0x0, 0x0, 0x0, 0x0, 0x0,
    0x0, 0x0, 0x0, 0x4f, 0xff, 0xe9, 0x0, 0x0,
    0x0, 0x0, 0x0, 0x0, 0x0, 0x0, 0x8f, 0xff,
    0xee, 0x90, 0x3, 0x31, 0x6, 0xdb, 0x0, 0x0,
    0x0, 0xef, 0xff, 0xed, 0xf5, 0xef, 0xff, 0xff,
    0xff, 0x30, 0x0, 0x7, 0xff, 0xff, 0xfc, 0x2b,
    0xf8, 0xbf, 0xff, 0xff, 0xb0, 0x0, 0x6f, 0xff,
    0xfc, 0x9f, 0xa8, 0x80, 0x2f, 0xff, 0xff, 0xb0,
    0xd, 0xff, 0xff, 0xf3, 0x9, 0x8b, 0xf7, 0xbf,
    0xff, 0xe4, 0x0, 0xa, 0xff, 0xff, 0xfc, 0x9f,
    0xb3, 0xbf, 0xff, 0xff, 0x60, 0x0, 0x2, 0xff,
    0xfe, 0xff, 0xfd, 0x5f, 0xee, 0xff, 0xfd, 0x0,
    0x0, 0x0, 0x9b, 0x40, 0x1, 0x10, 0x7, 0xcd,
    0xff, 0xf7, 0x0, 0x0, 0x0, 0x0, 0x0, 0x0,
    0x0, 0x0, 0xbf, 0xff, 0xf3, 0x0, 0x0, 0x0,
    0x0, 0x0, 0x0, 0x0, 0x0, 0xca, 0xaf, 0xb0,
    0x0, 0x0, 0x0, 0x0, 0x0, 0x0, 0x0, 0x0,
    0x1, 0xfe, 0x10, 0x0, 0x0, 0x0, 0x0, 0x0,
    0x0, 0x0, 0x0, 0x0, 0x72, 0x0, 0x0, 0x0,

    /* U+F2A4 "" */
    0x0, 0x0, 0x0, 0x0, 0x0, 0x0, 0x0, 0x0,
    0x0, 0x0, 0x0, 0x0, 0x0, 0x0, 0x0, 0x0,
    0x1c, 0x60, 0x0, 0x0, 0x0, 0x0, 0x0, 0x0,
    0x1, 0xdf, 0xc0, 0x0, 0x0, 0x0, 0x37, 0x97,
    0x30, 0x1d, 0xfd, 0x10, 0x0, 0x0, 0xa, 0xff,
    0xff, 0xfa, 0x3e, 0xd1, 0x0, 0x0, 0x0, 0xcf,
    0xb4, 0x24, 0xcf, 0xb2, 0x10, 0x0, 0x0, 0x6,
    0xfa, 0x5, 0x85, 0xa, 0xf6, 0x0, 0x0, 0x0,
    0xc, 0xf1, 0x8f, 0xff, 0x81, 0xfc, 0x0, 0x0,
    0x0, 0xf, 0xc0, 0xee, 0x4e, 0xe0, 0xcf, 0x0,
    0x0, 0x0, 0x8, 0x50, 0x85, 0x5, 0x80, 0xde,
    0x0, 0x0, 0x0, 0x0, 0x1, 0x10, 0x0, 0x3,
    0xfb, 0x0, 0x0, 0x0, 0x0, 0x1d, 0xd1, 0x0,
    0x2e, 0xf4, 0x0, 0x0, 0x0, 0x1, 0xdf, 0xd1,
    0x0, 0xcf, 0x60, 0x0, 0x0, 0x0, 0x1d, 0xfd,
    0x10, 0x0, 0xfc, 0x0, 0x0, 0x0, 0x1, 0xdf,
    0xd1, 0x0, 0x5, 0xf9, 0x0, 0x0, 0x0, 0xc,
    0xfd, 0x10, 0x3, 0xcf, 0xf2, 0x0, 0x0, 0x0,
    0x6, 0xc1, 0x0, 0x4, 0xec, 0x30, 0x0, 0x0,
    0x0,

    /* U+F2A5 "" */
    0x8f, 0xff, 0xff, 0xff, 0xff, 0xff, 0xf8, 0xff,
    0xff, 0xff, 0xff, 0xff, 0xff, 0xff, 0xff, 0xff,
    0xfb, 0x20, 0x3e, 0xff, 0xff, 0xff, 0xff, 0xc0,
    0x4b, 0x8, 0xff, 0xff, 0xff, 0xff, 0x50, 0xec,
    0x8, 0xff, 0xff, 0xff, 0xff, 0x11, 0xf9, 0xb,
    0xff, 0xff, 0xff, 0xff, 0x20, 0xf5, 0x6, 0x18,
    0xff, 0xff, 0xff, 0x80, 0x20, 0x6, 0xaa, 0xff,
    0xff, 0xff, 0xea, 0x70, 0x5f, 0xff, 0xff, 0xff,
    0xff, 0x14, 0xb0, 0xaf, 0xff, 0xff, 0xff, 0xff,
    0x9, 0x32, 0xff, 0xff, 0xff, 0xff, 0xff, 0x70,
    0x4d, 0xff, 0xff, 0xff, 0xff, 0xff, 0xff, 0xff,
    0xff, 0xff, 0xff, 0x8f, 0xff, 0xff, 0xff, 0xff,
    0xff, 0xf8,

    /* U+F2A6 "" */
    0x0, 0x7, 0xdf, 0xea, 0x10, 0x0, 0x0, 0x1c,
    0xff, 0xdf, 0xfb, 0x0, 0x0, 0xb, 0xff, 0x60,
    0x9f, 0xf0, 0x0, 0x3, 0xff, 0xb0, 0xb, 0xff,
    0x0, 0x0, 0x9f, 0xf5, 0x0, 0xef, 0xd0, 0x0,
    0xb, 0xff, 0x30, 0x1f, 0xfa, 0x0, 0x0, 0xcf,
    0xf3, 0x5, 0xff, 0x74, 0x99, 0x9, 0xff, 0x90,
    0x8f, 0xfd, 0xff, 0xf8, 0x2f, 0xff, 0xdf, 0xff,
    0xe8, 0x55, 0x70, 0x4d, 0xff, 0xff, 0xd0, 0x0,
    0x0, 0x2, 0x2, 0x5f, 0xf9, 0x0, 0x0, 0x6,
    0xff, 0x35, 0xff, 0x50, 0x0, 0x0, 0xdf, 0x70,
    0xaf, 0xe0, 0x0, 0x0, 0xf, 0xf1, 0x3f, 0xf6,
    0x0, 0x0, 0x0, 0xbf, 0xef, 0xfa, 0x0, 0x0,
    0x0, 0x1, 0xbf, 0xe7, 0x0, 0x0, 0x0, 0x0,

    /* U+F2A7 "" */
    0x0, 0x0, 0x0, 0x0, 0x0, 0x0, 0x0, 0x0,
    0x0, 0x0, 0x26, 0x5e, 0x30, 0x0, 0x0, 0x0,
    0x0, 0x8, 0xfb, 0xfe, 0x10, 0x0, 0x0, 0x0,
    0x3, 0x9e, 0xfc, 0xfb, 0x4, 0x70, 0x0, 0x0,
    0x8f, 0xcf, 0xed, 0xf8, 0xbf, 0x0, 0x0, 0x1,
    0xdf, 0xcf, 0xdf, 0xfe, 0xf1, 0x0, 0x0, 0x9b,
    0xce, 0xef, 0xff, 0xff, 0x10, 0x0, 0xc, 0xdd,
    0xcc, 0xff, 0xff, 0xf2, 0x0, 0x0, 0x2d, 0xcf,
    0xeb, 0xff, 0xff, 0x20, 0x6b, 0xbb, 0xbb, 0xff,
    0xfb, 0xef, 0xe1, 0xc, 0xff, 0xff, 0xff, 0xff,
    0xfb, 0xd2, 0x6, 0xbd, 0xdd, 0xdf, 0xff, 0xff,
    0xa0, 0x0, 0xaf, 0xff, 0xff, 0xff, 0xff, 0xfa,
    0x0, 0x0, 0x8d, 0xdd, 0xdf, 0xff, 0xff, 0xa0,
    0x0, 0xc, 0xff, 0xff, 0xff, 0xff, 0xfa, 0x0,
    0x0, 0x0, 0x9d, 0xdf, 0xff, 0xff, 0x80, 0x0,
    0x0, 0xb, 0xff, 0xff, 0xd9, 0x50, 0x0, 0x0,

    /* U+F2A8 "" */
    0x0, 0x0, 0x8b, 0x0, 0x0, 0x0, 0x0, 0x0,
    0x0, 0x0, 0x0, 0xd, 0xf9, 0x0, 0x0, 0x0,
    0x0, 0x0, 0x0, 0x0, 0x0, 0x3f, 0xf7, 0x89,
    0x98, 0x50, 0x0, 0x0, 0x0, 0x0, 0x1, 0xcf,
    0xff, 0xee, 0xff, 0xf9, 0x10, 0x0, 0x0, 0x5,
    0xff, 0xdf, 0xb1, 0x12, 0xbf, 0xfe, 0x30, 0x0,
    0x5, 0xff, 0x61, 0xef, 0xfb, 0x10, 0xaf, 0xff,
    0x50, 0x3, 0xfe, 0xfe, 0x15, 0xff, 0x30, 0x1,
    0xff, 0xff, 0x20, 0xce, 0x1b, 0xfa, 0xa, 0xfa,
    0x29, 0x2d, 0xff, 0xfc, 0xe, 0xf4, 0x1f, 0xf6,
    0xe, 0xff, 0xf2, 0xcf, 0xff, 0xe0, 0x5f, 0xe1,
    0x5f, 0xf2, 0x3f, 0xfe, 0xf, 0xff, 0xf5, 0x0,
    0x8f, 0xa0, 0xaf, 0xc0, 0x8f, 0xd8, 0xff, 0xf9,
    0x0, 0x0, 0x8f, 0x51, 0xef, 0x70, 0xcf, 0xff,
    0xf8, 0x0, 0x0, 0x0, 0x3b, 0x14, 0xff, 0x32,
    0xff, 0xd4, 0x0, 0x0, 0x0, 0x0, 0x1, 0x8,
    0xda, 0x6, 0xfe, 0x10, 0x0, 0x0, 0x0, 0x0,
    0x0, 0x0, 0x0, 0xb, 0xfb, 0x0, 0x0, 0x0,
    0x0, 0x0, 0x0, 0x0, 0x0, 0x1e, 0xb0, 0x0,
    0x0, 0x0, 0x0, 0x0, 0x0, 0x0, 0x0, 0x0,
    0x0, 0x0,

    /* U+F2A9 "" */
    0x0, 0x0, 0x0, 0x3, 0x0, 0x0, 0x2, 0x0,
    0x0, 0x0, 0x0, 0x16, 0x0, 0x3, 0xd5, 0x0,
    0x0, 0x0, 0x0, 0x60, 0x4c, 0xff, 0x90, 0x0,
    0x0, 0x0, 0x1, 0x5f, 0xff, 0xd9, 0x0, 0x0,
    0x26, 0x87, 0x27, 0xff, 0xcf, 0x70, 0x0, 0x9f,
    0xfe, 0xf3, 0x49, 0xcf, 0xf1, 0x0, 0xbf, 0x60,
    0x0, 0x6, 0x3c, 0xc4, 0x0, 0x6f, 0x40, 0x0,
    0x0, 0x90, 0x0, 0x0, 0xc, 0xa0, 0x0, 0x0,
    0xb, 0x4c, 0x0, 0x0, 0xf6, 0x0, 0x0, 0x0,
    0xc4, 0xf2, 0x0, 0xf, 0x50, 0x0, 0x0, 0x2a,
    0x3f, 0x20, 0x0, 0xe7, 0x0, 0x0, 0x7, 0x56,
    0xf0, 0x0, 0x9, 0xd0, 0x0, 0x0, 0xa0, 0xcb,
    0x0, 0x0, 0x1e, 0xa0, 0x0, 0x81, 0x9f, 0x30,
    0x0, 0x0, 0x4f, 0xd8, 0xb8, 0xdf, 0x50, 0x0,
    0x0, 0x0, 0x29, 0xef, 0xea, 0x20, 0x0, 0x0,

    /* U+F2AA "" */
    0x8f, 0xff, 0xff, 0xff, 0xff, 0xff, 0xf8, 0xff,
    0xff, 0xff, 0xff, 0xff, 0xff, 0xff, 0xff, 0xff,
    0xff, 0xfe, 0xff, 0xaf, 0xff, 0xff, 0xff, 0xff,
    0xfc, 0xd5, 0xc, 0xff, 0xff, 0xff, 0xfe, 0xde,
    0x30, 0xc, 0xff, 0xff, 0xfe, 0x42, 0x4b, 0x71,
    0x2f, 0xff, 0xff, 0xf4, 0x9f, 0xff, 0xac, 0xef,
    0xff, 0xff, 0xd3, 0xff, 0xfd, 0x76, 0xff, 0xff,
    0xff, 0xb5, 0xff, 0xfa, 0xa4, 0xff, 0xff, 0xff,
    0xe2, 0xff, 0xf8, 0xa7, 0xff, 0xff, 0xff, 0xf6,
    0x6f, 0xba, 0x2e, 0xff, 0xff, 0xff, 0xff, 0x72,
    0x13, 0xcf, 0xff, 0xff, 0xff, 0xff, 0xff, 0xff,
    0xff, 0xff, 0xff, 0x8f, 0xff, 0xff, 0xff, 0xff,
    0xff, 0xf8,

    /* U+F2AB "" */
    0x0, 0x0, 0x16, 0xab, 0xa8, 0x30, 0x0, 0x0,
    0x0, 0x7, 0xff, 0xff, 0xff, 0xfc, 0x20, 0x0,
    0x0, 0xaf, 0xff, 0xff, 0xff, 0xff, 0xe3, 0x0,
    0x8, 0xff, 0xfd, 0x40, 0x18, 0xff, 0xfe, 0x10,
    0x2f, 0xff, 0xf2, 0x0, 0x0, 0xaf, 0xff, 0xa0,
    0x9f, 0xff, 0xe0, 0x0, 0x0, 0x5f, 0xff, 0xf1,
    0xdf, 0xff, 0xe0, 0x0, 0x0, 0x5f, 0xff, 0xf5,
    0xff, 0xfb, 0x10, 0x0, 0x0, 0x3, 0xff, 0xf7,
    0xff, 0xff, 0xb0, 0x0, 0x0, 0x3f, 0xff, 0xf7,
    0xdf, 0xff, 0x40, 0x0, 0x0, 0xb, 0xff, 0xf5,
    0x9f, 0xb2, 0x0, 0x0, 0x0, 0x0, 0x5f, 0xf1,
    0x2f, 0xfa, 0x0, 0x0, 0x0, 0x4, 0xcf, 0xa0,
    0x8, 0xff, 0xfe, 0x60, 0x2a, 0xff, 0xfe, 0x10,
    0x0, 0xaf, 0xff, 0xff, 0xff, 0xff, 0xe3, 0x0,
    0x0, 0x7, 0xff, 0xff, 0xff, 0xfc, 0x20, 0x0,
    0x0, 0x0, 0x16, 0xab, 0xa8, 0x30, 0x0, 0x0,

    /* U+F2AC "" */
    0x0, 0x0, 0x0, 0x4, 0x42, 0x0, 0x0, 0x0,
    0x0, 0x0, 0x0, 0x8f, 0xff, 0xfb, 0x10, 0x0,
    0x0, 0x0, 0x0, 0x7f, 0xff, 0xff, 0xfc, 0x0,
    0x0, 0x0, 0x0, 0xf, 0xff, 0xff, 0xff, 0xf5,
    0x0, 0x0, 0x0, 0x3, 0xff, 0xff, 0xff, 0xff,
    0x70, 0x0, 0x0, 0x0, 0x3f, 0xff, 0xff, 0xff,
    0xf8, 0x0, 0x0, 0x0, 0x34, 0xff, 0xff, 0xff,
    0xff, 0x84, 0x0, 0x0, 0x1f, 0xff, 0xff, 0xff,
    0xff, 0xff, 0xf5, 0x0, 0x0, 0x19, 0xff, 0xff,
    0xff, 0xff, 0xc2, 0x0, 0x0, 0x0, 0x8f, 0xff,
    0xff, 0xff, 0xfc, 0x0, 0x0, 0x0, 0x3f, 0xff,
    0xff, 0xff, 0xff, 0xf7, 0x0, 0x0, 0x6f, 0xff,
    0xff, 0xff, 0xff, 0xff, 0xf9, 0x20, 0xaf, 0xff,
    0xff, 0xff, 0xff, 0xff, 0xff, 0xfe, 0x0, 0x2b,
    0xff, 0xff, 0xff, 0xff, 0xff, 0xf3, 0x0, 0x0,
    0x24, 0x4a, 0xff, 0xff, 0xd5, 0x44, 0x0, 0x0,
    0x0, 0x0, 0x4, 0xaa, 0x60, 0x0, 0x0, 0x0,

    /* U+F2AD "" */
    0x8f, 0xff, 0xff, 0xff, 0xff, 0xff, 0xf8, 0xff,
    0xff, 0xff, 0xff, 0xff, 0xff, 0xff, 0xff, 0xff,
    0xf6, 0x0, 0x6f, 0xff, 0xff, 0xff, 0xff, 0x60,
    0x0, 0x6, 0xff, 0xff, 0xff, 0xff, 0x20, 0x0,
    0x1, 0xff, 0xff, 0xff, 0xff, 0x20, 0x0, 0x1,
    0xff, 0xff, 0xff, 0xe2, 0x0, 0x0, 0x0, 0x1e,
    0xff, 0xff, 0xfe, 0x0, 0x0, 0x0, 0xef, 0xff,
    0xff, 0xf7, 0x0, 0x0, 0x0, 0x7f, 0xff, 0xfe,
    0x40, 0x0, 0x0, 0x0, 0x4, 0xdf, 0xff, 0xb1,
    0x0, 0x0, 0x0, 0x1b, 0xff, 0xff, 0xff, 0xf8,
    0x11, 0x8f, 0xff, 0xff, 0xff, 0xff, 0xff, 0xff,
    0xff, 0xff, 0xff, 0x8f, 0xff, 0xff, 0xff, 0xff,
    0xff, 0xf8,

    /* U+F2AE "" */
    0x3, 0xcf, 0xff, 0xff, 0xff, 0xff, 0xce, 0x3f,
    0xff, 0xff, 0xff, 0xff, 0xa9, 0xff, 0xbf, 0xff,
    0xff, 0xff, 0xe4, 0xaf, 0xff, 0xff, 0xff, 0xff,
    0xfc, 0x1a, 0xff, 0xff, 0xff, 0xff, 0xff, 0xc0,
    0x6f, 0xff, 0xff, 0xff, 0xff, 0xfd, 0x0, 0xef,
    0xff, 0xff, 0xff, 0xff, 0xe2, 0x4, 0xff, 0xff,
    0xff, 0xff, 0xff, 0x40, 0x9, 0xff, 0xff, 0xff,
    0xff, 0xf7, 0x0, 0xe, 0xff, 0xff, 0xff, 0xff,
    0xc0, 0x0, 0x9f, 0xff, 0xff, 0xff, 0xff, 0x20,
    0x7, 0xff, 0xff, 0xff, 0xff, 0xf6, 0x6, 0xef,
    0xff, 0xff, 0xff, 0xfc, 0xc5, 0xef, 0xff, 0xff,
    0xff, 0xff, 0xf3, 0xcf, 0xff, 0xff, 0xff, 0xff,
    0xfc, 0x30,

    /* U+F2B0 "" */
    0x0, 0x0, 0x3, 0xa8, 0x10, 0x0, 0x0, 0x0,
    0x1, 0x87, 0x9a, 0x97, 0x0, 0x0, 0x0, 0x69,
    0x7d, 0xcc, 0xd9, 0x95, 0x0, 0x39, 0x7b, 0xa8,
    0xd7, 0xa8, 0xc8, 0x93, 0x99, 0xeb, 0x9f, 0xdc,
    0xe9, 0x9f, 0x99, 0x8e, 0x99, 0xff, 0xff, 0xef,
    0x89, 0xe8, 0x8d, 0xaf, 0xff, 0xff, 0xfe, 0xf9,
    0xd8, 0x8a, 0xad, 0xff, 0xff, 0xff, 0xc9, 0xb8,
    0x8a, 0xad, 0xff, 0xff, 0xff, 0xc9, 0xb8, 0x8d,
    0xaf, 0xff, 0xff, 0xfe, 0xfa, 0xd8, 0x8e, 0x99,
    0xff, 0xff, 0xef, 0x89, 0xe8, 0x99, 0xeb, 0x9f,
    0xdc, 0xe9, 0x9f, 0x99, 0x3a, 0x8c, 0xa8, 0xd7,
    0xa8, 0xb8, 0x93, 0x0, 0x69, 0x8e, 0xcc, 0xc8,
    0x95, 0x0, 0x0, 0x1, 0x98, 0xa8, 0x97, 0x0,
    0x0, 0x0, 0x0, 0x3, 0xa8, 0x10, 0x0, 0x0,

    /* U+F2B1 "" */
    0x0, 0x0, 0x0, 0x0, 0x0, 0x65, 0x0, 0x0,
    0x0, 0x0, 0x0, 0x5, 0xfc, 0x0, 0x4, 0x99,
    0x99, 0x99, 0x5b, 0xf6, 0x40, 0x67, 0x0, 0x0,
    0x0, 0x1f, 0xf0, 0x67, 0xa0, 0x6, 0xc4, 0x0,
    0x7f, 0x90, 0x9, 0x90, 0x2, 0xfa, 0x0, 0xdf,
    0x30, 0x9, 0x90, 0x0, 0xcf, 0x3, 0xfd, 0x0,
    0x9, 0x90, 0x0, 0x6f, 0x49, 0xf7, 0x0, 0x9,
    0x90, 0x0, 0xf, 0xae, 0xf1, 0x0, 0x9, 0x90,
    0x0, 0x9, 0xff, 0xa0, 0x0, 0x9, 0x90, 0x0,
    0x4, 0xff, 0x40, 0x0, 0x9, 0x90, 0x0, 0x2,
    0xfd, 0x0, 0x0, 0x9, 0x91, 0x0, 0x8, 0xf6,
    0x0, 0x0, 0x9, 0x1a, 0x82, 0xaf, 0xd3, 0x77,
    0x77, 0x7c, 0x0, 0x12, 0xfa, 0x11, 0x22, 0x22,
    0x22, 0x0, 0x0, 0x0, 0x0, 0x0, 0x0, 0x0,

    /* U+F2B2 "" */
    0x0, 0x0, 0x0, 0x3, 0x68, 0xec, 0x0, 0x0,
    0x0, 0x0, 0x2, 0x9e, 0xff, 0xfe, 0x10, 0x0,
    0x0, 0x0, 0x2d, 0x59, 0xfc, 0x9b, 0xa0, 0x0,
    0x0, 0x0, 0xcf, 0x59, 0x60, 0x0, 0x64, 0x0,
    0x6, 0xec, 0xff, 0xfd, 0x0, 0x0, 0x6, 0x10,
    0x3f, 0xfd, 0xff, 0xf6, 0x0, 0x0, 0x8, 0xf5,
    0x9f, 0xcc, 0xff, 0xf4, 0x0, 0x0, 0x9, 0xfd,
    0xdf, 0x9b, 0xff, 0xf4, 0x41, 0x32, 0xd, 0xff,
    0xff, 0x77, 0xff, 0xf6, 0x2, 0x14, 0x7f, 0xff,
    0xff, 0x91, 0xff, 0xff, 0x60, 0x19, 0xce, 0xfc,
    0xbf, 0xc0, 0x5f, 0xff, 0xff, 0xfe, 0x3f, 0xf8,
    0x2f, 0xf2, 0x4, 0xdf, 0xff, 0x91, 0x8f, 0xe1,
    0x5, 0xfb, 0x0, 0x1, 0x10, 0x2, 0xfc, 0x20,
    0x37, 0xef, 0xb5, 0x76, 0x57, 0x6c, 0x60, 0x0,
    0xb, 0xff, 0xd0, 0x44, 0x5, 0x40, 0x0, 0x0,
    0x3, 0x87, 0x45, 0x77, 0x57, 0x60, 0x0, 0x0,

    /* U+F2B3 "" */
    0x0, 0x0, 0x16, 0xab, 0xa8, 0x40, 0x0, 0x0,
    0x0, 0x7, 0xff, 0xff, 0xff, 0xfc, 0x20, 0x0,
    0x0, 0xaf, 0xff, 0xff, 0xff, 0xff, 0xf4, 0x0,
    0x8, 0xff, 0xff, 0xff, 0xff, 0xff, 0xff, 0x20,
    0x2f, 0xfb, 0x42, 0x4b, 0xff, 0xff, 0xff, 0xb0,
    0x9f, 0x90, 0x59, 0x58, 0xff, 0xff, 0xff, 0xf2,
    0xde, 0x7, 0xff, 0xff, 0xff, 0xf8, 0x4f, 0xf6,
    0xfb, 0xd, 0xf9, 0x33, 0x3f, 0x71, 0x4, 0xf8,
    0xfb, 0xd, 0xf8, 0x0, 0xf, 0x93, 0x17, 0xf8,
    0xde, 0x6, 0xff, 0xf5, 0x3f, 0xf8, 0x5f, 0xf6,
    0x9f, 0x90, 0x59, 0x50, 0xbf, 0xff, 0xff, 0xf2,
    0x2f, 0xfb, 0x42, 0x4c, 0xff, 0xff, 0xff, 0xb0,
    0x8, 0xff, 0xff, 0xff, 0xff, 0xff, 0xff, 0x20,
    0x0, 0xaf, 0xff, 0xff, 0xff, 0xff, 0xf4, 0x0,
    0x0, 0x7, 0xff, 0xff, 0xff, 0xfc, 0x20, 0x0,
    0x0, 0x0, 0x16, 0xab, 0xa8, 0x40, 0x0, 0x0,

    /* U+F2B4 "" */
    0x7f, 0xff, 0xff, 0xff, 0xff, 0xff, 0xf7, 0xff,
    0xff, 0xff, 0xff, 0xff, 0xff, 0xff, 0xff, 0xf8,
    0x8f, 0xff, 0xff, 0xff, 0xff, 0xff, 0xf0, 0xf,
    0xff, 0xff, 0xff, 0xff, 0xff, 0xf5, 0x37, 0x45,
    0xaa, 0x6f, 0xff, 0xff, 0xf6, 0x0, 0x0, 0x0,
    0xf, 0xff, 0xff, 0xf6, 0x0, 0x0, 0x0, 0xf,
    0xff, 0xff, 0xf6, 0x0, 0x0, 0x0, 0xf, 0xff,
    0xff, 0xf6, 0x0, 0x0, 0x0, 0xf, 0xff, 0xff,
    0xf6, 0x2b, 0xed, 0x87, 0xcf, 0xff, 0xff, 0xf6,
    0x6f, 0xff, 0xff, 0xff, 0xff, 0xff, 0xfb, 0xaf,
    0xff, 0xff, 0xff, 0xff, 0xff, 0xff, 0xff, 0xff,
    0xff, 0xff, 0xff, 0x7f, 0xff, 0xff, 0xff, 0xff,
    0xff, 0xf7,

    /* U+F2B5 "" */
    0x0, 0x0, 0x7, 0xff, 0x72, 0xdf, 0xff, 0x70,
    0x0, 0x0, 0x0, 0x0, 0x7f, 0xf6, 0x3e, 0xff,
    0xff, 0xf8, 0x0, 0x0, 0xff, 0xf0, 0xff, 0x54,
    0xff, 0xfa, 0xff, 0xff, 0xf, 0xff, 0xff, 0xf0,
    0xfd, 0x1f, 0xff, 0x63, 0xff, 0xff, 0xf, 0xff,
    0xff, 0xf0, 0xfd, 0x1f, 0xf5, 0x5, 0xff, 0xff,
    0xf, 0xff, 0xff, 0xf0, 0xff, 0x61, 0x15, 0xe5,
    0x3e, 0xff, 0xf, 0xff, 0xff, 0xf0, 0xff, 0xfd,
    0xdf, 0xff, 0x81, 0xcf, 0xf, 0xff, 0xff, 0xf0,
    0xff, 0xff, 0xff, 0xff, 0xfb, 0x19, 0xf, 0xff,
    0xf4, 0xf0, 0xff, 0xff, 0xff, 0xff, 0xff, 0xd2,
    0xf, 0x4f, 0xff, 0xc0, 0x1c, 0xff, 0xff, 0xff,
    0xff, 0xf6, 0xc, 0xff, 0x0, 0x0, 0x0, 0xbf,
    0xff, 0xff, 0xf9, 0xa0, 0x0, 0x0, 0x0, 0x0,
    0x0, 0x9, 0xfc, 0x8f, 0x60, 0x0, 0x0, 0x0,
    0x0, 0x0, 0x0, 0x0, 0x0, 0x0, 0x0, 0x0,
    0x0, 0x0,

    /* U+F2B6 "" */
    0x0, 0x0, 0x0, 0x4d, 0xd4, 0x0, 0x0, 0x0,
    0x0, 0x0, 0x8, 0xff, 0xff, 0x80, 0x0, 0x0,
    0x0, 0x2, 0xcf, 0xff, 0xff, 0xfc, 0x20, 0x0,
    0x0, 0x5f, 0xff, 0xff, 0xff, 0xff, 0xf5, 0x0,
    0x9, 0xff, 0xff, 0xff, 0xff, 0xff, 0xff, 0x90,
    0xbf, 0xff, 0xff, 0xff, 0xff, 0xff, 0xff, 0xfb,
    0xff, 0xff, 0xff, 0xff, 0xff, 0xff, 0xff, 0xff,
    0xff, 0xff, 0xff, 0xff, 0xff, 0xff, 0xff, 0xff,
    0xfe, 0x6f, 0xff, 0xff, 0xff, 0xff, 0xf6, 0xef,
    0xff, 0x62, 0xcf, 0xff, 0xff, 0xfc, 0x26, 0xff,
    0xff, 0xfa, 0x19, 0xff, 0xff, 0x91, 0xaf, 0xff,
    0xff, 0xff, 0xe3, 0x4d, 0xd4, 0x3e, 0xff, 0xff,
    0xff, 0xff, 0xff, 0x81, 0x18, 0xff, 0xff, 0xff,
    0xff, 0xff, 0xff, 0xff, 0xff, 0xff, 0xff, 0xff,
    0xff, 0xff, 0xff, 0xff, 0xff, 0xff, 0xff, 0xff,
    0x8f, 0xff, 0xff, 0xff, 0xff, 0xff, 0xff, 0xf8,

    /* U+F2B8 "" */
    0x2, 0x7c, 0xe6, 0x0, 0x0, 0x0, 0x0, 0x6f,
    0xff, 0xff, 0xb2, 0x0, 0x0, 0x0, 0x21, 0xbe,
    0x93, 0x3, 0x0, 0x0, 0x0, 0x20, 0x3, 0x0,
    0x3, 0x0, 0x0, 0x0, 0x2, 0x3, 0x0, 0x3,
    0x0, 0x0, 0x0, 0x3, 0x3, 0x0, 0x13, 0x0,
    0x1, 0x0, 0x2, 0x94, 0x19, 0xb0, 0x1, 0xaf,
    0x91, 0x4, 0xcf, 0xff, 0xa4, 0x55, 0xbf, 0xe6,
    0x2, 0x1a, 0xc3, 0xa, 0xfe, 0x46, 0x13, 0x0,
    0x20, 0x20, 0x9, 0xff, 0x93, 0x22, 0x0, 0x30,
    0x30, 0x43, 0xa2, 0x35, 0x10, 0x0, 0x6c, 0x59,
    0xf7, 0x30, 0x30, 0x0, 0x0, 0x37, 0xfe, 0x44,
    0x63, 0x0, 0x0, 0x0, 0x21, 0x61, 0x3, 0x0,
    0x0, 0x0, 0x0, 0x3, 0x30, 0x31, 0x0, 0x0,
    0x0, 0x0, 0x0, 0x54, 0x0, 0x0, 0x0, 0x0,

    /* U+F2B9 "" */
    0x8f, 0xff, 0xff, 0xff, 0xff, 0xff, 0x80, 0xff,
    0xff, 0xff, 0xff, 0xff, 0xff, 0xf0, 0xff, 0xff,
    0xff, 0xff, 0xff, 0xff, 0xf0, 0xff, 0xff, 0xff,
    0xff, 0xff, 0xff, 0xff, 0xff, 0xff, 0xf5, 0x5,
    0xff, 0xff, 0xff, 0xff, 0xff, 0x90, 0x0, 0x9f,
    0xff, 0xf0, 0xff, 0xff, 0x90, 0x0, 0x9f, 0xff,
    0xf0, 0xff, 0xff, 0xf5, 0x5, 0xff, 0xff, 0xff,
    0xff, 0xff, 0xff, 0xff, 0xff, 0xff, 0xff, 0xff,
    0xfb, 0x20, 0x30, 0x1b, 0xff, 0xf0, 0xff, 0xf1,
    0x0, 0x0, 0x1, 0xff, 0xf0, 0xff, 0xf1, 0x0,
    0x0, 0x1, 0xff, 0xff, 0xff, 0xff, 0xff, 0xff,
    0xff, 0xff, 0xff, 0xff, 0xff, 0xff, 0xff, 0xff,
    0xff, 0xf0, 0xff, 0xff, 0xff, 0xff, 0xff, 0xff,
    0xf0, 0x8f, 0xff, 0xff, 0xff, 0xff, 0xff, 0x80,

    /* U+F2BB "" */
    0x8f, 0xff, 0xff, 0xff, 0xff, 0xff, 0xff, 0xff,
    0xf8, 0xff, 0xff, 0xff, 0xff, 0xff, 0xff, 0xff,
    0xff, 0xff, 0xff, 0xff, 0xff, 0xff, 0xff, 0xff,
    0xff, 0xff, 0xff, 0xff, 0xff, 0x50, 0x5f, 0xff,
    0xff, 0xff, 0xff, 0xff, 0xff, 0xf9, 0x0, 0x9,
    0xff, 0xf0, 0x0, 0x1, 0xff, 0xff, 0xf9, 0x0,
    0x9, 0xff, 0xff, 0xff, 0xff, 0xff, 0xff, 0xff,
    0x50, 0x5f, 0xff, 0xf0, 0x0, 0x1, 0xff, 0xff,
    0xff, 0xff, 0xff, 0xff, 0xff, 0xff, 0xff, 0xff,
    0xff, 0xa1, 0x3, 0x1, 0xbf, 0xf0, 0x0, 0x1,
    0xff, 0xff, 0x10, 0x0, 0x0, 0x1f, 0xff, 0xff,
    0xff, 0xff, 0xff, 0x10, 0x0, 0x0, 0x1f, 0xff,
    0xff, 0xff, 0xff, 0xff, 0xff, 0xff, 0xff, 0xff,
    0xff, 0xff, 0xff, 0xff, 0xff, 0xff, 0xff, 0xff,
    0xff, 0xff, 0xff, 0xff, 0xff, 0x8f, 0xff, 0xff,
    0xff, 0xff, 0xff, 0xff, 0xff, 0xf8,

    /* U+F2BD "" */
    0x0, 0x0, 0x28, 0xbd, 0xc9, 0x40, 0x0, 0x0,
    0x0, 0x9, 0xff, 0xff, 0xff, 0xfc, 0x20, 0x0,
    0x0, 0xcf, 0xff, 0xff, 0xff, 0xff, 0xe2, 0x0,
    0x9, 0xff, 0xff, 0x73, 0x5e, 0xff, 0xfd, 0x0,
    0x3f, 0xff, 0xf6, 0x0, 0x2, 0xff, 0xff, 0x70,
    0x9f, 0xff, 0xf1, 0x0, 0x0, 0xcf, 0xff, 0xe0,
    0xdf, 0xff, 0xf1, 0x0, 0x0, 0xdf, 0xff, 0xf2,
    0xff, 0xff, 0xf9, 0x0, 0x4, 0xff, 0xff, 0xf3,
    0xff, 0xff, 0xff, 0xb6, 0x9f, 0xff, 0xff, 0xf3,
    0xdf, 0xff, 0xff, 0xff, 0xff, 0xff, 0xff, 0xf1,
    0x9f, 0xff, 0x60, 0x1, 0x0, 0x4e, 0xff, 0xd0,
    0x2f, 0xf6, 0x0, 0x0, 0x0, 0x2, 0xff, 0x60,
    0x8, 0xfc, 0x10, 0x0, 0x0, 0x9, 0xfc, 0x0,
    0x0, 0xaf, 0xe6, 0x20, 0x15, 0xcf, 0xd1, 0x0,
    0x0, 0x7, 0xff, 0xff, 0xff, 0xfa, 0x10, 0x0,
    0x0, 0x0, 0x16, 0xab, 0xa8, 0x20, 0x0, 0x0,

    /* U+F2C1 "" */
    0x8f, 0xff, 0xff, 0xff, 0xff, 0xf8, 0xff, 0xff,
    0x20, 0x2, 0xff, 0xff, 0xff, 0xff, 0xff, 0xff,
    0xff, 0xff, 0xff, 0xff, 0xff, 0xff, 0xff, 0xff,
    0xff, 0xff, 0xff, 0xff, 0xff, 0xff, 0xff, 0xff,
    0xb1, 0x1b, 0xff, 0xff, 0xff, 0xff, 0x10, 0x1,
    0xff, 0xff, 0xff, 0xff, 0x10, 0x1, 0xff, 0xff,
    0xff, 0xff, 0xb1, 0x1b, 0xff, 0xff, 0xff, 0xff,
    0xff, 0xff, 0xff, 0xff, 0xff, 0xf5, 0x2, 0x20,
    0x5f, 0xff, 0xff, 0x90, 0x0, 0x0, 0x9, 0xff,
    0xff, 0x90, 0x0, 0x0, 0x9, 0xff, 0xff, 0xff,
    0xff, 0xff, 0xff, 0xff, 0xff, 0xff, 0xff, 0xff,
    0xff, 0xff, 0x8f, 0xff, 0xff, 0xff, 0xff, 0xf8,

    /* U+F2C2 "" */
    0x8f, 0xff, 0xff, 0xff, 0xff, 0xff, 0xff, 0xff,
    0xf8, 0xff, 0xff, 0xff, 0xff, 0xff, 0xff, 0xff,
    0xff, 0xff, 0x0, 0x0, 0x0, 0x0, 0x0, 0x0,
    0x0, 0x0, 0x0, 0xff, 0xff, 0xff, 0xff, 0xff,
    0xff, 0xff, 0xff, 0xff, 0xff, 0xff, 0xff, 0xff,
    0xff, 0xff, 0xff, 0xff, 0xff, 0xff, 0xff, 0x50,
    0x5f, 0xff, 0xf0, 0x0, 0x1, 0xff, 0xff, 0xf9,
    0x0, 0x9, 0xff, 0xff, 0xff, 0xff, 0xff, 0xff,
    0xf9, 0x0, 0x9, 0xff, 0xf0, 0x0, 0x1, 0xff,
    0xff, 0xff, 0x50, 0x5f, 0xff, 0xff, 0xff, 0xff,
    0xff, 0xff, 0xff, 0xff, 0xff, 0xff, 0xf0, 0x0,
    0x1, 0xff, 0xff, 0xb1, 0x3, 0x1, 0xbf, 0xff,
    0xff, 0xff, 0xff, 0xff, 0x30, 0x0, 0x0, 0x3f,
    0xff, 0xff, 0xff, 0xff, 0xff, 0xff, 0xff, 0xff,
    0xff, 0xff, 0xff, 0xff, 0xff, 0x8f, 0xff, 0xff,
    0xff, 0xff, 0xff, 0xff, 0xff, 0xf8,

    /* U+F2C4 "" */
    0x0, 0x3, 0xae, 0xfe, 0x92, 0x0, 0x0, 0x0,
    0x9f, 0xc5, 0x36, 0xdf, 0x60, 0x0, 0x8, 0xfd,
    0x0, 0x0, 0x1e, 0xf6, 0x0, 0x2f, 0xf6, 0x0,
    0x0, 0x8, 0xfe, 0x10, 0x8f, 0xf2, 0x0, 0x0,
    0x5, 0xff, 0x50, 0xbf, 0xf1, 0x0, 0x0, 0x3,
    0xff, 0x80, 0xcf, 0xf1, 0x0, 0x0, 0x3, 0xff,
    0x80, 0x9f, 0xf2, 0x3, 0x42, 0x4, 0xff, 0x60,
    0x4f, 0xf5, 0x8f, 0xff, 0x97, 0xff, 0x20, 0xc,
    0xfb, 0x1, 0x9f, 0xff, 0xf9, 0x0, 0x1, 0xcf,
    0x81, 0xd, 0xff, 0xb0, 0x0, 0x0, 0x7, 0xef,
    0xff, 0xff, 0xb0, 0x5a, 0x0, 0x0, 0x3, 0x42,
    0xaf, 0xff, 0xf7, 0x0, 0x0, 0x0, 0x0, 0x9,
    0xef, 0x90,

    /* U+F2C5 "" */
    0x0, 0x68, 0x0, 0x2, 0x0, 0x0, 0x0, 0x86,
    0x0, 0x4, 0xd1, 0x0, 0x4, 0xe2, 0x0, 0x0,
    0x1e, 0x40, 0xe, 0x30, 0x0, 0x0, 0xfa, 0x0,
    0x0, 0x4, 0xd0, 0x5b, 0x0, 0x0, 0x6, 0xfe,
    0x53, 0x0, 0x0, 0xc4, 0x96, 0x0, 0x0, 0xe,
    0xee, 0xdd, 0x0, 0x0, 0x78, 0xb4, 0x0, 0x0,
    0x7f, 0xd6, 0xff, 0x20, 0x0, 0x4b, 0xb4, 0x0,
    0x0, 0xbf, 0x23, 0x6f, 0x20, 0x0, 0x4b, 0x96,
    0x0, 0x0, 0x8a, 0x0, 0xd, 0x0, 0x0, 0x69,
    0x5b, 0x0, 0x0, 0xa, 0x10, 0x62, 0x0, 0x0,
    0xa6, 0xe, 0x20, 0x0, 0x0, 0x10, 0x0, 0x0,
    0x2, 0xe0, 0x6, 0xc0, 0x1c, 0xdd, 0xdd, 0xdd,
    0xd8, 0xb, 0x70, 0x0, 0x89, 0x2, 0x33, 0x33,
    0x33, 0x31, 0x89, 0x0, 0x0, 0x0, 0x0, 0x0,
    0x0, 0x0, 0x0, 0x0, 0x0,

    /* U+F2C6 "" */
    0x0, 0x0, 0x4, 0x89, 0x96, 0x20, 0x0, 0x0,
    0x0, 0x5, 0xef, 0xff, 0xff, 0xfa, 0x10, 0x0,
    0x0, 0x8f, 0xff, 0xff, 0xff, 0xff, 0xe2, 0x0,
    0x7, 0xff, 0xff, 0xff, 0xff, 0xff, 0xfd, 0x10,
    0x1f, 0xff, 0xff, 0xff, 0xff, 0xff, 0xff, 0x90,
    0x8f, 0xff, 0xff, 0xff, 0xfa, 0x48, 0xff, 0xf0,
    0xdf, 0xff, 0xff, 0xc6, 0x14, 0x9, 0xff, 0xf5,
    0xff, 0xff, 0x93, 0x3, 0x91, 0xd, 0xff, 0xf7,
    0xff, 0xf8, 0x20, 0x9b, 0x0, 0xf, 0xff, 0xf7,
    0xdf, 0xff, 0xff, 0xb0, 0x0, 0x4f, 0xff, 0xf5,
    0x9f, 0xff, 0xff, 0x63, 0x0, 0x7f, 0xff, 0xf1,
    0x3f, 0xff, 0xff, 0xbf, 0xc2, 0xbf, 0xff, 0xb0,
    0x9, 0xff, 0xff, 0xff, 0xff, 0xff, 0xff, 0x20,
    0x0, 0xcf, 0xff, 0xff, 0xff, 0xff, 0xf4, 0x0,
    0x0, 0x9, 0xff, 0xff, 0xff, 0xfd, 0x30, 0x0,
    0x0, 0x0, 0x28, 0xbd, 0xca, 0x50, 0x0, 0x0,

    /* U+F2C7 "" */
    0x0, 0x8e, 0xe8, 0x0, 0x8, 0xfa, 0xaf, 0x80,
    0xe, 0xac, 0xca, 0xe0, 0xf, 0x8f, 0xf8, 0xf0,
    0xf, 0x8f, 0xf8, 0xf0, 0xf, 0x8f, 0xf8, 0xf0,
    0xf, 0x8f, 0xf8, 0xf0, 0xf, 0x8f, 0xf8, 0xf0,
    0xf, 0x8f, 0xf8, 0xf0, 0x2f, 0x7f, 0xf7, 0xf2,
    0xae, 0x6f, 0xf5, 0xea, 0xe9, 0xef, 0xfe, 0x9e,
    0xf9, 0xef, 0xfe, 0x9f, 0xae, 0x7e, 0xe6, 0xfb,
    0x2e, 0xe9, 0x9f, 0xe2, 0x2, 0xbf, 0xfb, 0x20,

    /* U+F2C8 "" */
    0x0, 0x8e, 0xe8, 0x0, 0x8, 0xfa, 0xaf, 0x80,
    0xe, 0xa0, 0xa, 0xe0, 0xf, 0x80, 0x8, 0xf0,
    0xf, 0x8c, 0xc8, 0xf0, 0xf, 0x8f, 0xf8, 0xf0,
    0xf, 0x8f, 0xf8, 0xf0, 0xf, 0x8f, 0xf8, 0xf0,
    0xf, 0x8f, 0xf8, 0xf0, 0x2f, 0x7f, 0xf7, 0xf2,
    0xae, 0x6f, 0xf5, 0xea, 0xe9, 0xef, 0xfe, 0x9e,
    0xf9, 0xef, 0xfe, 0x9f, 0xae, 0x7e, 0xe6, 0xfb,
    0x2e, 0xe9, 0x9f, 0xe2, 0x2, 0xbf, 0xfb, 0x20,

    /* U+F2C9 "" */
    0x0, 0x8e, 0xe8, 0x0, 0x8, 0xfa, 0xaf, 0x80,
    0xe, 0xa0, 0xa, 0xe0, 0xf, 0x80, 0x8, 0xf0,
    0xf, 0x80, 0x8, 0xf0, 0xf, 0x80, 0x8, 0xf0,
    0xf, 0x8c, 0xc8, 0xf0, 0xf, 0x8f, 0xf8, 0xf0,
    0xf, 0x8f, 0xf8, 0xf0, 0x2f, 0x7f, 0xf7, 0xf2,
    0xae, 0x6f, 0xf5, 0xea, 0xe9, 0xef, 0xfe, 0x9e,
    0xf9, 0xef, 0xfe, 0x9f, 0xae, 0x7e, 0xe6, 0xfb,
    0x2e, 0xe9, 0x9f, 0xe2, 0x2, 0xbf, 0xfb, 0x20,

    /* U+F2CA "" */
    0x0, 0x8e, 0xe8, 0x0, 0x8, 0xfa, 0xaf, 0x80,
    0xe, 0xa0, 0xa, 0xe0, 0xf, 0x80, 0x8, 0xf0,
    0xf, 0x80, 0x8, 0xf0, 0xf, 0x80, 0x8, 0xf0,
    0xf, 0x80, 0x8, 0xf0, 0xf, 0x80, 0x8, 0xf0,
    0xf, 0x8c, 0xc8, 0xf0, 0x2f, 0x7f, 0xf7, 0xf2,
    0xae, 0x6f, 0xf5, 0xea, 0xe9, 0xef, 0xfe, 0x9e,
    0xf9, 0xef, 0xfe, 0x9f, 0xae, 0x7e, 0xe6, 0xfb,
    0x2e, 0xe9, 0x9f, 0xe2, 0x2, 0xbf, 0xfb, 0x20,

    /* U+F2CB "" */
    0x0, 0x8e, 0xe8, 0x0, 0x8, 0xfa, 0xaf, 0x80,
    0xe, 0xa0, 0xa, 0xe0, 0xf, 0x80, 0x8, 0xf0,
    0xf, 0x80, 0x8, 0xf0, 0xf, 0x80, 0x8, 0xf0,
    0xf, 0x80, 0x8, 0xf0, 0xf, 0x80, 0x8, 0xf0,
    0xf, 0x80, 0x8, 0xf0, 0x2f, 0x70, 0x7, 0xf2,
    0xae, 0x6e, 0xe6, 0xea, 0xe9, 0xef, 0xfe, 0x9e,
    0xf9, 0xef, 0xfe, 0x9f, 0xae, 0x7e, 0xe6, 0xfb,
    0x2e, 0xe9, 0x9f, 0xe2, 0x2, 0xbf, 0xfb, 0x20,

    /* U+F2CC "" */
    0x0, 0x8e, 0xfd, 0x70, 0x0, 0x0, 0x0, 0x0,
    0xc, 0xff, 0xff, 0xfe, 0xfc, 0x64, 0x0, 0x0,
    0x8f, 0xd3, 0x8, 0xff, 0xff, 0xff, 0x40, 0x0,
    0xef, 0x30, 0xd, 0xff, 0xff, 0xfd, 0x10, 0x0,
    0xff, 0x0, 0xf, 0xff, 0xff, 0xd1, 0x0, 0x0,
    0xff, 0x0, 0xd, 0xff, 0xfd, 0x1b, 0xb, 0xb,
    0xff, 0x0, 0x5, 0xff, 0xd1, 0xb0, 0xb0, 0xb0,
    0xff, 0x0, 0x4, 0xfd, 0x1b, 0xb, 0xb, 0x0,
    0xff, 0x0, 0x0, 0x41, 0x0, 0xb0, 0xb0, 0x0,
    0xff, 0x0, 0x0, 0x0, 0xb, 0xb, 0x0, 0x0,
    0xff, 0x0, 0x0, 0x0, 0x0, 0xb0, 0x0, 0x0,
    0xff, 0x0, 0x0, 0x0, 0xb, 0x0, 0x0, 0x0,
    0xff, 0x0, 0x0, 0x0, 0x0, 0x0, 0x0, 0x0,
    0xff, 0x0, 0x0, 0x0, 0x0, 0x0, 0x0, 0x0,

    /* U+F2CD "" */
    0x1, 0xbf, 0xc2, 0x0, 0x0, 0x0, 0x0, 0x0,
    0xb, 0xe8, 0xef, 0xf9, 0x10, 0x0, 0x0, 0x0,
    0xf, 0x80, 0xdf, 0xff, 0x50, 0x0, 0x0, 0x0,
    0xf, 0x80, 0xef, 0xf6, 0x0, 0x0, 0x0, 0x0,
    0xf, 0x80, 0x9f, 0x60, 0x0, 0x0, 0x0, 0x0,
    0xf, 0x80, 0x15, 0x0, 0x0, 0x0, 0x0, 0x0,
    0xf, 0x80, 0x0, 0x0, 0x0, 0x0, 0x0, 0x0,
    0xdf, 0xff, 0xff, 0xff, 0xff, 0xff, 0xff, 0xfd,
    0xdf, 0xff, 0xff, 0xff, 0xff, 0xff, 0xff, 0xfd,
    0xf, 0xff, 0xff, 0xff, 0xff, 0xff, 0xff, 0xf0,
    0xe, 0xff, 0xff, 0xff, 0xff, 0xff, 0xff, 0xe0,
    0x8, 0xff, 0xff, 0xff, 0xff, 0xff, 0xff, 0x80,
    0x0, 0xff, 0xff, 0xff, 0xff, 0xff, 0xff, 0x0,
    0x0, 0xdd, 0x0, 0x0, 0x0, 0x0, 0xdd, 0x0,

    /* U+F2CE "" */
    0x0, 0x1, 0x8d, 0xff, 0xd8, 0x10, 0x0, 0x0,
    0x5f, 0xfb, 0x88, 0xbf, 0xf5, 0x0, 0x5, 0xfc,
    0x25, 0x99, 0x53, 0xcf, 0x50, 0x1f, 0xc2, 0xdf,
    0xff, 0xfc, 0x2c, 0xf1, 0x8f, 0x2c, 0xf5, 0x0,
    0x5f, 0xc3, 0xf8, 0xdb, 0x4f, 0x64, 0xee, 0x46,
    0xf4, 0xbd, 0xf8, 0x7f, 0x1e, 0xff, 0xe1, 0xf7,
    0x8f, 0xf8, 0x6f, 0x1e, 0xff, 0xe2, 0xf7, 0x9f,
    0xdb, 0x2f, 0x74, 0xee, 0x48, 0xf3, 0xbd, 0x8f,
    0x29, 0xb0, 0x33, 0xb, 0x92, 0xf8, 0x1f, 0xc0,
    0xc, 0xff, 0xc0, 0xc, 0xf1, 0x4, 0xfc, 0xf,
    0xff, 0xf0, 0xcf, 0x40, 0x0, 0x5e, 0x1e, 0xff,
    0xd2, 0xe4, 0x0, 0x0, 0x1, 0xb, 0xff, 0xb0,
    0x10, 0x0, 0x0, 0x0, 0x8, 0xff, 0x80, 0x0,
    0x0, 0x0, 0x0, 0x2, 0xee, 0x20, 0x0, 0x0,

    /* U+F2D0 "" */
    0x8f, 0xff, 0xff, 0xff, 0xff, 0xff, 0xff, 0xf8,
    0xff, 0xff, 0xff, 0xff, 0xff, 0xff, 0xff, 0xff,
    0xff, 0x0, 0x0, 0x0, 0x0, 0x0, 0x0, 0xff,
    0xff, 0x0, 0x0, 0x0, 0x0, 0x0, 0x0, 0xff,
    0xff, 0x0, 0x0, 0x0, 0x0, 0x0, 0x0, 0xff,
    0xff, 0xff, 0xff, 0xff, 0xff, 0xff, 0xff, 0xff,
    0xff, 0xff, 0xff, 0xff, 0xff, 0xff, 0xff, 0xff,
    0xff, 0xff, 0xff, 0xff, 0xff, 0xff, 0xff, 0xff,
    0xff, 0xff, 0xff, 0xff, 0xff, 0xff, 0xff, 0xff,
    0xff, 0xff, 0xff, 0xff, 0xff, 0xff, 0xff, 0xff,
    0xff, 0xff, 0xff, 0xff, 0xff, 0xff, 0xff, 0xff,
    0xff, 0xff, 0xff, 0xff, 0xff, 0xff, 0xff, 0xff,
    0xff, 0xff, 0xff, 0xff, 0xff, 0xff, 0xff, 0xff,
    0x8f, 0xff, 0xff, 0xff, 0xff, 0xff, 0xff, 0xf8,

    /* U+F2D1 "" */
    0x8f, 0xff, 0xff, 0xff, 0xff, 0xff, 0xff, 0xf8,
    0xff, 0xff, 0xff, 0xff, 0xff, 0xff, 0xff, 0xff,
    0xff, 0xff, 0xff, 0xff, 0xff, 0xff, 0xff, 0xff,
    0x8f, 0xff, 0xff, 0xff, 0xff, 0xff, 0xff, 0xf8,

    /* U+F2D2 "" */
    0x0, 0x0, 0x8f, 0xff, 0xff, 0xff, 0xff, 0xf8,
    0x0, 0x0, 0xff, 0xff, 0xff, 0xff, 0xff, 0xff,
    0x0, 0x0, 0xff, 0xff, 0xff, 0xff, 0xff, 0xff,
    0x0, 0x0, 0x0, 0x0, 0x0, 0x4, 0xef, 0xff,
    0x8f, 0xff, 0xff, 0xff, 0xff, 0xf8, 0x4f, 0xff,
    0xff, 0xff, 0xff, 0xff, 0xff, 0xff, 0xf, 0xff,
    0xff, 0x0, 0x0, 0x0, 0x2, 0xff, 0xf, 0xff,
    0xff, 0x0, 0x0, 0x0, 0x2, 0xff, 0xf, 0xff,
    0xff, 0xff, 0xff, 0xff, 0xff, 0xff, 0xf, 0xff,
    0xff, 0xff, 0xff, 0xff, 0xff, 0xff, 0xf, 0xff,
    0xff, 0xff, 0xff, 0xff, 0xff, 0xff, 0xf, 0xff,
    0xff, 0xff, 0xff, 0xff, 0xff, 0xff, 0xf, 0xf8,
    0xff, 0xff, 0xff, 0xff, 0xff, 0xff, 0x0, 0x0,
    0xff, 0xff, 0xff, 0xff, 0xff, 0xff, 0x0, 0x0,
    0xff, 0xff, 0xff, 0xff, 0xff, 0xff, 0x0, 0x0,
    0x8f, 0xff, 0xff, 0xff, 0xff, 0xf8, 0x0, 0x0,

    /* U+F2D5 "" */
    0x0, 0x0, 0x39, 0xde, 0xeb, 0x60, 0x0, 0x0,
    0x0, 0xa, 0xff, 0xff, 0xff, 0xfe, 0x40, 0x0,
    0x0, 0xcf, 0xff, 0xff, 0xff, 0xff, 0xf5, 0x0,
    0x9, 0xff, 0xff, 0xff, 0xff, 0xff, 0xff, 0x20,
    0x3f, 0xff, 0xff, 0xff, 0xff, 0xff, 0xff, 0xb0,
    0x9f, 0xff, 0xff, 0x65, 0x55, 0x58, 0xff, 0xf1,
    0xdf, 0xff, 0xfa, 0x0, 0x0, 0xa, 0xff, 0xf5,
    0xff, 0xff, 0xf2, 0x0, 0x0, 0x2f, 0xff, 0xf7,
    0xff, 0xff, 0xa0, 0x0, 0x0, 0xaf, 0xff, 0xf7,
    0xdf, 0xff, 0x20, 0x0, 0x2, 0xff, 0xff, 0xf5,
    0x9f, 0xfd, 0x55, 0x55, 0x5b, 0xff, 0xff, 0xf1,
    0x3f, 0xff, 0xff, 0xff, 0xff, 0xff, 0xff, 0xb0,
    0xa, 0xff, 0xff, 0xff, 0xff, 0xff, 0xff, 0x20,
    0x0, 0xcf, 0xff, 0xff, 0xff, 0xff, 0xf5, 0x0,
    0x0, 0xa, 0xff, 0xff, 0xff, 0xfe, 0x40, 0x0,
    0x0, 0x0, 0x39, 0xde, 0xeb, 0x60, 0x0, 0x0,

    /* U+F2D6 "" */
    0x0, 0x0, 0x16, 0xbc, 0xdb, 0x61, 0x0, 0x0,
    0x0, 0x6, 0xef, 0xfc, 0x9f, 0xfe, 0x60, 0x0,
    0x0, 0x8f, 0xff, 0xf9, 0x6e, 0x9b, 0xf8, 0x0,
    0x5, 0xff, 0xff, 0xfc, 0x48, 0xc4, 0xbf, 0x50,
    0xe, 0xff, 0xff, 0xfd, 0x5c, 0xfa, 0x8f, 0xe0,
    0x5f, 0xff, 0xff, 0xd1, 0x28, 0xeb, 0xef, 0xf5,
    0x9f, 0xff, 0xfe, 0x22, 0x94, 0x4, 0xff, 0xf9,
    0xbf, 0xff, 0xb0, 0x40, 0x42, 0x32, 0xdf, 0xfb,
    0xbf, 0xff, 0x10, 0x80, 0x5, 0xf5, 0x2d, 0xfb,
    0x9f, 0xfb, 0xb, 0x60, 0x6f, 0xff, 0x99, 0xf9,
    0x5f, 0xfd, 0xde, 0x0, 0xef, 0xff, 0xff, 0xf5,
    0xd, 0xff, 0xf9, 0xa, 0xff, 0xff, 0xff, 0xd0,
    0x4, 0xff, 0xc1, 0x6f, 0xff, 0xff, 0xff, 0x40,
    0x0, 0x6f, 0x76, 0xff, 0xff, 0xff, 0xf6, 0x0,
    0x0, 0x4, 0xdf, 0xff, 0xff, 0xfd, 0x40, 0x0,
    0x0, 0x0, 0x5, 0x9b, 0xb9, 0x50, 0x0, 0x0,

    /* U+F2D7 "" */
    0x0, 0x0, 0x0, 0x0, 0x0, 0x0, 0xdf, 0xee,
    0xee, 0xee, 0xff, 0xf4, 0x3, 0xff, 0x10, 0x0,
    0x7, 0xf3, 0x1, 0xff, 0x10, 0x0, 0x0, 0xf2,
    0x0, 0xff, 0x10, 0x0, 0x0, 0x81, 0x0, 0xff,
    0x10, 0x0, 0xa0, 0x0, 0x0, 0xff, 0x10, 0x3,
    0xd0, 0x0, 0x0, 0xff, 0xbb, 0xbe, 0xc0, 0x0,
    0x0, 0xff, 0x33, 0x4a, 0xc0, 0x0, 0x0, 0xff,
    0x0, 0x2, 0xd0, 0x0, 0x0, 0xff, 0x0, 0x0,
    0x20, 0x1, 0x1, 0xff, 0x0, 0x0, 0x0, 0xd,
    0x1, 0xff, 0x0, 0x0, 0x0, 0x6c, 0x4, 0xff,
    0x50, 0x0, 0x4, 0xea, 0xef, 0xff, 0xee, 0xee,
    0xff, 0xf8,

    /* U+F2D8 "" */
    0x8f, 0xff, 0xff, 0xff, 0xff, 0xff, 0xf8, 0xff,
    0xff, 0xff, 0xff, 0xff, 0xff, 0xff, 0xff, 0xff,
    0xff, 0xff, 0xff, 0xff, 0xff, 0xff, 0xff, 0xff,
    0xff, 0xff, 0xff, 0xff, 0xff, 0xff, 0xff, 0xff,
    0xff, 0xff, 0xff, 0xff, 0x5, 0x32, 0x60, 0x28,
    0x6f, 0xff, 0xff, 0x5, 0x11, 0x60, 0x45, 0x22,
    0xff, 0xff, 0x5, 0x22, 0x60, 0x55, 0x51, 0xff,
    0xff, 0x5, 0x44, 0x60, 0x27, 0x23, 0xff, 0xff,
    0xff, 0xff, 0xff, 0xff, 0xff, 0xff, 0xff, 0xff,
    0xff, 0xff, 0xff, 0xff, 0xff, 0xff, 0xff, 0xff,
    0xff, 0xff, 0xff, 0xff, 0xff, 0xff, 0xff, 0xff,
    0xff, 0xff, 0xff, 0x8f, 0xff, 0xff, 0xff, 0xff,
    0xff, 0xf8,

    /* U+F2D9 "" */
    0x0, 0x0, 0x0, 0x0, 0x0, 0x0, 0x0, 0x0,
    0x0, 0x0, 0x0, 0x0, 0x4, 0x9c, 0xdb, 0x71,
    0x0, 0x0, 0x0, 0x0, 0x0, 0xcf, 0xa7, 0x68,
    0xdf, 0x60, 0x0, 0x0, 0x0, 0x5, 0xb1, 0x0,
    0x0, 0x5, 0xf6, 0x0, 0x0, 0x0, 0xc, 0x4a,
    0xde, 0xc0, 0x0, 0x3f, 0x20, 0x0, 0x0, 0x5e,
    0xf8, 0x20, 0x0, 0x0, 0x8, 0x80, 0x0, 0x0,
    0xce, 0x20, 0x0, 0x0, 0x0, 0x1, 0xc0, 0x0,
    0x3, 0xdc, 0x0, 0x0, 0x0, 0x0, 0x0, 0xa0,
    0x0, 0x9, 0x6b, 0x10, 0x0, 0x0, 0x82, 0x0,
    0x80, 0x1, 0x3d, 0x68, 0x60, 0x14, 0x9e, 0xa1,
    0x0, 0x70, 0x0, 0xb, 0x97, 0xf9, 0x97, 0x40,
    0x0, 0x2, 0x30, 0x0, 0x8, 0x71, 0xa7, 0x0,
    0x0, 0x0, 0x5, 0x0, 0x0, 0x2, 0x67, 0x2d,
    0x50, 0x0, 0x0, 0x42, 0x0, 0x0, 0x0, 0x40,
    0x75, 0xda, 0x20, 0x5, 0x20, 0x0, 0x0, 0x0,
    0x0, 0x3, 0x7c, 0xdc, 0x70, 0x0, 0x0,

    /* U+F2DA "" */
    0x8, 0xef, 0xff, 0xff, 0xff, 0xfe, 0x90, 0x8f,
    0xff, 0xff, 0xff, 0xff, 0xff, 0xf9, 0xef, 0xff,
    0xff, 0xa9, 0xc7, 0xef, 0xfe, 0xff, 0xff, 0xe2,
    0x0, 0x0, 0xef, 0xff, 0xff, 0xff, 0x62, 0xdf,
    0xab, 0xff, 0xff, 0xff, 0xff, 0x28, 0xd3, 0xbf,
    0xff, 0xff, 0xff, 0xff, 0x35, 0xf5, 0xb, 0xff,
    0xff, 0xff, 0xff, 0xb0, 0x5f, 0x44, 0xff, 0xff,
    0xff, 0xff, 0xfb, 0x3d, 0x72, 0xff, 0xff, 0xff,
    0xff, 0xbb, 0xfd, 0x26, 0xff, 0xff, 0xff, 0xfe,
    0x0, 0x0, 0x2e, 0xff, 0xff, 0xef, 0xfe, 0x7c,
    0x9a, 0xff, 0xff, 0xfe, 0x8f, 0xff, 0xff, 0xff,
    0xff, 0xff, 0xf8, 0x8, 0xef, 0xff, 0xff, 0xff,
    0xfe, 0x80,

    /* U+F2DB "" */
    0x0, 0x6, 0xff, 0xff, 0xff, 0xff, 0xa0, 0x0,
    0x0, 0x0, 0xcf, 0xff, 0xff, 0xff, 0xff, 0x20,
    0x0, 0x3, 0x1d, 0xff, 0xff, 0xff, 0xff, 0xf3,
    0x41, 0x9, 0xf6, 0xdf, 0xff, 0xff, 0xff, 0xff,
    0x4f, 0xd1, 0x3, 0x1d, 0xff, 0xff, 0xff, 0xff,
    0xf3, 0x41, 0x0, 0x31, 0xdf, 0xff, 0xff, 0xff,
    0xff, 0x34, 0x10, 0x9f, 0x6d, 0xff, 0xff, 0xff,
    0xff, 0xf4, 0xfd, 0x10, 0x31, 0xdf, 0xff, 0xff,
    0xff, 0xff, 0x34, 0x10, 0x3, 0x1d, 0xff, 0xff,
    0xff, 0xff, 0xf3, 0x41, 0x9, 0xf6, 0xdf, 0xff,
    0xff, 0xff, 0xff, 0x4f, 0xd1, 0x3, 0x1d, 0xff,
    0xff, 0xff, 0xff, 0xf3, 0x41, 0x0, 0x31, 0xdf,
    0xff, 0xff, 0xff, 0xff, 0x34, 0x10, 0x9f, 0x6d,
    0xff, 0xff, 0xff, 0xff, 0xf4, 0xfd, 0x10, 0x31,
    0xdf, 0xff, 0xff, 0xff, 0xff, 0x34, 0x10, 0x0,
    0xc, 0xff, 0xff, 0xff, 0xff, 0xf2, 0x0, 0x0,
    0x0, 0x6f, 0xff, 0xff, 0xff, 0xfa, 0x0, 0x0,

    /* U+F2DC "" */
    0x0, 0x0, 0x0, 0xe, 0xe0, 0x0, 0x0, 0x0,
    0x0, 0x0, 0x9, 0xbf, 0xfb, 0x90, 0x0, 0x0,
    0x0, 0x3, 0x16, 0xff, 0xff, 0x61, 0x30, 0x0,
    0x3, 0x4e, 0x90, 0x6f, 0xf6, 0x9, 0xe4, 0x30,
    0xd, 0xff, 0xd0, 0xf, 0xf0, 0xd, 0xff, 0xd0,
    0x5, 0xff, 0xf8, 0xf, 0xf0, 0x8f, 0xff, 0x50,
    0xc, 0xff, 0xff, 0xef, 0xfe, 0xff, 0xff, 0xc0,
    0x4, 0x40, 0x2a, 0xff, 0xff, 0xa2, 0x4, 0x40,
    0x4, 0x40, 0x2a, 0xff, 0xff, 0xa2, 0x4, 0x40,
    0xc, 0xff, 0xff, 0xef, 0xfe, 0xff, 0xff, 0xc0,
    0x5, 0xff, 0xf8, 0xf, 0xf0, 0x8f, 0xff, 0x50,
    0xd, 0xff, 0xd0, 0xf, 0xf0, 0xd, 0xff, 0xd0,
    0x3, 0x4e, 0x90, 0x6f, 0xf6, 0x9, 0xe4, 0x30,
    0x0, 0x3, 0x15, 0xff, 0xff, 0x51, 0x30, 0x0,
    0x0, 0x0, 0x9, 0xbf, 0xfb, 0x80, 0x0, 0x0,
    0x0, 0x0, 0x0, 0xe, 0xe0, 0x0, 0x0, 0x0,

    /* U+F2DD "" */
    0x0, 0x0, 0x0, 0x2, 0x46, 0x8a, 0xc6, 0x0,
    0x0, 0x7d, 0xff, 0xff, 0xff, 0x70, 0x0, 0x2d,
    0xfd, 0x99, 0xcf, 0xf9, 0x0, 0x1, 0xef, 0x50,
    0x0, 0x4, 0xfd, 0x0, 0x8, 0xf4, 0x0, 0x0,
    0x0, 0x4f, 0x80, 0xe, 0xc0, 0x0, 0x0, 0x0,
    0xc, 0xe0, 0xf, 0x80, 0x0, 0x0, 0x0, 0x8,
    0xf0, 0xf, 0x80, 0x0, 0x0, 0x0, 0x8, 0xf0,
    0xe, 0xb0, 0x0, 0x0, 0x0, 0xc, 0xd0, 0x8,
    0xf4, 0x0, 0x0, 0x0, 0x4f, 0x80, 0x1, 0xdf,
    0x40, 0x0, 0x4, 0xfd, 0x0, 0x0, 0x9f, 0xfc,
    0x99, 0xcf, 0xd2, 0x0, 0x7, 0xff, 0xff, 0xff,
    0xd7, 0x0, 0x0, 0x6c, 0xa8, 0x64, 0x20, 0x0,
    0x0, 0x0,

    /* U+F2DE "" */
    0x0, 0x0, 0x39, 0xdf, 0xfd, 0x93, 0x0, 0x0,
    0x0, 0x9, 0xe7, 0x20, 0x2, 0x7e, 0x90, 0x0,
    0x0, 0xba, 0x0, 0x0, 0x0, 0x0, 0xab, 0x0,
    0x9, 0xa0, 0x0, 0x0, 0x0, 0x0, 0xa, 0x90,
    0x3e, 0x0, 0x3e, 0x71, 0x0, 0x0, 0x0, 0xe3,
    0x97, 0x0, 0xaf, 0xf9, 0x40, 0x0, 0x0, 0x79,
    0xd2, 0x0, 0xdf, 0xf7, 0xfd, 0x10, 0x0, 0x2d,
    0xf0, 0x0, 0x5, 0x89, 0xfc, 0xab, 0x10, 0xf,
    0xf0, 0x0, 0x0, 0x9, 0x94, 0xde, 0x0, 0xf,
    0xd2, 0x0, 0x0, 0x7, 0xa0, 0x2, 0x0, 0x2d,
    0x97, 0x0, 0x0, 0x42, 0x52, 0x0, 0x0, 0x79,
    0x3e, 0x0, 0x0, 0x70, 0x7, 0x0, 0x0, 0xe3,
    0x9, 0xa0, 0x0, 0x0, 0x0, 0x0, 0xa, 0x90,
    0x0, 0xba, 0x0, 0x0, 0x0, 0x0, 0xab, 0x0,
    0x0, 0x9, 0xe7, 0x20, 0x2, 0x7e, 0x90, 0x0,
    0x0, 0x0, 0x39, 0xdf, 0xfd, 0x93, 0x0, 0x0,

    /* U+F2E0 "" */
    0x0, 0x0, 0x0, 0x0, 0x0, 0x0, 0x0, 0x0,
    0x0, 0x0, 0x0, 0x5, 0x10, 0x2, 0x50, 0x0,
    0x0, 0x0, 0x0, 0x0, 0x0, 0x0, 0x3, 0x90,
    0x0, 0x0, 0x0, 0x0, 0x0, 0x40, 0x7f, 0xfb,
    0x88, 0x30, 0x0, 0x0, 0x0, 0x1, 0x69, 0xff,
    0xff, 0xff, 0xf6, 0x0, 0x0, 0x0, 0x1, 0x9f,
    0xff, 0xff, 0xff, 0xff, 0x28, 0x0, 0x0, 0xb,
    0xff, 0x73, 0x71, 0x55, 0xdf, 0x44, 0x0, 0x0,
    0xf, 0xfc, 0x0, 0x0, 0x10, 0x9f, 0xf1, 0x3,
    0xd, 0x3e, 0xf7, 0x1, 0xa0, 0xa1, 0xef, 0xf4,
    0x0, 0x3, 0x3f, 0xf2, 0x6, 0x63, 0x84, 0xff,
    0xe1, 0x50, 0x0, 0x7f, 0xd0, 0xc, 0xa, 0x1a,
    0xff, 0xf1, 0x20, 0x0, 0x5f, 0xd0, 0x3f, 0xaf,
    0x16, 0xdf, 0xf2, 0x0, 0x0, 0xb, 0xfe, 0xff,
    0xff, 0xd7, 0xcf, 0xe0, 0x0, 0x0, 0x2, 0x7f,
    0xff, 0xff, 0xff, 0xfe, 0x30, 0x0, 0x0, 0x2,
    0x1f, 0xff, 0xff, 0xff, 0x41, 0x0, 0x0, 0x0,
    0x0, 0x2, 0xac, 0x7a, 0xb4, 0x7c, 0x0, 0x0,
    0x0, 0x0, 0x0, 0x0, 0x72, 0x0, 0x1, 0x0,
    0x0, 0x0, 0x0, 0x0, 0x0, 0x0, 0x0, 0x0,
    0x0, 0x0,

    /* U+F2E5 "" */
    0x0, 0x0, 0x0, 0x0, 0x0, 0x0, 0x0, 0x0,
    0x0, 0x0, 0x0, 0x0, 0x0, 0x4a, 0xef, 0xd5,
    0x0, 0x0, 0x0, 0x0, 0x0, 0xaf, 0xff, 0xff,
    0xf5, 0x0, 0x0, 0x0, 0x0, 0x9f, 0xff, 0xff,
    0xff, 0xd0, 0x0, 0x0, 0x0, 0x2f, 0xff, 0xff,
    0xff, 0xff, 0x0, 0x0, 0x0, 0x6, 0xff, 0xff,
    0xff, 0xff, 0xe0, 0x0, 0x0, 0x0, 0x6f, 0xff,
    0xff, 0xff, 0xfa, 0x0, 0x0, 0x0, 0x2, 0xff,
    0xff, 0xff, 0xff, 0x40, 0x0, 0x0, 0x0, 0xaf,
    0xff, 0xff, 0xff, 0xa0, 0x0, 0x0, 0x0, 0xbf,
    0xff, 0xff, 0xff, 0x90, 0x0, 0x0, 0x1, 0xcf,
    0xff, 0xa2, 0x66, 0x20, 0x0, 0x0, 0x2, 0xdf,
    0xff, 0xb0, 0x0, 0x0, 0x0, 0x0, 0x3, 0xef,
    0xff, 0xc0, 0x0, 0x0, 0x0, 0x0, 0x4, 0xff,
    0xff, 0xd1, 0x0, 0x0, 0x0, 0x0, 0x0, 0xef,
    0xff, 0xe2, 0x0, 0x0, 0x0, 0x0, 0x0, 0x6,
    0xff, 0xf3, 0x0, 0x0, 0x0, 0x0, 0x0, 0x0,
    0x6, 0xe4, 0x0, 0x0, 0x0, 0x0, 0x0, 0x0,
    0x0,

    /* U+F2E7 "" */
    0x6e, 0x2f, 0x2e, 0x60, 0x0, 0x5d, 0xda, 0xf4,
    0xf4, 0xfa, 0x0, 0x6f, 0xff, 0xcf, 0x5f, 0x5f,
    0xc0, 0x2f, 0xff, 0xfe, 0xf6, 0xf6, 0xfe, 0x9,
    0xff, 0xff, 0xff, 0x7f, 0x7f, 0xf0, 0xef, 0xff,
    0xfd, 0xff, 0xff, 0xfd, 0xf, 0xff, 0xff, 0x6f,
    0xff, 0xff, 0x60, 0xcf, 0xff, 0xf0, 0x6f, 0xff,
    0x60, 0x6, 0xff, 0xff, 0x0, 0xef, 0xe0, 0x0,
    0xa, 0xff, 0xf0, 0xf, 0xff, 0x0, 0x0, 0xd,
    0xff, 0x0, 0xff, 0xf0, 0x0, 0x0, 0xdf, 0xf0,
    0xf, 0xff, 0x0, 0x0, 0xf, 0xff, 0x1, 0xff,
    0xf1, 0x0, 0x0, 0xff, 0xf0, 0x2f, 0xff, 0x20,
    0x0, 0x1f, 0xff, 0x3, 0xff, 0xf3, 0x0, 0x3,
    0xff, 0xf0, 0x2f, 0xff, 0x20, 0x0, 0x2f, 0xfd,

    /* U+F2EA "" */
    0x0, 0x0, 0x3, 0x79, 0x97, 0x30, 0x0, 0x0,
    0x78, 0x3, 0xcf, 0xff, 0xff, 0xfc, 0x20, 0x0,
    0xcf, 0xbf, 0xff, 0xfe, 0xef, 0xff, 0xf5, 0x0,
    0xcf, 0xff, 0xf8, 0x10, 0x1, 0x8f, 0xff, 0x20,
    0xcf, 0xff, 0xb0, 0x0, 0x0, 0x4, 0xff, 0xd0,
    0xcf, 0xff, 0xf9, 0x0, 0x0, 0x0, 0x7f, 0xf4,
    0x7d, 0xdd, 0xda, 0x0, 0x0, 0x0, 0xf, 0xf8,
    0x0, 0x0, 0x0, 0x0, 0x0, 0x0, 0xd, 0xfb,
    0x0, 0x0, 0x0, 0x0, 0x0, 0x0, 0xc, 0xfb,
    0x0, 0x0, 0x0, 0x0, 0x0, 0x0, 0xf, 0xf9,
    0x0, 0x0, 0x0, 0x0, 0x0, 0x0, 0x5f, 0xf5,
    0x0, 0x0, 0x0, 0x0, 0x0, 0x2, 0xef, 0xe0,
    0x0, 0x6, 0xe4, 0x0, 0x0, 0x4e, 0xff, 0x50,
    0x0, 0x3f, 0xff, 0xda, 0xad, 0xff, 0xf8, 0x0,
    0x0, 0x6, 0xff, 0xff, 0xff, 0xfe, 0x60, 0x0,
    0x0, 0x0, 0x17, 0xbd, 0xdb, 0x61, 0x0, 0x0,

    /* U+F2ED "" */
    0x0, 0x0, 0x7f, 0xff, 0xf7, 0x0, 0x0, 0xef,
    0xff, 0xff, 0xff, 0xff, 0xff, 0xfe, 0xef, 0xff,
    0xff, 0xff, 0xff, 0xff, 0xfe, 0x0, 0x0, 0x0,
    0x0, 0x0, 0x0, 0x0, 0xf, 0xff, 0xff, 0xff,
    0xff, 0xff, 0xf0, 0xf, 0xff, 0xff, 0xff, 0xff,
    0xff, 0xf0, 0xf, 0xf9, 0x9f, 0x99, 0xf9, 0x9f,
    0xf0, 0xf, 0xf8, 0x8f, 0x88, 0xf8, 0x8f, 0xf0,
    0xf, 0xf8, 0x8f, 0x88, 0xf8, 0x8f, 0xf0, 0xf,
    0xf8, 0x8f, 0x88, 0xf8, 0x8f, 0xf0, 0xf, 0xf8,
    0x8f, 0x88, 0xf8, 0x8f, 0xf0, 0xf, 0xf8, 0x8f,
    0x88, 0xf8, 0x8f, 0xf0, 0xf, 0xf8, 0x8f, 0x88,
    0xf8, 0x8f, 0xf0, 0xf, 0xf9, 0x9f, 0x99, 0xf9,
    0x9f, 0xf0, 0xf, 0xff, 0xff, 0xff, 0xff, 0xff,
    0xf0, 0x8, 0xff, 0xff, 0xff, 0xff, 0xff, 0x80,

    /* U+F2F1 "" */
    0x0, 0x0, 0x3, 0x79, 0x97, 0x30, 0x0, 0x0,
    0x0, 0x3, 0xcf, 0xff, 0xff, 0xfc, 0x30, 0x97,
    0x0, 0x5f, 0xff, 0xfe, 0xef, 0xff, 0xfb, 0xfc,
    0x3, 0xff, 0xf8, 0x10, 0x1, 0x8f, 0xff, 0xfc,
    0xd, 0xff, 0x40, 0x0, 0x0, 0xb, 0xff, 0xfc,
    0x4f, 0xf7, 0x0, 0x0, 0x0, 0x9f, 0xff, 0xfc,
    0x8f, 0xf1, 0x0, 0x0, 0x0, 0xad, 0xdd, 0xd7,
    0x1, 0x10, 0x0, 0x0, 0x0, 0x0, 0x0, 0x0,
    0x0, 0x0, 0x0, 0x0, 0x0, 0x0, 0x0, 0x0,
    0x5a, 0xaa, 0xa7, 0x0, 0x0, 0x0, 0xd, 0xe7,
    0xbf, 0xff, 0xfb, 0x0, 0x0, 0x0, 0x5f, 0xf5,
    0xcf, 0xff, 0xc1, 0x0, 0x0, 0x2, 0xef, 0xe0,
    0xcf, 0xff, 0xe4, 0x0, 0x0, 0x5e, 0xff, 0x50,
    0xcf, 0xef, 0xff, 0xda, 0xbe, 0xff, 0xf8, 0x0,
    0xac, 0x16, 0xef, 0xff, 0xff, 0xff, 0x60, 0x0,
    0x0, 0x0, 0x16, 0xbd, 0xdb, 0x61, 0x0, 0x0,

    /* U+F2F2 "" */
    0x0, 0x0, 0x3f, 0xff, 0xf3, 0x0, 0x0, 0x0,
    0x0, 0x3f, 0xff, 0xf3, 0x0, 0x0, 0x0, 0x0,
    0x0, 0xff, 0x0, 0x0, 0x0, 0x0, 0x1, 0x7c,
    0xff, 0xc7, 0x1, 0x40, 0x0, 0x3e, 0xff, 0xff,
    0xff, 0xed, 0xf4, 0x2, 0xff, 0xff, 0x88, 0xff,
    0xff, 0xd1, 0xb, 0xff, 0xff, 0x0, 0xff, 0xff,
    0xb0, 0x2f, 0xff, 0xff, 0x0, 0xff, 0xff, 0xf2,
    0x6f, 0xff, 0xff, 0x0, 0xff, 0xff, 0xf6, 0x7f,
    0xff, 0xff, 0x0, 0xff, 0xff, 0xf7, 0x6f, 0xff,
    0xff, 0x0, 0xff, 0xff, 0xf6, 0x2f, 0xff, 0xff,
    0xff, 0xff, 0xff, 0xf2, 0xc, 0xff, 0xff, 0xff,
    0xff, 0xff, 0xb0, 0x2, 0xef, 0xff, 0xff, 0xff,
    0xfe, 0x20, 0x0, 0x3e, 0xff, 0xff, 0xff, 0xe3,
    0x0, 0x0, 0x0, 0x7d, 0xff, 0xc7, 0x0, 0x0,

    /* U+F2F5 "" */
    0x0, 0x0, 0x0, 0x0, 0x1, 0x0, 0x0, 0x0,
    0x8, 0xef, 0xff, 0x0, 0xf, 0xb0, 0x0, 0x0,
    0x8f, 0xff, 0xff, 0x0, 0xf, 0xfb, 0x0, 0x0,
    0xef, 0x30, 0x0, 0x0, 0xf, 0xff, 0xb0, 0x0,
    0xff, 0x0, 0x47, 0x77, 0x7f, 0xff, 0xfb, 0x0,
    0xff, 0x0, 0xff, 0xff, 0xff, 0xff, 0xff, 0xb0,
    0xff, 0x0, 0xff, 0xff, 0xff, 0xff, 0xff, 0xf9,
    0xff, 0x0, 0xff, 0xff, 0xff, 0xff, 0xff, 0xf5,
    0xff, 0x0, 0xdf, 0xff, 0xff, 0xff, 0xff, 0x50,
    0xff, 0x0, 0x0, 0x0, 0xf, 0xff, 0xf5, 0x0,
    0xef, 0x30, 0x0, 0x0, 0xf, 0xff, 0x50, 0x0,
    0x8f, 0xff, 0xff, 0x0, 0xf, 0xf5, 0x0, 0x0,
    0x8, 0xef, 0xff, 0x0, 0xa, 0x50, 0x0, 0x0,

    /* U+F2F6 "" */
    0x0, 0x0, 0x9, 0x40, 0x0, 0xff, 0xfe, 0x80,
    0x0, 0x0, 0xf, 0xf5, 0x0, 0xff, 0xff, 0xf8,
    0x0, 0x0, 0xf, 0xff, 0x50, 0x0, 0x3, 0xfe,
    0x0, 0x0, 0xf, 0xff, 0xf5, 0x0, 0x0, 0xff,
    0xdf, 0xff, 0xff, 0xff, 0xff, 0x50, 0x0, 0xff,
    0xff, 0xff, 0xff, 0xff, 0xff, 0xf4, 0x0, 0xff,
    0xff, 0xff, 0xff, 0xff, 0xff, 0xf9, 0x0, 0xff,
    0xff, 0xff, 0xff, 0xff, 0xff, 0xc0, 0x0, 0xff,
    0x58, 0x88, 0x8f, 0xff, 0xfc, 0x0, 0x0, 0xff,
    0x0, 0x0, 0xf, 0xff, 0xc0, 0x0, 0x3, 0xfe,
    0x0, 0x0, 0xf, 0xfc, 0x0, 0xff, 0xff, 0xf8,
    0x0, 0x0, 0xf, 0xc0, 0x0, 0xff, 0xfe, 0x80,
    0x0, 0x0, 0x2, 0x0, 0x0, 0x0, 0x0, 0x0,

    /* U+F2F9 "" */
    0x0, 0x0, 0x3, 0x79, 0x97, 0x30, 0x0, 0x0,
    0x0, 0x3, 0xcf, 0xff, 0xff, 0xfc, 0x20, 0x97,
    0x0, 0x5f, 0xff, 0xfe, 0xef, 0xff, 0xfb, 0xfb,
    0x3, 0xff, 0xf7, 0x10, 0x1, 0x8f, 0xff, 0xfb,
    0xd, 0xff, 0x30, 0x0, 0x0, 0xb, 0xff, 0xfb,
    0x4f, 0xf6, 0x0, 0x0, 0x0, 0x9f, 0xff, 0xfb,
    0x9f, 0xf0, 0x0, 0x0, 0x0, 0xad, 0xdd, 0xd7,
    0xbf, 0xc0, 0x0, 0x0, 0x0, 0x0, 0x0, 0x0,
    0xbf, 0xc0, 0x0, 0x0, 0x0, 0x0, 0x0, 0x0,
    0xaf, 0xe0, 0x0, 0x0, 0x0, 0x0, 0x0, 0x0,
    0x6f, 0xf5, 0x0, 0x0, 0x0, 0x0, 0x0, 0x0,
    0xe, 0xfe, 0x10, 0x0, 0x0, 0x0, 0x0, 0x0,
    0x6, 0xff, 0xe4, 0x0, 0x0, 0x4e, 0x60, 0x0,
    0x0, 0x8f, 0xff, 0xda, 0xae, 0xff, 0xf2, 0x0,
    0x0, 0x6, 0xff, 0xff, 0xff, 0xfe, 0x50, 0x0,
    0x0, 0x0, 0x17, 0xbd, 0xdb, 0x60, 0x0, 0x0,

    /* U+F2FE "" */
    0x0, 0x0, 0x0, 0x3, 0xe8, 0x0, 0x0, 0x0,
    0x0, 0x0, 0x0, 0x0, 0xff, 0x80, 0x0, 0x0,
    0x0, 0x0, 0x0, 0x4, 0xff, 0xe0, 0x0, 0x0,
    0x0, 0x0, 0x0, 0x4e, 0xff, 0xe0, 0x0, 0x0,
    0x0, 0x4, 0xef, 0xff, 0xff, 0xfe, 0x40, 0x0,
    0x0, 0xe, 0xff, 0xff, 0xff, 0xff, 0xe0, 0x0,
    0x0, 0xe, 0xff, 0xff, 0xff, 0xff, 0xe0, 0x0,
    0x0, 0x5b, 0xff, 0xff, 0xff, 0xff, 0xb5, 0x0,
    0x9, 0xff, 0xf3, 0x3f, 0xf3, 0x3f, 0xff, 0x90,
    0xf, 0xff, 0xf3, 0x3f, 0xf3, 0x3f, 0xff, 0xf0,
    0xc, 0xff, 0xff, 0xff, 0xff, 0xff, 0xff, 0xc0,
    0x7, 0xff, 0xff, 0xff, 0xff, 0xff, 0xff, 0x70,
    0x8f, 0xff, 0xf2, 0x0, 0x0, 0x2f, 0xff, 0xf8,
    0xff, 0xff, 0xfe, 0x61, 0x16, 0xef, 0xff, 0xff,
    0xdf, 0xff, 0xff, 0xff, 0xff, 0xff, 0xff, 0xfd,
    0x3d, 0xff, 0xff, 0xff, 0xff, 0xff, 0xff, 0xd3,

    /* U+F304 "" */
    0x0, 0x0, 0x0, 0x0, 0x0, 0x0, 0x7f, 0xa0,
    0x0, 0x0, 0x0, 0x0, 0x0, 0x0, 0x7f, 0xff,
    0xb0, 0x0, 0x0, 0x0, 0x0, 0x0, 0xd, 0xff,
    0xff, 0xa0, 0x0, 0x0, 0x0, 0x0, 0x7a, 0x1d,
    0xff, 0xff, 0x0, 0x0, 0x0, 0x0, 0x7f, 0xfa,
    0x1d, 0xff, 0x70, 0x0, 0x0, 0x0, 0x7f, 0xff,
    0xfa, 0x1d, 0x70, 0x0, 0x0, 0x0, 0x7f, 0xff,
    0xff, 0xfa, 0x0, 0x0, 0x0, 0x0, 0x7f, 0xff,
    0xff, 0xff, 0x70, 0x0, 0x0, 0x0, 0x7f, 0xff,
    0xff, 0xff, 0x70, 0x0, 0x0, 0x0, 0x7f, 0xff,
    0xff, 0xff, 0x70, 0x0, 0x0, 0x0, 0x7f, 0xff,
    0xff, 0xff, 0x70, 0x0, 0x0, 0x0, 0x6f, 0xff,
    0xff, 0xff, 0x70, 0x0, 0x0, 0x0, 0xb, 0xff,
    0xff, 0xff, 0x70, 0x0, 0x0, 0x0, 0x0, 0xdf,
    0xff, 0xff, 0x70, 0x0, 0x0, 0x0, 0x0, 0xe,
    0xff, 0xff, 0x70, 0x0, 0x0, 0x0, 0x0, 0x0,
    0xde, 0xdb, 0x60, 0x0, 0x0, 0x0, 0x0, 0x0,
    0x0, 0x0, 0x0, 0x0, 0x0, 0x0, 0x0, 0x0,
    0x0,

    /* U+F55A "" */
    0x0, 0x0, 0x1b, 0xff, 0xff, 0xff, 0xff, 0xff,
    0xff, 0xe4, 0x0, 0x1, 0xdf, 0xff, 0xff, 0xff,
    0xff, 0xff, 0xff, 0xfe, 0x0, 0x1d, 0xff, 0xff,
    0xfa, 0xef, 0xfe, 0xaf, 0xff, 0xff, 0x1, 0xdf,
    0xff, 0xff, 0xa0, 0x2e, 0xe2, 0xa, 0xff, 0xff,
    0x1d, 0xff, 0xff, 0xff, 0xe2, 0x2, 0x20, 0x2e,
    0xff, 0xff, 0xcf, 0xff, 0xff, 0xff, 0xfe, 0x20,
    0x2, 0xef, 0xff, 0xff, 0xcf, 0xff, 0xff, 0xff,
    0xfe, 0x20, 0x2, 0xef, 0xff, 0xff, 0x1d, 0xff,
    0xff, 0xff, 0xe2, 0x2, 0x20, 0x2e, 0xff, 0xff,
    0x1, 0xdf, 0xff, 0xff, 0xa0, 0x2e, 0xe2, 0xa,
    0xff, 0xff, 0x0, 0x1d, 0xff, 0xff, 0xfa, 0xef,
    0xfe, 0xaf, 0xff, 0xff, 0x0, 0x1, 0xdf, 0xff,
    0xff, 0xff, 0xff, 0xff, 0xff, 0xfe, 0x0, 0x0,
    0x1b, 0xff, 0xff, 0xff, 0xff, 0xff, 0xff, 0xe4,

    /* U+F7C2 "" */
    0x0, 0x7, 0xff, 0xff, 0xff, 0xe4, 0x0, 0x7f,
    0xff, 0xff, 0xff, 0xfe, 0x7, 0xf8, 0xf, 0xb,
    0x40, 0xff, 0x7f, 0xf8, 0xf, 0xb, 0x40, 0xff,
    0xff, 0xf8, 0xf, 0xb, 0x40, 0xff, 0xff, 0xff,
    0xff, 0xff, 0xff, 0xff, 0xff, 0xff, 0xff, 0xff,
    0xff, 0xff, 0xff, 0xff, 0xff, 0xff, 0xff, 0xff,
    0xff, 0xff, 0xff, 0xff, 0xff, 0xff, 0xff, 0xff,
    0xff, 0xff, 0xff, 0xff, 0xff, 0xff, 0xff, 0xff,
    0xff, 0xff, 0xff, 0xff, 0xff, 0xff, 0xff, 0xff,
    0xff, 0xff, 0xff, 0xff, 0xff, 0xff, 0xff, 0xff,
    0xff, 0xff, 0xff, 0xff, 0xef, 0xff, 0xff, 0xff,
    0xff, 0xfe, 0x4e, 0xff, 0xff, 0xff, 0xff, 0xe4,

    /* U+F8A2 "" */
    0x0, 0x0, 0x0, 0x0, 0x0, 0x0, 0x0, 0x1,
    0x0, 0x0, 0x0, 0x0, 0x0, 0x0, 0x0, 0x3,
    0xe0, 0x0, 0x0, 0x10, 0x0, 0x0, 0x0, 0x2,
    0xef, 0x10, 0x0, 0xbf, 0x0, 0x0, 0x0, 0x0,
    0x7f, 0xf1, 0x0, 0xcf, 0xf1, 0x0, 0x0, 0x0,
    0x7, 0xff, 0x11, 0xcf, 0xff, 0x77, 0x77, 0x77,
    0x77, 0xbf, 0xf1, 0xcf, 0xff, 0xff, 0xff, 0xff,
    0xff, 0xff, 0xff, 0x17, 0xff, 0xff, 0xff, 0xff,
    0xff, 0xff, 0xff, 0xe0, 0x7, 0xff, 0xf1, 0x0,
    0x0, 0x0, 0x0, 0x0, 0x0, 0x6, 0xff, 0x10,
    0x0, 0x0, 0x0, 0x0, 0x0, 0x0, 0x5, 0xa0,
    0x0, 0x0, 0x0, 0x0, 0x0, 0x0
};


/*---------------------
 *  GLYPH DESCRIPTION
 *--------------------*/

static const lv_font_fmt_txt_glyph_dsc_t glyph_dsc[] = {
    {.bitmap_index = 0, .adv_w = 0, .box_w = 0, .box_h = 0, .ofs_x = 0, .ofs_y = 0} /* id = 0 reserved */,
    {.bitmap_index = 0, .adv_w = 71, .box_w = 0, .box_h = 0, .ofs_x = 0, .ofs_y = 0},
    {.bitmap_index = 0, .adv_w = 71, .box_w = 3, .box_h = 12, .ofs_x = 1, .ofs_y = 0},
    {.bitmap_index = 18, .adv_w = 91, .box_w = 5, .box_h = 5, .ofs_x = 0, .ofs_y = 7},
    {.bitmap_index = 31, .adv_w = 142, .box_w = 9, .box_h = 12, .ofs_x = 0, .ofs_y = 0},
    {.bitmap_index = 85, .adv_w = 142, .box_w = 9, .box_h = 16, .ofs_x = 0, .ofs_y = -2},
    {.bitmap_index = 157, .adv_w = 228, .box_w = 14, .box_h = 12, .ofs_x = 0, .ofs_y = 0},
    {.bitmap_index = 241, .adv_w = 171, .box_w = 11, .box_h = 13, .ofs_x = 0, .ofs_y = -1},
    {.bitmap_index = 313, .adv_w = 49, .box_w = 3, .box_h = 5, .ofs_x = 0, .ofs_y = 7},
    {.bitmap_index = 321, .adv_w = 85, .box_w = 5, .box_h = 15, .ofs_x = 0, .ofs_y = -3},
    {.bitmap_index = 359, .adv_w = 85, .box_w = 5, .box_h = 15, .ofs_x = 0, .ofs_y = -3},
    {.bitmap_index = 397, .adv_w = 100, .box_w = 6, .box_h = 6, .ofs_x = 0, .ofs_y = 6},
    {.bitmap_index = 415, .adv_w = 150, .box_w = 9, .box_h = 9, .ofs_x = 0, .ofs_y = 2},
    {.bitmap_index = 456, .adv_w = 71, .box_w = 3, .box_h = 5, .ofs_x = 1, .ofs_y = -3},
    {.bitmap_index = 464, .adv_w = 85, .box_w = 5, .box_h = 2, .ofs_x = 0, .ofs_y = 4},
    {.bitmap_index = 469, .adv_w = 71, .box_w = 3, .box_h = 2, .ofs_x = 1, .ofs_y = 0},
    {.bitmap_index = 472, .adv_w = 71, .box_w = 5, .box_h = 12, .ofs_x = 0, .ofs_y = 0},
    {.bitmap_index = 502, .adv_w = 142, .box_w = 9, .box_h = 12, .ofs_x = 0, .ofs_y = 0},
    {.bitmap_index = 556, .adv_w = 142, .box_w = 5, .box_h = 12, .ofs_x = 1, .ofs_y = 0},
    {.bitmap_index = 586, .adv_w = 142, .box_w = 9, .box_h = 12, .ofs_x = 0, .ofs_y = 0},
    {.bitmap_index = 640, .adv_w = 142, .box_w = 9, .box_h = 12, .ofs_x = 0, .ofs_y = 0},
    {.bitmap_index = 694, .adv_w = 142, .box_w = 9, .box_h = 12, .ofs_x = 0, .ofs_y = 0},
    {.bitmap_index = 748, .adv_w = 142, .box_w = 9, .box_h = 12, .ofs_x = 0, .ofs_y = 0},
    {.bitmap_index = 802, .adv_w = 142, .box_w = 9, .box_h = 12, .ofs_x = 0, .ofs_y = 0},
    {.bitmap_index = 856, .adv_w = 142, .box_w = 9, .box_h = 12, .ofs_x = 0, .ofs_y = 0},
    {.bitmap_index = 910, .adv_w = 142, .box_w = 9, .box_h = 12, .ofs_x = 0, .ofs_y = 0},
    {.bitmap_index = 964, .adv_w = 142, .box_w = 9, .box_h = 12, .ofs_x = 0, .ofs_y = 0},
    {.bitmap_index = 1018, .adv_w = 71, .box_w = 3, .box_h = 9, .ofs_x = 1, .ofs_y = 0},
    {.bitmap_index = 1032, .adv_w = 71, .box_w = 3, .box_h = 12, .ofs_x = 1, .ofs_y = -3},
    {.bitmap_index = 1050, .adv_w = 150, .box_w = 9, .box_h = 10, .ofs_x = 0, .ofs_y = 1},
    {.bitmap_index = 1095, .adv_w = 150, .box_w = 9, .box_h = 6, .ofs_x = 0, .ofs_y = 3},
    {.bitmap_index = 1122, .adv_w = 150, .box_w = 9, .box_h = 10, .ofs_x = 0, .ofs_y = 1},
    {.bitmap_index = 1167, .adv_w = 142, .box_w = 9, .box_h = 12, .ofs_x = 0, .ofs_y = 0},
    {.bitmap_index = 1221, .adv_w = 260, .box_w = 16, .box_h = 15, .ofs_x = 0, .ofs_y = -3},
    {.bitmap_index = 1341, .adv_w = 171, .box_w = 12, .box_h = 12, .ofs_x = -1, .ofs_y = 0},
    {.bitmap_index = 1413, .adv_w = 171, .box_w = 9, .box_h = 12, .ofs_x = 1, .ofs_y = 0},
    {.bitmap_index = 1467, .adv_w = 185, .box_w = 11, .box_h = 12, .ofs_x = 0, .ofs_y = 0},
    {.bitmap_index = 1533, .adv_w = 185, .box_w = 10, .box_h = 12, .ofs_x = 1, .ofs_y = 0},
    {.bitmap_index = 1593, .adv_w = 171, .box_w = 9, .box_h = 12, .ofs_x = 1, .ofs_y = 0},
    {.bitmap_index = 1647, .adv_w = 156, .box_w = 9, .box_h = 12, .ofs_x = 1, .ofs_y = 0},
    {.bitmap_index = 1701, .adv_w = 199, .box_w = 12, .box_h = 12, .ofs_x = 0, .ofs_y = 0},
    {.bitmap_index = 1773, .adv_w = 185, .box_w = 10, .box_h = 12, .ofs_x = 1, .ofs_y = 0},
    {.bitmap_index = 1833, .adv_w = 71, .box_w = 3, .box_h = 12, .ofs_x = 1, .ofs_y = 0},
    {.bitmap_index = 1851, .adv_w = 128, .box_w = 7, .box_h = 12, .ofs_x = 0, .ofs_y = 0},
    {.bitmap_index = 1893, .adv_w = 171, .box_w = 10, .box_h = 12, .ofs_x = 1, .ofs_y = 0},
    {.bitmap_index = 1953, .adv_w = 142, .box_w = 8, .box_h = 12, .ofs_x = 1, .ofs_y = 0},
    {.bitmap_index = 2001, .adv_w = 213, .box_w = 12, .box_h = 12, .ofs_x = 1, .ofs_y = 0},
    {.bitmap_index = 2073, .adv_w = 185, .box_w = 10, .box_h = 12, .ofs_x = 1, .ofs_y = 0},
    {.bitmap_index = 2133, .adv_w = 199, .box_w = 12, .box_h = 12, .ofs_x = 0, .ofs_y = 0},
    {.bitmap_index = 2205, .adv_w = 171, .box_w = 9, .box_h = 12, .ofs_x = 1, .ofs_y = 0},
    {.bitmap_index = 2259, .adv_w = 199, .box_w = 12, .box_h = 13, .ofs_x = 0, .ofs_y = -1},
    {.bitmap_index = 2337, .adv_w = 185, .box_w = 11, .box_h = 12, .ofs_x = 1, .ofs_y = 0},
    {.bitmap_index = 2403, .adv_w = 171, .box_w = 10, .box_h = 12, .ofs_x = 0, .ofs_y = 0},
    {.bitmap_index = 2463, .adv_w = 156, .box_w = 10, .box_h = 12, .ofs_x = 0, .ofs_y = 0},
    {.bitmap_index = 2523, .adv_w = 185, .box_w = 10, .box_h = 12, .ofs_x = 1, .ofs_y = 0},
    {.bitmap_index = 2583, .adv_w = 171, .box_w = 11, .box_h = 12, .ofs_x = 0, .ofs_y = 0},
    {.bitmap_index = 2649, .adv_w = 242, .box_w = 15, .box_h = 12, .ofs_x = 0, .ofs_y = 0},
    {.bitmap_index = 2739, .adv_w = 171, .box_w = 11, .box_h = 12, .ofs_x = 0, .ofs_y = 0},
    {.bitmap_index = 2805, .adv_w = 171, .box_w = 11, .box_h = 12, .ofs_x = 0, .ofs_y = 0},
    {.bitmap_index = 2871, .adv_w = 156, .box_w = 10, .box_h = 12, .ofs_x = 0, .ofs_y = 0},
    {.bitmap_index = 2931, .adv_w = 71, .box_w = 4, .box_h = 15, .ofs_x = 1, .ofs_y = -3},
    {.bitmap_index = 2961, .adv_w = 71, .box_w = 5, .box_h = 12, .ofs_x = 0, .ofs_y = 0},
    {.bitmap_index = 2991, .adv_w = 71, .box_w = 4, .box_h = 15, .ofs_x = 0, .ofs_y = -3},
    {.bitmap_index = 3021, .adv_w = 120, .box_w = 8, .box_h = 7, .ofs_x = 0, .ofs_y = 6},
    {.bitmap_index = 3049, .adv_w = 142, .box_w = 11, .box_h = 2, .ofs_x = -1, .ofs_y = -4},
    {.bitmap_index = 3060, .adv_w = 85, .box_w = 4, .box_h = 3, .ofs_x = 0, .ofs_y = 10},
    {.bitmap_index = 3066, .adv_w = 142, .box_w = 9, .box_h = 9, .ofs_x = 0, .ofs_y = 0},
    {.bitmap_index = 3107, .adv_w = 142, .box_w = 8, .box_h = 12, .ofs_x = 1, .ofs_y = 0},
    {.bitmap_index = 3155, .adv_w = 128, .box_w = 8, .box_h = 9, .ofs_x = 0, .ofs_y = 0},
    {.bitmap_index = 3191, .adv_w = 142, .box_w = 8, .box_h = 12, .ofs_x = 0, .ofs_y = 0},
    {.bitmap_index = 3239, .adv_w = 142, .box_w = 9, .box_h = 9, .ofs_x = 0, .ofs_y = 0},
    {.bitmap_index = 3280, .adv_w = 71, .box_w = 5, .box_h = 12, .ofs_x = 0, .ofs_y = 0},
    {.bitmap_index = 3310, .adv_w = 142, .box_w = 8, .box_h = 12, .ofs_x = 0, .ofs_y = -3},
    {.bitmap_index = 3358, .adv_w = 142, .box_w = 7, .box_h = 12, .ofs_x = 1, .ofs_y = 0},
    {.bitmap_index = 3400, .adv_w = 57, .box_w = 2, .box_h = 12, .ofs_x = 1, .ofs_y = 0},
    {.bitmap_index = 3412, .adv_w = 57, .box_w = 4, .box_h = 15, .ofs_x = -1, .ofs_y = -3},
    {.bitmap_index = 3442, .adv_w = 128, .box_w = 7, .box_h = 12, .ofs_x = 1, .ofs_y = 0},
    {.bitmap_index = 3484, .adv_w = 57, .box_w = 2, .box_h = 12, .ofs_x = 1, .ofs_y = 0},
    {.bitmap_index = 3496, .adv_w = 213, .box_w = 12, .box_h = 9, .ofs_x = 1, .ofs_y = 0},
    {.bitmap_index = 3550, .adv_w = 142, .box_w = 7, .box_h = 9, .ofs_x = 1, .ofs_y = 0},
    {.bitmap_index = 3582, .adv_w = 142, .box_w = 9, .box_h = 9, .ofs_x = 0, .ofs_y = 0},
    {.bitmap_index = 3623, .adv_w = 142, .box_w = 8, .box_h = 12, .ofs_x = 1, .ofs_y = -3},
    {.bitmap_index = 3671, .adv_w = 142, .box_w = 8, .box_h = 12, .ofs_x = 0, .ofs_y = -3},
    {.bitmap_index = 3719, .adv_w = 85, .box_w = 5, .box_h = 9, .ofs_x = 1, .ofs_y = 0},
    {.bitmap_index = 3742, .adv_w = 128, .box_w = 8, .box_h = 9, .ofs_x = 0, .ofs_y = 0},
    {.bitmap_index = 3778, .adv_w = 71, .box_w = 5, .box_h = 13, .ofs_x = 0, .ofs_y = 0},
    {.bitmap_index = 3811, .adv_w = 142, .box_w = 7, .box_h = 9, .ofs_x = 1, .ofs_y = 0},
    {.bitmap_index = 3843, .adv_w = 128, .box_w = 8, .box_h = 9, .ofs_x = 0, .ofs_y = 0},
    {.bitmap_index = 3879, .adv_w = 185, .box_w = 12, .box_h = 9, .ofs_x = 0, .ofs_y = 0},
    {.bitmap_index = 3933, .adv_w = 128, .box_w = 8, .box_h = 9, .ofs_x = 0, .ofs_y = 0},
    {.bitmap_index = 3969, .adv_w = 128, .box_w = 8, .box_h = 12, .ofs_x = 0, .ofs_y = -3},
    {.bitmap_index = 4017, .adv_w = 128, .box_w = 8, .box_h = 9, .ofs_x = 0, .ofs_y = 0},
    {.bitmap_index = 4053, .adv_w = 86, .box_w = 5, .box_h = 15, .ofs_x = 0, .ofs_y = -3},
    {.bitmap_index = 4091, .adv_w = 67, .box_w = 2, .box_h = 15, .ofs_x = 1, .ofs_y = -3},
    {.bitmap_index = 4106, .adv_w = 86, .box_w = 5, .box_h = 15, .ofs_x = 0, .ofs_y = -3},
    {.bitmap_index = 4144, .adv_w = 150, .box_w = 9, .box_h = 4, .ofs_x = 0, .ofs_y = 4},
    {.bitmap_index = 4162, .adv_w = 142, .box_w = 7, .box_h = 8, .ofs_x = 1, .ofs_y = 1},
    {.bitmap_index = 4190, .adv_w = 102, .box_w = 5, .box_h = 5, .ofs_x = 1, .ofs_y = 8},
    {.bitmap_index = 4203, .adv_w = 142, .box_w = 7, .box_h = 8, .ofs_x = 1, .ofs_y = 1},
    {.bitmap_index = 4231, .adv_w = 171, .box_w = 9, .box_h = 16, .ofs_x = 1, .ofs_y = 0},
    {.bitmap_index = 4303, .adv_w = 171, .box_w = 9, .box_h = 15, .ofs_x = 1, .ofs_y = 0},
    {.bitmap_index = 4371, .adv_w = 221, .box_w = 14, .box_h = 12, .ofs_x = 0, .ofs_y = 0},
    {.bitmap_index = 4455, .adv_w = 139, .box_w = 8, .box_h = 16, .ofs_x = 1, .ofs_y = 0},
    {.bitmap_index = 4519, .adv_w = 184, .box_w = 11, .box_h = 12, .ofs_x = 0, .ofs_y = 0},
    {.bitmap_index = 4585, .adv_w = 171, .box_w = 10, .box_h = 12, .ofs_x = 0, .ofs_y = 0},
    {.bitmap_index = 4645, .adv_w = 71, .box_w = 3, .box_h = 12, .ofs_x = 1, .ofs_y = 0},
    {.bitmap_index = 4663, .adv_w = 71, .box_w = 5, .box_h = 15, .ofs_x = 0, .ofs_y = 0},
    {.bitmap_index = 4701, .adv_w = 128, .box_w = 7, .box_h = 12, .ofs_x = 0, .ofs_y = 0},
    {.bitmap_index = 4743, .adv_w = 271, .box_w = 17, .box_h = 13, .ofs_x = 0, .ofs_y = -1},
    {.bitmap_index = 4854, .adv_w = 259, .box_w = 15, .box_h = 12, .ofs_x = 1, .ofs_y = 0},
    {.bitmap_index = 4944, .adv_w = 219, .box_w = 13, .box_h = 12, .ofs_x = 0, .ofs_y = 0},
    {.bitmap_index = 5022, .adv_w = 149, .box_w = 9, .box_h = 16, .ofs_x = 1, .ofs_y = 0},
    {.bitmap_index = 5094, .adv_w = 184, .box_w = 10, .box_h = 16, .ofs_x = 1, .ofs_y = 0},
    {.bitmap_index = 5174, .adv_w = 163, .box_w = 11, .box_h = 15, .ofs_x = 0, .ofs_y = 0},
    {.bitmap_index = 5257, .adv_w = 184, .box_w = 10, .box_h = 15, .ofs_x = 1, .ofs_y = -3},
    {.bitmap_index = 5332, .adv_w = 171, .box_w = 12, .box_h = 12, .ofs_x = -1, .ofs_y = 0},
    {.bitmap_index = 5404, .adv_w = 168, .box_w = 9, .box_h = 12, .ofs_x = 1, .ofs_y = 0},
    {.bitmap_index = 5458, .adv_w = 171, .box_w = 9, .box_h = 12, .ofs_x = 1, .ofs_y = 0},
    {.bitmap_index = 5512, .adv_w = 139, .box_w = 8, .box_h = 12, .ofs_x = 1, .ofs_y = 0},
    {.bitmap_index = 5560, .adv_w = 173, .box_w = 11, .box_h = 15, .ofs_x = 0, .ofs_y = -3},
    {.bitmap_index = 5643, .adv_w = 171, .box_w = 9, .box_h = 12, .ofs_x = 1, .ofs_y = 0},
    {.bitmap_index = 5697, .adv_w = 236, .box_w = 15, .box_h = 12, .ofs_x = 0, .ofs_y = 0},
    {.bitmap_index = 5787, .adv_w = 155, .box_w = 10, .box_h = 12, .ofs_x = 0, .ofs_y = 0},
    {.bitmap_index = 5847, .adv_w = 184, .box_w = 10, .box_h = 12, .ofs_x = 1, .ofs_y = 0},
    {.bitmap_index = 5907, .adv_w = 184, .box_w = 10, .box_h = 15, .ofs_x = 1, .ofs_y = 0},
    {.bitmap_index = 5982, .adv_w = 149, .box_w = 9, .box_h = 12, .ofs_x = 1, .ofs_y = 0},
    {.bitmap_index = 6036, .adv_w = 168, .box_w = 10, .box_h = 13, .ofs_x = 0, .ofs_y = -1},
    {.bitmap_index = 6101, .adv_w = 213, .box_w = 12, .box_h = 12, .ofs_x = 1, .ofs_y = 0},
    {.bitmap_index = 6173, .adv_w = 185, .box_w = 10, .box_h = 12, .ofs_x = 1, .ofs_y = 0},
    {.bitmap_index = 6233, .adv_w = 199, .box_w = 12, .box_h = 12, .ofs_x = 0, .ofs_y = 0},
    {.bitmap_index = 6305, .adv_w = 184, .box_w = 10, .box_h = 12, .ofs_x = 1, .ofs_y = 0},
    {.bitmap_index = 6365, .adv_w = 171, .box_w = 9, .box_h = 12, .ofs_x = 1, .ofs_y = 0},
    {.bitmap_index = 6419, .adv_w = 185, .box_w = 11, .box_h = 12, .ofs_x = 0, .ofs_y = 0},
    {.bitmap_index = 6485, .adv_w = 156, .box_w = 10, .box_h = 12, .ofs_x = 0, .ofs_y = 0},
    {.bitmap_index = 6545, .adv_w = 163, .box_w = 11, .box_h = 12, .ofs_x = 0, .ofs_y = 0},
    {.bitmap_index = 6611, .adv_w = 195, .box_w = 12, .box_h = 12, .ofs_x = 0, .ofs_y = 0},
    {.bitmap_index = 6683, .adv_w = 171, .box_w = 11, .box_h = 12, .ofs_x = 0, .ofs_y = 0},
    {.bitmap_index = 6749, .adv_w = 189, .box_w = 11, .box_h = 15, .ofs_x = 1, .ofs_y = -3},
    {.bitmap_index = 6832, .adv_w = 171, .box_w = 10, .box_h = 12, .ofs_x = 0, .ofs_y = 0},
    {.bitmap_index = 6892, .adv_w = 235, .box_w = 13, .box_h = 12, .ofs_x = 1, .ofs_y = 0},
    {.bitmap_index = 6970, .adv_w = 240, .box_w = 14, .box_h = 15, .ofs_x = 1, .ofs_y = -3},
    {.bitmap_index = 7075, .adv_w = 203, .box_w = 13, .box_h = 12, .ofs_x = 0, .ofs_y = 0},
    {.bitmap_index = 7153, .adv_w = 227, .box_w = 12, .box_h = 12, .ofs_x = 1, .ofs_y = 0},
    {.bitmap_index = 7225, .adv_w = 168, .box_w = 9, .box_h = 12, .ofs_x = 1, .ofs_y = 0},
    {.bitmap_index = 7279, .adv_w = 184, .box_w = 11, .box_h = 12, .ofs_x = 0, .ofs_y = 0},
    {.bitmap_index = 7345, .adv_w = 259, .box_w = 15, .box_h = 12, .ofs_x = 1, .ofs_y = 0},
    {.bitmap_index = 7435, .adv_w = 185, .box_w = 11, .box_h = 12, .ofs_x = 0, .ofs_y = 0},
    {.bitmap_index = 7501, .adv_w = 142, .box_w = 9, .box_h = 9, .ofs_x = 0, .ofs_y = 0},
    {.bitmap_index = 7542, .adv_w = 147, .box_w = 9, .box_h = 12, .ofs_x = 0, .ofs_y = 0},
    {.bitmap_index = 7596, .adv_w = 136, .box_w = 7, .box_h = 9, .ofs_x = 1, .ofs_y = 0},
    {.bitmap_index = 7628, .adv_w = 93, .box_w = 5, .box_h = 9, .ofs_x = 1, .ofs_y = 0},
    {.bitmap_index = 7651, .adv_w = 149, .box_w = 9, .box_h = 12, .ofs_x = 0, .ofs_y = -3},
    {.bitmap_index = 7705, .adv_w = 142, .box_w = 9, .box_h = 9, .ofs_x = 0, .ofs_y = 0},
    {.bitmap_index = 7746, .adv_w = 171, .box_w = 12, .box_h = 9, .ofs_x = -1, .ofs_y = 0},
    {.bitmap_index = 7800, .adv_w = 117, .box_w = 7, .box_h = 9, .ofs_x = 0, .ofs_y = 0},
    {.bitmap_index = 7832, .adv_w = 143, .box_w = 7, .box_h = 9, .ofs_x = 1, .ofs_y = 0},
    {.bitmap_index = 7864, .adv_w = 143, .box_w = 7, .box_h = 12, .ofs_x = 1, .ofs_y = 0},
    {.bitmap_index = 7906, .adv_w = 112, .box_w = 7, .box_h = 9, .ofs_x = 1, .ofs_y = 0},
    {.bitmap_index = 7938, .adv_w = 149, .box_w = 9, .box_h = 9, .ofs_x = 0, .ofs_y = 0},
    {.bitmap_index = 7979, .adv_w = 176, .box_w = 9, .box_h = 9, .ofs_x = 1, .ofs_y = 0},
    {.bitmap_index = 8020, .adv_w = 141, .box_w = 7, .box_h = 9, .ofs_x = 1, .ofs_y = 0},
    {.bitmap_index = 8052, .adv_w = 142, .box_w = 9, .box_h = 9, .ofs_x = 0, .ofs_y = 0},
    {.bitmap_index = 8093, .adv_w = 139, .box_w = 7, .box_h = 9, .ofs_x = 1, .ofs_y = 0},
    {.bitmap_index = 8125, .adv_w = 142, .box_w = 8, .box_h = 12, .ofs_x = 1, .ofs_y = -3},
    {.bitmap_index = 8173, .adv_w = 128, .box_w = 8, .box_h = 9, .ofs_x = 0, .ofs_y = 0},
    {.bitmap_index = 8209, .adv_w = 117, .box_w = 8, .box_h = 9, .ofs_x = 0, .ofs_y = 0},
    {.bitmap_index = 8245, .adv_w = 128, .box_w = 8, .box_h = 12, .ofs_x = 0, .ofs_y = -3},
    {.bitmap_index = 8293, .adv_w = 211, .box_w = 13, .box_h = 15, .ofs_x = 0, .ofs_y = -3},
    {.bitmap_index = 8391, .adv_w = 128, .box_w = 8, .box_h = 9, .ofs_x = 0, .ofs_y = 0},
    {.bitmap_index = 8427, .adv_w = 147, .box_w = 8, .box_h = 12, .ofs_x = 1, .ofs_y = -3},
    {.bitmap_index = 8475, .adv_w = 133, .box_w = 8, .box_h = 9, .ofs_x = 0, .ofs_y = 0},
    {.bitmap_index = 8511, .adv_w = 205, .box_w = 11, .box_h = 9, .ofs_x = 1, .ofs_y = 0},
    {.bitmap_index = 8561, .adv_w = 211, .box_w = 12, .box_h = 12, .ofs_x = 1, .ofs_y = -3},
    {.bitmap_index = 8633, .adv_w = 160, .box_w = 10, .box_h = 9, .ofs_x = 0, .ofs_y = 0},
    {.bitmap_index = 8678, .adv_w = 184, .box_w = 10, .box_h = 9, .ofs_x = 1, .ofs_y = 0},
    {.bitmap_index = 8723, .adv_w = 133, .box_w = 7, .box_h = 9, .ofs_x = 1, .ofs_y = 0},
    {.bitmap_index = 8755, .adv_w = 131, .box_w = 8, .box_h = 9, .ofs_x = 0, .ofs_y = 0},
    {.bitmap_index = 8791, .adv_w = 192, .box_w = 11, .box_h = 9, .ofs_x = 1, .ofs_y = 0},
    {.bitmap_index = 8841, .adv_w = 139, .box_w = 8, .box_h = 9, .ofs_x = 0, .ofs_y = 0},
    {.bitmap_index = 8877, .adv_w = 142, .box_w = 9, .box_h = 12, .ofs_x = 0, .ofs_y = 0},
    {.bitmap_index = 8931, .adv_w = 142, .box_w = 9, .box_h = 12, .ofs_x = 0, .ofs_y = 0},
    {.bitmap_index = 8985, .adv_w = 142, .box_w = 8, .box_h = 15, .ofs_x = 0, .ofs_y = -3},
    {.bitmap_index = 9045, .adv_w = 93, .box_w = 5, .box_h = 12, .ofs_x = 1, .ofs_y = 0},
    {.bitmap_index = 9075, .adv_w = 131, .box_w = 8, .box_h = 9, .ofs_x = 0, .ofs_y = 0},
    {.bitmap_index = 9111, .adv_w = 128, .box_w = 8, .box_h = 9, .ofs_x = 0, .ofs_y = 0},
    {.bitmap_index = 9147, .adv_w = 57, .box_w = 2, .box_h = 12, .ofs_x = 1, .ofs_y = 0},
    {.bitmap_index = 9159, .adv_w = 71, .box_w = 5, .box_h = 12, .ofs_x = 0, .ofs_y = 0},
    {.bitmap_index = 9189, .adv_w = 57, .box_w = 4, .box_h = 15, .ofs_x = -1, .ofs_y = -3},
    {.bitmap_index = 9219, .adv_w = 232, .box_w = 14, .box_h = 9, .ofs_x = 0, .ofs_y = 0},
    {.bitmap_index = 9282, .adv_w = 208, .box_w = 12, .box_h = 9, .ofs_x = 1, .ofs_y = 0},
    {.bitmap_index = 9336, .adv_w = 142, .box_w = 8, .box_h = 12, .ofs_x = 0, .ofs_y = 0},
    {.bitmap_index = 9384, .adv_w = 112, .box_w = 7, .box_h = 12, .ofs_x = 1, .ofs_y = 0},
    {.bitmap_index = 9426, .adv_w = 143, .box_w = 7, .box_h = 12, .ofs_x = 1, .ofs_y = 0},
    {.bitmap_index = 9468, .adv_w = 128, .box_w = 8, .box_h = 15, .ofs_x = 0, .ofs_y = -3},
    {.bitmap_index = 9528, .adv_w = 141, .box_w = 7, .box_h = 12, .ofs_x = 1, .ofs_y = -3},
    {.bitmap_index = 9570, .adv_w = 142, .box_w = 10, .box_h = 3, .ofs_x = -1, .ofs_y = 3},
    {.bitmap_index = 9585, .adv_w = 142, .box_w = 10, .box_h = 3, .ofs_x = -1, .ofs_y = 3},
    {.bitmap_index = 9600, .adv_w = 256, .box_w = 16, .box_h = 3, .ofs_x = 0, .ofs_y = 3},
    {.bitmap_index = 9624, .adv_w = 256, .box_w = 16, .box_h = 3, .ofs_x = 0, .ofs_y = 3},
    {.bitmap_index = 9648, .adv_w = 106, .box_w = 5, .box_h = 12, .ofs_x = 1, .ofs_y = 0},
    {.bitmap_index = 9678, .adv_w = 141, .box_w = 11, .box_h = 4, .ofs_x = -1, .ofs_y = -6},
    {.bitmap_index = 9700, .adv_w = 57, .box_w = 2, .box_h = 4, .ofs_x = 1, .ofs_y = 8},
    {.bitmap_index = 9704, .adv_w = 57, .box_w = 3, .box_h = 4, .ofs_x = 0, .ofs_y = 8},
    {.bitmap_index = 9710, .adv_w = 57, .box_w = 3, .box_h = 5, .ofs_x = 0, .ofs_y = -3},
    {.bitmap_index = 9718, .adv_w = 57, .box_w = 2, .box_h = 4, .ofs_x = 1, .ofs_y = 8},
    {.bitmap_index = 9722, .adv_w = 85, .box_w = 5, .box_h = 4, .ofs_x = 0, .ofs_y = 8},
    {.bitmap_index = 9732, .adv_w = 85, .box_w = 5, .box_h = 4, .ofs_x = 0, .ofs_y = 8},
    {.bitmap_index = 9742, .adv_w = 85, .box_w = 5, .box_h = 5, .ofs_x = 0, .ofs_y = -3},
    {.bitmap_index = 9755, .adv_w = 85, .box_w = 5, .box_h = 4, .ofs_x = 0, .ofs_y = 8},
    {.bitmap_index = 9765, .adv_w = 142, .box_w = 9, .box_h = 15, .ofs_x = 0, .ofs_y = -3},
    {.bitmap_index = 9833, .adv_w = 142, .box_w = 9, .box_h = 15, .ofs_x = 0, .ofs_y = -3},
    {.bitmap_index = 9901, .adv_w = 90, .box_w = 5, .box_h = 5, .ofs_x = 0, .ofs_y = 4},
    {.bitmap_index = 9914, .adv_w = 256, .box_w = 14, .box_h = 2, .ofs_x = 1, .ofs_y = 0},
    {.bitmap_index = 9928, .adv_w = 142, .box_w = 9, .box_h = 12, .ofs_x = 0, .ofs_y = 0},
    {.bitmap_index = 9982, .adv_w = 275, .box_w = 16, .box_h = 12, .ofs_x = 1, .ofs_y = 0},
    {.bitmap_index = 10078, .adv_w = 256, .box_w = 16, .box_h = 7, .ofs_x = 0, .ofs_y = 1},
    {.bitmap_index = 10134, .adv_w = 128, .box_w = 7, .box_h = 15, .ofs_x = 1, .ofs_y = -4},
    {.bitmap_index = 10187, .adv_w = 256, .box_w = 16, .box_h = 7, .ofs_x = 0, .ofs_y = 1},
    {.bitmap_index = 10243, .adv_w = 128, .box_w = 7, .box_h = 15, .ofs_x = 1, .ofs_y = -4},
    {.bitmap_index = 10296, .adv_w = 256, .box_w = 18, .box_h = 16, .ofs_x = -1, .ofs_y = -2},
    {.bitmap_index = 10440, .adv_w = 256, .box_w = 16, .box_h = 17, .ofs_x = 0, .ofs_y = -2},
    {.bitmap_index = 10576, .adv_w = 256, .box_w = 16, .box_h = 16, .ofs_x = 0, .ofs_y = -2},
    {.bitmap_index = 10704, .adv_w = 256, .box_w = 18, .box_h = 15, .ofs_x = -1, .ofs_y = -1},
    {.bitmap_index = 10839, .adv_w = 288, .box_w = 18, .box_h = 17, .ofs_x = 0, .ofs_y = -3},
    {.bitmap_index = 10992, .adv_w = 224, .box_w = 14, .box_h = 16, .ofs_x = 0, .ofs_y = -2},
    {.bitmap_index = 11104, .adv_w = 256, .box_w = 16, .box_h = 12, .ofs_x = 0, .ofs_y = 0},
    {.bitmap_index = 11200, .adv_w = 256, .box_w = 16, .box_h = 14, .ofs_x = 0, .ofs_y = -1},
    {.bitmap_index = 11312, .adv_w = 256, .box_w = 17, .box_h = 14, .ofs_x = 0, .ofs_y = -1},
    {.bitmap_index = 11431, .adv_w = 256, .box_w = 16, .box_h = 14, .ofs_x = 0, .ofs_y = -1},
    {.bitmap_index = 11543, .adv_w = 256, .box_w = 16, .box_h = 12, .ofs_x = 0, .ofs_y = 0},
    {.bitmap_index = 11639, .adv_w = 176, .box_w = 11, .box_h = 12, .ofs_x = 0, .ofs_y = 0},
    {.bitmap_index = 11705, .adv_w = 256, .box_w = 16, .box_h = 16, .ofs_x = 0, .ofs_y = -2},
    {.bitmap_index = 11833, .adv_w = 256, .box_w = 16, .box_h = 16, .ofs_x = 0, .ofs_y = -2},
    {.bitmap_index = 11961, .adv_w = 256, .box_w = 16, .box_h = 16, .ofs_x = 0, .ofs_y = -2},
    {.bitmap_index = 12089, .adv_w = 320, .box_w = 20, .box_h = 16, .ofs_x = 0, .ofs_y = -2},
    {.bitmap_index = 12249, .adv_w = 256, .box_w = 16, .box_h = 16, .ofs_x = 0, .ofs_y = -2},
    {.bitmap_index = 12377, .adv_w = 288, .box_w = 18, .box_h = 14, .ofs_x = 0, .ofs_y = -1},
    {.bitmap_index = 12503, .adv_w = 256, .box_w = 16, .box_h = 16, .ofs_x = 0, .ofs_y = -2},
    {.bitmap_index = 12631, .adv_w = 288, .box_w = 20, .box_h = 12, .ofs_x = -1, .ofs_y = 0},
    {.bitmap_index = 12751, .adv_w = 256, .box_w = 16, .box_h = 16, .ofs_x = 0, .ofs_y = -2},
    {.bitmap_index = 12879, .adv_w = 288, .box_w = 18, .box_h = 12, .ofs_x = 0, .ofs_y = 0},
    {.bitmap_index = 12987, .adv_w = 256, .box_w = 16, .box_h = 16, .ofs_x = 0, .ofs_y = -2},
    {.bitmap_index = 13115, .adv_w = 256, .box_w = 16, .box_h = 16, .ofs_x = 0, .ofs_y = -2},
    {.bitmap_index = 13243, .adv_w = 256, .box_w = 16, .box_h = 14, .ofs_x = 0, .ofs_y = -1},
    {.bitmap_index = 13355, .adv_w = 224, .box_w = 14, .box_h = 16, .ofs_x = 0, .ofs_y = -2},
    {.bitmap_index = 13467, .adv_w = 256, .box_w = 16, .box_h = 17, .ofs_x = 0, .ofs_y = -2},
    {.bitmap_index = 13603, .adv_w = 256, .box_w = 16, .box_h = 14, .ofs_x = 0, .ofs_y = -1},
    {.bitmap_index = 13715, .adv_w = 128, .box_w = 8, .box_h = 14, .ofs_x = 0, .ofs_y = -1},
    {.bitmap_index = 13771, .adv_w = 192, .box_w = 12, .box_h = 14, .ofs_x = 0, .ofs_y = -1},
    {.bitmap_index = 13855, .adv_w = 288, .box_w = 18, .box_h = 16, .ofs_x = 0, .ofs_y = -2},
    {.bitmap_index = 13999, .adv_w = 224, .box_w = 14, .box_h = 14, .ofs_x = 0, .ofs_y = -1},
    {.bitmap_index = 14097, .adv_w = 256, .box_w = 17, .box_h = 12, .ofs_x = 0, .ofs_y = 0},
    {.bitmap_index = 14199, .adv_w = 256, .box_w = 16, .box_h = 16, .ofs_x = 0, .ofs_y = -2},
    {.bitmap_index = 14327, .adv_w = 320, .box_w = 20, .box_h = 16, .ofs_x = 0, .ofs_y = -2},
    {.bitmap_index = 14487, .adv_w = 224, .box_w = 14, .box_h = 16, .ofs_x = 0, .ofs_y = -2},
    {.bitmap_index = 14599, .adv_w = 192, .box_w = 12, .box_h = 16, .ofs_x = 0, .ofs_y = -2},
    {.bitmap_index = 14695, .adv_w = 256, .box_w = 16, .box_h = 16, .ofs_x = 0, .ofs_y = -2},
    {.bitmap_index = 14823, .adv_w = 256, .box_w = 16, .box_h = 14, .ofs_x = 0, .ofs_y = -1},
    {.bitmap_index = 14935, .adv_w = 224, .box_w = 14, .box_h = 14, .ofs_x = 0, .ofs_y = -1},
    {.bitmap_index = 15033, .adv_w = 192, .box_w = 13, .box_h = 14, .ofs_x = 0, .ofs_y = -1},
    {.bitmap_index = 15124, .adv_w = 160, .box_w = 10, .box_h = 14, .ofs_x = 0, .ofs_y = -1},
    {.bitmap_index = 15194, .adv_w = 288, .box_w = 19, .box_h = 14, .ofs_x = 0, .ofs_y = -1},
    {.bitmap_index = 15327, .adv_w = 224, .box_w = 14, .box_h = 15, .ofs_x = 0, .ofs_y = -2},
    {.bitmap_index = 15432, .adv_w = 224, .box_w = 14, .box_h = 14, .ofs_x = 0, .ofs_y = -1},
    {.bitmap_index = 15530, .adv_w = 224, .box_w = 14, .box_h = 14, .ofs_x = 0, .ofs_y = -1},
    {.bitmap_index = 15628, .adv_w = 224, .box_w = 14, .box_h = 14, .ofs_x = 0, .ofs_y = -1},
    {.bitmap_index = 15726, .adv_w = 224, .box_w = 14, .box_h = 14, .ofs_x = 0, .ofs_y = -1},
    {.bitmap_index = 15824, .adv_w = 256, .box_w = 16, .box_h = 14, .ofs_x = 0, .ofs_y = -1},
    {.bitmap_index = 15936, .adv_w = 224, .box_w = 14, .box_h = 14, .ofs_x = 0, .ofs_y = -1},
    {.bitmap_index = 16034, .adv_w = 224, .box_w = 14, .box_h = 14, .ofs_x = 0, .ofs_y = -1},
    {.bitmap_index = 16132, .adv_w = 288, .box_w = 18, .box_h = 12, .ofs_x = 0, .ofs_y = 0},
    {.bitmap_index = 16240, .adv_w = 256, .box_w = 16, .box_h = 12, .ofs_x = 0, .ofs_y = 0},
    {.bitmap_index = 16336, .adv_w = 192, .box_w = 12, .box_h = 16, .ofs_x = 0, .ofs_y = -2},
    {.bitmap_index = 16432, .adv_w = 256, .box_w = 16, .box_h = 16, .ofs_x = 0, .ofs_y = -2},
    {.bitmap_index = 16560, .adv_w = 176, .box_w = 11, .box_h = 16, .ofs_x = 0, .ofs_y = -2},
    {.bitmap_index = 16648, .adv_w = 288, .box_w = 18, .box_h = 16, .ofs_x = 0, .ofs_y = -2},
    {.bitmap_index = 16792, .adv_w = 224, .box_w = 10, .box_h = 16, .ofs_x = 2, .ofs_y = -2},
    {.bitmap_index = 16872, .adv_w = 256, .box_w = 16, .box_h = 14, .ofs_x = 0, .ofs_y = -1},
    {.bitmap_index = 16984, .adv_w = 256, .box_w = 16, .box_h = 14, .ofs_x = 0, .ofs_y = -1},
    {.bitmap_index = 17096, .adv_w = 224, .box_w = 14, .box_h = 18, .ofs_x = 0, .ofs_y = -3},
    {.bitmap_index = 17222, .adv_w = 224, .box_w = 14, .box_h = 15, .ofs_x = 0, .ofs_y = -1},
    {.bitmap_index = 17327, .adv_w = 224, .box_w = 14, .box_h = 14, .ofs_x = 0, .ofs_y = -1},
    {.bitmap_index = 17425, .adv_w = 256, .box_w = 16, .box_h = 14, .ofs_x = 0, .ofs_y = -1},
    {.bitmap_index = 17537, .adv_w = 256, .box_w = 16, .box_h = 14, .ofs_x = 0, .ofs_y = -1},
    {.bitmap_index = 17649, .adv_w = 224, .box_w = 10, .box_h = 16, .ofs_x = 2, .ofs_y = -2},
    {.bitmap_index = 17729, .adv_w = 224, .box_w = 16, .box_h = 14, .ofs_x = -1, .ofs_y = -1},
    {.bitmap_index = 17841, .adv_w = 160, .box_w = 10, .box_h = 14, .ofs_x = 0, .ofs_y = -1},
    {.bitmap_index = 17911, .adv_w = 160, .box_w = 10, .box_h = 14, .ofs_x = 0, .ofs_y = -1},
    {.bitmap_index = 17981, .adv_w = 256, .box_w = 16, .box_h = 16, .ofs_x = 0, .ofs_y = -2},
    {.bitmap_index = 18109, .adv_w = 256, .box_w = 16, .box_h = 16, .ofs_x = 0, .ofs_y = -2},
    {.bitmap_index = 18237, .adv_w = 256, .box_w = 16, .box_h = 16, .ofs_x = 0, .ofs_y = -2},
    {.bitmap_index = 18365, .adv_w = 256, .box_w = 16, .box_h = 16, .ofs_x = 0, .ofs_y = -2},
    {.bitmap_index = 18493, .adv_w = 256, .box_w = 16, .box_h = 16, .ofs_x = 0, .ofs_y = -2},
    {.bitmap_index = 18621, .adv_w = 256, .box_w = 16, .box_h = 16, .ofs_x = 0, .ofs_y = -2},
    {.bitmap_index = 18749, .adv_w = 256, .box_w = 16, .box_h = 16, .ofs_x = 0, .ofs_y = -2},
    {.bitmap_index = 18877, .adv_w = 256, .box_w = 16, .box_h = 16, .ofs_x = 0, .ofs_y = -2},
    {.bitmap_index = 19005, .adv_w = 224, .box_w = 14, .box_h = 15, .ofs_x = 0, .ofs_y = -1},
    {.bitmap_index = 19110, .adv_w = 224, .box_w = 14, .box_h = 15, .ofs_x = 0, .ofs_y = -1},
    {.bitmap_index = 19215, .adv_w = 224, .box_w = 14, .box_h = 14, .ofs_x = 0, .ofs_y = -1},
    {.bitmap_index = 19313, .adv_w = 224, .box_w = 14, .box_h = 14, .ofs_x = 0, .ofs_y = -1},
    {.bitmap_index = 19411, .adv_w = 256, .box_w = 16, .box_h = 15, .ofs_x = 0, .ofs_y = -1},
    {.bitmap_index = 19531, .adv_w = 224, .box_w = 14, .box_h = 14, .ofs_x = 0, .ofs_y = -1},
    {.bitmap_index = 19629, .adv_w = 224, .box_w = 14, .box_h = 14, .ofs_x = 0, .ofs_y = -1},
    {.bitmap_index = 19727, .adv_w = 224, .box_w = 14, .box_h = 14, .ofs_x = 0, .ofs_y = -1},
    {.bitmap_index = 19825, .adv_w = 224, .box_w = 14, .box_h = 4, .ofs_x = 0, .ofs_y = 4},
    {.bitmap_index = 19853, .adv_w = 256, .box_w = 16, .box_h = 16, .ofs_x = 0, .ofs_y = -2},
    {.bitmap_index = 19981, .adv_w = 256, .box_w = 16, .box_h = 16, .ofs_x = 0, .ofs_y = -2},
    {.bitmap_index = 20109, .adv_w = 256, .box_w = 16, .box_h = 14, .ofs_x = 0, .ofs_y = -1},
    {.bitmap_index = 20221, .adv_w = 288, .box_w = 19, .box_h = 17, .ofs_x = -1, .ofs_y = -3},
    {.bitmap_index = 20383, .adv_w = 192, .box_w = 12, .box_h = 17, .ofs_x = 0, .ofs_y = -2},
    {.bitmap_index = 20485, .adv_w = 288, .box_w = 18, .box_h = 12, .ofs_x = 0, .ofs_y = 0},
    {.bitmap_index = 20593, .adv_w = 320, .box_w = 20, .box_h = 16, .ofs_x = 0, .ofs_y = -2},
    {.bitmap_index = 20753, .adv_w = 288, .box_w = 20, .box_h = 16, .ofs_x = -1, .ofs_y = -2},
    {.bitmap_index = 20913, .adv_w = 288, .box_w = 19, .box_h = 16, .ofs_x = -1, .ofs_y = -2},
    {.bitmap_index = 21065, .adv_w = 224, .box_w = 14, .box_h = 16, .ofs_x = 0, .ofs_y = -2},
    {.bitmap_index = 21177, .adv_w = 256, .box_w = 16, .box_h = 16, .ofs_x = 0, .ofs_y = -2},
    {.bitmap_index = 21305, .adv_w = 256, .box_w = 17, .box_h = 14, .ofs_x = -1, .ofs_y = -1},
    {.bitmap_index = 21424, .adv_w = 256, .box_w = 16, .box_h = 16, .ofs_x = 0, .ofs_y = -2},
    {.bitmap_index = 21552, .adv_w = 224, .box_w = 14, .box_h = 10, .ofs_x = 0, .ofs_y = 1},
    {.bitmap_index = 21622, .adv_w = 224, .box_w = 14, .box_h = 10, .ofs_x = 0, .ofs_y = 1},
    {.bitmap_index = 21692, .adv_w = 320, .box_w = 20, .box_h = 14, .ofs_x = 0, .ofs_y = -1},
    {.bitmap_index = 21832, .adv_w = 288, .box_w = 20, .box_h = 16, .ofs_x = -1, .ofs_y = -2},
    {.bitmap_index = 21992, .adv_w = 256, .box_w = 16, .box_h = 12, .ofs_x = 0, .ofs_y = 0},
    {.bitmap_index = 22088, .adv_w = 288, .box_w = 19, .box_h = 12, .ofs_x = 0, .ofs_y = 0},
    {.bitmap_index = 22202, .adv_w = 256, .box_w = 16, .box_h = 12, .ofs_x = 0, .ofs_y = 0},
    {.bitmap_index = 22298, .adv_w = 224, .box_w = 14, .box_h = 14, .ofs_x = 0, .ofs_y = -1},
    {.bitmap_index = 22396, .adv_w = 224, .box_w = 14, .box_h = 14, .ofs_x = 0, .ofs_y = -1},
    {.bitmap_index = 22494, .adv_w = 256, .box_w = 16, .box_h = 14, .ofs_x = 0, .ofs_y = -1},
    {.bitmap_index = 22606, .adv_w = 256, .box_w = 16, .box_h = 16, .ofs_x = 0, .ofs_y = -2},
    {.bitmap_index = 22734, .adv_w = 320, .box_w = 22, .box_h = 18, .ofs_x = -1, .ofs_y = -3},
    {.bitmap_index = 22932, .adv_w = 288, .box_w = 20, .box_h = 14, .ofs_x = -1, .ofs_y = -1},
    {.bitmap_index = 23072, .adv_w = 288, .box_w = 9, .box_h = 17, .ofs_x = 0, .ofs_y = -3},
    {.bitmap_index = 23149, .adv_w = 224, .box_w = 14, .box_h = 14, .ofs_x = 0, .ofs_y = -1},
    {.bitmap_index = 23247, .adv_w = 192, .box_w = 12, .box_h = 16, .ofs_x = 0, .ofs_y = -2},
    {.bitmap_index = 23343, .adv_w = 288, .box_w = 18, .box_h = 16, .ofs_x = 0, .ofs_y = -2},
    {.bitmap_index = 23487, .adv_w = 224, .box_w = 14, .box_h = 14, .ofs_x = 0, .ofs_y = -1},
    {.bitmap_index = 23585, .adv_w = 256, .box_w = 16, .box_h = 16, .ofs_x = 0, .ofs_y = -2},
    {.bitmap_index = 23713, .adv_w = 256, .box_w = 18, .box_h = 17, .ofs_x = -1, .ofs_y = -3},
    {.bitmap_index = 23866, .adv_w = 256, .box_w = 17, .box_h = 17, .ofs_x = -1, .ofs_y = -2},
    {.bitmap_index = 24011, .adv_w = 224, .box_w = 14, .box_h = 14, .ofs_x = 0, .ofs_y = -1},
    {.bitmap_index = 24109, .adv_w = 256, .box_w = 16, .box_h = 14, .ofs_x = 0, .ofs_y = -1},
    {.bitmap_index = 24221, .adv_w = 256, .box_w = 16, .box_h = 16, .ofs_x = 0, .ofs_y = -2},
    {.bitmap_index = 24349, .adv_w = 248, .box_w = 16, .box_h = 16, .ofs_x = 0, .ofs_y = -2},
    {.bitmap_index = 24477, .adv_w = 224, .box_w = 14, .box_h = 16, .ofs_x = 0, .ofs_y = -2},
    {.bitmap_index = 24589, .adv_w = 288, .box_w = 18, .box_h = 14, .ofs_x = 0, .ofs_y = -1},
    {.bitmap_index = 24715, .adv_w = 224, .box_w = 14, .box_h = 14, .ofs_x = 0, .ofs_y = -1},
    {.bitmap_index = 24813, .adv_w = 288, .box_w = 18, .box_h = 12, .ofs_x = 0, .ofs_y = 0},
    {.bitmap_index = 24921, .adv_w = 288, .box_w = 18, .box_h = 16, .ofs_x = 0, .ofs_y = -2},
    {.bitmap_index = 25065, .adv_w = 256, .box_w = 18, .box_h = 18, .ofs_x = -1, .ofs_y = -3},
    {.bitmap_index = 25227, .adv_w = 256, .box_w = 16, .box_h = 12, .ofs_x = 0, .ofs_y = 0},
    {.bitmap_index = 25323, .adv_w = 256, .box_w = 17, .box_h = 12, .ofs_x = -1, .ofs_y = 0},
    {.bitmap_index = 25425, .adv_w = 192, .box_w = 12, .box_h = 16, .ofs_x = 0, .ofs_y = -2},
    {.bitmap_index = 25521, .adv_w = 192, .box_w = 12, .box_h = 17, .ofs_x = 0, .ofs_y = -3},
    {.bitmap_index = 25623, .adv_w = 256, .box_w = 16, .box_h = 16, .ofs_x = 0, .ofs_y = -2},
    {.bitmap_index = 25751, .adv_w = 256, .box_w = 16, .box_h = 16, .ofs_x = 0, .ofs_y = -2},
    {.bitmap_index = 25879, .adv_w = 256, .box_w = 16, .box_h = 16, .ofs_x = 0, .ofs_y = -2},
    {.bitmap_index = 26007, .adv_w = 256, .box_w = 16, .box_h = 16, .ofs_x = 0, .ofs_y = -2},
    {.bitmap_index = 26135, .adv_w = 248, .box_w = 16, .box_h = 16, .ofs_x = 0, .ofs_y = -2},
    {.bitmap_index = 26263, .adv_w = 256, .box_w = 17, .box_h = 17, .ofs_x = 0, .ofs_y = -2},
    {.bitmap_index = 26408, .adv_w = 256, .box_w = 17, .box_h = 14, .ofs_x = -1, .ofs_y = -1},
    {.bitmap_index = 26527, .adv_w = 256, .box_w = 18, .box_h = 17, .ofs_x = -1, .ofs_y = -3},
    {.bitmap_index = 26680, .adv_w = 256, .box_w = 16, .box_h = 14, .ofs_x = 0, .ofs_y = -1},
    {.bitmap_index = 26792, .adv_w = 256, .box_w = 16, .box_h = 16, .ofs_x = 0, .ofs_y = -2},
    {.bitmap_index = 26920, .adv_w = 320, .box_w = 20, .box_h = 14, .ofs_x = 0, .ofs_y = -1},
    {.bitmap_index = 27060, .adv_w = 256, .box_w = 16, .box_h = 16, .ofs_x = 0, .ofs_y = -2},
    {.bitmap_index = 27188, .adv_w = 320, .box_w = 20, .box_h = 14, .ofs_x = 0, .ofs_y = -1},
    {.bitmap_index = 27328, .adv_w = 224, .box_w = 16, .box_h = 16, .ofs_x = -1, .ofs_y = -2},
    {.bitmap_index = 27456, .adv_w = 224, .box_w = 15, .box_h = 14, .ofs_x = 0, .ofs_y = -1},
    {.bitmap_index = 27561, .adv_w = 224, .box_w = 14, .box_h = 16, .ofs_x = 0, .ofs_y = -2},
    {.bitmap_index = 27673, .adv_w = 224, .box_w = 14, .box_h = 16, .ofs_x = 0, .ofs_y = -2},
    {.bitmap_index = 27785, .adv_w = 224, .box_w = 14, .box_h = 14, .ofs_x = 0, .ofs_y = -1},
    {.bitmap_index = 27883, .adv_w = 224, .box_w = 14, .box_h = 14, .ofs_x = 0, .ofs_y = -1},
    {.bitmap_index = 27981, .adv_w = 224, .box_w = 14, .box_h = 14, .ofs_x = 0, .ofs_y = -1},
    {.bitmap_index = 28079, .adv_w = 256, .box_w = 16, .box_h = 14, .ofs_x = 0, .ofs_y = -1},
    {.bitmap_index = 28191, .adv_w = 256, .box_w = 17, .box_h = 14, .ofs_x = -1, .ofs_y = -1},
    {.bitmap_index = 28310, .adv_w = 256, .box_w = 16, .box_h = 14, .ofs_x = 0, .ofs_y = -1},
    {.bitmap_index = 28422, .adv_w = 224, .box_w = 14, .box_h = 16, .ofs_x = 0, .ofs_y = -2},
    {.bitmap_index = 28534, .adv_w = 256, .box_w = 16, .box_h = 14, .ofs_x = 0, .ofs_y = -1},
    {.bitmap_index = 28646, .adv_w = 256, .box_w = 16, .box_h = 16, .ofs_x = 0, .ofs_y = -2},
    {.bitmap_index = 28774, .adv_w = 320, .box_w = 20, .box_h = 16, .ofs_x = 0, .ofs_y = -2},
    {.bitmap_index = 28934, .adv_w = 248, .box_w = 16, .box_h = 16, .ofs_x = 0, .ofs_y = -2},
    {.bitmap_index = 29062, .adv_w = 224, .box_w = 14, .box_h = 14, .ofs_x = 0, .ofs_y = -1},
    {.bitmap_index = 29160, .adv_w = 224, .box_w = 14, .box_h = 14, .ofs_x = 0, .ofs_y = -1},
    {.bitmap_index = 29258, .adv_w = 320, .box_w = 20, .box_h = 12, .ofs_x = 0, .ofs_y = 0},
    {.bitmap_index = 29378, .adv_w = 320, .box_w = 20, .box_h = 12, .ofs_x = 0, .ofs_y = 0},
    {.bitmap_index = 29498, .adv_w = 160, .box_w = 10, .box_h = 6, .ofs_x = 0, .ofs_y = 2},
    {.bitmap_index = 29528, .adv_w = 160, .box_w = 10, .box_h = 6, .ofs_x = 0, .ofs_y = 3},
    {.bitmap_index = 29558, .adv_w = 96, .box_w = 6, .box_h = 10, .ofs_x = 0, .ofs_y = 1},
    {.bitmap_index = 29588, .adv_w = 96, .box_w = 6, .box_h = 10, .ofs_x = 0, .ofs_y = 1},
    {.bitmap_index = 29618, .adv_w = 256, .box_w = 16, .box_h = 14, .ofs_x = 0, .ofs_y = -1},
    {.bitmap_index = 29730, .adv_w = 160, .box_w = 10, .box_h = 14, .ofs_x = 0, .ofs_y = -1},
    {.bitmap_index = 29800, .adv_w = 160, .box_w = 10, .box_h = 6, .ofs_x = 0, .ofs_y = -1},
    {.bitmap_index = 29830, .adv_w = 160, .box_w = 10, .box_h = 6, .ofs_x = 0, .ofs_y = 7},
    {.bitmap_index = 29860, .adv_w = 256, .box_w = 16, .box_h = 12, .ofs_x = 0, .ofs_y = 0},
    {.bitmap_index = 29956, .adv_w = 224, .box_w = 15, .box_h = 14, .ofs_x = -1, .ofs_y = 0},
    {.bitmap_index = 30061, .adv_w = 256, .box_w = 16, .box_h = 16, .ofs_x = 0, .ofs_y = -2},
    {.bitmap_index = 30189, .adv_w = 256, .box_w = 16, .box_h = 16, .ofs_x = 0, .ofs_y = -2},
    {.bitmap_index = 30317, .adv_w = 160, .box_w = 12, .box_h = 16, .ofs_x = -1, .ofs_y = -2},
    {.bitmap_index = 30413, .adv_w = 320, .box_w = 20, .box_h = 16, .ofs_x = 0, .ofs_y = -2},
    {.bitmap_index = 30573, .adv_w = 288, .box_w = 20, .box_h = 16, .ofs_x = -1, .ofs_y = -2},
    {.bitmap_index = 30733, .adv_w = 224, .box_w = 14, .box_h = 16, .ofs_x = 0, .ofs_y = -2},
    {.bitmap_index = 30845, .adv_w = 176, .box_w = 11, .box_h = 16, .ofs_x = 0, .ofs_y = -2},
    {.bitmap_index = 30933, .adv_w = 224, .box_w = 14, .box_h = 16, .ofs_x = 0, .ofs_y = -2},
    {.bitmap_index = 31045, .adv_w = 256, .box_w = 16, .box_h = 17, .ofs_x = 0, .ofs_y = -2},
    {.bitmap_index = 31181, .adv_w = 256, .box_w = 16, .box_h = 14, .ofs_x = 0, .ofs_y = -1},
    {.bitmap_index = 31293, .adv_w = 224, .box_w = 14, .box_h = 16, .ofs_x = 0, .ofs_y = -2},
    {.bitmap_index = 31405, .adv_w = 320, .box_w = 21, .box_h = 14, .ofs_x = -1, .ofs_y = -1},
    {.bitmap_index = 31552, .adv_w = 224, .box_w = 14, .box_h = 16, .ofs_x = 0, .ofs_y = -2},
    {.bitmap_index = 31664, .adv_w = 320, .box_w = 20, .box_h = 16, .ofs_x = 0, .ofs_y = -2},
    {.bitmap_index = 31824, .adv_w = 256, .box_w = 16, .box_h = 14, .ofs_x = 0, .ofs_y = -1},
    {.bitmap_index = 31936, .adv_w = 320, .box_w = 20, .box_h = 14, .ofs_x = 0, .ofs_y = -1},
    {.bitmap_index = 32076, .adv_w = 224, .box_w = 14, .box_h = 14, .ofs_x = 0, .ofs_y = -1},
    {.bitmap_index = 32174, .adv_w = 224, .box_w = 14, .box_h = 14, .ofs_x = 0, .ofs_y = -1},
    {.bitmap_index = 32272, .adv_w = 224, .box_w = 14, .box_h = 14, .ofs_x = 0, .ofs_y = -1},
    {.bitmap_index = 32370, .adv_w = 224, .box_w = 14, .box_h = 10, .ofs_x = 0, .ofs_y = 1},
    {.bitmap_index = 32440, .adv_w = 224, .box_w = 14, .box_h = 10, .ofs_x = 0, .ofs_y = 1},
    {.bitmap_index = 32510, .adv_w = 160, .box_w = 10, .box_h = 14, .ofs_x = 0, .ofs_y = -1},
    {.bitmap_index = 32580, .adv_w = 160, .box_w = 10, .box_h = 14, .ofs_x = 0, .ofs_y = -1},
    {.bitmap_index = 32650, .adv_w = 128, .box_w = 8, .box_h = 10, .ofs_x = 0, .ofs_y = 1},
    {.bitmap_index = 32690, .adv_w = 128, .box_w = 8, .box_h = 10, .ofs_x = 0, .ofs_y = 1},
    {.bitmap_index = 32730, .adv_w = 160, .box_w = 10, .box_h = 8, .ofs_x = 0, .ofs_y = 2},
    {.bitmap_index = 32770, .adv_w = 160, .box_w = 10, .box_h = 8, .ofs_x = 0, .ofs_y = 2},
    {.bitmap_index = 32810, .adv_w = 288, .box_w = 18, .box_h = 16, .ofs_x = 0, .ofs_y = -2},
    {.bitmap_index = 32954, .adv_w = 320, .box_w = 20, .box_h = 16, .ofs_x = 0, .ofs_y = -2},
    {.bitmap_index = 33114, .adv_w = 224, .box_w = 14, .box_h = 16, .ofs_x = 0, .ofs_y = -2},
    {.bitmap_index = 33226, .adv_w = 160, .box_w = 10, .box_h = 16, .ofs_x = 0, .ofs_y = -2},
    {.bitmap_index = 33306, .adv_w = 256, .box_w = 16, .box_h = 14, .ofs_x = 0, .ofs_y = -1},
    {.bitmap_index = 33418, .adv_w = 256, .box_w = 16, .box_h = 14, .ofs_x = 0, .ofs_y = -1},
    {.bitmap_index = 33530, .adv_w = 256, .box_w = 16, .box_h = 16, .ofs_x = 0, .ofs_y = -2},
    {.bitmap_index = 33658, .adv_w = 256, .box_w = 16, .box_h = 16, .ofs_x = 0, .ofs_y = -2},
    {.bitmap_index = 33786, .adv_w = 240, .box_w = 15, .box_h = 12, .ofs_x = 0, .ofs_y = 0},
    {.bitmap_index = 33876, .adv_w = 248, .box_w = 16, .box_h = 16, .ofs_x = 0, .ofs_y = -2},
    {.bitmap_index = 34004, .adv_w = 248, .box_w = 16, .box_h = 16, .ofs_x = 0, .ofs_y = -2},
    {.bitmap_index = 34132, .adv_w = 248, .box_w = 16, .box_h = 16, .ofs_x = 0, .ofs_y = -2},
    {.bitmap_index = 34260, .adv_w = 320, .box_w = 20, .box_h = 10, .ofs_x = 0, .ofs_y = 1},
    {.bitmap_index = 34360, .adv_w = 288, .box_w = 18, .box_h = 12, .ofs_x = 0, .ofs_y = 0},
    {.bitmap_index = 34468, .adv_w = 256, .box_w = 16, .box_h = 17, .ofs_x = 0, .ofs_y = -2},
    {.bitmap_index = 34604, .adv_w = 320, .box_w = 20, .box_h = 14, .ofs_x = 0, .ofs_y = -1},
    {.bitmap_index = 34744, .adv_w = 320, .box_w = 22, .box_h = 18, .ofs_x = -1, .ofs_y = -3},
    {.bitmap_index = 34942, .adv_w = 288, .box_w = 18, .box_h = 16, .ofs_x = 0, .ofs_y = -2},
    {.bitmap_index = 35086, .adv_w = 256, .box_w = 18, .box_h = 18, .ofs_x = -1, .ofs_y = -3},
    {.bitmap_index = 35248, .adv_w = 256, .box_w = 17, .box_h = 17, .ofs_x = 0, .ofs_y = -2},
    {.bitmap_index = 35393, .adv_w = 192, .box_w = 12, .box_h = 16, .ofs_x = 0, .ofs_y = -2},
    {.bitmap_index = 35489, .adv_w = 256, .box_w = 16, .box_h = 16, .ofs_x = 0, .ofs_y = -2},
    {.bitmap_index = 35617, .adv_w = 192, .box_w = 12, .box_h = 16, .ofs_x = 0, .ofs_y = -2},
    {.bitmap_index = 35713, .adv_w = 96, .box_w = 6, .box_h = 16, .ofs_x = 0, .ofs_y = -2},
    {.bitmap_index = 35761, .adv_w = 96, .box_w = 6, .box_h = 16, .ofs_x = 0, .ofs_y = -2},
    {.bitmap_index = 35809, .adv_w = 256, .box_w = 16, .box_h = 14, .ofs_x = 0, .ofs_y = 0},
    {.bitmap_index = 35921, .adv_w = 256, .box_w = 16, .box_h = 14, .ofs_x = 0, .ofs_y = -2},
    {.bitmap_index = 36033, .adv_w = 256, .box_w = 16, .box_h = 14, .ofs_x = 0, .ofs_y = -1},
    {.bitmap_index = 36145, .adv_w = 288, .box_w = 18, .box_h = 16, .ofs_x = 0, .ofs_y = -2},
    {.bitmap_index = 36289, .adv_w = 176, .box_w = 11, .box_h = 16, .ofs_x = 0, .ofs_y = -2},
    {.bitmap_index = 36377, .adv_w = 320, .box_w = 22, .box_h = 18, .ofs_x = -1, .ofs_y = -3},
    {.bitmap_index = 36575, .adv_w = 224, .box_w = 14, .box_h = 16, .ofs_x = 0, .ofs_y = -2},
    {.bitmap_index = 36687, .adv_w = 224, .box_w = 15, .box_h = 17, .ofs_x = -1, .ofs_y = -3},
    {.bitmap_index = 36815, .adv_w = 256, .box_w = 16, .box_h = 16, .ofs_x = 0, .ofs_y = -2},
    {.bitmap_index = 36943, .adv_w = 256, .box_w = 17, .box_h = 12, .ofs_x = 0, .ofs_y = 0},
    {.bitmap_index = 37045, .adv_w = 256, .box_w = 16, .box_h = 16, .ofs_x = 0, .ofs_y = -2},
    {.bitmap_index = 37173, .adv_w = 256, .box_w = 16, .box_h = 16, .ofs_x = 0, .ofs_y = -2},
    {.bitmap_index = 37301, .adv_w = 256, .box_w = 16, .box_h = 16, .ofs_x = 0, .ofs_y = -2},
    {.bitmap_index = 37429, .adv_w = 256, .box_w = 16, .box_h = 16, .ofs_x = 0, .ofs_y = -2},
    {.bitmap_index = 37557, .adv_w = 192, .box_w = 12, .box_h = 14, .ofs_x = 0, .ofs_y = -1},
    {.bitmap_index = 37641, .adv_w = 256, .box_w = 15, .box_h = 15, .ofs_x = 0, .ofs_y = -2},
    {.bitmap_index = 37754, .adv_w = 288, .box_w = 20, .box_h = 17, .ofs_x = -1, .ofs_y = -2},
    {.bitmap_index = 37924, .adv_w = 224, .box_w = 14, .box_h = 16, .ofs_x = 0, .ofs_y = -2},
    {.bitmap_index = 38036, .adv_w = 248, .box_w = 16, .box_h = 16, .ofs_x = 0, .ofs_y = -2},
    {.bitmap_index = 38164, .adv_w = 256, .box_w = 16, .box_h = 6, .ofs_x = 0, .ofs_y = 3},
    {.bitmap_index = 38212, .adv_w = 96, .box_w = 6, .box_h = 16, .ofs_x = 0, .ofs_y = -2},
    {.bitmap_index = 38260, .adv_w = 224, .box_w = 14, .box_h = 14, .ofs_x = 0, .ofs_y = -1},
    {.bitmap_index = 38358, .adv_w = 256, .box_w = 16, .box_h = 16, .ofs_x = 0, .ofs_y = -2},
    {.bitmap_index = 38486, .adv_w = 224, .box_w = 14, .box_h = 14, .ofs_x = 0, .ofs_y = -1},
    {.bitmap_index = 38584, .adv_w = 224, .box_w = 14, .box_h = 14, .ofs_x = 0, .ofs_y = -1},
    {.bitmap_index = 38682, .adv_w = 224, .box_w = 14, .box_h = 14, .ofs_x = 0, .ofs_y = -1},
    {.bitmap_index = 38780, .adv_w = 288, .box_w = 18, .box_h = 17, .ofs_x = 0, .ofs_y = -2},
    {.bitmap_index = 38933, .adv_w = 248, .box_w = 16, .box_h = 16, .ofs_x = 0, .ofs_y = -2},
    {.bitmap_index = 39061, .adv_w = 224, .box_w = 14, .box_h = 14, .ofs_x = 0, .ofs_y = -1},
    {.bitmap_index = 39159, .adv_w = 224, .box_w = 14, .box_h = 14, .ofs_x = 0, .ofs_y = -1},
    {.bitmap_index = 39257, .adv_w = 224, .box_w = 14, .box_h = 14, .ofs_x = 0, .ofs_y = -1},
    {.bitmap_index = 39355, .adv_w = 160, .box_w = 11, .box_h = 14, .ofs_x = 0, .ofs_y = -1},
    {.bitmap_index = 39432, .adv_w = 160, .box_w = 10, .box_h = 14, .ofs_x = 0, .ofs_y = -1},
    {.bitmap_index = 39502, .adv_w = 144, .box_w = 11, .box_h = 16, .ofs_x = -1, .ofs_y = -2},
    {.bitmap_index = 39590, .adv_w = 160, .box_w = 10, .box_h = 14, .ofs_x = 0, .ofs_y = -1},
    {.bitmap_index = 39660, .adv_w = 192, .box_w = 12, .box_h = 14, .ofs_x = 0, .ofs_y = -1},
    {.bitmap_index = 39744, .adv_w = 192, .box_w = 12, .box_h = 14, .ofs_x = 0, .ofs_y = -1},
    {.bitmap_index = 39828, .adv_w = 288, .box_w = 18, .box_h = 14, .ofs_x = 0, .ofs_y = -1},
    {.bitmap_index = 39954, .adv_w = 192, .box_w = 13, .box_h = 17, .ofs_x = 0, .ofs_y = -2},
    {.bitmap_index = 40065, .adv_w = 192, .box_w = 12, .box_h = 16, .ofs_x = 0, .ofs_y = -2},
    {.bitmap_index = 40161, .adv_w = 192, .box_w = 12, .box_h = 16, .ofs_x = 0, .ofs_y = -2},
    {.bitmap_index = 40257, .adv_w = 224, .box_w = 15, .box_h = 14, .ofs_x = -1, .ofs_y = -1},
    {.bitmap_index = 40362, .adv_w = 224, .box_w = 15, .box_h = 14, .ofs_x = -1, .ofs_y = -1},
    {.bitmap_index = 40467, .adv_w = 256, .box_w = 17, .box_h = 14, .ofs_x = -1, .ofs_y = -1},
    {.bitmap_index = 40586, .adv_w = 256, .box_w = 17, .box_h = 14, .ofs_x = -1, .ofs_y = -1},
    {.bitmap_index = 40705, .adv_w = 224, .box_w = 15, .box_h = 15, .ofs_x = -1, .ofs_y = -2},
    {.bitmap_index = 40818, .adv_w = 224, .box_w = 15, .box_h = 15, .ofs_x = -1, .ofs_y = -2},
    {.bitmap_index = 40931, .adv_w = 256, .box_w = 16, .box_h = 16, .ofs_x = 0, .ofs_y = -2},
    {.bitmap_index = 41059, .adv_w = 256, .box_w = 16, .box_h = 16, .ofs_x = 0, .ofs_y = -2},
    {.bitmap_index = 41187, .adv_w = 288, .box_w = 18, .box_h = 13, .ofs_x = 0, .ofs_y = -1},
    {.bitmap_index = 41304, .adv_w = 192, .box_w = 14, .box_h = 14, .ofs_x = -1, .ofs_y = -1},
    {.bitmap_index = 41402, .adv_w = 224, .box_w = 14, .box_h = 14, .ofs_x = 0, .ofs_y = -1},
    {.bitmap_index = 41500, .adv_w = 264, .box_w = 17, .box_h = 14, .ofs_x = 0, .ofs_y = -1},
    {.bitmap_index = 41619, .adv_w = 192, .box_w = 12, .box_h = 14, .ofs_x = 0, .ofs_y = -1},
    {.bitmap_index = 41703, .adv_w = 224, .box_w = 14, .box_h = 15, .ofs_x = 0, .ofs_y = -1},
    {.bitmap_index = 41808, .adv_w = 224, .box_w = 14, .box_h = 14, .ofs_x = 0, .ofs_y = -1},
    {.bitmap_index = 41906, .adv_w = 248, .box_w = 16, .box_h = 16, .ofs_x = 0, .ofs_y = -2},
    {.bitmap_index = 42034, .adv_w = 256, .box_w = 16, .box_h = 15, .ofs_x = 0, .ofs_y = -2},
    {.bitmap_index = 42154, .adv_w = 160, .box_w = 10, .box_h = 16, .ofs_x = 0, .ofs_y = -2},
    {.bitmap_index = 42234, .adv_w = 224, .box_w = 14, .box_h = 14, .ofs_x = 0, .ofs_y = -1},
    {.bitmap_index = 42332, .adv_w = 192, .box_w = 12, .box_h = 15, .ofs_x = 0, .ofs_y = -2},
    {.bitmap_index = 42422, .adv_w = 224, .box_w = 14, .box_h = 14, .ofs_x = 0, .ofs_y = -1},
    {.bitmap_index = 42520, .adv_w = 224, .box_w = 12, .box_h = 15, .ofs_x = 1, .ofs_y = -1},
    {.bitmap_index = 42610, .adv_w = 224, .box_w = 14, .box_h = 17, .ofs_x = 0, .ofs_y = -3},
    {.bitmap_index = 42729, .adv_w = 256, .box_w = 16, .box_h = 16, .ofs_x = 0, .ofs_y = -2},
    {.bitmap_index = 42857, .adv_w = 224, .box_w = 15, .box_h = 14, .ofs_x = 0, .ofs_y = -1},
    {.bitmap_index = 42962, .adv_w = 184, .box_w = 12, .box_h = 17, .ofs_x = 0, .ofs_y = -3},
    {.bitmap_index = 43064, .adv_w = 224, .box_w = 14, .box_h = 14, .ofs_x = 0, .ofs_y = -1},
    {.bitmap_index = 43162, .adv_w = 128, .box_w = 8, .box_h = 16, .ofs_x = 0, .ofs_y = -2},
    {.bitmap_index = 43226, .adv_w = 96, .box_w = 6, .box_h = 16, .ofs_x = 0, .ofs_y = -2},
    {.bitmap_index = 43274, .adv_w = 248, .box_w = 16, .box_h = 16, .ofs_x = 0, .ofs_y = -2},
    {.bitmap_index = 43402, .adv_w = 256, .box_w = 16, .box_h = 16, .ofs_x = 0, .ofs_y = -2},
    {.bitmap_index = 43530, .adv_w = 256, .box_w = 16, .box_h = 16, .ofs_x = 0, .ofs_y = -2},
    {.bitmap_index = 43658, .adv_w = 256, .box_w = 16, .box_h = 14, .ofs_x = 0, .ofs_y = -1},
    {.bitmap_index = 43770, .adv_w = 256, .box_w = 16, .box_h = 16, .ofs_x = 0, .ofs_y = -2},
    {.bitmap_index = 43898, .adv_w = 288, .box_w = 18, .box_h = 10, .ofs_x = 0, .ofs_y = 1},
    {.bitmap_index = 43988, .adv_w = 256, .box_w = 17, .box_h = 14, .ofs_x = 0, .ofs_y = 0},
    {.bitmap_index = 44107, .adv_w = 256, .box_w = 16, .box_h = 16, .ofs_x = 0, .ofs_y = -2},
    {.bitmap_index = 44235, .adv_w = 192, .box_w = 13, .box_h = 16, .ofs_x = 0, .ofs_y = -2},
    {.bitmap_index = 44339, .adv_w = 224, .box_w = 14, .box_h = 17, .ofs_x = 0, .ofs_y = -2},
    {.bitmap_index = 44458, .adv_w = 224, .box_w = 14, .box_h = 14, .ofs_x = 0, .ofs_y = -1},
    {.bitmap_index = 44556, .adv_w = 256, .box_w = 16, .box_h = 16, .ofs_x = 0, .ofs_y = -2},
    {.bitmap_index = 44684, .adv_w = 256, .box_w = 17, .box_h = 17, .ofs_x = 0, .ofs_y = -2},
    {.bitmap_index = 44829, .adv_w = 224, .box_w = 14, .box_h = 14, .ofs_x = 0, .ofs_y = -1},
    {.bitmap_index = 44927, .adv_w = 192, .box_w = 12, .box_h = 14, .ofs_x = 0, .ofs_y = -1},
    {.bitmap_index = 45011, .adv_w = 320, .box_w = 20, .box_h = 14, .ofs_x = 0, .ofs_y = -1},
    {.bitmap_index = 45151, .adv_w = 224, .box_w = 14, .box_h = 14, .ofs_x = 0, .ofs_y = -1},
    {.bitmap_index = 45249, .adv_w = 224, .box_w = 14, .box_h = 14, .ofs_x = 0, .ofs_y = -1},
    {.bitmap_index = 45347, .adv_w = 256, .box_w = 16, .box_h = 16, .ofs_x = 0, .ofs_y = -2},
    {.bitmap_index = 45475, .adv_w = 224, .box_w = 14, .box_h = 14, .ofs_x = 0, .ofs_y = -1},
    {.bitmap_index = 45573, .adv_w = 256, .box_w = 16, .box_h = 14, .ofs_x = 0, .ofs_y = -1},
    {.bitmap_index = 45685, .adv_w = 320, .box_w = 20, .box_h = 13, .ofs_x = 0, .ofs_y = 0},
    {.bitmap_index = 45815, .adv_w = 224, .box_w = 14, .box_h = 16, .ofs_x = 0, .ofs_y = -2},
    {.bitmap_index = 45927, .adv_w = 244, .box_w = 16, .box_h = 16, .ofs_x = 0, .ofs_y = -2},
    {.bitmap_index = 46055, .adv_w = 256, .box_w = 16, .box_h = 16, .ofs_x = 0, .ofs_y = -2},
    {.bitmap_index = 46183, .adv_w = 224, .box_w = 14, .box_h = 14, .ofs_x = 0, .ofs_y = -1},
    {.bitmap_index = 46281, .adv_w = 248, .box_w = 16, .box_h = 16, .ofs_x = 0, .ofs_y = -2},
    {.bitmap_index = 46409, .adv_w = 256, .box_w = 16, .box_h = 12, .ofs_x = 0, .ofs_y = 0},
    {.bitmap_index = 46505, .adv_w = 224, .box_w = 14, .box_h = 14, .ofs_x = 0, .ofs_y = -1},
    {.bitmap_index = 46603, .adv_w = 256, .box_w = 16, .box_h = 10, .ofs_x = 0, .ofs_y = 1},
    {.bitmap_index = 46683, .adv_w = 224, .box_w = 14, .box_h = 14, .ofs_x = 0, .ofs_y = -1},
    {.bitmap_index = 46781, .adv_w = 288, .box_w = 18, .box_h = 17, .ofs_x = 0, .ofs_y = -3},
    {.bitmap_index = 46934, .adv_w = 224, .box_w = 12, .box_h = 14, .ofs_x = 1, .ofs_y = -1},
    {.bitmap_index = 47018, .adv_w = 224, .box_w = 14, .box_h = 14, .ofs_x = 0, .ofs_y = -1},
    {.bitmap_index = 47116, .adv_w = 320, .box_w = 20, .box_h = 10, .ofs_x = 0, .ofs_y = 1},
    {.bitmap_index = 47216, .adv_w = 256, .box_w = 16, .box_h = 16, .ofs_x = 0, .ofs_y = -2},
    {.bitmap_index = 47344, .adv_w = 224, .box_w = 14, .box_h = 16, .ofs_x = 0, .ofs_y = -2},
    {.bitmap_index = 47456, .adv_w = 192, .box_w = 12, .box_h = 16, .ofs_x = 0, .ofs_y = -2},
    {.bitmap_index = 47552, .adv_w = 256, .box_w = 18, .box_h = 15, .ofs_x = -1, .ofs_y = -1},
    {.bitmap_index = 47687, .adv_w = 256, .box_w = 16, .box_h = 16, .ofs_x = 0, .ofs_y = -2},
    {.bitmap_index = 47815, .adv_w = 256, .box_w = 16, .box_h = 16, .ofs_x = 0, .ofs_y = -2},
    {.bitmap_index = 47943, .adv_w = 288, .box_w = 18, .box_h = 12, .ofs_x = 0, .ofs_y = 0},
    {.bitmap_index = 48051, .adv_w = 224, .box_w = 14, .box_h = 14, .ofs_x = 0, .ofs_y = -1},
    {.bitmap_index = 48149, .adv_w = 248, .box_w = 16, .box_h = 16, .ofs_x = 0, .ofs_y = -2},
    {.bitmap_index = 48277, .adv_w = 224, .box_w = 14, .box_h = 14, .ofs_x = 0, .ofs_y = -1},
    {.bitmap_index = 48375, .adv_w = 256, .box_w = 17, .box_h = 17, .ofs_x = -1, .ofs_y = -3},
    {.bitmap_index = 48520, .adv_w = 256, .box_w = 18, .box_h = 12, .ofs_x = -1, .ofs_y = 0},
    {.bitmap_index = 48628, .adv_w = 256, .box_w = 16, .box_h = 14, .ofs_x = 0, .ofs_y = -1},
    {.bitmap_index = 48740, .adv_w = 192, .box_w = 14, .box_h = 16, .ofs_x = -1, .ofs_y = -2},
    {.bitmap_index = 48852, .adv_w = 248, .box_w = 16, .box_h = 16, .ofs_x = 0, .ofs_y = -2},
    {.bitmap_index = 48980, .adv_w = 160, .box_w = 10, .box_h = 16, .ofs_x = 0, .ofs_y = -2},
    {.bitmap_index = 49060, .adv_w = 320, .box_w = 20, .box_h = 10, .ofs_x = 0, .ofs_y = 1},
    {.bitmap_index = 49160, .adv_w = 224, .box_w = 14, .box_h = 16, .ofs_x = 0, .ofs_y = -2},
    {.bitmap_index = 49272, .adv_w = 192, .box_w = 12, .box_h = 16, .ofs_x = 0, .ofs_y = -2},
    {.bitmap_index = 49368, .adv_w = 192, .box_w = 12, .box_h = 16, .ofs_x = 0, .ofs_y = -2},
    {.bitmap_index = 49464, .adv_w = 192, .box_w = 12, .box_h = 16, .ofs_x = 0, .ofs_y = -2},
    {.bitmap_index = 49560, .adv_w = 192, .box_w = 12, .box_h = 16, .ofs_x = 0, .ofs_y = -2},
    {.bitmap_index = 49656, .adv_w = 192, .box_w = 12, .box_h = 16, .ofs_x = 0, .ofs_y = -2},
    {.bitmap_index = 49752, .adv_w = 192, .box_w = 12, .box_h = 16, .ofs_x = 0, .ofs_y = -2},
    {.bitmap_index = 49848, .adv_w = 192, .box_w = 12, .box_h = 16, .ofs_x = 0, .ofs_y = -2},
    {.bitmap_index = 49944, .adv_w = 192, .box_w = 12, .box_h = 16, .ofs_x = 0, .ofs_y = -2},
    {.bitmap_index = 50040, .adv_w = 192, .box_w = 12, .box_h = 16, .ofs_x = 0, .ofs_y = -2},
    {.bitmap_index = 50136, .adv_w = 192, .box_w = 13, .box_h = 15, .ofs_x = 0, .ofs_y = -2},
    {.bitmap_index = 50234, .adv_w = 256, .box_w = 16, .box_h = 18, .ofs_x = 0, .ofs_y = -3},
    {.bitmap_index = 50378, .adv_w = 288, .box_w = 18, .box_h = 13, .ofs_x = 0, .ofs_y = 0},
    {.bitmap_index = 50495, .adv_w = 256, .box_w = 16, .box_h = 16, .ofs_x = 0, .ofs_y = -2},
    {.bitmap_index = 50623, .adv_w = 256, .box_w = 16, .box_h = 16, .ofs_x = 0, .ofs_y = -2},
    {.bitmap_index = 50751, .adv_w = 256, .box_w = 16, .box_h = 16, .ofs_x = 0, .ofs_y = -2},
    {.bitmap_index = 50879, .adv_w = 248, .box_w = 16, .box_h = 16, .ofs_x = 0, .ofs_y = -2},
    {.bitmap_index = 51007, .adv_w = 224, .box_w = 14, .box_h = 14, .ofs_x = 0, .ofs_y = -1},
    {.bitmap_index = 51105, .adv_w = 256, .box_w = 16, .box_h = 14, .ofs_x = 0, .ofs_y = -1},
    {.bitmap_index = 51217, .adv_w = 224, .box_w = 14, .box_h = 14, .ofs_x = 0, .ofs_y = -1},
    {.bitmap_index = 51315, .adv_w = 192, .box_w = 12, .box_h = 17, .ofs_x = 0, .ofs_y = -3},
    {.bitmap_index = 51417, .adv_w = 224, .box_w = 14, .box_h = 16, .ofs_x = 0, .ofs_y = -2},
    {.bitmap_index = 51529, .adv_w = 288, .box_w = 18, .box_h = 14, .ofs_x = 0, .ofs_y = -1},
    {.bitmap_index = 51655, .adv_w = 256, .box_w = 18, .box_h = 18, .ofs_x = -1, .ofs_y = -3},
    {.bitmap_index = 51817, .adv_w = 256, .box_w = 16, .box_h = 16, .ofs_x = 0, .ofs_y = -2},
    {.bitmap_index = 51945, .adv_w = 256, .box_w = 16, .box_h = 14, .ofs_x = 0, .ofs_y = -1},
    {.bitmap_index = 52057, .adv_w = 224, .box_w = 13, .box_h = 14, .ofs_x = 1, .ofs_y = -1},
    {.bitmap_index = 52148, .adv_w = 256, .box_w = 16, .box_h = 14, .ofs_x = 0, .ofs_y = -1},
    {.bitmap_index = 52260, .adv_w = 224, .box_w = 14, .box_h = 16, .ofs_x = 0, .ofs_y = -2},
    {.bitmap_index = 52372, .adv_w = 224, .box_w = 14, .box_h = 14, .ofs_x = 0, .ofs_y = -1},
    {.bitmap_index = 52470, .adv_w = 256, .box_w = 16, .box_h = 16, .ofs_x = 0, .ofs_y = -2},
    {.bitmap_index = 52598, .adv_w = 256, .box_w = 16, .box_h = 16, .ofs_x = 0, .ofs_y = -2},
    {.bitmap_index = 52726, .adv_w = 256, .box_w = 17, .box_h = 17, .ofs_x = 0, .ofs_y = -2},
    {.bitmap_index = 52871, .adv_w = 256, .box_w = 16, .box_h = 14, .ofs_x = 0, .ofs_y = -1},
    {.bitmap_index = 52983, .adv_w = 192, .box_w = 12, .box_h = 16, .ofs_x = 0, .ofs_y = -2},
    {.bitmap_index = 53079, .adv_w = 256, .box_w = 16, .box_h = 17, .ofs_x = 0, .ofs_y = -3},
    {.bitmap_index = 53215, .adv_w = 224, .box_w = 14, .box_h = 14, .ofs_x = 0, .ofs_y = -1},
    {.bitmap_index = 53313, .adv_w = 192, .box_w = 13, .box_h = 16, .ofs_x = -1, .ofs_y = -2},
    {.bitmap_index = 53417, .adv_w = 288, .box_w = 18, .box_h = 12, .ofs_x = 0, .ofs_y = 0},
    {.bitmap_index = 53525, .adv_w = 320, .box_w = 20, .box_h = 15, .ofs_x = 0, .ofs_y = -1},
    {.bitmap_index = 53675, .adv_w = 224, .box_w = 14, .box_h = 16, .ofs_x = 0, .ofs_y = -2},
    {.bitmap_index = 53787, .adv_w = 192, .box_w = 14, .box_h = 16, .ofs_x = -1, .ofs_y = -2},
    {.bitmap_index = 53899, .adv_w = 224, .box_w = 14, .box_h = 14, .ofs_x = 0, .ofs_y = -1},
    {.bitmap_index = 53997, .adv_w = 288, .box_w = 18, .box_h = 14, .ofs_x = 0, .ofs_y = -1},
    {.bitmap_index = 54123, .adv_w = 288, .box_w = 18, .box_h = 15, .ofs_x = 0, .ofs_y = -2},
    {.bitmap_index = 54258, .adv_w = 288, .box_w = 18, .box_h = 14, .ofs_x = 0, .ofs_y = -1},
    {.bitmap_index = 54384, .adv_w = 288, .box_w = 18, .box_h = 14, .ofs_x = 0, .ofs_y = -1},
    {.bitmap_index = 54510, .adv_w = 288, .box_w = 19, .box_h = 14, .ofs_x = 0, .ofs_y = -1},
    {.bitmap_index = 54643, .adv_w = 288, .box_w = 18, .box_h = 14, .ofs_x = 0, .ofs_y = -1},
    {.bitmap_index = 54769, .adv_w = 320, .box_w = 22, .box_h = 18, .ofs_x = -1, .ofs_y = -3},
    {.bitmap_index = 54967, .adv_w = 224, .box_w = 14, .box_h = 16, .ofs_x = 0, .ofs_y = -2},
    {.bitmap_index = 55079, .adv_w = 256, .box_w = 16, .box_h = 16, .ofs_x = 0, .ofs_y = -2},
    {.bitmap_index = 55207, .adv_w = 256, .box_w = 16, .box_h = 16, .ofs_x = 0, .ofs_y = -2},
    {.bitmap_index = 55335, .adv_w = 256, .box_w = 16, .box_h = 16, .ofs_x = 0, .ofs_y = -2},
    {.bitmap_index = 55463, .adv_w = 256, .box_w = 16, .box_h = 16, .ofs_x = 0, .ofs_y = -2},
    {.bitmap_index = 55591, .adv_w = 224, .box_w = 14, .box_h = 16, .ofs_x = 0, .ofs_y = -2},
    {.bitmap_index = 55703, .adv_w = 256, .box_w = 16, .box_h = 12, .ofs_x = 0, .ofs_y = 0},
    {.bitmap_index = 55799, .adv_w = 272, .box_w = 19, .box_h = 18, .ofs_x = -1, .ofs_y = -3},
    {.bitmap_index = 55970, .adv_w = 256, .box_w = 16, .box_h = 12, .ofs_x = 0, .ofs_y = 0},
    {.bitmap_index = 56066, .adv_w = 256, .box_w = 16, .box_h = 10, .ofs_x = 0, .ofs_y = 1},
    {.bitmap_index = 56146, .adv_w = 224, .box_w = 14, .box_h = 14, .ofs_x = 0, .ofs_y = -1},
    {.bitmap_index = 56244, .adv_w = 288, .box_w = 18, .box_h = 12, .ofs_x = 0, .ofs_y = 0},
    {.bitmap_index = 56352, .adv_w = 288, .box_w = 18, .box_h = 12, .ofs_x = 0, .ofs_y = 0},
    {.bitmap_index = 56460, .adv_w = 320, .box_w = 21, .box_h = 13, .ofs_x = 0, .ofs_y = -1},
    {.bitmap_index = 56597, .adv_w = 256, .box_w = 16, .box_h = 16, .ofs_x = 0, .ofs_y = -2},
    {.bitmap_index = 56725, .adv_w = 320, .box_w = 20, .box_h = 16, .ofs_x = 0, .ofs_y = -2},
    {.bitmap_index = 56885, .adv_w = 224, .box_w = 12, .box_h = 16, .ofs_x = 1, .ofs_y = -2},
    {.bitmap_index = 56981, .adv_w = 256, .box_w = 16, .box_h = 12, .ofs_x = 0, .ofs_y = 0},
    {.bitmap_index = 57077, .adv_w = 224, .box_w = 14, .box_h = 14, .ofs_x = 0, .ofs_y = -1},
    {.bitmap_index = 57175, .adv_w = 224, .box_w = 14, .box_h = 14, .ofs_x = 0, .ofs_y = -1},
    {.bitmap_index = 57273, .adv_w = 288, .box_w = 18, .box_h = 16, .ofs_x = 0, .ofs_y = -2},
    {.bitmap_index = 57417, .adv_w = 224, .box_w = 14, .box_h = 17, .ofs_x = 0, .ofs_y = -2},
    {.bitmap_index = 57536, .adv_w = 224, .box_w = 14, .box_h = 15, .ofs_x = 0, .ofs_y = -2},
    {.bitmap_index = 57641, .adv_w = 288, .box_w = 18, .box_h = 13, .ofs_x = 0, .ofs_y = -1},
    {.bitmap_index = 57758, .adv_w = 320, .box_w = 20, .box_h = 15, .ofs_x = 0, .ofs_y = -1},
    {.bitmap_index = 57908, .adv_w = 224, .box_w = 14, .box_h = 16, .ofs_x = 0, .ofs_y = -2},
    {.bitmap_index = 58020, .adv_w = 256, .box_w = 16, .box_h = 12, .ofs_x = 0, .ofs_y = 0},
    {.bitmap_index = 58116, .adv_w = 320, .box_w = 20, .box_h = 12, .ofs_x = 0, .ofs_y = 0},
    {.bitmap_index = 58236, .adv_w = 288, .box_w = 20, .box_h = 17, .ofs_x = -1, .ofs_y = -3},
    {.bitmap_index = 58406, .adv_w = 288, .box_w = 20, .box_h = 17, .ofs_x = -1, .ofs_y = -3},
    {.bitmap_index = 58576, .adv_w = 320, .box_w = 20, .box_h = 16, .ofs_x = 0, .ofs_y = -2},
    {.bitmap_index = 58736, .adv_w = 224, .box_w = 14, .box_h = 17, .ofs_x = 0, .ofs_y = -2},
    {.bitmap_index = 58855, .adv_w = 320, .box_w = 22, .box_h = 13, .ofs_x = -1, .ofs_y = -1},
    {.bitmap_index = 58998, .adv_w = 256, .box_w = 16, .box_h = 16, .ofs_x = 0, .ofs_y = -2},
    {.bitmap_index = 59126, .adv_w = 256, .box_w = 18, .box_h = 14, .ofs_x = -1, .ofs_y = -1},
    {.bitmap_index = 59252, .adv_w = 144, .box_w = 9, .box_h = 14, .ofs_x = 0, .ofs_y = -1},
    {.bitmap_index = 59315, .adv_w = 192, .box_w = 12, .box_h = 12, .ofs_x = 0, .ofs_y = 0},
    {.bitmap_index = 59387, .adv_w = 144, .box_w = 9, .box_h = 16, .ofs_x = 0, .ofs_y = -2},
    {.bitmap_index = 59459, .adv_w = 192, .box_w = 12, .box_h = 16, .ofs_x = 0, .ofs_y = -2},
    {.bitmap_index = 59555, .adv_w = 240, .box_w = 15, .box_h = 16, .ofs_x = 0, .ofs_y = -2},
    {.bitmap_index = 59675, .adv_w = 256, .box_w = 16, .box_h = 14, .ofs_x = 0, .ofs_y = -1},
    {.bitmap_index = 59787, .adv_w = 256, .box_w = 16, .box_h = 16, .ofs_x = 0, .ofs_y = -2},
    {.bitmap_index = 59915, .adv_w = 288, .box_w = 18, .box_h = 16, .ofs_x = 0, .ofs_y = -2},
    {.bitmap_index = 60059, .adv_w = 192, .box_w = 12, .box_h = 12, .ofs_x = 0, .ofs_y = 0},
    {.bitmap_index = 60131, .adv_w = 144, .box_w = 9, .box_h = 16, .ofs_x = 0, .ofs_y = -1},
    {.bitmap_index = 60203, .adv_w = 240, .box_w = 16, .box_h = 10, .ofs_x = 0, .ofs_y = 1},
    {.bitmap_index = 60283, .adv_w = 144, .box_w = 9, .box_h = 14, .ofs_x = 0, .ofs_y = -1},
    {.bitmap_index = 60346, .adv_w = 144, .box_w = 9, .box_h = 10, .ofs_x = 0, .ofs_y = 1},
    {.bitmap_index = 60391, .adv_w = 192, .box_w = 12, .box_h = 16, .ofs_x = 0, .ofs_y = -2},
    {.bitmap_index = 60487, .adv_w = 224, .box_w = 14, .box_h = 14, .ofs_x = 0, .ofs_y = -1},
    {.bitmap_index = 60585, .adv_w = 256, .box_w = 16, .box_h = 14, .ofs_x = 0, .ofs_y = -1},
    {.bitmap_index = 60697, .adv_w = 320, .box_w = 20, .box_h = 16, .ofs_x = 0, .ofs_y = -2},
    {.bitmap_index = 60857, .adv_w = 320, .box_w = 21, .box_h = 16, .ofs_x = 0, .ofs_y = -2},
    {.bitmap_index = 61025, .adv_w = 320, .box_w = 20, .box_h = 12, .ofs_x = 0, .ofs_y = 0},
    {.bitmap_index = 61145, .adv_w = 192, .box_w = 12, .box_h = 14, .ofs_x = 0, .ofs_y = -1},
    {.bitmap_index = 61229, .adv_w = 224, .box_w = 14, .box_h = 16, .ofs_x = 0, .ofs_y = -2},
    {.bitmap_index = 61341, .adv_w = 224, .box_w = 14, .box_h = 16, .ofs_x = 0, .ofs_y = -2},
    {.bitmap_index = 61453, .adv_w = 224, .box_w = 14, .box_h = 14, .ofs_x = 0, .ofs_y = -1},
    {.bitmap_index = 61551, .adv_w = 224, .box_w = 14, .box_h = 14, .ofs_x = 0, .ofs_y = -1},
    {.bitmap_index = 61649, .adv_w = 288, .box_w = 20, .box_h = 16, .ofs_x = -1, .ofs_y = -2},
    {.bitmap_index = 61809, .adv_w = 320, .box_w = 21, .box_h = 16, .ofs_x = 0, .ofs_y = -2},
    {.bitmap_index = 61977, .adv_w = 248, .box_w = 16, .box_h = 16, .ofs_x = 0, .ofs_y = -2},
    {.bitmap_index = 62105, .adv_w = 320, .box_w = 20, .box_h = 10, .ofs_x = 0, .ofs_y = 1},
    {.bitmap_index = 62205, .adv_w = 320, .box_w = 20, .box_h = 10, .ofs_x = 0, .ofs_y = 1},
    {.bitmap_index = 62305, .adv_w = 320, .box_w = 20, .box_h = 10, .ofs_x = 0, .ofs_y = 1},
    {.bitmap_index = 62405, .adv_w = 320, .box_w = 20, .box_h = 10, .ofs_x = 0, .ofs_y = 1},
    {.bitmap_index = 62505, .adv_w = 320, .box_w = 20, .box_h = 10, .ofs_x = 0, .ofs_y = 1},
    {.bitmap_index = 62605, .adv_w = 160, .box_w = 11, .box_h = 18, .ofs_x = 0, .ofs_y = -3},
    {.bitmap_index = 62704, .adv_w = 128, .box_w = 8, .box_h = 16, .ofs_x = 0, .ofs_y = -2},
    {.bitmap_index = 62768, .adv_w = 256, .box_w = 16, .box_h = 14, .ofs_x = 0, .ofs_y = -1},
    {.bitmap_index = 62880, .adv_w = 288, .box_w = 18, .box_h = 14, .ofs_x = 0, .ofs_y = -1},
    {.bitmap_index = 63006, .adv_w = 224, .box_w = 14, .box_h = 14, .ofs_x = 0, .ofs_y = -1},
    {.bitmap_index = 63104, .adv_w = 288, .box_w = 18, .box_h = 14, .ofs_x = 0, .ofs_y = -1},
    {.bitmap_index = 63230, .adv_w = 288, .box_w = 18, .box_h = 14, .ofs_x = 0, .ofs_y = -1},
    {.bitmap_index = 63356, .adv_w = 256, .box_w = 16, .box_h = 16, .ofs_x = 0, .ofs_y = -2},
    {.bitmap_index = 63484, .adv_w = 320, .box_w = 20, .box_h = 16, .ofs_x = 0, .ofs_y = -2},
    {.bitmap_index = 63644, .adv_w = 192, .box_w = 12, .box_h = 16, .ofs_x = 0, .ofs_y = -2},
    {.bitmap_index = 63740, .adv_w = 192, .box_w = 12, .box_h = 16, .ofs_x = 0, .ofs_y = -2},
    {.bitmap_index = 63836, .adv_w = 192, .box_w = 12, .box_h = 16, .ofs_x = 0, .ofs_y = -2},
    {.bitmap_index = 63932, .adv_w = 192, .box_w = 12, .box_h = 16, .ofs_x = 0, .ofs_y = -2},
    {.bitmap_index = 64028, .adv_w = 256, .box_w = 16, .box_h = 14, .ofs_x = 0, .ofs_y = -1},
    {.bitmap_index = 64140, .adv_w = 224, .box_w = 15, .box_h = 16, .ofs_x = -1, .ofs_y = -2},
    {.bitmap_index = 64260, .adv_w = 256, .box_w = 16, .box_h = 14, .ofs_x = 0, .ofs_y = -1},
    {.bitmap_index = 64372, .adv_w = 288, .box_w = 18, .box_h = 14, .ofs_x = 0, .ofs_y = -1},
    {.bitmap_index = 64498, .adv_w = 256, .box_w = 17, .box_h = 17, .ofs_x = 0, .ofs_y = -2},
    {.bitmap_index = 64643, .adv_w = 224, .box_w = 15, .box_h = 16, .ofs_x = -1, .ofs_y = -2},
    {.bitmap_index = 64763, .adv_w = 224, .box_w = 15, .box_h = 16, .ofs_x = -1, .ofs_y = -2},
    {.bitmap_index = 64883, .adv_w = 320, .box_w = 21, .box_h = 10, .ofs_x = 0, .ofs_y = 1},
    {.bitmap_index = 64988, .adv_w = 256, .box_w = 16, .box_h = 16, .ofs_x = 0, .ofs_y = -2},
    {.bitmap_index = 65116, .adv_w = 248, .box_w = 16, .box_h = 16, .ofs_x = 0, .ofs_y = -2},
    {.bitmap_index = 65244, .adv_w = 256, .box_w = 16, .box_h = 12, .ofs_x = 0, .ofs_y = 0},
    {.bitmap_index = 65340, .adv_w = 256, .box_w = 16, .box_h = 16, .ofs_x = 0, .ofs_y = -2},
    {.bitmap_index = 65468, .adv_w = 288, .box_w = 20, .box_h = 12, .ofs_x = -1, .ofs_y = 0},
    {.bitmap_index = 65588, .adv_w = 160, .box_w = 10, .box_h = 17, .ofs_x = 0, .ofs_y = -3},
    {.bitmap_index = 65673, .adv_w = 224, .box_w = 14, .box_h = 14, .ofs_x = 0, .ofs_y = -1},
    {.bitmap_index = 65771, .adv_w = 224, .box_w = 14, .box_h = 13, .ofs_x = 0, .ofs_y = -1},
    {.bitmap_index = 65862, .adv_w = 320, .box_w = 20, .box_h = 14, .ofs_x = 0, .ofs_y = -1},
    {.bitmap_index = 66002, .adv_w = 256, .box_w = 16, .box_h = 16, .ofs_x = 0, .ofs_y = -2},
    {.bitmap_index = 66130, .adv_w = 248, .box_w = 16, .box_h = 17, .ofs_x = 0, .ofs_y = -3},
    {.bitmap_index = 66266, .adv_w = 240, .box_w = 15, .box_h = 16, .ofs_x = 0, .ofs_y = -2},
    {.bitmap_index = 66386, .adv_w = 248, .box_w = 16, .box_h = 16, .ofs_x = 0, .ofs_y = -2},
    {.bitmap_index = 66514, .adv_w = 256, .box_w = 17, .box_h = 18, .ofs_x = 0, .ofs_y = -3},
    {.bitmap_index = 66667, .adv_w = 320, .box_w = 20, .box_h = 16, .ofs_x = 0, .ofs_y = -2},
    {.bitmap_index = 66827, .adv_w = 256, .box_w = 16, .box_h = 14, .ofs_x = 0, .ofs_y = -1},
    {.bitmap_index = 66939, .adv_w = 224, .box_w = 14, .box_h = 17, .ofs_x = 0, .ofs_y = -3},
    {.bitmap_index = 67058, .adv_w = 224, .box_w = 14, .box_h = 14, .ofs_x = 0, .ofs_y = -1},
    {.bitmap_index = 67156, .adv_w = 224, .box_w = 14, .box_h = 16, .ofs_x = 0, .ofs_y = -2},
    {.bitmap_index = 67268, .adv_w = 224, .box_w = 14, .box_h = 16, .ofs_x = 0, .ofs_y = -2},
    {.bitmap_index = 67380, .adv_w = 224, .box_w = 14, .box_h = 16, .ofs_x = 0, .ofs_y = -2},
    {.bitmap_index = 67492, .adv_w = 224, .box_w = 14, .box_h = 16, .ofs_x = 0, .ofs_y = -2},
    {.bitmap_index = 67604, .adv_w = 256, .box_w = 16, .box_h = 14, .ofs_x = 0, .ofs_y = -1},
    {.bitmap_index = 67716, .adv_w = 144, .box_w = 9, .box_h = 16, .ofs_x = 0, .ofs_y = -2},
    {.bitmap_index = 67788, .adv_w = 256, .box_w = 18, .box_h = 16, .ofs_x = -1, .ofs_y = -2},
    {.bitmap_index = 67932, .adv_w = 288, .box_w = 18, .box_h = 16, .ofs_x = 0, .ofs_y = -2},
    {.bitmap_index = 68076, .adv_w = 256, .box_w = 16, .box_h = 17, .ofs_x = 0, .ofs_y = -3},
    {.bitmap_index = 68212, .adv_w = 224, .box_w = 14, .box_h = 14, .ofs_x = 0, .ofs_y = -1},
    {.bitmap_index = 68310, .adv_w = 224, .box_w = 15, .box_h = 14, .ofs_x = 0, .ofs_y = -1},
    {.bitmap_index = 68415, .adv_w = 224, .box_w = 14, .box_h = 14, .ofs_x = 0, .ofs_y = -1},
    {.bitmap_index = 68513, .adv_w = 224, .box_w = 14, .box_h = 14, .ofs_x = 0, .ofs_y = -1},
    {.bitmap_index = 68611, .adv_w = 256, .box_w = 16, .box_h = 15, .ofs_x = 0, .ofs_y = -1},
    {.bitmap_index = 68731, .adv_w = 256, .box_w = 16, .box_h = 16, .ofs_x = 0, .ofs_y = -2},
    {.bitmap_index = 68859, .adv_w = 236, .box_w = 15, .box_h = 16, .ofs_x = 0, .ofs_y = -2},
    {.bitmap_index = 68979, .adv_w = 224, .box_w = 14, .box_h = 14, .ofs_x = 0, .ofs_y = -1},
    {.bitmap_index = 69077, .adv_w = 256, .box_w = 16, .box_h = 17, .ofs_x = 0, .ofs_y = -2},
    {.bitmap_index = 69213, .adv_w = 320, .box_w = 21, .box_h = 14, .ofs_x = 0, .ofs_y = -1},
    {.bitmap_index = 69360, .adv_w = 256, .box_w = 16, .box_h = 16, .ofs_x = 0, .ofs_y = -2},
    {.bitmap_index = 69488, .adv_w = 320, .box_w = 20, .box_h = 12, .ofs_x = 0, .ofs_y = 0},
    {.bitmap_index = 69608, .adv_w = 192, .box_w = 13, .box_h = 16, .ofs_x = -1, .ofs_y = -2},
    {.bitmap_index = 69712, .adv_w = 256, .box_w = 16, .box_h = 16, .ofs_x = 0, .ofs_y = -2},
    {.bitmap_index = 69840, .adv_w = 256, .box_w = 16, .box_h = 16, .ofs_x = 0, .ofs_y = -2},
    {.bitmap_index = 69968, .adv_w = 224, .box_w = 14, .box_h = 16, .ofs_x = 0, .ofs_y = -2},
    {.bitmap_index = 70080, .adv_w = 288, .box_w = 18, .box_h = 15, .ofs_x = 0, .ofs_y = -1},
    {.bitmap_index = 70215, .adv_w = 224, .box_w = 16, .box_h = 14, .ofs_x = -1, .ofs_y = -1},
    {.bitmap_index = 70327, .adv_w = 224, .box_w = 12, .box_h = 16, .ofs_x = 1, .ofs_y = -2},
    {.bitmap_index = 70423, .adv_w = 160, .box_w = 10, .box_h = 16, .ofs_x = 0, .ofs_y = -2},
    {.bitmap_index = 70503, .adv_w = 224, .box_w = 16, .box_h = 16, .ofs_x = -1, .ofs_y = -2},
    {.bitmap_index = 70631, .adv_w = 256, .box_w = 18, .box_h = 16, .ofs_x = -1, .ofs_y = -2},
    {.bitmap_index = 70775, .adv_w = 256, .box_w = 16, .box_h = 14, .ofs_x = 0, .ofs_y = -1},
    {.bitmap_index = 70887, .adv_w = 224, .box_w = 14, .box_h = 14, .ofs_x = 0, .ofs_y = -1},
    {.bitmap_index = 70985, .adv_w = 224, .box_w = 14, .box_h = 14, .ofs_x = 0, .ofs_y = -1},
    {.bitmap_index = 71083, .adv_w = 256, .box_w = 16, .box_h = 16, .ofs_x = 0, .ofs_y = -2},
    {.bitmap_index = 71211, .adv_w = 192, .box_w = 12, .box_h = 17, .ofs_x = 0, .ofs_y = -3},
    {.bitmap_index = 71313, .adv_w = 256, .box_w = 16, .box_h = 12, .ofs_x = 0, .ofs_y = 0},
    {.bitmap_index = 71409, .adv_w = 192, .box_w = 13, .box_h = 17, .ofs_x = -1, .ofs_y = -2},
    {.bitmap_index = 71520, .adv_w = 320, .box_w = 20, .box_h = 13, .ofs_x = 0, .ofs_y = 0},
    {.bitmap_index = 71650, .adv_w = 256, .box_w = 16, .box_h = 17, .ofs_x = 0, .ofs_y = -2},
    {.bitmap_index = 71786, .adv_w = 320, .box_w = 22, .box_h = 16, .ofs_x = -1, .ofs_y = -2},
    {.bitmap_index = 71962, .adv_w = 256, .box_w = 18, .box_h = 17, .ofs_x = -1, .ofs_y = -2},
    {.bitmap_index = 72115, .adv_w = 224, .box_w = 14, .box_h = 14, .ofs_x = 0, .ofs_y = -1},
    {.bitmap_index = 72213, .adv_w = 224, .box_w = 13, .box_h = 16, .ofs_x = 1, .ofs_y = -2},
    {.bitmap_index = 72317, .adv_w = 224, .box_w = 15, .box_h = 17, .ofs_x = 0, .ofs_y = -2},
    {.bitmap_index = 72445, .adv_w = 288, .box_w = 19, .box_h = 17, .ofs_x = -1, .ofs_y = -3},
    {.bitmap_index = 72607, .adv_w = 224, .box_w = 15, .box_h = 16, .ofs_x = -1, .ofs_y = -2},
    {.bitmap_index = 72727, .adv_w = 224, .box_w = 14, .box_h = 14, .ofs_x = 0, .ofs_y = -1},
    {.bitmap_index = 72825, .adv_w = 248, .box_w = 16, .box_h = 16, .ofs_x = 0, .ofs_y = -2},
    {.bitmap_index = 72953, .adv_w = 256, .box_w = 17, .box_h = 16, .ofs_x = 0, .ofs_y = -2},
    {.bitmap_index = 73089, .adv_w = 224, .box_w = 14, .box_h = 14, .ofs_x = 0, .ofs_y = -1},
    {.bitmap_index = 73187, .adv_w = 224, .box_w = 14, .box_h = 14, .ofs_x = 0, .ofs_y = -1},
    {.bitmap_index = 73285, .adv_w = 224, .box_w = 14, .box_h = 16, .ofs_x = 0, .ofs_y = -2},
    {.bitmap_index = 73397, .adv_w = 224, .box_w = 14, .box_h = 16, .ofs_x = 0, .ofs_y = -2},
    {.bitmap_index = 73509, .adv_w = 256, .box_w = 16, .box_h = 16, .ofs_x = 0, .ofs_y = -2},
    {.bitmap_index = 73637, .adv_w = 248, .box_w = 16, .box_h = 16, .ofs_x = 0, .ofs_y = -2},
    {.bitmap_index = 73765, .adv_w = 224, .box_w = 14, .box_h = 14, .ofs_x = 0, .ofs_y = -1},
    {.bitmap_index = 73863, .adv_w = 320, .box_w = 20, .box_h = 13, .ofs_x = 0, .ofs_y = -1},
    {.bitmap_index = 73993, .adv_w = 256, .box_w = 16, .box_h = 16, .ofs_x = 0, .ofs_y = -2},
    {.bitmap_index = 74121, .adv_w = 224, .box_w = 14, .box_h = 16, .ofs_x = 0, .ofs_y = -2},
    {.bitmap_index = 74233, .adv_w = 224, .box_w = 14, .box_h = 16, .ofs_x = 0, .ofs_y = -2},
    {.bitmap_index = 74345, .adv_w = 288, .box_w = 18, .box_h = 14, .ofs_x = 0, .ofs_y = -1},
    {.bitmap_index = 74471, .adv_w = 248, .box_w = 16, .box_h = 16, .ofs_x = 0, .ofs_y = -2},
    {.bitmap_index = 74599, .adv_w = 192, .box_w = 12, .box_h = 16, .ofs_x = 0, .ofs_y = -2},
    {.bitmap_index = 74695, .adv_w = 288, .box_w = 18, .box_h = 14, .ofs_x = 0, .ofs_y = -1},
    {.bitmap_index = 74821, .adv_w = 224, .box_w = 14, .box_h = 14, .ofs_x = 0, .ofs_y = -1},
    {.bitmap_index = 74919, .adv_w = 288, .box_w = 18, .box_h = 13, .ofs_x = 0, .ofs_y = -1},
    {.bitmap_index = 75036, .adv_w = 248, .box_w = 16, .box_h = 16, .ofs_x = 0, .ofs_y = -2},
    {.bitmap_index = 75164, .adv_w = 128, .box_w = 8, .box_h = 16, .ofs_x = 0, .ofs_y = -2},
    {.bitmap_index = 75228, .adv_w = 128, .box_w = 8, .box_h = 16, .ofs_x = 0, .ofs_y = -2},
    {.bitmap_index = 75292, .adv_w = 128, .box_w = 8, .box_h = 16, .ofs_x = 0, .ofs_y = -2},
    {.bitmap_index = 75356, .adv_w = 128, .box_w = 8, .box_h = 16, .ofs_x = 0, .ofs_y = -2},
    {.bitmap_index = 75420, .adv_w = 128, .box_w = 8, .box_h = 16, .ofs_x = 0, .ofs_y = -2},
    {.bitmap_index = 75484, .adv_w = 256, .box_w = 16, .box_h = 14, .ofs_x = 0, .ofs_y = -1},
    {.bitmap_index = 75596, .adv_w = 256, .box_w = 16, .box_h = 14, .ofs_x = 0, .ofs_y = -1},
    {.bitmap_index = 75708, .adv_w = 224, .box_w = 14, .box_h = 16, .ofs_x = 0, .ofs_y = -2},
    {.bitmap_index = 75820, .adv_w = 256, .box_w = 16, .box_h = 14, .ofs_x = 0, .ofs_y = -1},
    {.bitmap_index = 75932, .adv_w = 256, .box_w = 16, .box_h = 4, .ofs_x = 0, .ofs_y = -1},
    {.bitmap_index = 75964, .adv_w = 256, .box_w = 16, .box_h = 16, .ofs_x = 0, .ofs_y = -2},
    {.bitmap_index = 76092, .adv_w = 248, .box_w = 16, .box_h = 16, .ofs_x = 0, .ofs_y = -2},
    {.bitmap_index = 76220, .adv_w = 256, .box_w = 16, .box_h = 16, .ofs_x = 0, .ofs_y = -2},
    {.bitmap_index = 76348, .adv_w = 192, .box_w = 12, .box_h = 15, .ofs_x = 0, .ofs_y = -1},
    {.bitmap_index = 76438, .adv_w = 224, .box_w = 14, .box_h = 14, .ofs_x = 0, .ofs_y = -1},
    {.bitmap_index = 76536, .adv_w = 256, .box_w = 18, .box_h = 15, .ofs_x = -1, .ofs_y = -1},
    {.bitmap_index = 76671, .adv_w = 224, .box_w = 14, .box_h = 14, .ofs_x = 0, .ofs_y = -1},
    {.bitmap_index = 76769, .adv_w = 256, .box_w = 17, .box_h = 16, .ofs_x = 0, .ofs_y = -2},
    {.bitmap_index = 76905, .adv_w = 224, .box_w = 16, .box_h = 16, .ofs_x = -1, .ofs_y = -2},
    {.bitmap_index = 77033, .adv_w = 224, .box_w = 14, .box_h = 14, .ofs_x = 0, .ofs_y = -1},
    {.bitmap_index = 77131, .adv_w = 256, .box_w = 16, .box_h = 16, .ofs_x = 0, .ofs_y = -2},
    {.bitmap_index = 77259, .adv_w = 256, .box_w = 18, .box_h = 18, .ofs_x = -1, .ofs_y = -3},
    {.bitmap_index = 77421, .adv_w = 256, .box_w = 17, .box_h = 17, .ofs_x = 0, .ofs_y = -2},
    {.bitmap_index = 77566, .adv_w = 208, .box_w = 13, .box_h = 16, .ofs_x = 0, .ofs_y = -2},
    {.bitmap_index = 77670, .adv_w = 256, .box_w = 16, .box_h = 16, .ofs_x = 0, .ofs_y = -2},
    {.bitmap_index = 77798, .adv_w = 224, .box_w = 14, .box_h = 16, .ofs_x = 0, .ofs_y = -2},
    {.bitmap_index = 77910, .adv_w = 256, .box_w = 16, .box_h = 16, .ofs_x = 0, .ofs_y = -2},
    {.bitmap_index = 78038, .adv_w = 224, .box_w = 14, .box_h = 16, .ofs_x = 0, .ofs_y = -2},
    {.bitmap_index = 78150, .adv_w = 256, .box_w = 16, .box_h = 13, .ofs_x = 0, .ofs_y = 0},
    {.bitmap_index = 78254, .adv_w = 256, .box_w = 16, .box_h = 13, .ofs_x = 0, .ofs_y = -1},
    {.bitmap_index = 78358, .adv_w = 256, .box_w = 16, .box_h = 16, .ofs_x = 0, .ofs_y = -2},
    {.bitmap_index = 78486, .adv_w = 256, .box_w = 16, .box_h = 16, .ofs_x = 0, .ofs_y = -2},
    {.bitmap_index = 78614, .adv_w = 256, .box_w = 17, .box_h = 17, .ofs_x = -1, .ofs_y = -3},
    {.bitmap_index = 78759, .adv_w = 320, .box_w = 20, .box_h = 12, .ofs_x = 0, .ofs_y = 0},
    {.bitmap_index = 78879, .adv_w = 192, .box_w = 12, .box_h = 16, .ofs_x = 0, .ofs_y = -2},
    {.bitmap_index = 78975, .adv_w = 258, .box_w = 17, .box_h = 11, .ofs_x = 0, .ofs_y = 1}
};

/*---------------------
 *  CHARACTER MAPPING
 *--------------------*/

static const uint16_t unicode_list_1[] = {
    0x0, 0x5, 0x10
};

static const uint16_t unicode_list_4[] = {
    0x0, 0x97, 0xf0, 0x16a, 0x16b, 0x16c, 0x16d, 0xcfda,
    0xcfdb, 0xcfdc, 0xcfde, 0xcfdf, 0xcfe1, 0xcfe2, 0xcfe3, 0xcfe4,
    0xcfe5, 0xcfe6, 0xcfe7, 0xcfe8, 0xcfea, 0xcfeb, 0xcfec, 0xcfed,
    0xcfef, 0xcff1, 0xcff2, 0xcff3, 0xcff6, 0xcff8
};

static const uint8_t glyph_id_ofs_list_6[] = {
    0, 1, 2, 3, 0, 0, 0, 4,
    5, 6, 7, 8, 9, 10, 0, 11,
    12, 13, 14, 15, 16, 17, 18, 19,
    20, 21, 22, 0, 0, 23, 0, 24,
    25, 26, 27, 28, 29, 30, 31, 32,
    33, 34, 35, 36, 37, 38, 0, 39,
    40, 41, 42, 43, 44, 45, 46, 47,
    48, 49, 50, 51, 0, 0, 0, 52,
    53, 54, 55, 56, 57, 58, 0, 0,
    59, 0, 0, 60, 61, 0, 0, 0,
    62, 63, 64, 65, 66, 0, 0, 67,
    68, 69, 70, 71, 72, 73, 0, 74,
    75, 0, 76, 77, 78, 79, 80, 81,
    82, 83, 84, 85, 86, 87, 0, 88,
    89, 90
};

static const uint8_t glyph_id_ofs_list_9[] = {
    0, 1, 2, 3, 0, 0, 0, 4,
    5, 6, 7, 8, 0, 0, 0, 0,
    9, 10, 11, 12, 13, 0, 0, 0,
    14, 15, 16, 17, 18, 19, 20, 0,
    21, 22, 23, 24, 25, 26, 27, 28,
    29, 30, 31, 32, 0, 33, 34, 0,
    35, 36, 0, 37, 0, 0, 0, 0,
    38, 39, 40, 41, 42, 0, 43, 0,
    44, 45, 46, 0, 47, 48, 49, 50,
    51, 52, 53, 54, 55, 56, 57, 0,
    58, 59, 0, 60, 61, 62, 63, 64,
    65, 66, 67, 68, 69, 70, 71, 0,
    72, 73, 74, 75, 76, 0, 77, 0,
    0, 0, 78, 79, 0, 80, 81, 0,
    82, 83, 84, 85, 86, 87, 88, 89,
    90, 91, 92, 93, 94, 95, 96, 0,
    97, 98, 99, 100, 101, 102, 0, 103,
    104, 105, 0, 106, 107, 108, 109, 0,
    110, 111, 0, 112, 113, 0, 0, 0,
    0, 114, 115, 116, 117, 118, 119, 0,
    120, 121, 122, 123, 124, 125, 126, 127,
    128, 129, 130, 131, 132, 133, 0, 0,
    0, 134, 135, 136, 137, 138, 0, 139,
    140, 141, 142, 143, 144, 145, 146, 0,
    147, 148, 149, 150, 151, 152, 153, 154,
    155, 156, 157, 158, 159, 160, 161, 0,
    162, 0, 163, 164, 165, 166, 167, 168,
    169, 170, 171, 172, 173, 174, 175, 0,
    176, 177, 178, 179, 180, 181, 182, 183,
    184, 185, 186, 187, 188, 189, 190, 0,
    191, 192, 193, 194, 195, 196, 197, 198,
    199, 0, 200, 0, 201, 202, 203
};

static const uint8_t glyph_id_ofs_list_10[] = {
    0, 1, 2, 3, 4, 5, 6, 7,
    8, 9, 10, 11, 12, 13, 14, 0,
    15, 16, 17, 18, 19, 20, 21, 0,
    22, 23, 24, 25, 26, 27, 28, 0,
    29, 30, 31, 32, 33, 34, 35, 36,
    37, 38, 39, 40, 0, 41, 42, 0,
    43, 44, 45, 46, 47, 48, 49, 50,
    51, 0, 52, 53, 54, 55, 56, 0,
    0, 57, 58, 59, 60, 61, 62, 63,
    64, 65, 66, 67, 68, 69, 0, 0,
    0, 70, 71, 72, 73, 74, 75, 76,
    77, 78, 79, 80, 81, 82, 83, 0,
    84, 85, 86, 87, 88, 89, 90, 91,
    92, 93, 0, 94, 95, 96, 97, 0,
    0, 98, 99, 100, 101, 102, 103, 104,
    105, 106, 107, 108, 109, 110, 111, 0,
    112, 113, 114, 115, 116, 117, 118, 119,
    120, 121, 122, 123, 124, 125, 126, 0,
    127, 128, 129, 130, 131, 132, 133, 134,
    0, 135, 136, 0, 137, 138, 139, 0,
    140, 141, 142, 0, 143, 144, 145, 146,
    147, 148, 149, 150, 0, 151, 0, 0,
    152, 153, 154, 155, 156, 157, 158, 159,
    160, 161, 162, 0, 0, 163, 164, 0,
    165, 166, 167, 168, 169, 170, 171, 172,
    173, 174, 175, 176, 177, 178, 179, 0,
    180, 181, 182, 183, 184, 185, 186, 0,
    187, 188, 0, 189, 0, 190, 0, 0,
    0, 191, 192, 0, 193, 194, 195, 196,
    197, 198, 199, 200, 201, 202, 203, 0,
    204, 205, 206, 0, 0, 207, 208, 209,
    210, 211, 212, 213, 214, 215, 216
};

static const uint16_t unicode_list_11[] = {
    0x0, 0x5, 0x7, 0xa, 0xd, 0x11, 0x12, 0x15,
    0x16, 0x19, 0x1e, 0x24, 0x27a, 0x4e2, 0x5c2
};

/*Collect the unicode lists and glyph_id offsets*/
static const lv_font_fmt_txt_cmap_t cmaps[] =
{
    {
        .range_start = 32, .range_length = 95, .glyph_id_start = 1,
        .unicode_list = NULL, .glyph_id_ofs_list = NULL, .list_length = 0, .type = LV_FONT_FMT_TXT_CMAP_FORMAT0_TINY
    },
    {
        .range_start = 171, .range_length = 17, .glyph_id_start = 96,
        .unicode_list = unicode_list_1, .glyph_id_ofs_list = NULL, .list_length = 3, .type = LV_FONT_FMT_TXT_CMAP_SPARSE_TINY
    },
    {
        .range_start = 1024, .range_length = 96, .glyph_id_start = 99,
        .unicode_list = NULL, .glyph_id_ofs_list = NULL, .list_length = 0, .type = LV_FONT_FMT_TXT_CMAP_FORMAT0_TINY
    },
    {
        .range_start = 8210, .range_length = 17, .glyph_id_start = 195,
        .unicode_list = NULL, .glyph_id_ofs_list = NULL, .list_length = 0, .type = LV_FONT_FMT_TXT_CMAP_FORMAT0_TINY
    },
    {
        .range_start = 8230, .range_length = 53241, .glyph_id_start = 212,
        .unicode_list = unicode_list_4, .glyph_id_ofs_list = NULL, .list_length = 30, .type = LV_FONT_FMT_TXT_CMAP_SPARSE_TINY
    },
    {
        .range_start = 61473, .range_length = 30, .glyph_id_start = 242,
        .unicode_list = NULL, .glyph_id_ofs_list = NULL, .list_length = 0, .type = LV_FONT_FMT_TXT_CMAP_FORMAT0_TINY
    },
    {
        .range_start = 61505, .range_length = 114, .glyph_id_start = 272,
        .unicode_list = NULL, .glyph_id_ofs_list = glyph_id_ofs_list_6, .list_length = 114, .type = LV_FONT_FMT_TXT_CMAP_FORMAT0_FULL
    },
    {
        .range_start = 61632, .range_length = 15, .glyph_id_start = 363,
        .unicode_list = NULL, .glyph_id_ofs_list = NULL, .list_length = 0, .type = LV_FONT_FMT_TXT_CMAP_FORMAT0_TINY
    },
    {
        .range_start = 61648, .range_length = 15, .glyph_id_start = 378,
        .unicode_list = NULL, .glyph_id_ofs_list = NULL, .list_length = 0, .type = LV_FONT_FMT_TXT_CMAP_FORMAT0_TINY
    },
    {
        .range_start = 61664, .range_length = 255, .glyph_id_start = 393,
        .unicode_list = NULL, .glyph_id_ofs_list = glyph_id_ofs_list_9, .list_length = 255, .type = LV_FONT_FMT_TXT_CMAP_FORMAT0_FULL
    },
    {
        .range_start = 61920, .range_length = 255, .glyph_id_start = 597,
        .unicode_list = NULL, .glyph_id_ofs_list = glyph_id_ofs_list_10, .list_length = 255, .type = LV_FONT_FMT_TXT_CMAP_FORMAT0_FULL
    },
    {
        .range_start = 62176, .range_length = 1475, .glyph_id_start = 814,
        .unicode_list = unicode_list_11, .glyph_id_ofs_list = NULL, .list_length = 15, .type = LV_FONT_FMT_TXT_CMAP_SPARSE_TINY
    }
};



/*--------------------
 *  ALL CUSTOM DATA
 *--------------------*/

#if LVGL_VERSION_MAJOR == 8
/*Store all the custom data of the font*/
static  lv_font_fmt_txt_glyph_cache_t cache;
#endif

#if LVGL_VERSION_MAJOR >= 8
static const lv_font_fmt_txt_dsc_t font_dsc = {
#else
static lv_font_fmt_txt_dsc_t font_dsc = {
#endif
    .glyph_bitmap = glyph_bitmap,
    .glyph_dsc = glyph_dsc,
    .cmaps = cmaps,
    .kern_dsc = NULL,
    .kern_scale = 0,
    .cmap_num = 12,
    .bpp = 4,
    .kern_classes = 0,
    .bitmap_format = 0,
#if LVGL_VERSION_MAJOR == 8
    .cache = &cache
#endif
};



/*-----------------
 *  PUBLIC FONT
 *----------------*/

/*Initialize a public general font descriptor*/
#if LVGL_VERSION_MAJOR >= 8
const lv_font_t ui_font_ru_16 = {
#else
lv_font_t ui_font_ru_16 = {
#endif
    .get_glyph_dsc = lv_font_get_glyph_dsc_fmt_txt,    /*Function pointer to get glyph's data*/
    .get_glyph_bitmap = lv_font_get_bitmap_fmt_txt,    /*Function pointer to get glyph's bitmap*/
    .line_height = 22,          /*The maximum line height required by the font*/
    .base_line = 6,             /*Baseline measured from the bottom of the line*/
#if !(LVGL_VERSION_MAJOR == 6 && LVGL_VERSION_MINOR == 0)
    .subpx = LV_FONT_SUBPX_NONE,
#endif
#if LV_VERSION_CHECK(7, 4, 0) || LVGL_VERSION_MAJOR >= 8
    .underline_position = -2,
    .underline_thickness = 1,
#endif
    .dsc = &font_dsc,          /*The custom font data. Will be accessed by `get_glyph_bitmap/dsc` */
#if LV_VERSION_CHECK(8, 2, 0) || LVGL_VERSION_MAJOR >= 9
    .fallback = NULL,
#endif
    .user_data = NULL,
};



#endif /*#if UI_FONT_RU_16*/

