/*******************************************************************************
 * Size: 20 px
 * Bpp: 4
 * Opts: --no-compress --no-prefilter --bpp 4 --size 20 --format lvgl --lv-font-name ui_font_ru_20 --font arial.ttf -r 0x20-0x7F,0x400-0x45F,0xB0,0xAB,0xBB,0x2010-0x2027,0x2116,0x20BD,0x2190-0x2193 --font lvgl-symbols.woff -r 0xF000-0xF2FF,0xF304,0xF55A,0xF7C2,0xF8A2 -o ../../src/ui/fonts/ui_font_ru_20.c
 ******************************************************************************/

#ifdef LV_LVGL_H_INCLUDE_SIMPLE
#include "lvgl.h"
#else
#include "lvgl.h"
#endif

#ifndef UI_FONT_RU_20
#define UI_FONT_RU_20 1
#endif

#if UI_FONT_RU_20

/*-----------------
 *    BITMAPS
 *----------------*/

/*Store the image of the glyphs*/
static LV_ATTRIBUTE_LARGE_CONST const uint8_t glyph_bitmap[] = {
    /* U+0020 " " */

    /* U+0021 "!" */
    0x4f, 0xe4, 0xfe, 0x4f, 0xe4, 0xfd, 0x3f, 0xd2,
    0xfb, 0x1f, 0xa0, 0xf9, 0xe, 0x80, 0xd7, 0xc,
    0x60, 0x10, 0x1, 0x13, 0xfd, 0x3f, 0xd0,

    /* U+0022 "\"" */
    0x1f, 0xe0, 0xdf, 0x21, 0xfe, 0xd, 0xf2, 0xf,
    0xe0, 0xdf, 0x20, 0xec, 0xa, 0xf0, 0xb, 0x90,
    0x7c, 0x0, 0x22, 0x1, 0x20,

    /* U+0023 "#" */
    0x0, 0x1, 0xf5, 0x0, 0x8e, 0x0, 0x0, 0x4f,
    0x20, 0xc, 0xb0, 0x0, 0x8, 0xf0, 0x0, 0xf8,
    0x0, 0x0, 0xbb, 0x0, 0x3f, 0x40, 0xcf, 0xff,
    0xff, 0xff, 0xff, 0xe6, 0x89, 0xfa, 0x88, 0xde,
    0x87, 0x0, 0x5f, 0x20, 0xc, 0xa0, 0x0, 0x8,
    0xe0, 0x0, 0xf7, 0x0, 0x0, 0xbb, 0x0, 0x3f,
    0x40, 0xc, 0xff, 0xff, 0xff, 0xff, 0xfe, 0x69,
    0xfa, 0x88, 0xde, 0x88, 0x70, 0x5f, 0x20, 0xc,
    0xa0, 0x0, 0x8, 0xf0, 0x0, 0xf7, 0x0, 0x0,
    0xbc, 0x0, 0x2f, 0x40, 0x0, 0xe, 0x90, 0x5,
    0xf1, 0x0, 0x0,

    /* U+0024 "$" */
    0x0, 0x0, 0x8, 0x0, 0x0, 0x0, 0x0, 0x48,
    0xf8, 0x30, 0x0, 0x0, 0xaf, 0xff, 0xff, 0x80,
    0x0, 0x7f, 0xa1, 0xf2, 0xcf, 0x50, 0xd, 0xe0,
    0xf, 0x3, 0xfa, 0x0, 0xfd, 0x0, 0xf0, 0x3,
    0x10, 0xd, 0xf1, 0xf, 0x0, 0x0, 0x0, 0x7f,
    0xd4, 0xf0, 0x0, 0x0, 0x0, 0xaf, 0xff, 0xa5,
    0x0, 0x0, 0x0, 0x39, 0xff, 0xfd, 0x10, 0x0,
    0x0, 0xf, 0x2b, 0xfa, 0x0, 0x0, 0x0, 0xf0,
    0xd, 0xf0, 0x18, 0x60, 0xf, 0x0, 0xaf, 0x22,
    0xfc, 0x0, 0xf0, 0xc, 0xf1, 0xd, 0xf5, 0xf,
    0x4, 0xfc, 0x0, 0x3f, 0xfa, 0xfa, 0xff, 0x30,
    0x0, 0x3b, 0xff, 0xfb, 0x30, 0x0, 0x0, 0x0,
    0xf0, 0x0, 0x0, 0x0, 0x0, 0xf, 0x0, 0x0,
    0x0,

    /* U+0025 "%" */
    0x7, 0xee, 0xa1, 0x0, 0x0, 0x3f, 0x30, 0x0,
    0x5f, 0x85, 0xeb, 0x0, 0x0, 0xbb, 0x0, 0x0,
    0xbd, 0x0, 0x6f, 0x10, 0x3, 0xf3, 0x0, 0x0,
    0xcb, 0x0, 0x4f, 0x30, 0xc, 0xa0, 0x0, 0x0,
    0xbc, 0x0, 0x5f, 0x20, 0x4f, 0x20, 0x0, 0x0,
    0x6f, 0x51, 0xcd, 0x0, 0xc9, 0x0, 0x0, 0x0,
    0xa, 0xff, 0xd2, 0x5, 0xf2, 0x0, 0x0, 0x0,
    0x0, 0x12, 0x0, 0xd, 0x90, 0x4d, 0xfc, 0x30,
    0x0, 0x0, 0x0, 0x6f, 0x10, 0xeb, 0x4b, 0xe0,
    0x0, 0x0, 0x0, 0xd8, 0x6, 0xf2, 0x2, 0xf5,
    0x0, 0x0, 0x6, 0xf1, 0x8, 0xf0, 0x0, 0xf7,
    0x0, 0x0, 0xe, 0x80, 0x8, 0xf0, 0x0, 0xf7,
    0x0, 0x0, 0x7e, 0x0, 0x6, 0xf2, 0x3, 0xf5,
    0x0, 0x0, 0xe7, 0x0, 0x1, 0xeb, 0x4c, 0xe0,
    0x0, 0x8, 0xe0, 0x0, 0x0, 0x3c, 0xfc, 0x20,

    /* U+0026 "&" */
    0x0, 0x0, 0x8e, 0xfb, 0x20, 0x0, 0x0, 0x0,
    0xbf, 0xa9, 0xfe, 0x10, 0x0, 0x0, 0x3f, 0xa0,
    0x7, 0xf6, 0x0, 0x0, 0x4, 0xf8, 0x0, 0x4f,
    0x70, 0x0, 0x0, 0x1f, 0xf1, 0xb, 0xf2, 0x0,
    0x0, 0x0, 0x7f, 0xcc, 0xf6, 0x0, 0x0, 0x0,
    0x2, 0xef, 0xf3, 0x0, 0x0, 0x0, 0x6, 0xff,
    0xdf, 0x80, 0x0, 0x0, 0x5, 0xfd, 0x12, 0xff,
    0x41, 0xfa, 0x0, 0xef, 0x10, 0x4, 0xfe, 0x8f,
    0x80, 0x1f, 0xc0, 0x0, 0x7, 0xff, 0xf2, 0x0,
    0xfe, 0x0, 0x0, 0xc, 0xfd, 0x0, 0xb, 0xf8,
    0x0, 0x7, 0xff, 0xf9, 0x0, 0x2e, 0xfd, 0xad,
    0xfd, 0x4e, 0xf9, 0x0, 0x1a, 0xef, 0xd8, 0x0,
    0x2d, 0x30, 0x0, 0x0, 0x0, 0x0, 0x0, 0x0,

    /* U+0027 "'" */
    0x2f, 0xe2, 0xfe, 0x1f, 0xd0, 0xfb, 0xc, 0x80,
    0x21,

    /* U+0028 "(" */
    0x0, 0xa, 0xa0, 0x4, 0xf2, 0x0, 0xe9, 0x0,
    0x6f, 0x30, 0xd, 0xd0, 0x2, 0xf8, 0x0, 0x6f,
    0x50, 0x9, 0xf2, 0x0, 0xbf, 0x10, 0xc, 0xf0,
    0x0, 0xbf, 0x10, 0x9, 0xf2, 0x0, 0x6f, 0x50,
    0x2, 0xf9, 0x0, 0xd, 0xd0, 0x0, 0x6f, 0x30,
    0x0, 0xe9, 0x0, 0x5, 0xf2, 0x0, 0xa, 0xa0,

    /* U+0029 ")" */
    0x8c, 0x0, 0x0, 0xe7, 0x0, 0x6, 0xf1, 0x0,
    0x1f, 0x80, 0x0, 0xbe, 0x0, 0x6, 0xf5, 0x0,
    0x2f, 0x90, 0x0, 0xfc, 0x0, 0xe, 0xd0, 0x0,
    0xee, 0x0, 0xf, 0xe0, 0x0, 0xfc, 0x0, 0x3f,
    0x90, 0x6, 0xf5, 0x0, 0xbe, 0x0, 0x1f, 0x80,
    0x7, 0xf1, 0x0, 0xe7, 0x0, 0x8c, 0x0, 0x0,

    /* U+002A "*" */
    0x0, 0xd, 0x80, 0x0, 0x4, 0xc, 0x61, 0x40,
    0x3f, 0xdd, 0xcf, 0xe0, 0x2, 0x8f, 0xe6, 0x20,
    0x0, 0xca, 0xe8, 0x0, 0x5, 0xf1, 0x5e, 0x10,
    0x0, 0x10, 0x1, 0x0,

    /* U+002B "+" */
    0x0, 0x0, 0xc8, 0x0, 0x0, 0x0, 0x0, 0xfa,
    0x0, 0x0, 0x0, 0x0, 0xfa, 0x0, 0x0, 0x0,
    0x0, 0xfa, 0x0, 0x0, 0xab, 0xbb, 0xfe, 0xbb,
    0xb6, 0xef, 0xff, 0xff, 0xff, 0xf9, 0x0, 0x0,
    0xfa, 0x0, 0x0, 0x0, 0x0, 0xfa, 0x0, 0x0,
    0x0, 0x0, 0xfa, 0x0, 0x0, 0x0, 0x0, 0xfa,
    0x0, 0x0,

    /* U+002C "," */
    0x1, 0x3, 0xfc, 0x3f, 0xc0, 0x4b, 0xa, 0x82,
    0xa0,

    /* U+002D "-" */
    0x4d, 0xdd, 0xdd, 0x5, 0xff, 0xff, 0xf0,

    /* U+002E "." */
    0x1, 0x13, 0xfd, 0x3f, 0xd0,

    /* U+002F "/" */
    0x0, 0x0, 0xf6, 0x0, 0x4, 0xf2, 0x0, 0x8,
    0xd0, 0x0, 0xd, 0x90, 0x0, 0x1f, 0x50, 0x0,
    0x5f, 0x0, 0x0, 0xac, 0x0, 0x0, 0xe7, 0x0,
    0x3, 0xf3, 0x0, 0x7, 0xe0, 0x0, 0xc, 0xa0,
    0x0, 0xf, 0x60, 0x0, 0x4f, 0x10, 0x0, 0x9d,
    0x0, 0x0, 0xd8, 0x0, 0x0,

    /* U+0030 "0" */
    0x0, 0x7, 0xdf, 0xd7, 0x0, 0x0, 0xa, 0xfc,
    0x8c, 0xfa, 0x0, 0x4, 0xfa, 0x0, 0xa, 0xf4,
    0x0, 0xbf, 0x20, 0x0, 0x1f, 0xa0, 0xe, 0xe0,
    0x0, 0x0, 0xde, 0x1, 0xfb, 0x0, 0x0, 0xb,
    0xf1, 0x2f, 0xa0, 0x0, 0x0, 0xaf, 0x22, 0xfa,
    0x0, 0x0, 0xa, 0xf2, 0x2f, 0xa0, 0x0, 0x0,
    0xaf, 0x11, 0xfb, 0x0, 0x0, 0xb, 0xf0, 0xe,
    0xd0, 0x0, 0x0, 0xde, 0x0, 0xaf, 0x10, 0x0,
    0x1f, 0xa0, 0x4, 0xfa, 0x0, 0xa, 0xf4, 0x0,
    0xb, 0xfc, 0x8c, 0xfa, 0x0, 0x0, 0x8, 0xdf,
    0xd7, 0x0, 0x0,

    /* U+0031 "1" */
    0x0, 0x1, 0xe7, 0x0, 0xc, 0xf7, 0x1, 0xcf,
    0xf7, 0x6e, 0xfb, 0xf7, 0xdd, 0x45, 0xf7, 0x40,
    0x5, 0xf7, 0x0, 0x5, 0xf7, 0x0, 0x5, 0xf7,
    0x0, 0x5, 0xf7, 0x0, 0x5, 0xf7, 0x0, 0x5,
    0xf7, 0x0, 0x5, 0xf7, 0x0, 0x5, 0xf7, 0x0,
    0x5, 0xf7, 0x0, 0x5, 0xf7,

    /* U+0032 "2" */
    0x0, 0x19, 0xef, 0xea, 0x20, 0x0, 0x1e, 0xfb,
    0x8b, 0xfe, 0x20, 0x9, 0xf7, 0x0, 0x5, 0xfb,
    0x0, 0xee, 0x0, 0x0, 0xd, 0xf0, 0x6, 0x60,
    0x0, 0x0, 0xdf, 0x0, 0x0, 0x0, 0x0, 0x2f,
    0xd0, 0x0, 0x0, 0x0, 0xb, 0xf6, 0x0, 0x0,
    0x0, 0x9, 0xfb, 0x0, 0x0, 0x0, 0x9, 0xfc,
    0x0, 0x0, 0x0, 0xb, 0xfb, 0x0, 0x0, 0x0,
    0x1c, 0xfa, 0x0, 0x0, 0x0, 0xc, 0xf8, 0x0,
    0x0, 0x0, 0x8, 0xf9, 0x0, 0x0, 0x0, 0x1,
    0xff, 0xcc, 0xcc, 0xcc, 0xc0, 0x5f, 0xff, 0xff,
    0xff, 0xff, 0x10,

    /* U+0033 "3" */
    0x0, 0x19, 0xdf, 0xd7, 0x0, 0x0, 0x1d, 0xfa,
    0x8c, 0xfb, 0x0, 0x9, 0xf6, 0x0, 0xa, 0xf4,
    0x0, 0xad, 0x0, 0x0, 0x5f, 0x70, 0x0, 0x0,
    0x0, 0x8, 0xf5, 0x0, 0x0, 0x0, 0x38, 0xfc,
    0x0, 0x0, 0x0, 0x9f, 0xfe, 0x20, 0x0, 0x0,
    0x4, 0x57, 0xff, 0x40, 0x0, 0x0, 0x0, 0x3,
    0xfd, 0x0, 0x0, 0x0, 0x0, 0xc, 0xf1, 0x6,
    0x50, 0x0, 0x0, 0xbf, 0x30, 0xfe, 0x0, 0x0,
    0xe, 0xf0, 0xa, 0xf7, 0x0, 0x8, 0xfa, 0x0,
    0x1e, 0xfb, 0x9c, 0xfd, 0x10, 0x0, 0x19, 0xef,
    0xd8, 0x0, 0x0,

    /* U+0034 "4" */
    0x0, 0x0, 0x0, 0x8f, 0x30, 0x0, 0x0, 0x0,
    0x3f, 0xf3, 0x0, 0x0, 0x0, 0xd, 0xff, 0x30,
    0x0, 0x0, 0x8, 0xfb, 0xf3, 0x0, 0x0, 0x2,
    0xf8, 0x8f, 0x30, 0x0, 0x0, 0xcd, 0x8, 0xf3,
    0x0, 0x0, 0x7f, 0x30, 0x8f, 0x30, 0x0, 0x2f,
    0x90, 0x8, 0xf3, 0x0, 0xc, 0xe0, 0x0, 0x8f,
    0x30, 0x6, 0xf4, 0x0, 0x8, 0xf3, 0x0, 0xcf,
    0xff, 0xff, 0xff, 0xff, 0x28, 0xaa, 0xaa, 0xad,
    0xfb, 0xa1, 0x0, 0x0, 0x0, 0x8f, 0x30, 0x0,
    0x0, 0x0, 0x8, 0xf3, 0x0, 0x0, 0x0, 0x0,
    0x8f, 0x30, 0x0,

    /* U+0035 "5" */
    0x0, 0x8f, 0xff, 0xff, 0xfa, 0x0, 0xb, 0xfb,
    0xbb, 0xbb, 0x70, 0x0, 0xec, 0x0, 0x0, 0x0,
    0x0, 0x1f, 0x90, 0x0, 0x0, 0x0, 0x4, 0xf6,
    0x0, 0x0, 0x0, 0x0, 0x7f, 0x7b, 0xee, 0xa2,
    0x0, 0xa, 0xff, 0xca, 0xdf, 0xf3, 0x0, 0xbf,
    0x40, 0x0, 0x7f, 0xd0, 0x0, 0x0, 0x0, 0x0,
    0xdf, 0x20, 0x0, 0x0, 0x0, 0x9, 0xf4, 0x2,
    0x20, 0x0, 0x0, 0xaf, 0x41, 0xfe, 0x0, 0x0,
    0xd, 0xf1, 0xb, 0xf6, 0x0, 0x7, 0xfa, 0x0,
    0x2e, 0xfb, 0x8c, 0xfd, 0x10, 0x0, 0x2a, 0xef,
    0xe8, 0x0, 0x0,

    /* U+0036 "6" */
    0x0, 0x5, 0xcf, 0xea, 0x20, 0x0, 0x8, 0xfd,
    0x8a, 0xff, 0x20, 0x3, 0xfc, 0x0, 0x4, 0xfa,
    0x0, 0xaf, 0x20, 0x0, 0x9, 0x80, 0xe, 0xc0,
    0x0, 0x0, 0x0, 0x1, 0xf9, 0x2b, 0xff, 0xa2,
    0x0, 0x3f, 0xbf, 0xea, 0xcf, 0xe2, 0x3, 0xff,
    0xa0, 0x0, 0x7f, 0xb0, 0x3f, 0xf1, 0x0, 0x0,
    0xdf, 0x2, 0xfd, 0x0, 0x0, 0xa, 0xf2, 0xf,
    0xd0, 0x0, 0x0, 0xaf, 0x20, 0xcf, 0x10, 0x0,
    0xd, 0xf0, 0x5, 0xfa, 0x0, 0x6, 0xf9, 0x0,
    0xa, 0xfd, 0x8b, 0xfd, 0x10, 0x0, 0x6, 0xdf,
    0xe9, 0x10, 0x0,

    /* U+0037 "7" */
    0xf, 0xff, 0xff, 0xff, 0xff, 0x30, 0xcc, 0xcc,
    0xcc, 0xcf, 0xf1, 0x0, 0x0, 0x0, 0x9, 0xf6,
    0x0, 0x0, 0x0, 0x4, 0xfb, 0x0, 0x0, 0x0,
    0x0, 0xdf, 0x20, 0x0, 0x0, 0x0, 0x6f, 0x80,
    0x0, 0x0, 0x0, 0xe, 0xf1, 0x0, 0x0, 0x0,
    0x5, 0xf9, 0x0, 0x0, 0x0, 0x0, 0xbf, 0x30,
    0x0, 0x0, 0x0, 0xf, 0xd0, 0x0, 0x0, 0x0,
    0x5, 0xf8, 0x0, 0x0, 0x0, 0x0, 0x9f, 0x40,
    0x0, 0x0, 0x0, 0xc, 0xf1, 0x0, 0x0, 0x0,
    0x0, 0xee, 0x0, 0x0, 0x0, 0x0, 0xf, 0xc0,
    0x0, 0x0, 0x0,

    /* U+0038 "8" */
    0x0, 0x8, 0xef, 0xe9, 0x10, 0x0, 0xc, 0xfc,
    0x8b, 0xfd, 0x0, 0x5, 0xf9, 0x0, 0x9, 0xf6,
    0x0, 0x9f, 0x30, 0x0, 0x3f, 0x90, 0x8, 0xf6,
    0x0, 0x5, 0xf8, 0x0, 0x2f, 0xe6, 0x25, 0xee,
    0x10, 0x0, 0x3d, 0xff, 0xfe, 0x20, 0x0, 0x1b,
    0xf8, 0x68, 0xfe, 0x20, 0xa, 0xf4, 0x0, 0x3,
    0xfc, 0x0, 0xfc, 0x0, 0x0, 0xb, 0xf1, 0x2f,
    0xa0, 0x0, 0x0, 0x9f, 0x31, 0xfd, 0x0, 0x0,
    0xc, 0xf1, 0xb, 0xf6, 0x0, 0x5, 0xfc, 0x0,
    0x2e, 0xfb, 0x8b, 0xfe, 0x20, 0x0, 0x19, 0xef,
    0xe9, 0x10, 0x0,

    /* U+0039 "9" */
    0x0, 0x19, 0xef, 0xc6, 0x0, 0x0, 0x1e, 0xfc,
    0x9c, 0xfa, 0x0, 0xa, 0xf8, 0x0, 0x8, 0xf5,
    0x0, 0xfe, 0x0, 0x0, 0xe, 0xc0, 0x2f, 0xb0,
    0x0, 0x0, 0xcf, 0x2, 0xfb, 0x0, 0x0, 0xc,
    0xf2, 0xe, 0xf1, 0x0, 0x2, 0xff, 0x30, 0x8f,
    0xc3, 0x3, 0xdf, 0xf3, 0x0, 0xaf, 0xff, 0xfb,
    0x8f, 0x30, 0x0, 0x48, 0x84, 0x9, 0xf1, 0x0,
    0x0, 0x0, 0x0, 0xde, 0x0, 0xac, 0x0, 0x0,
    0x2f, 0xa0, 0x8, 0xf4, 0x0, 0xc, 0xf2, 0x0,
    0x1e, 0xf9, 0x8d, 0xf7, 0x0, 0x0, 0x2a, 0xef,
    0xc5, 0x0, 0x0,

    /* U+003A ":" */
    0x3f, 0xd3, 0xfd, 0x1, 0x10, 0x0, 0x0, 0x0,
    0x0, 0x0, 0x0, 0x0, 0x1, 0x13, 0xfd, 0x3f,
    0xd0,

    /* U+003B ";" */
    0x3f, 0xc3, 0xfc, 0x1, 0x0, 0x0, 0x0, 0x0,
    0x0, 0x0, 0x0, 0x0, 0x1, 0x3, 0xfc, 0x3f,
    0xc0, 0x4b, 0xa, 0x82, 0xa0,

    /* U+003C "<" */
    0x0, 0x0, 0x0, 0x0, 0x2, 0x0, 0x0, 0x0,
    0x6, 0xd9, 0x0, 0x0, 0x28, 0xff, 0xe5, 0x0,
    0x3a, 0xff, 0xc5, 0x0, 0x5c, 0xff, 0xa3, 0x0,
    0x0, 0xef, 0xa1, 0x0, 0x0, 0x0, 0xaf, 0xfb,
    0x40, 0x0, 0x0, 0x2, 0x9f, 0xfd, 0x60, 0x0,
    0x0, 0x1, 0x7e, 0xff, 0x82, 0x0, 0x0, 0x0,
    0x5c, 0xf9, 0x0, 0x0, 0x0, 0x0, 0x35,

    /* U+003D "=" */
    0xef, 0xff, 0xff, 0xff, 0xf9, 0x9b, 0xbb, 0xbb,
    0xbb, 0xb6, 0x0, 0x0, 0x0, 0x0, 0x0, 0x0,
    0x0, 0x0, 0x0, 0x0, 0xab, 0xbb, 0xbb, 0xbb,
    0xb6, 0xef, 0xff, 0xff, 0xff, 0xf9,

    /* U+003E ">" */
    0x20, 0x0, 0x0, 0x0, 0x0, 0xeb, 0x40, 0x0,
    0x0, 0x0, 0x9f, 0xfd, 0x60, 0x0, 0x0, 0x1,
    0x7e, 0xfe, 0x81, 0x0, 0x0, 0x0, 0x5c, 0xff,
    0xa2, 0x0, 0x0, 0x0, 0x3d, 0xf9, 0x0, 0x0,
    0x6, 0xdf, 0xf5, 0x0, 0x28, 0xff, 0xd7, 0x0,
    0x4b, 0xff, 0xc5, 0x0, 0x0, 0xef, 0xa3, 0x0,
    0x0, 0x0, 0x71, 0x0, 0x0, 0x0, 0x0,

    /* U+003F "?" */
    0x0, 0x19, 0xef, 0xea, 0x20, 0x0, 0x1e, 0xfb,
    0x8b, 0xff, 0x30, 0x9, 0xf8, 0x0, 0x6, 0xfc,
    0x0, 0xef, 0x0, 0x0, 0xd, 0xf1, 0x5, 0x50,
    0x0, 0x0, 0xbf, 0x10, 0x0, 0x0, 0x0, 0x3f,
    0xc0, 0x0, 0x0, 0x0, 0x3e, 0xf3, 0x0, 0x0,
    0x0, 0x2e, 0xf4, 0x0, 0x0, 0x0, 0xd, 0xf4,
    0x0, 0x0, 0x0, 0x3, 0xf9, 0x0, 0x0, 0x0,
    0x0, 0x6f, 0x50, 0x0, 0x0, 0x0, 0x2, 0x51,
    0x0, 0x0, 0x0, 0x0, 0x1, 0x0, 0x0, 0x0,
    0x0, 0x8, 0xf8, 0x0, 0x0, 0x0, 0x0, 0x8f,
    0x80, 0x0, 0x0,

    /* U+0040 "@" */
    0x0, 0x0, 0x2, 0x8c, 0xef, 0xfd, 0x94, 0x0,
    0x0, 0x0, 0x0, 0x9, 0xff, 0xc8, 0x79, 0xbf,
    0xfb, 0x10, 0x0, 0x0, 0x1c, 0xf9, 0x10, 0x0,
    0x0, 0x17, 0xfe, 0x10, 0x0, 0xb, 0xf5, 0x0,
    0x0, 0x0, 0x0, 0x3, 0xfb, 0x0, 0x6, 0xf5,
    0x0, 0x2a, 0xee, 0x70, 0xec, 0x5, 0xf5, 0x0,
    0xea, 0x0, 0x3e, 0xf9, 0x9f, 0xaf, 0x90, 0xd,
    0xb0, 0x4f, 0x30, 0xe, 0xe2, 0x0, 0x4f, 0xf6,
    0x0, 0x8f, 0x9, 0xd0, 0x7, 0xf6, 0x0, 0x0,
    0xdf, 0x30, 0x6, 0xf1, 0xca, 0x0, 0xdf, 0x0,
    0x0, 0xc, 0xf0, 0x0, 0x6f, 0xd, 0x80, 0x1f,
    0xb0, 0x0, 0x0, 0xec, 0x0, 0x9, 0xe0, 0xe8,
    0x2, 0xfa, 0x0, 0x0, 0x2f, 0x90, 0x0, 0xf9,
    0xc, 0xa0, 0x1f, 0xc0, 0x0, 0xa, 0xf6, 0x0,
    0x9f, 0x20, 0x9e, 0x0, 0xcf, 0x40, 0x8, 0xff,
    0x40, 0x8f, 0x70, 0x4, 0xf4, 0x4, 0xff, 0xcd,
    0xfc, 0xfd, 0xdf, 0x80, 0x0, 0xd, 0xd0, 0x5,
    0xdf, 0xb2, 0x3d, 0xfc, 0x50, 0x13, 0x10, 0x4f,
    0xb1, 0x0, 0x0, 0x0, 0x0, 0x0, 0x1d, 0xf2,
    0x0, 0x6f, 0xe6, 0x10, 0x0, 0x0, 0x1, 0x7f,
    0xe3, 0x0, 0x0, 0x3d, 0xff, 0xca, 0x88, 0xac,
    0xff, 0xb1, 0x0, 0x0, 0x0, 0x3, 0x8c, 0xef,
    0xfe, 0xc8, 0x20, 0x0, 0x0,

    /* U+0041 "A" */
    0x0, 0x0, 0x0, 0xbf, 0xb0, 0x0, 0x0, 0x0,
    0x0, 0x0, 0x1f, 0xff, 0x10, 0x0, 0x0, 0x0,
    0x0, 0x7, 0xf7, 0xf7, 0x0, 0x0, 0x0, 0x0,
    0x0, 0xde, 0xf, 0xd0, 0x0, 0x0, 0x0, 0x0,
    0x2f, 0xa0, 0xaf, 0x40, 0x0, 0x0, 0x0, 0x8,
    0xf5, 0x4, 0xfa, 0x0, 0x0, 0x0, 0x0, 0xef,
    0x0, 0xe, 0xf1, 0x0, 0x0, 0x0, 0x4f, 0xa0,
    0x0, 0x9f, 0x70, 0x0, 0x0, 0xa, 0xf4, 0x0,
    0x3, 0xfd, 0x0, 0x0, 0x0, 0xff, 0xff, 0xff,
    0xff, 0xf3, 0x0, 0x0, 0x6f, 0xc9, 0x99, 0x99,
    0xbf, 0x90, 0x0, 0xc, 0xf3, 0x0, 0x0, 0x1,
    0xff, 0x0, 0x1, 0xfd, 0x0, 0x0, 0x0, 0xb,
    0xf6, 0x0, 0x7f, 0x80, 0x0, 0x0, 0x0, 0x5f,
    0xc0, 0xd, 0xf2, 0x0, 0x0, 0x0, 0x0, 0xef,
    0x20,

    /* U+0042 "B" */
    0x8f, 0xff, 0xff, 0xfd, 0x70, 0x0, 0x8f, 0xdc,
    0xcc, 0xdf, 0xfb, 0x0, 0x8f, 0x50, 0x0, 0x1,
    0xcf, 0x40, 0x8f, 0x50, 0x0, 0x0, 0x5f, 0x80,
    0x8f, 0x50, 0x0, 0x0, 0x5f, 0x70, 0x8f, 0x50,
    0x0, 0x1, 0xcf, 0x20, 0x8f, 0xdc, 0xcc, 0xcf,
    0xe4, 0x0, 0x8f, 0xff, 0xff, 0xff, 0xf9, 0x0,
    0x8f, 0x50, 0x0, 0x3, 0xbf, 0xa0, 0x8f, 0x50,
    0x0, 0x0, 0xe, 0xf1, 0x8f, 0x50, 0x0, 0x0,
    0xb, 0xf3, 0x8f, 0x50, 0x0, 0x0, 0xd, 0xf2,
    0x8f, 0x50, 0x0, 0x0, 0x7f, 0xd0, 0x8f, 0xdc,
    0xcc, 0xce, 0xff, 0x40, 0x8f, 0xff, 0xff, 0xfe,
    0xa3, 0x0,

    /* U+0043 "C" */
    0x0, 0x3, 0x9d, 0xff, 0xc6, 0x0, 0x0, 0x8,
    0xff, 0xdb, 0xcf, 0xfb, 0x0, 0x8, 0xfd, 0x30,
    0x0, 0x1c, 0xf9, 0x2, 0xfe, 0x10, 0x0, 0x0,
    0x1f, 0xf1, 0x8f, 0x70, 0x0, 0x0, 0x0, 0x67,
    0x1c, 0xf2, 0x0, 0x0, 0x0, 0x0, 0x0, 0xef,
    0x0, 0x0, 0x0, 0x0, 0x0, 0xf, 0xf0, 0x0,
    0x0, 0x0, 0x0, 0x0, 0xef, 0x0, 0x0, 0x0,
    0x0, 0x0, 0xc, 0xf3, 0x0, 0x0, 0x0, 0x1,
    0x20, 0x7f, 0x70, 0x0, 0x0, 0x0, 0x8f, 0x72,
    0xfe, 0x10, 0x0, 0x0, 0x1e, 0xf2, 0x8, 0xfd,
    0x30, 0x0, 0x2c, 0xfa, 0x0, 0xa, 0xff, 0xdb,
    0xdf, 0xfb, 0x0, 0x0, 0x4, 0xbd, 0xff, 0xc6,
    0x0, 0x0,

    /* U+0044 "D" */
    0x7f, 0xff, 0xff, 0xfd, 0x92, 0x0, 0x7, 0xfd,
    0xcc, 0xcc, 0xff, 0xf4, 0x0, 0x7f, 0x70, 0x0,
    0x0, 0x7f, 0xf2, 0x7, 0xf7, 0x0, 0x0, 0x0,
    0x8f, 0xa0, 0x7f, 0x70, 0x0, 0x0, 0x0, 0xff,
    0x7, 0xf7, 0x0, 0x0, 0x0, 0xb, 0xf3, 0x7f,
    0x70, 0x0, 0x0, 0x0, 0x9f, 0x47, 0xf7, 0x0,
    0x0, 0x0, 0x9, 0xf5, 0x7f, 0x70, 0x0, 0x0,
    0x0, 0xaf, 0x47, 0xf7, 0x0, 0x0, 0x0, 0xc,
    0xf2, 0x7f, 0x70, 0x0, 0x0, 0x1, 0xff, 0x7,
    0xf7, 0x0, 0x0, 0x0, 0x8f, 0x90, 0x7f, 0x70,
    0x0, 0x0, 0x7f, 0xf1, 0x7, 0xfd, 0xcc, 0xcc,
    0xff, 0xf4, 0x0, 0x7f, 0xff, 0xff, 0xfd, 0x92,
    0x0, 0x0,

    /* U+0045 "E" */
    0x6f, 0xff, 0xff, 0xff, 0xff, 0xf0, 0x6f, 0xdc,
    0xcc, 0xcc, 0xcc, 0xb0, 0x6f, 0x70, 0x0, 0x0,
    0x0, 0x0, 0x6f, 0x70, 0x0, 0x0, 0x0, 0x0,
    0x6f, 0x70, 0x0, 0x0, 0x0, 0x0, 0x6f, 0x70,
    0x0, 0x0, 0x0, 0x0, 0x6f, 0xdc, 0xcc, 0xcc,
    0xcc, 0x40, 0x6f, 0xff, 0xff, 0xff, 0xff, 0x60,
    0x6f, 0x70, 0x0, 0x0, 0x0, 0x0, 0x6f, 0x70,
    0x0, 0x0, 0x0, 0x0, 0x6f, 0x70, 0x0, 0x0,
    0x0, 0x0, 0x6f, 0x70, 0x0, 0x0, 0x0, 0x0,
    0x6f, 0x70, 0x0, 0x0, 0x0, 0x0, 0x6f, 0xdc,
    0xcc, 0xcc, 0xcc, 0xc3, 0x6f, 0xff, 0xff, 0xff,
    0xff, 0xf4,

    /* U+0046 "F" */
    0x5f, 0xff, 0xff, 0xff, 0xff, 0x45, 0xfe, 0xcc,
    0xcc, 0xcc, 0xc3, 0x5f, 0x80, 0x0, 0x0, 0x0,
    0x5, 0xf8, 0x0, 0x0, 0x0, 0x0, 0x5f, 0x80,
    0x0, 0x0, 0x0, 0x5, 0xf8, 0x0, 0x0, 0x0,
    0x0, 0x5f, 0xec, 0xcc, 0xcc, 0xc3, 0x5, 0xff,
    0xff, 0xff, 0xff, 0x40, 0x5f, 0x80, 0x0, 0x0,
    0x0, 0x5, 0xf8, 0x0, 0x0, 0x0, 0x0, 0x5f,
    0x80, 0x0, 0x0, 0x0, 0x5, 0xf8, 0x0, 0x0,
    0x0, 0x0, 0x5f, 0x80, 0x0, 0x0, 0x0, 0x5,
    0xf8, 0x0, 0x0, 0x0, 0x0, 0x5f, 0x80, 0x0,
    0x0, 0x0, 0x0,

    /* U+0047 "G" */
    0x0, 0x1, 0x8c, 0xef, 0xea, 0x30, 0x0, 0x0,
    0x5f, 0xfe, 0xbb, 0xdf, 0xf8, 0x0, 0x5, 0xfe,
    0x50, 0x0, 0x3, 0xdf, 0x50, 0xe, 0xf3, 0x0,
    0x0, 0x0, 0x2f, 0xd0, 0x5f, 0xa0, 0x0, 0x0,
    0x0, 0x8, 0x70, 0xaf, 0x40, 0x0, 0x0, 0x0,
    0x0, 0x0, 0xdf, 0x10, 0x0, 0x0, 0x0, 0x0,
    0x0, 0xef, 0x0, 0x0, 0x8, 0xbb, 0xbb, 0xb3,
    0xdf, 0x10, 0x0, 0xc, 0xff, 0xff, 0xf5, 0xbf,
    0x40, 0x0, 0x0, 0x0, 0x8, 0xf5, 0x6f, 0xa0,
    0x0, 0x0, 0x0, 0x8, 0xf5, 0x1e, 0xf4, 0x0,
    0x0, 0x0, 0x9, 0xf5, 0x4, 0xff, 0x71, 0x0,
    0x3, 0xaf, 0xf4, 0x0, 0x5e, 0xff, 0xdc, 0xef,
    0xfe, 0x40, 0x0, 0x1, 0x7c, 0xef, 0xeb, 0x60,
    0x0,

    /* U+0048 "H" */
    0x6f, 0x80, 0x0, 0x0, 0x1, 0xfd, 0x6f, 0x80,
    0x0, 0x0, 0x1, 0xfd, 0x6f, 0x80, 0x0, 0x0,
    0x1, 0xfd, 0x6f, 0x80, 0x0, 0x0, 0x1, 0xfd,
    0x6f, 0x80, 0x0, 0x0, 0x1, 0xfd, 0x6f, 0x80,
    0x0, 0x0, 0x1, 0xfd, 0x6f, 0xec, 0xcc, 0xcc,
    0xcc, 0xfd, 0x6f, 0xff, 0xff, 0xff, 0xff, 0xfd,
    0x6f, 0x80, 0x0, 0x0, 0x1, 0xfd, 0x6f, 0x80,
    0x0, 0x0, 0x1, 0xfd, 0x6f, 0x80, 0x0, 0x0,
    0x1, 0xfd, 0x6f, 0x80, 0x0, 0x0, 0x1, 0xfd,
    0x6f, 0x80, 0x0, 0x0, 0x1, 0xfd, 0x6f, 0x80,
    0x0, 0x0, 0x1, 0xfd, 0x6f, 0x80, 0x0, 0x0,
    0x1, 0xfd,

    /* U+0049 "I" */
    0x2f, 0xc2, 0xfc, 0x2f, 0xc2, 0xfc, 0x2f, 0xc2,
    0xfc, 0x2f, 0xc2, 0xfc, 0x2f, 0xc2, 0xfc, 0x2f,
    0xc2, 0xfc, 0x2f, 0xc2, 0xfc, 0x2f, 0xc0,

    /* U+004A "J" */
    0x0, 0x0, 0x0, 0x7f, 0x70, 0x0, 0x0, 0x7,
    0xf7, 0x0, 0x0, 0x0, 0x7f, 0x70, 0x0, 0x0,
    0x7, 0xf7, 0x0, 0x0, 0x0, 0x7f, 0x70, 0x0,
    0x0, 0x7, 0xf7, 0x0, 0x0, 0x0, 0x7f, 0x70,
    0x0, 0x0, 0x7, 0xf7, 0x0, 0x0, 0x0, 0x7f,
    0x70, 0x0, 0x0, 0x7, 0xf7, 0x39, 0x30, 0x0,
    0x7f, 0x65, 0xf6, 0x0, 0x8, 0xf5, 0x2f, 0xd1,
    0x1, 0xef, 0x20, 0xbf, 0xec, 0xff, 0xa0, 0x0,
    0x9e, 0xfd, 0x70, 0x0,

    /* U+004B "K" */
    0x8f, 0x50, 0x0, 0x0, 0x1e, 0xf8, 0x8, 0xf5,
    0x0, 0x0, 0x1d, 0xf8, 0x0, 0x8f, 0x50, 0x0,
    0x1d, 0xf8, 0x0, 0x8, 0xf5, 0x0, 0x1c, 0xf9,
    0x0, 0x0, 0x8f, 0x50, 0xc, 0xf9, 0x0, 0x0,
    0x8, 0xf5, 0xc, 0xf9, 0x0, 0x0, 0x0, 0x8f,
    0x6b, 0xff, 0x50, 0x0, 0x0, 0x8, 0xfe, 0xfb,
    0xfe, 0x10, 0x0, 0x0, 0x8f, 0xf9, 0x9, 0xfb,
    0x0, 0x0, 0x8, 0xfa, 0x0, 0xd, 0xf6, 0x0,
    0x0, 0x8f, 0x50, 0x0, 0x3f, 0xf2, 0x0, 0x8,
    0xf5, 0x0, 0x0, 0x8f, 0xc0, 0x0, 0x8f, 0x50,
    0x0, 0x0, 0xdf, 0x80, 0x8, 0xf5, 0x0, 0x0,
    0x3, 0xff, 0x40, 0x8f, 0x50, 0x0, 0x0, 0x8,
    0xfe, 0x10,

    /* U+004C "L" */
    0x8f, 0x50, 0x0, 0x0, 0x0, 0x8f, 0x50, 0x0,
    0x0, 0x0, 0x8f, 0x50, 0x0, 0x0, 0x0, 0x8f,
    0x50, 0x0, 0x0, 0x0, 0x8f, 0x50, 0x0, 0x0,
    0x0, 0x8f, 0x50, 0x0, 0x0, 0x0, 0x8f, 0x50,
    0x0, 0x0, 0x0, 0x8f, 0x50, 0x0, 0x0, 0x0,
    0x8f, 0x50, 0x0, 0x0, 0x0, 0x8f, 0x50, 0x0,
    0x0, 0x0, 0x8f, 0x50, 0x0, 0x0, 0x0, 0x8f,
    0x50, 0x0, 0x0, 0x0, 0x8f, 0x50, 0x0, 0x0,
    0x0, 0x8f, 0xdc, 0xcc, 0xcc, 0xc4, 0x8f, 0xff,
    0xff, 0xff, 0xf6,

    /* U+004D "M" */
    0x8f, 0xf8, 0x0, 0x0, 0x0, 0x9, 0xff, 0x28,
    0xff, 0xd0, 0x0, 0x0, 0x0, 0xef, 0xf2, 0x8f,
    0xef, 0x20, 0x0, 0x0, 0x3f, 0xff, 0x28, 0xf9,
    0xf7, 0x0, 0x0, 0x8, 0xfb, 0xf2, 0x8f, 0x5e,
    0xc0, 0x0, 0x0, 0xea, 0xaf, 0x28, 0xf5, 0xaf,
    0x10, 0x0, 0x3f, 0x5a, 0xf2, 0x8f, 0x54, 0xf6,
    0x0, 0x8, 0xf0, 0xaf, 0x28, 0xf5, 0xf, 0xb0,
    0x0, 0xda, 0xa, 0xf2, 0x8f, 0x50, 0xaf, 0x10,
    0x3f, 0x50, 0xaf, 0x28, 0xf5, 0x5, 0xf5, 0x8,
    0xf0, 0xa, 0xf2, 0x8f, 0x50, 0xf, 0xa0, 0xda,
    0x0, 0xaf, 0x28, 0xf5, 0x0, 0xaf, 0x3f, 0x50,
    0xa, 0xf2, 0x8f, 0x50, 0x5, 0xfc, 0xf0, 0x0,
    0xaf, 0x28, 0xf5, 0x0, 0xf, 0xfa, 0x0, 0xa,
    0xf2, 0x8f, 0x50, 0x0, 0xbf, 0x50, 0x0, 0xaf,
    0x20,

    /* U+004E "N" */
    0x7f, 0xc0, 0x0, 0x0, 0x0, 0xfc, 0x7f, 0xf6,
    0x0, 0x0, 0x0, 0xfc, 0x7f, 0xff, 0x10, 0x0,
    0x0, 0xfc, 0x7f, 0xcf, 0xb0, 0x0, 0x0, 0xfc,
    0x7f, 0x5d, 0xf5, 0x0, 0x0, 0xfc, 0x7f, 0x53,
    0xfe, 0x10, 0x0, 0xfc, 0x7f, 0x50, 0x9f, 0x90,
    0x0, 0xfc, 0x7f, 0x50, 0xe, 0xf4, 0x0, 0xfc,
    0x7f, 0x50, 0x4, 0xfd, 0x0, 0xfc, 0x7f, 0x50,
    0x0, 0xaf, 0x80, 0xfc, 0x7f, 0x50, 0x0, 0x1e,
    0xf3, 0xfc, 0x7f, 0x50, 0x0, 0x6, 0xfc, 0xfc,
    0x7f, 0x50, 0x0, 0x0, 0xbf, 0xfc, 0x7f, 0x50,
    0x0, 0x0, 0x2f, 0xfc, 0x7f, 0x50, 0x0, 0x0,
    0x7, 0xfc,

    /* U+004F "O" */
    0x0, 0x0, 0x29, 0xdf, 0xec, 0x60, 0x0, 0x0,
    0x0, 0x7f, 0xfe, 0xbc, 0xff, 0xd2, 0x0, 0x0,
    0x7f, 0xe4, 0x0, 0x1, 0x8f, 0xe1, 0x0, 0x2f,
    0xe1, 0x0, 0x0, 0x0, 0x8f, 0xb0, 0x8, 0xf7,
    0x0, 0x0, 0x0, 0x0, 0xef, 0x10, 0xcf, 0x20,
    0x0, 0x0, 0x0, 0x9, 0xf6, 0xf, 0xf0, 0x0,
    0x0, 0x0, 0x0, 0x6f, 0x80, 0xff, 0x0, 0x0,
    0x0, 0x0, 0x5, 0xfa, 0xf, 0xf0, 0x0, 0x0,
    0x0, 0x0, 0x5f, 0x80, 0xcf, 0x20, 0x0, 0x0,
    0x0, 0x8, 0xf6, 0x8, 0xf7, 0x0, 0x0, 0x0,
    0x0, 0xdf, 0x20, 0x1f, 0xe2, 0x0, 0x0, 0x0,
    0x7f, 0xb0, 0x0, 0x6f, 0xe4, 0x0, 0x0, 0x8f,
    0xf2, 0x0, 0x0, 0x6f, 0xfd, 0xbb, 0xff, 0xd3,
    0x0, 0x0, 0x0, 0x29, 0xdf, 0xec, 0x60, 0x0,
    0x0,

    /* U+0050 "P" */
    0x7f, 0xff, 0xff, 0xfe, 0xc5, 0x0, 0x7f, 0xdc,
    0xcc, 0xcd, 0xff, 0x70, 0x7f, 0x70, 0x0, 0x0,
    0x4f, 0xf1, 0x7f, 0x70, 0x0, 0x0, 0xa, 0xf5,
    0x7f, 0x70, 0x0, 0x0, 0x8, 0xf7, 0x7f, 0x70,
    0x0, 0x0, 0xb, 0xf5, 0x7f, 0x70, 0x0, 0x0,
    0x5f, 0xf1, 0x7f, 0xdc, 0xcc, 0xce, 0xff, 0x60,
    0x7f, 0xff, 0xff, 0xfe, 0xb4, 0x0, 0x7f, 0x70,
    0x0, 0x0, 0x0, 0x0, 0x7f, 0x70, 0x0, 0x0,
    0x0, 0x0, 0x7f, 0x70, 0x0, 0x0, 0x0, 0x0,
    0x7f, 0x70, 0x0, 0x0, 0x0, 0x0, 0x7f, 0x70,
    0x0, 0x0, 0x0, 0x0, 0x7f, 0x70, 0x0, 0x0,
    0x0, 0x0,

    /* U+0051 "Q" */
    0x0, 0x0, 0x39, 0xdf, 0xeb, 0x60, 0x0, 0x0,
    0x0, 0x8f, 0xfd, 0xbc, 0xff, 0xd2, 0x0, 0x0,
    0x8f, 0xd3, 0x0, 0x1, 0xaf, 0xe0, 0x0, 0x3f,
    0xe1, 0x0, 0x0, 0x0, 0x9f, 0x90, 0x9, 0xf5,
    0x0, 0x0, 0x0, 0x1, 0xff, 0x0, 0xef, 0x0,
    0x0, 0x0, 0x0, 0xa, 0xf5, 0xf, 0xe0, 0x0,
    0x0, 0x0, 0x0, 0x7f, 0x71, 0xfd, 0x0, 0x0,
    0x0, 0x0, 0x6, 0xf8, 0xf, 0xe0, 0x0, 0x0,
    0x0, 0x0, 0x7f, 0x70, 0xef, 0x0, 0x0, 0x0,
    0x0, 0xa, 0xf5, 0x9, 0xf5, 0x0, 0x0, 0x20,
    0x0, 0xef, 0x10, 0x3f, 0xe1, 0x0, 0xf, 0xc3,
    0x9f, 0x90, 0x0, 0x8f, 0xd3, 0x0, 0x6d, 0xff,
    0xe1, 0x0, 0x0, 0x8f, 0xfd, 0xbc, 0xff, 0xfc,
    0x20, 0x0, 0x0, 0x3a, 0xdf, 0xeb, 0x55, 0xef,
    0x80, 0x0, 0x0, 0x0, 0x0, 0x0, 0x1, 0x86,

    /* U+0052 "R" */
    0x6f, 0xff, 0xff, 0xff, 0xea, 0x20, 0x0, 0x6f,
    0xca, 0xaa, 0xab, 0xef, 0xf2, 0x0, 0x6f, 0x70,
    0x0, 0x0, 0xa, 0xfa, 0x0, 0x6f, 0x70, 0x0,
    0x0, 0x1, 0xfe, 0x0, 0x6f, 0x70, 0x0, 0x0,
    0x0, 0xff, 0x0, 0x6f, 0x70, 0x0, 0x0, 0x3,
    0xfc, 0x0, 0x6f, 0x70, 0x0, 0x1, 0x4e, 0xf5,
    0x0, 0x6f, 0xff, 0xff, 0xff, 0xff, 0x80, 0x0,
    0x6f, 0xdb, 0xbc, 0xff, 0x92, 0x0, 0x0, 0x6f,
    0x70, 0x0, 0x2e, 0xf5, 0x0, 0x0, 0x6f, 0x70,
    0x0, 0x3, 0xff, 0x30, 0x0, 0x6f, 0x70, 0x0,
    0x0, 0x7f, 0xe0, 0x0, 0x6f, 0x70, 0x0, 0x0,
    0xc, 0xf9, 0x0, 0x6f, 0x70, 0x0, 0x0, 0x2,
    0xff, 0x30, 0x6f, 0x70, 0x0, 0x0, 0x0, 0x8f,
    0xd0,

    /* U+0053 "S" */
    0x0, 0x4, 0xbe, 0xfe, 0xb5, 0x0, 0x0, 0x8,
    0xff, 0xdc, 0xdf, 0xfa, 0x0, 0x3, 0xfd, 0x20,
    0x0, 0x2d, 0xf5, 0x0, 0x7f, 0x50, 0x0, 0x0,
    0x3f, 0xb0, 0x7, 0xf6, 0x0, 0x0, 0x0, 0x75,
    0x0, 0x2f, 0xf7, 0x10, 0x0, 0x0, 0x0, 0x0,
    0x6f, 0xff, 0xd9, 0x50, 0x0, 0x0, 0x0, 0x28,
    0xdf, 0xff, 0xf7, 0x0, 0x0, 0x0, 0x0, 0x15,
    0xaf, 0xf9, 0x0, 0x0, 0x0, 0x0, 0x0, 0x2e,
    0xf1, 0xf, 0xc0, 0x0, 0x0, 0x0, 0x9f, 0x40,
    0xdf, 0x30, 0x0, 0x0, 0xb, 0xf2, 0x6, 0xfe,
    0x50, 0x0, 0x7, 0xfc, 0x0, 0x9, 0xff, 0xec,
    0xcf, 0xfe, 0x20, 0x0, 0x4, 0xad, 0xff, 0xd8,
    0x10, 0x0,

    /* U+0054 "T" */
    0x8f, 0xff, 0xff, 0xff, 0xff, 0xfd, 0x6c, 0xcc,
    0xcf, 0xfc, 0xcc, 0xc9, 0x0, 0x0, 0xd, 0xf1,
    0x0, 0x0, 0x0, 0x0, 0xd, 0xf1, 0x0, 0x0,
    0x0, 0x0, 0xd, 0xf1, 0x0, 0x0, 0x0, 0x0,
    0xd, 0xf1, 0x0, 0x0, 0x0, 0x0, 0xd, 0xf1,
    0x0, 0x0, 0x0, 0x0, 0xd, 0xf1, 0x0, 0x0,
    0x0, 0x0, 0xd, 0xf1, 0x0, 0x0, 0x0, 0x0,
    0xd, 0xf1, 0x0, 0x0, 0x0, 0x0, 0xd, 0xf1,
    0x0, 0x0, 0x0, 0x0, 0xd, 0xf1, 0x0, 0x0,
    0x0, 0x0, 0xd, 0xf1, 0x0, 0x0, 0x0, 0x0,
    0xd, 0xf1, 0x0, 0x0, 0x0, 0x0, 0xd, 0xf1,
    0x0, 0x0,

    /* U+0055 "U" */
    0x6f, 0x70, 0x0, 0x0, 0x1, 0xfd, 0x6f, 0x70,
    0x0, 0x0, 0x1, 0xfd, 0x6f, 0x70, 0x0, 0x0,
    0x1, 0xfd, 0x6f, 0x70, 0x0, 0x0, 0x1, 0xfd,
    0x6f, 0x70, 0x0, 0x0, 0x1, 0xfd, 0x6f, 0x70,
    0x0, 0x0, 0x1, 0xfd, 0x6f, 0x70, 0x0, 0x0,
    0x1, 0xfd, 0x6f, 0x70, 0x0, 0x0, 0x1, 0xfd,
    0x6f, 0x70, 0x0, 0x0, 0x1, 0xfd, 0x5f, 0x80,
    0x0, 0x0, 0x1, 0xfc, 0x4f, 0x90, 0x0, 0x0,
    0x3, 0xfb, 0x1f, 0xe0, 0x0, 0x0, 0x8, 0xf7,
    0xb, 0xfa, 0x10, 0x0, 0x5f, 0xf1, 0x2, 0xdf,
    0xfd, 0xce, 0xff, 0x50, 0x0, 0x18, 0xde, 0xfd,
    0xa3, 0x0,

    /* U+0056 "V" */
    0xbf, 0x40, 0x0, 0x0, 0x0, 0xe, 0xf0, 0x5f,
    0xa0, 0x0, 0x0, 0x0, 0x4f, 0xa0, 0xf, 0xf0,
    0x0, 0x0, 0x0, 0xaf, 0x40, 0x9, 0xf5, 0x0,
    0x0, 0x0, 0xfd, 0x0, 0x3, 0xfa, 0x0, 0x0,
    0x5, 0xf8, 0x0, 0x0, 0xdf, 0x0, 0x0, 0xb,
    0xf2, 0x0, 0x0, 0x8f, 0x50, 0x0, 0x1f, 0xc0,
    0x0, 0x0, 0x2f, 0xb0, 0x0, 0x6f, 0x60, 0x0,
    0x0, 0xc, 0xf1, 0x0, 0xcf, 0x0, 0x0, 0x0,
    0x6, 0xf6, 0x1, 0xfa, 0x0, 0x0, 0x0, 0x0,
    0xfb, 0x7, 0xf4, 0x0, 0x0, 0x0, 0x0, 0xaf,
    0x1c, 0xe0, 0x0, 0x0, 0x0, 0x0, 0x4f, 0x7f,
    0x80, 0x0, 0x0, 0x0, 0x0, 0xe, 0xff, 0x20,
    0x0, 0x0, 0x0, 0x0, 0x8, 0xfc, 0x0, 0x0,
    0x0,

    /* U+0057 "W" */
    0xaf, 0x40, 0x0, 0x0, 0xcf, 0xc0, 0x0, 0x0,
    0x5f, 0x85, 0xf8, 0x0, 0x0, 0x1f, 0xff, 0x0,
    0x0, 0x9, 0xf4, 0x1f, 0xb0, 0x0, 0x5, 0xfa,
    0xf4, 0x0, 0x0, 0xdf, 0x0, 0xdf, 0x0, 0x0,
    0x9f, 0x2f, 0x90, 0x0, 0x1f, 0xb0, 0x9, 0xf2,
    0x0, 0xd, 0xc0, 0xdd, 0x0, 0x4, 0xf7, 0x0,
    0x5f, 0x60, 0x2, 0xf8, 0x9, 0xf1, 0x0, 0x8f,
    0x30, 0x1, 0xf9, 0x0, 0x6f, 0x30, 0x5f, 0x60,
    0xc, 0xf0, 0x0, 0xd, 0xd0, 0xa, 0xf0, 0x1,
    0xfa, 0x0, 0xfb, 0x0, 0x0, 0x9f, 0x10, 0xeb,
    0x0, 0xc, 0xe0, 0x3f, 0x60, 0x0, 0x5, 0xf4,
    0x3f, 0x70, 0x0, 0x8f, 0x27, 0xf2, 0x0, 0x0,
    0x1f, 0x77, 0xf2, 0x0, 0x4, 0xf5, 0xbe, 0x0,
    0x0, 0x0, 0xda, 0xbe, 0x0, 0x0, 0xf, 0x8e,
    0xa0, 0x0, 0x0, 0x9, 0xee, 0xa0, 0x0, 0x0,
    0xcd, 0xf6, 0x0, 0x0, 0x0, 0x5f, 0xf6, 0x0,
    0x0, 0x7, 0xff, 0x10, 0x0, 0x0, 0x1, 0xff,
    0x10, 0x0, 0x0, 0x3f, 0xd0, 0x0, 0x0,

    /* U+0058 "X" */
    0xd, 0xf5, 0x0, 0x0, 0x0, 0x9f, 0x70, 0x3,
    0xfe, 0x10, 0x0, 0x5, 0xfc, 0x0, 0x0, 0x8f,
    0xa0, 0x0, 0x1e, 0xe1, 0x0, 0x0, 0xd, 0xf5,
    0x0, 0xcf, 0x50, 0x0, 0x0, 0x3, 0xfe, 0x17,
    0xf9, 0x0, 0x0, 0x0, 0x0, 0x8f, 0xbf, 0xd0,
    0x0, 0x0, 0x0, 0x0, 0xd, 0xff, 0x30, 0x0,
    0x0, 0x0, 0x0, 0x9, 0xff, 0x20, 0x0, 0x0,
    0x0, 0x0, 0x4f, 0xef, 0xc0, 0x0, 0x0, 0x0,
    0x1, 0xef, 0x2c, 0xf7, 0x0, 0x0, 0x0, 0xb,
    0xf7, 0x2, 0xff, 0x20, 0x0, 0x0, 0x6f, 0xc0,
    0x0, 0x7f, 0xc0, 0x0, 0x2, 0xff, 0x20, 0x0,
    0xc, 0xf8, 0x0, 0xd, 0xf6, 0x0, 0x0, 0x2,
    0xff, 0x30, 0x8f, 0xb0, 0x0, 0x0, 0x0, 0x7f,
    0xd0,

    /* U+0059 "Y" */
    0x9f, 0xa0, 0x0, 0x0, 0x0, 0x5f, 0xd0, 0x1e,
    0xf4, 0x0, 0x0, 0x0, 0xef, 0x30, 0x5, 0xfe,
    0x0, 0x0, 0x9, 0xf8, 0x0, 0x0, 0xbf, 0x80,
    0x0, 0x3f, 0xd0, 0x0, 0x0, 0x1f, 0xf2, 0x0,
    0xdf, 0x30, 0x0, 0x0, 0x6, 0xfb, 0x7, 0xf8,
    0x0, 0x0, 0x0, 0x0, 0xcf, 0x6f, 0xd0, 0x0,
    0x0, 0x0, 0x0, 0x2f, 0xff, 0x30, 0x0, 0x0,
    0x0, 0x0, 0x8, 0xf9, 0x0, 0x0, 0x0, 0x0,
    0x0, 0x6, 0xf7, 0x0, 0x0, 0x0, 0x0, 0x0,
    0x6, 0xf7, 0x0, 0x0, 0x0, 0x0, 0x0, 0x6,
    0xf7, 0x0, 0x0, 0x0, 0x0, 0x0, 0x6, 0xf7,
    0x0, 0x0, 0x0, 0x0, 0x0, 0x6, 0xf7, 0x0,
    0x0, 0x0, 0x0, 0x0, 0x6, 0xf7, 0x0, 0x0,
    0x0,

    /* U+005A "Z" */
    0xc, 0xff, 0xff, 0xff, 0xff, 0xf7, 0x9, 0xcc,
    0xcc, 0xcc, 0xcf, 0xf7, 0x0, 0x0, 0x0, 0x0,
    0x6f, 0xd0, 0x0, 0x0, 0x0, 0x3, 0xff, 0x20,
    0x0, 0x0, 0x0, 0x1e, 0xf5, 0x0, 0x0, 0x0,
    0x0, 0xbf, 0x90, 0x0, 0x0, 0x0, 0x8, 0xfc,
    0x0, 0x0, 0x0, 0x0, 0x4f, 0xe2, 0x0, 0x0,
    0x0, 0x1, 0xef, 0x40, 0x0, 0x0, 0x0, 0xc,
    0xf8, 0x0, 0x0, 0x0, 0x0, 0x8f, 0xb0, 0x0,
    0x0, 0x0, 0x5, 0xfe, 0x10, 0x0, 0x0, 0x0,
    0x2f, 0xf3, 0x0, 0x0, 0x0, 0x0, 0x9f, 0xec,
    0xcc, 0xcc, 0xcc, 0xc8, 0x9f, 0xff, 0xff, 0xff,
    0xff, 0xfb,

    /* U+005B "[" */
    0xaf, 0xff, 0x3a, 0xf9, 0x81, 0xaf, 0x10, 0xa,
    0xf1, 0x0, 0xaf, 0x10, 0xa, 0xf1, 0x0, 0xaf,
    0x10, 0xa, 0xf1, 0x0, 0xaf, 0x10, 0xa, 0xf1,
    0x0, 0xaf, 0x10, 0xa, 0xf1, 0x0, 0xaf, 0x10,
    0xa, 0xf1, 0x0, 0xaf, 0x10, 0xa, 0xf1, 0x0,
    0xaf, 0x10, 0xa, 0xf9, 0x81, 0xaf, 0xff, 0x30,

    /* U+005C "\\" */
    0xd8, 0x0, 0x0, 0x9d, 0x0, 0x0, 0x4f, 0x10,
    0x0, 0xf, 0x60, 0x0, 0xc, 0xa0, 0x0, 0x7,
    0xe0, 0x0, 0x3, 0xf3, 0x0, 0x0, 0xe7, 0x0,
    0x0, 0xac, 0x0, 0x0, 0x5f, 0x0, 0x0, 0x1f,
    0x50, 0x0, 0xd, 0x90, 0x0, 0x8, 0xd0, 0x0,
    0x4, 0xf2, 0x0, 0x0, 0xf6,

    /* U+005D "]" */
    0xaf, 0xff, 0x45, 0x8c, 0xf4, 0x0, 0x8f, 0x40,
    0x8, 0xf4, 0x0, 0x8f, 0x40, 0x8, 0xf4, 0x0,
    0x8f, 0x40, 0x8, 0xf4, 0x0, 0x8f, 0x40, 0x8,
    0xf4, 0x0, 0x8f, 0x40, 0x8, 0xf4, 0x0, 0x8f,
    0x40, 0x8, 0xf4, 0x0, 0x8f, 0x40, 0x8, 0xf4,
    0x0, 0x8f, 0x45, 0x8c, 0xf4, 0xaf, 0xff, 0x40,

    /* U+005E "^" */
    0x0, 0x4, 0xf9, 0x0, 0x0, 0x0, 0xaf, 0xf1,
    0x0, 0x0, 0x1f, 0xaf, 0x70, 0x0, 0x8, 0xf1,
    0xbe, 0x0, 0x0, 0xeb, 0x5, 0xf5, 0x0, 0x6f,
    0x40, 0xe, 0xc0, 0xd, 0xe0, 0x0, 0x8f, 0x34,
    0xf8, 0x0, 0x1, 0xfa,

    /* U+005F "_" */
    0x1, 0x11, 0x11, 0x11, 0x11, 0x11, 0x4, 0xff,
    0xff, 0xff, 0xff, 0xff, 0xf5, 0x14, 0x44, 0x44,
    0x44, 0x44, 0x44, 0x10,

    /* U+0060 "`" */
    0xa, 0xd5, 0x0, 0x2e, 0xd0, 0x0, 0x4f, 0x40,

    /* U+0061 "a" */
    0x0, 0x2a, 0xef, 0xfc, 0x40, 0x0, 0x3f, 0xfa,
    0x8a, 0xff, 0x40, 0xb, 0xf3, 0x0, 0x5, 0xf9,
    0x0, 0x46, 0x0, 0x0, 0x1f, 0xb0, 0x0, 0x1,
    0x36, 0x8c, 0xfb, 0x0, 0x1a, 0xff, 0xfe, 0xaf,
    0xb0, 0xd, 0xf9, 0x41, 0x1, 0xfb, 0x3, 0xfb,
    0x0, 0x0, 0x3f, 0xb0, 0x3f, 0xc0, 0x0, 0xc,
    0xfb, 0x0, 0xcf, 0xb7, 0x8e, 0xff, 0xd0, 0x1,
    0xae, 0xfd, 0xa2, 0xbf, 0x10,

    /* U+0062 "b" */
    0xbf, 0x10, 0x0, 0x0, 0x0, 0xbf, 0x10, 0x0,
    0x0, 0x0, 0xbf, 0x10, 0x0, 0x0, 0x0, 0xbf,
    0x10, 0x0, 0x0, 0x0, 0xbf, 0x2a, 0xfe, 0xa2,
    0x0, 0xbf, 0xed, 0x8b, 0xfe, 0x20, 0xbf, 0xc0,
    0x0, 0x6f, 0xb0, 0xbf, 0x40, 0x0, 0xc, 0xf0,
    0xbf, 0x0, 0x0, 0x9, 0xf3, 0xbf, 0x0, 0x0,
    0x8, 0xf4, 0xbf, 0x0, 0x0, 0x9, 0xf3, 0xbf,
    0x10, 0x0, 0xc, 0xf0, 0xbf, 0x80, 0x0, 0x3f,
    0xa0, 0xbf, 0xf9, 0x46, 0xed, 0x10, 0xbf, 0x3c,
    0xfe, 0x91, 0x0,

    /* U+0063 "c" */
    0x0, 0x18, 0xdf, 0xd8, 0x0, 0x1, 0xdf, 0xc8,
    0xbf, 0xc0, 0x9, 0xf7, 0x0, 0x9, 0xf5, 0xe,
    0xe0, 0x0, 0x1, 0x83, 0x2f, 0xa0, 0x0, 0x0,
    0x0, 0x3f, 0x90, 0x0, 0x0, 0x0, 0x2f, 0xa0,
    0x0, 0x0, 0x0, 0xf, 0xd0, 0x0, 0x1, 0xfa,
    0x9, 0xf6, 0x0, 0x8, 0xf5, 0x1, 0xdf, 0xb8,
    0xbf, 0xb0, 0x0, 0x19, 0xef, 0xe8, 0x0,

    /* U+0064 "d" */
    0x0, 0x0, 0x0, 0x1, 0xfa, 0x0, 0x0, 0x0,
    0x1, 0xfa, 0x0, 0x0, 0x0, 0x1, 0xfa, 0x0,
    0x0, 0x0, 0x1, 0xfa, 0x0, 0x2a, 0xef, 0xa2,
    0xfa, 0x2, 0xef, 0xb9, 0xde, 0xfa, 0xb, 0xf5,
    0x0, 0xc, 0xfa, 0xf, 0xc0, 0x0, 0x3, 0xfa,
    0x3f, 0x80, 0x0, 0x0, 0xfa, 0x4f, 0x80, 0x0,
    0x0, 0xfa, 0x3f, 0x90, 0x0, 0x0, 0xfa, 0xf,
    0xd0, 0x0, 0x3, 0xfa, 0xa, 0xf6, 0x0, 0xb,
    0xfa, 0x1, 0xef, 0xb8, 0xde, 0xfa, 0x0, 0x19,
    0xef, 0xb2, 0xfa,

    /* U+0065 "e" */
    0x0, 0x8, 0xdf, 0xe9, 0x10, 0x0, 0x1d, 0xfc,
    0x8a, 0xfd, 0x10, 0x9, 0xf7, 0x0, 0x4, 0xfa,
    0x0, 0xfe, 0x0, 0x0, 0xc, 0xf0, 0x2f, 0xd8,
    0x88, 0x88, 0xcf, 0x33, 0xff, 0xff, 0xff, 0xff,
    0xf4, 0x3f, 0xa0, 0x0, 0x0, 0x0, 0x0, 0xfd,
    0x0, 0x0, 0x6, 0x70, 0xa, 0xf8, 0x0, 0x3,
    0xfd, 0x0, 0x1d, 0xfc, 0x8a, 0xff, 0x30, 0x0,
    0x18, 0xdf, 0xea, 0x20, 0x0,

    /* U+0066 "f" */
    0x0, 0x5d, 0xfe, 0x20, 0x1f, 0xfb, 0xb0, 0x3,
    0xf9, 0x0, 0x0, 0x4f, 0x70, 0x0, 0xdf, 0xff,
    0xf8, 0x5, 0x9f, 0xb6, 0x30, 0x4, 0xf7, 0x0,
    0x0, 0x4f, 0x70, 0x0, 0x4, 0xf7, 0x0, 0x0,
    0x4f, 0x70, 0x0, 0x4, 0xf7, 0x0, 0x0, 0x4f,
    0x70, 0x0, 0x4, 0xf7, 0x0, 0x0, 0x4f, 0x70,
    0x0, 0x4, 0xf7, 0x0, 0x0,

    /* U+0067 "g" */
    0x0, 0x2a, 0xef, 0xb2, 0xdc, 0x2, 0xef, 0xb9,
    0xde, 0xec, 0xa, 0xf5, 0x0, 0xc, 0xfc, 0x1f,
    0xc0, 0x0, 0x3, 0xfc, 0x4f, 0x90, 0x0, 0x0,
    0xfc, 0x5f, 0x70, 0x0, 0x0, 0xec, 0x4f, 0x80,
    0x0, 0x0, 0xec, 0x1f, 0xb0, 0x0, 0x2, 0xfc,
    0xb, 0xf5, 0x0, 0xb, 0xfc, 0x2, 0xef, 0xb9,
    0xde, 0xfc, 0x0, 0x2b, 0xff, 0xb2, 0xfb, 0x2,
    0x0, 0x0, 0x1, 0xf9, 0xe, 0xd0, 0x0, 0x8,
    0xf5, 0x8, 0xfd, 0x98, 0xcf, 0xb0, 0x0, 0x6c,
    0xef, 0xd7, 0x0,

    /* U+0068 "h" */
    0xbf, 0x10, 0x0, 0x0, 0xb, 0xf1, 0x0, 0x0,
    0x0, 0xbf, 0x10, 0x0, 0x0, 0xb, 0xf1, 0x0,
    0x0, 0x0, 0xbf, 0x29, 0xef, 0xc4, 0xb, 0xfe,
    0xea, 0xbf, 0xf3, 0xbf, 0xc0, 0x0, 0x6f, 0x9b,
    0xf4, 0x0, 0x1, 0xfb, 0xbf, 0x10, 0x0, 0xf,
    0xcb, 0xf1, 0x0, 0x0, 0xfc, 0xbf, 0x10, 0x0,
    0xf, 0xcb, 0xf1, 0x0, 0x0, 0xfc, 0xbf, 0x10,
    0x0, 0xf, 0xcb, 0xf1, 0x0, 0x0, 0xfc, 0xbf,
    0x10, 0x0, 0xf, 0xc0,

    /* U+0069 "i" */
    0xaf, 0x1a, 0xf1, 0x11, 0x0, 0x0, 0xaf, 0x1a,
    0xf1, 0xaf, 0x1a, 0xf1, 0xaf, 0x1a, 0xf1, 0xaf,
    0x1a, 0xf1, 0xaf, 0x1a, 0xf1, 0xaf, 0x10,

    /* U+006A "j" */
    0x0, 0xbf, 0x10, 0xb, 0xf1, 0x0, 0x11, 0x0,
    0x0, 0x0, 0x0, 0xbf, 0x10, 0xb, 0xf1, 0x0,
    0xbf, 0x10, 0xb, 0xf1, 0x0, 0xbf, 0x10, 0xb,
    0xf1, 0x0, 0xbf, 0x10, 0xb, 0xf1, 0x0, 0xbf,
    0x10, 0xb, 0xf1, 0x0, 0xbf, 0x10, 0xb, 0xf0,
    0x0, 0xcf, 0x7, 0xaf, 0xc0, 0xbf, 0xc2, 0x0,

    /* U+006B "k" */
    0xaf, 0x10, 0x0, 0x0, 0xa, 0xf1, 0x0, 0x0,
    0x0, 0xaf, 0x10, 0x0, 0x0, 0xa, 0xf1, 0x0,
    0x0, 0x0, 0xaf, 0x10, 0x3, 0xfe, 0x2a, 0xf1,
    0x3, 0xfe, 0x20, 0xaf, 0x12, 0xee, 0x20, 0xa,
    0xf3, 0xee, 0x30, 0x0, 0xaf, 0xef, 0xd0, 0x0,
    0xa, 0xff, 0xbf, 0x70, 0x0, 0xaf, 0x41, 0xef,
    0x20, 0xa, 0xf1, 0x6, 0xfb, 0x0, 0xaf, 0x10,
    0xc, 0xf5, 0xa, 0xf1, 0x0, 0x2f, 0xe1, 0xaf,
    0x10, 0x0, 0x8f, 0x90,

    /* U+006C "l" */
    0xbf, 0xb, 0xf0, 0xbf, 0xb, 0xf0, 0xbf, 0xb,
    0xf0, 0xbf, 0xb, 0xf0, 0xbf, 0xb, 0xf0, 0xbf,
    0xb, 0xf0, 0xbf, 0xb, 0xf0, 0xbf, 0x0,

    /* U+006D "m" */
    0xbe, 0x2a, 0xff, 0xb2, 0x19, 0xef, 0xb2, 0xb,
    0xfe, 0xa5, 0x9f, 0xdd, 0xb6, 0x8f, 0xd0, 0xbf,
    0x90, 0x0, 0xbf, 0xb0, 0x0, 0x9f, 0x3b, 0xf3,
    0x0, 0x8, 0xf5, 0x0, 0x6, 0xf5, 0xbf, 0x10,
    0x0, 0x8f, 0x40, 0x0, 0x6f, 0x6b, 0xf1, 0x0,
    0x8, 0xf3, 0x0, 0x6, 0xf6, 0xbf, 0x10, 0x0,
    0x8f, 0x30, 0x0, 0x6f, 0x6b, 0xf1, 0x0, 0x8,
    0xf3, 0x0, 0x6, 0xf6, 0xbf, 0x10, 0x0, 0x8f,
    0x30, 0x0, 0x6f, 0x6b, 0xf1, 0x0, 0x8, 0xf3,
    0x0, 0x6, 0xf6, 0xbf, 0x10, 0x0, 0x8f, 0x30,
    0x0, 0x6f, 0x60,

    /* U+006E "n" */
    0xbe, 0x2a, 0xef, 0xc4, 0xb, 0xfe, 0xb6, 0x7e,
    0xf3, 0xbf, 0x90, 0x0, 0x4f, 0x9b, 0xf3, 0x0,
    0x1, 0xfb, 0xbf, 0x10, 0x0, 0xf, 0xbb, 0xf1,
    0x0, 0x0, 0xfc, 0xbf, 0x10, 0x0, 0xf, 0xcb,
    0xf1, 0x0, 0x0, 0xfc, 0xbf, 0x10, 0x0, 0xf,
    0xcb, 0xf1, 0x0, 0x0, 0xfc, 0xbf, 0x10, 0x0,
    0xf, 0xc0,

    /* U+006F "o" */
    0x0, 0x19, 0xef, 0xe9, 0x10, 0x0, 0x1e, 0xfc,
    0x9b, 0xfe, 0x20, 0xb, 0xf6, 0x0, 0x6, 0xfb,
    0x1, 0xfc, 0x0, 0x0, 0xc, 0xf2, 0x4f, 0x80,
    0x0, 0x0, 0x8f, 0x44, 0xf7, 0x0, 0x0, 0x7,
    0xf5, 0x4f, 0x90, 0x0, 0x0, 0x8f, 0x41, 0xfd,
    0x0, 0x0, 0xc, 0xf1, 0xb, 0xf6, 0x0, 0x6,
    0xfc, 0x0, 0x2e, 0xfb, 0x8b, 0xfe, 0x20, 0x0,
    0x19, 0xef, 0xe9, 0x10, 0x0,

    /* U+0070 "p" */
    0xbe, 0x3b, 0xfe, 0xa2, 0x0, 0xbf, 0xfa, 0x35,
    0xee, 0x20, 0xbf, 0xa0, 0x0, 0x2f, 0xb0, 0xbf,
    0x30, 0x0, 0xb, 0xf1, 0xbf, 0x0, 0x0, 0x8,
    0xf3, 0xbe, 0x0, 0x0, 0x7, 0xf4, 0xbf, 0x0,
    0x0, 0x9, 0xf3, 0xbf, 0x30, 0x0, 0xc, 0xf0,
    0xbf, 0xb0, 0x0, 0x6f, 0xa0, 0xbf, 0xed, 0x8a,
    0xfd, 0x10, 0xbf, 0x2b, 0xfe, 0x91, 0x0, 0xbf,
    0x10, 0x0, 0x0, 0x0, 0xbf, 0x10, 0x0, 0x0,
    0x0, 0xbf, 0x10, 0x0, 0x0, 0x0, 0xbf, 0x10,
    0x0, 0x0, 0x0,

    /* U+0071 "q" */
    0x0, 0x2a, 0xef, 0xb1, 0xeb, 0x2, 0xef, 0x97,
    0xde, 0xeb, 0xb, 0xf5, 0x0, 0xc, 0xfb, 0x1f,
    0xc0, 0x0, 0x3, 0xfb, 0x3f, 0x90, 0x0, 0x0,
    0xfb, 0x4f, 0x80, 0x0, 0x0, 0xeb, 0x3f, 0xa0,
    0x0, 0x0, 0xfb, 0xf, 0xd0, 0x0, 0x3, 0xfb,
    0x9, 0xf6, 0x0, 0xb, 0xfb, 0x1, 0xdf, 0xb8,
    0xde, 0xfb, 0x0, 0x19, 0xef, 0xb3, 0xfb, 0x0,
    0x0, 0x0, 0x1, 0xfb, 0x0, 0x0, 0x0, 0x1,
    0xfb, 0x0, 0x0, 0x0, 0x1, 0xfb, 0x0, 0x0,
    0x0, 0x1, 0xfb,

    /* U+0072 "r" */
    0xbe, 0x3d, 0xfa, 0xbe, 0xec, 0xb8, 0xbf, 0xa0,
    0x0, 0xbf, 0x30, 0x0, 0xbf, 0x10, 0x0, 0xbf,
    0x10, 0x0, 0xbf, 0x10, 0x0, 0xbf, 0x10, 0x0,
    0xbf, 0x10, 0x0, 0xbf, 0x10, 0x0, 0xbf, 0x10,
    0x0,

    /* U+0073 "s" */
    0x0, 0x7d, 0xfe, 0xb4, 0x0, 0x8, 0xfc, 0x89,
    0xef, 0x40, 0xf, 0xb0, 0x0, 0x2f, 0xb0, 0xf,
    0xd1, 0x0, 0x2, 0x0, 0x9, 0xff, 0xb7, 0x20,
    0x0, 0x0, 0x6d, 0xff, 0xfd, 0x30, 0x0, 0x0,
    0x16, 0xbf, 0xe0, 0x28, 0x40, 0x0, 0xb, 0xf3,
    0x1f, 0xc0, 0x0, 0xc, 0xf1, 0x8, 0xfd, 0x98,
    0xdf, 0x80, 0x0, 0x6c, 0xef, 0xc6, 0x0,

    /* U+0074 "t" */
    0x0, 0x34, 0x0, 0x4, 0xf6, 0x0, 0x5, 0xf6,
    0x0, 0x5, 0xf6, 0x0, 0xaf, 0xff, 0xf2, 0x4a,
    0xfa, 0x61, 0x5, 0xf6, 0x0, 0x5, 0xf6, 0x0,
    0x5, 0xf6, 0x0, 0x5, 0xf6, 0x0, 0x5, 0xf6,
    0x0, 0x5, 0xf6, 0x0, 0x5, 0xf7, 0x0, 0x3,
    0xff, 0xb2, 0x0, 0x9f, 0xf4,

    /* U+0075 "u" */
    0xbf, 0x0, 0x0, 0x1f, 0xbb, 0xf0, 0x0, 0x1,
    0xfb, 0xbf, 0x0, 0x0, 0x1f, 0xbb, 0xf0, 0x0,
    0x1, 0xfb, 0xbf, 0x0, 0x0, 0x1f, 0xbb, 0xf0,
    0x0, 0x1, 0xfb, 0xbf, 0x0, 0x0, 0x1f, 0xbb,
    0xf1, 0x0, 0x4, 0xfb, 0x8f, 0x70, 0x0, 0xcf,
    0xb2, 0xff, 0xba, 0xec, 0xeb, 0x4, 0xcf, 0xe9,
    0x1e, 0xb0,

    /* U+0076 "v" */
    0x9f, 0x40, 0x0, 0x3, 0xf9, 0x3f, 0x90, 0x0,
    0x9, 0xf3, 0xd, 0xe0, 0x0, 0xe, 0xd0, 0x7,
    0xf4, 0x0, 0x3f, 0x80, 0x2, 0xfa, 0x0, 0x9f,
    0x20, 0x0, 0xcf, 0x0, 0xec, 0x0, 0x0, 0x6f,
    0x44, 0xf7, 0x0, 0x0, 0x1f, 0x99, 0xf1, 0x0,
    0x0, 0xb, 0xee, 0xb0, 0x0, 0x0, 0x5, 0xff,
    0x60, 0x0, 0x0, 0x0, 0xff, 0x0, 0x0,

    /* U+0077 "w" */
    0xcf, 0x0, 0x0, 0xcf, 0x40, 0x0, 0x9f, 0x28,
    0xf4, 0x0, 0x1f, 0xf8, 0x0, 0xd, 0xd0, 0x3f,
    0x80, 0x5, 0xff, 0xb0, 0x1, 0xf8, 0x0, 0xec,
    0x0, 0x9e, 0xaf, 0x0, 0x6f, 0x40, 0xa, 0xf0,
    0xd, 0xa6, 0xf3, 0xa, 0xf0, 0x0, 0x5f, 0x41,
    0xf6, 0x2f, 0x70, 0xfa, 0x0, 0x1, 0xf9, 0x5f,
    0x20, 0xeb, 0x3f, 0x50, 0x0, 0xc, 0xd9, 0xe0,
    0xa, 0xf8, 0xf1, 0x0, 0x0, 0x7f, 0xea, 0x0,
    0x6f, 0xfc, 0x0, 0x0, 0x3, 0xff, 0x60, 0x2,
    0xff, 0x70, 0x0, 0x0, 0xe, 0xf2, 0x0, 0xe,
    0xf3, 0x0, 0x0,

    /* U+0078 "x" */
    0x3f, 0xe0, 0x0, 0xd, 0xf3, 0x9, 0xf8, 0x0,
    0x8f, 0x80, 0x0, 0xdf, 0x23, 0xfd, 0x0, 0x0,
    0x4f, 0xcd, 0xf2, 0x0, 0x0, 0x9, 0xff, 0x70,
    0x0, 0x0, 0x4, 0xff, 0x30, 0x0, 0x0, 0xd,
    0xff, 0xd0, 0x0, 0x0, 0x8f, 0x77, 0xf8, 0x0,
    0x3, 0xfd, 0x0, 0xdf, 0x30, 0xd, 0xf3, 0x0,
    0x3f, 0xd0, 0x8f, 0x90, 0x0, 0x9, 0xf8,

    /* U+0079 "y" */
    0x7f, 0x60, 0x0, 0x1, 0xfa, 0x2f, 0xb0, 0x0,
    0x7, 0xf4, 0xc, 0xf1, 0x0, 0xd, 0xe0, 0x6,
    0xf7, 0x0, 0x3f, 0x80, 0x0, 0xfc, 0x0, 0x8f,
    0x30, 0x0, 0xaf, 0x20, 0xed, 0x0, 0x0, 0x4f,
    0x73, 0xf7, 0x0, 0x0, 0xe, 0xc8, 0xf1, 0x0,
    0x0, 0x8, 0xfe, 0xb0, 0x0, 0x0, 0x2, 0xff,
    0x50, 0x0, 0x0, 0x0, 0xdf, 0x0, 0x0, 0x0,
    0x0, 0xfa, 0x0, 0x0, 0x0, 0x8, 0xf3, 0x0,
    0x0, 0xc, 0xdf, 0xb0, 0x0, 0x0, 0xb, 0xfb,
    0x10, 0x0, 0x0,

    /* U+007A "z" */
    0x3f, 0xff, 0xff, 0xff, 0xf4, 0x17, 0x77, 0x77,
    0x9f, 0xe1, 0x0, 0x0, 0x0, 0xdf, 0x30, 0x0,
    0x0, 0xa, 0xf6, 0x0, 0x0, 0x0, 0x8f, 0xa0,
    0x0, 0x0, 0x5, 0xfc, 0x0, 0x0, 0x0, 0x2f,
    0xe1, 0x0, 0x0, 0x1, 0xdf, 0x40, 0x0, 0x0,
    0xb, 0xf6, 0x0, 0x0, 0x0, 0x7f, 0xe8, 0x89,
    0x99, 0x95, 0x9f, 0xff, 0xff, 0xff, 0xf9,

    /* U+007B "{" */
    0x0, 0x5, 0xef, 0x30, 0x1, 0xfe, 0xa2, 0x0,
    0x5f, 0x50, 0x0, 0x6, 0xf3, 0x0, 0x0, 0x6f,
    0x30, 0x0, 0x7, 0xf3, 0x0, 0x0, 0x8f, 0x20,
    0x0, 0xd, 0xd0, 0x0, 0x4e, 0xe3, 0x0, 0x7,
    0xfa, 0x0, 0x0, 0x4, 0xfa, 0x0, 0x0, 0xa,
    0xf0, 0x0, 0x0, 0x7f, 0x20, 0x0, 0x6, 0xf3,
    0x0, 0x0, 0x6f, 0x30, 0x0, 0x6, 0xf3, 0x0,
    0x0, 0x5f, 0x50, 0x0, 0x1, 0xfe, 0x92, 0x0,
    0x5, 0xef, 0x30,

    /* U+007C "|" */
    0x2f, 0x62, 0xf6, 0x2f, 0x62, 0xf6, 0x2f, 0x62,
    0xf6, 0x2f, 0x62, 0xf6, 0x2f, 0x62, 0xf6, 0x2f,
    0x62, 0xf6, 0x2f, 0x62, 0xf6, 0x2f, 0x62, 0xf6,
    0x2f, 0x62, 0xf6, 0x2f, 0x60,

    /* U+007D "}" */
    0x8f, 0xc2, 0x0, 0x5, 0xbf, 0xc0, 0x0, 0x0,
    0xaf, 0x0, 0x0, 0x9, 0xf0, 0x0, 0x0, 0x9f,
    0x10, 0x0, 0x8, 0xf1, 0x0, 0x0, 0x7f, 0x30,
    0x0, 0x3, 0xf8, 0x0, 0x0, 0x7, 0xfc, 0x10,
    0x0, 0x3d, 0xf1, 0x0, 0xe, 0xc2, 0x0, 0x5,
    0xf4, 0x0, 0x0, 0x8f, 0x20, 0x0, 0x8, 0xf1,
    0x0, 0x0, 0x8f, 0x10, 0x0, 0x9, 0xf0, 0x0,
    0x0, 0xbf, 0x0, 0x5, 0xbf, 0xb0, 0x0, 0x8f,
    0xb1, 0x0, 0x0,

    /* U+007E "~" */
    0x0, 0x0, 0x0, 0x0, 0x0, 0x0, 0x6d, 0xfe,
    0xa5, 0x0, 0x3a, 0x2f, 0xff, 0xff, 0xff, 0xff,
    0xd2, 0x91, 0x1, 0x6b, 0xff, 0xc4, 0x0, 0x0,
    0x0, 0x0, 0x0, 0x0,

    /* U+00AB "«" */
    0x0, 0x2, 0x30, 0x3, 0x20, 0x1, 0xf7, 0x4,
    0xf4, 0x0, 0xbe, 0x0, 0xeb, 0x0, 0x6f, 0x50,
    0x9f, 0x20, 0x2f, 0xc0, 0x4f, 0x90, 0x8, 0xf7,
    0xa, 0xf3, 0x0, 0xe, 0xe0, 0x2f, 0xb0, 0x0,
    0x4f, 0x70, 0x7f, 0x40, 0x0, 0x9f, 0x10, 0xcd,
    0x0, 0x0, 0xd9, 0x2, 0xf6,

    /* U+00B0 "°" */
    0x6, 0xdd, 0x50, 0x4e, 0x44, 0xe3, 0xa6, 0x0,
    0x89, 0xa6, 0x0, 0x79, 0x6d, 0x11, 0xd4, 0x9,
    0xff, 0x80, 0x0, 0x0, 0x0,

    /* U+00BB "»" */
    0x23, 0x0, 0x22, 0x0, 0x3, 0xf5, 0x6, 0xf2,
    0x0, 0xa, 0xe1, 0xd, 0xc0, 0x0, 0x2f, 0xa0,
    0x5f, 0x70, 0x0, 0x8f, 0x50, 0xcf, 0x20, 0x3,
    0xfb, 0x6, 0xf8, 0x0, 0xaf, 0x30, 0xde, 0x10,
    0x3f, 0x80, 0x7f, 0x50, 0xc, 0xd0, 0x1e, 0xa0,
    0x5, 0xf3, 0x8, 0xe1, 0x0,

    /* U+0400 "Ѐ" */
    0x0, 0x1, 0xcd, 0x20, 0x0, 0x0, 0x0, 0x0,
    0x4f, 0x90, 0x0, 0x0, 0x0, 0x0, 0x8, 0xf1,
    0x0, 0x0, 0x0, 0x0, 0x0, 0x0, 0x0, 0x0,
    0x6f, 0xff, 0xff, 0xff, 0xff, 0xf0, 0x6f, 0xdc,
    0xcc, 0xcc, 0xcc, 0xb0, 0x6f, 0x70, 0x0, 0x0,
    0x0, 0x0, 0x6f, 0x70, 0x0, 0x0, 0x0, 0x0,
    0x6f, 0x70, 0x0, 0x0, 0x0, 0x0, 0x6f, 0x70,
    0x0, 0x0, 0x0, 0x0, 0x6f, 0xdc, 0xcc, 0xcc,
    0xcc, 0x40, 0x6f, 0xff, 0xff, 0xff, 0xff, 0x60,
    0x6f, 0x70, 0x0, 0x0, 0x0, 0x0, 0x6f, 0x70,
    0x0, 0x0, 0x0, 0x0, 0x6f, 0x70, 0x0, 0x0,
    0x0, 0x0, 0x6f, 0x70, 0x0, 0x0, 0x0, 0x0,
    0x6f, 0x70, 0x0, 0x0, 0x0, 0x0, 0x6f, 0xdc,
    0xcc, 0xcc, 0xcc, 0xc3, 0x6f, 0xff, 0xff, 0xff,
    0xff, 0xf4,

    /* U+0401 "Ё" */
    0x0, 0xf, 0xd0, 0x5f, 0x80, 0x0, 0x0, 0xf,
    0xd0, 0x5f, 0x80, 0x0, 0x0, 0x1, 0x10, 0x1,
    0x0, 0x0, 0x6f, 0xff, 0xff, 0xff, 0xff, 0xf0,
    0x6f, 0xdc, 0xcc, 0xcc, 0xcc, 0xb0, 0x6f, 0x70,
    0x0, 0x0, 0x0, 0x0, 0x6f, 0x70, 0x0, 0x0,
    0x0, 0x0, 0x6f, 0x70, 0x0, 0x0, 0x0, 0x0,
    0x6f, 0x70, 0x0, 0x0, 0x0, 0x0, 0x6f, 0xdc,
    0xcc, 0xcc, 0xcc, 0x40, 0x6f, 0xff, 0xff, 0xff,
    0xff, 0x60, 0x6f, 0x70, 0x0, 0x0, 0x0, 0x0,
    0x6f, 0x70, 0x0, 0x0, 0x0, 0x0, 0x6f, 0x70,
    0x0, 0x0, 0x0, 0x0, 0x6f, 0x70, 0x0, 0x0,
    0x0, 0x0, 0x6f, 0x70, 0x0, 0x0, 0x0, 0x0,
    0x6f, 0xdc, 0xcc, 0xcc, 0xcc, 0xc3, 0x6f, 0xff,
    0xff, 0xff, 0xff, 0xf4,

    /* U+0402 "Ђ" */
    0x8f, 0xff, 0xff, 0xff, 0xff, 0xfe, 0x0, 0x0,
    0x6, 0xcc, 0xcc, 0xff, 0xcc, 0xcc, 0xb0, 0x0,
    0x0, 0x0, 0x0, 0xc, 0xf2, 0x0, 0x0, 0x0,
    0x0, 0x0, 0x0, 0x0, 0xcf, 0x20, 0x0, 0x0,
    0x0, 0x0, 0x0, 0x0, 0xc, 0xf2, 0x0, 0x0,
    0x0, 0x0, 0x0, 0x0, 0x0, 0xcf, 0x21, 0x58,
    0x98, 0x40, 0x0, 0x0, 0x0, 0xc, 0xfc, 0xff,
    0xff, 0xff, 0xb0, 0x0, 0x0, 0x0, 0xcf, 0xd7,
    0x31, 0x14, 0xcf, 0xa0, 0x0, 0x0, 0xc, 0xf2,
    0x0, 0x0, 0x0, 0xef, 0x20, 0x0, 0x0, 0xcf,
    0x20, 0x0, 0x0, 0x9, 0xf6, 0x0, 0x0, 0xc,
    0xf2, 0x0, 0x0, 0x0, 0x7f, 0x70, 0x0, 0x0,
    0xcf, 0x20, 0x0, 0x0, 0xa, 0xf5, 0x0, 0x0,
    0xc, 0xf2, 0x0, 0x0, 0x4, 0xfe, 0x0, 0x0,
    0x0, 0xcf, 0x20, 0xc, 0xac, 0xff, 0x50, 0x0,
    0x0, 0xc, 0xf2, 0x2, 0xff, 0xfc, 0x40, 0x0,

    /* U+0403 "Ѓ" */
    0x0, 0x0, 0x3d, 0xb0, 0x0, 0x0, 0x0, 0xbf,
    0x30, 0x0, 0x0, 0x2, 0xf7, 0x0, 0x0, 0x0,
    0x0, 0x0, 0x0, 0x0, 0x6f, 0xff, 0xff, 0xff,
    0xfd, 0x6f, 0xdc, 0xcc, 0xcc, 0xc9, 0x6f, 0x70,
    0x0, 0x0, 0x0, 0x6f, 0x70, 0x0, 0x0, 0x0,
    0x6f, 0x70, 0x0, 0x0, 0x0, 0x6f, 0x70, 0x0,
    0x0, 0x0, 0x6f, 0x70, 0x0, 0x0, 0x0, 0x6f,
    0x70, 0x0, 0x0, 0x0, 0x6f, 0x70, 0x0, 0x0,
    0x0, 0x6f, 0x70, 0x0, 0x0, 0x0, 0x6f, 0x70,
    0x0, 0x0, 0x0, 0x6f, 0x70, 0x0, 0x0, 0x0,
    0x6f, 0x70, 0x0, 0x0, 0x0, 0x6f, 0x70, 0x0,
    0x0, 0x0, 0x6f, 0x70, 0x0, 0x0, 0x0,

    /* U+0404 "Є" */
    0x0, 0x0, 0x3a, 0xef, 0xfc, 0x60, 0x0, 0x0,
    0x6, 0xff, 0xdb, 0xdf, 0xfc, 0x0, 0x0, 0x6f,
    0xd3, 0x0, 0x1, 0xbf, 0xb0, 0x1, 0xfe, 0x10,
    0x0, 0x0, 0xd, 0xf2, 0x6, 0xf7, 0x0, 0x0,
    0x0, 0x4, 0x61, 0xb, 0xf3, 0x0, 0x0, 0x0,
    0x0, 0x0, 0xd, 0xfc, 0xcc, 0xcc, 0x40, 0x0,
    0x0, 0xe, 0xff, 0xff, 0xff, 0x60, 0x0, 0x0,
    0xe, 0xf1, 0x0, 0x0, 0x0, 0x0, 0x0, 0xb,
    0xf4, 0x0, 0x0, 0x0, 0x1, 0x30, 0x8, 0xf8,
    0x0, 0x0, 0x0, 0x7, 0xf8, 0x2, 0xff, 0x20,
    0x0, 0x0, 0x1e, 0xf2, 0x0, 0x8f, 0xd2, 0x0,
    0x2, 0xcf, 0xa0, 0x0, 0xa, 0xff, 0xca, 0xcf,
    0xfc, 0x0, 0x0, 0x0, 0x4b, 0xef, 0xfc, 0x60,
    0x0,

    /* U+0405 "Ѕ" */
    0x0, 0x4, 0xbe, 0xfe, 0xb5, 0x0, 0x0, 0x8,
    0xff, 0xdc, 0xdf, 0xfa, 0x0, 0x3, 0xfd, 0x20,
    0x0, 0x2d, 0xf5, 0x0, 0x7f, 0x50, 0x0, 0x0,
    0x3f, 0xb0, 0x7, 0xf6, 0x0, 0x0, 0x0, 0x75,
    0x0, 0x2f, 0xf7, 0x10, 0x0, 0x0, 0x0, 0x0,
    0x6f, 0xff, 0xd9, 0x50, 0x0, 0x0, 0x0, 0x28,
    0xdf, 0xff, 0xf7, 0x0, 0x0, 0x0, 0x0, 0x15,
    0xaf, 0xf9, 0x0, 0x0, 0x0, 0x0, 0x0, 0x2e,
    0xf1, 0xf, 0xc0, 0x0, 0x0, 0x0, 0x9f, 0x40,
    0xdf, 0x30, 0x0, 0x0, 0xb, 0xf2, 0x6, 0xfe,
    0x50, 0x0, 0x7, 0xfc, 0x0, 0x9, 0xff, 0xec,
    0xcf, 0xfe, 0x20, 0x0, 0x4, 0xad, 0xff, 0xd8,
    0x10, 0x0,

    /* U+0406 "І" */
    0x2f, 0xc2, 0xfc, 0x2f, 0xc2, 0xfc, 0x2f, 0xc2,
    0xfc, 0x2f, 0xc2, 0xfc, 0x2f, 0xc2, 0xfc, 0x2f,
    0xc2, 0xfc, 0x2f, 0xc2, 0xfc, 0x2f, 0xc0,

    /* U+0407 "Ї" */
    0xfe, 0x5, 0xf8, 0xfe, 0x5, 0xf8, 0x11, 0x0,
    0x10, 0x2, 0xfc, 0x0, 0x2, 0xfc, 0x0, 0x2,
    0xfc, 0x0, 0x2, 0xfc, 0x0, 0x2, 0xfc, 0x0,
    0x2, 0xfc, 0x0, 0x2, 0xfc, 0x0, 0x2, 0xfc,
    0x0, 0x2, 0xfc, 0x0, 0x2, 0xfc, 0x0, 0x2,
    0xfc, 0x0, 0x2, 0xfc, 0x0, 0x2, 0xfc, 0x0,
    0x2, 0xfc, 0x0, 0x2, 0xfc, 0x0,

    /* U+0408 "Ј" */
    0x0, 0x0, 0x0, 0x7f, 0x70, 0x0, 0x0, 0x7,
    0xf7, 0x0, 0x0, 0x0, 0x7f, 0x70, 0x0, 0x0,
    0x7, 0xf7, 0x0, 0x0, 0x0, 0x7f, 0x70, 0x0,
    0x0, 0x7, 0xf7, 0x0, 0x0, 0x0, 0x7f, 0x70,
    0x0, 0x0, 0x7, 0xf7, 0x0, 0x0, 0x0, 0x7f,
    0x70, 0x0, 0x0, 0x7, 0xf7, 0x39, 0x30, 0x0,
    0x7f, 0x65, 0xf6, 0x0, 0x8, 0xf5, 0x2f, 0xd1,
    0x1, 0xef, 0x20, 0xbf, 0xec, 0xff, 0xa0, 0x0,
    0x9e, 0xfd, 0x70, 0x0,

    /* U+0409 "Љ" */
    0x0, 0x7f, 0xff, 0xff, 0xff, 0xf8, 0x0, 0x0,
    0x0, 0x0, 0x0, 0x7, 0xfd, 0xcc, 0xcc, 0xdf,
    0x80, 0x0, 0x0, 0x0, 0x0, 0x0, 0x7f, 0x70,
    0x0, 0x6, 0xf8, 0x0, 0x0, 0x0, 0x0, 0x0,
    0x7, 0xf7, 0x0, 0x0, 0x6f, 0x80, 0x0, 0x0,
    0x0, 0x0, 0x0, 0x7f, 0x70, 0x0, 0x6, 0xf8,
    0x0, 0x0, 0x0, 0x0, 0x0, 0x7, 0xf7, 0x0,
    0x0, 0x6f, 0x80, 0x0, 0x0, 0x0, 0x0, 0x0,
    0x7f, 0x70, 0x0, 0x6, 0xfd, 0xbb, 0xaa, 0x96,
    0x10, 0x0, 0x7, 0xf7, 0x0, 0x0, 0x6f, 0xff,
    0xff, 0xff, 0xfe, 0x30, 0x0, 0x7f, 0x70, 0x0,
    0x6, 0xf8, 0x0, 0x0, 0x3a, 0xfd, 0x0, 0x7,
    0xf6, 0x0, 0x0, 0x6f, 0x80, 0x0, 0x0, 0xe,
    0xf4, 0x0, 0x7f, 0x60, 0x0, 0x6, 0xf8, 0x0,
    0x0, 0x0, 0xaf, 0x60, 0x7, 0xf5, 0x0, 0x0,
    0x6f, 0x80, 0x0, 0x0, 0xb, 0xf4, 0x0, 0xaf,
    0x30, 0x0, 0x6, 0xf8, 0x0, 0x0, 0x3, 0xfe,
    0x6, 0x9f, 0xe0, 0x0, 0x0, 0x6f, 0xc8, 0x88,
    0x8a, 0xff, 0x60, 0xcf, 0xd3, 0x0, 0x0, 0x6,
    0xff, 0xff, 0xff, 0xeb, 0x50, 0x0,

    /* U+040A "Њ" */
    0x6f, 0x80, 0x0, 0x5, 0xf9, 0x0, 0x0, 0x0,
    0x0, 0x6, 0xf8, 0x0, 0x0, 0x5f, 0x90, 0x0,
    0x0, 0x0, 0x0, 0x6f, 0x80, 0x0, 0x5, 0xf9,
    0x0, 0x0, 0x0, 0x0, 0x6, 0xf8, 0x0, 0x0,
    0x5f, 0x90, 0x0, 0x0, 0x0, 0x0, 0x6f, 0x80,
    0x0, 0x5, 0xf9, 0x0, 0x0, 0x0, 0x0, 0x6,
    0xf8, 0x0, 0x0, 0x5f, 0x90, 0x0, 0x0, 0x0,
    0x0, 0x6f, 0xdb, 0xbb, 0xbc, 0xfd, 0xbb, 0xaa,
    0x96, 0x10, 0x6, 0xff, 0xff, 0xff, 0xff, 0xff,
    0xff, 0xff, 0xff, 0x30, 0x6f, 0x80, 0x0, 0x5,
    0xf9, 0x0, 0x0, 0x29, 0xfe, 0x6, 0xf8, 0x0,
    0x0, 0x5f, 0x90, 0x0, 0x0, 0xc, 0xf5, 0x6f,
    0x80, 0x0, 0x5, 0xf9, 0x0, 0x0, 0x0, 0x9f,
    0x66, 0xf8, 0x0, 0x0, 0x5f, 0x90, 0x0, 0x0,
    0xb, 0xf5, 0x6f, 0x80, 0x0, 0x5, 0xf9, 0x0,
    0x0, 0x3, 0xff, 0x16, 0xf8, 0x0, 0x0, 0x5f,
    0xda, 0xaa, 0xbc, 0xff, 0x70, 0x6f, 0x80, 0x0,
    0x5, 0xff, 0xff, 0xff, 0xec, 0x50, 0x0,

    /* U+040B "Ћ" */
    0x8f, 0xff, 0xff, 0xff, 0xff, 0xff, 0x0, 0x0,
    0x6, 0xcc, 0xcc, 0xef, 0xcc, 0xcc, 0xb0, 0x0,
    0x0, 0x0, 0x0, 0xb, 0xf2, 0x0, 0x0, 0x0,
    0x0, 0x0, 0x0, 0x0, 0xbf, 0x20, 0x0, 0x0,
    0x0, 0x0, 0x0, 0x0, 0xb, 0xf2, 0x0, 0x0,
    0x0, 0x0, 0x0, 0x0, 0x0, 0xbf, 0x22, 0x69,
    0xa8, 0x40, 0x0, 0x0, 0x0, 0xb, 0xfe, 0xff,
    0xff, 0xff, 0xb0, 0x0, 0x0, 0x0, 0xbf, 0xd8,
    0x31, 0x3, 0xdf, 0x80, 0x0, 0x0, 0xb, 0xf2,
    0x0, 0x0, 0x2, 0xfe, 0x0, 0x0, 0x0, 0xbf,
    0x20, 0x0, 0x0, 0xd, 0xf1, 0x0, 0x0, 0xb,
    0xf2, 0x0, 0x0, 0x0, 0xbf, 0x20, 0x0, 0x0,
    0xbf, 0x20, 0x0, 0x0, 0xb, 0xf2, 0x0, 0x0,
    0xb, 0xf2, 0x0, 0x0, 0x0, 0xbf, 0x20, 0x0,
    0x0, 0xbf, 0x20, 0x0, 0x0, 0xb, 0xf2, 0x0,
    0x0, 0xb, 0xf2, 0x0, 0x0, 0x0, 0xbf, 0x20,

    /* U+040C "Ќ" */
    0x0, 0x0, 0xa, 0xd5, 0x0, 0x0, 0x0, 0x3,
    0xfb, 0x0, 0x0, 0x0, 0x0, 0xae, 0x10, 0x0,
    0x0, 0x0, 0x0, 0x0, 0x0, 0x0, 0x6f, 0x70,
    0x0, 0x6, 0xdf, 0x76, 0xf7, 0x0, 0x5, 0xff,
    0xb5, 0x6f, 0x70, 0x0, 0xdf, 0x20, 0x6, 0xf7,
    0x0, 0x4f, 0x90, 0x0, 0x6f, 0x70, 0xb, 0xf3,
    0x0, 0x6, 0xf7, 0x2, 0xfd, 0x0, 0x0, 0x6f,
    0x84, 0xdf, 0x40, 0x0, 0x6, 0xff, 0xff, 0x50,
    0x0, 0x0, 0x6f, 0xa8, 0xff, 0x40, 0x0, 0x6,
    0xf7, 0x4, 0xff, 0x20, 0x0, 0x6f, 0x70, 0x8,
    0xfc, 0x0, 0x6, 0xf7, 0x0, 0xe, 0xf6, 0x0,
    0x6f, 0x70, 0x0, 0x4f, 0xf1, 0x6, 0xf7, 0x0,
    0x0, 0xbf, 0xa0, 0x6f, 0x70, 0x0, 0x1, 0xff,
    0x40,

    /* U+040D "Ѝ" */
    0x0, 0x3, 0xdc, 0x0, 0x0, 0x0, 0x0, 0x0,
    0x9f, 0x50, 0x0, 0x0, 0x0, 0x0, 0xc, 0xc0,
    0x0, 0x0, 0x0, 0x0, 0x0, 0x0, 0x0, 0x0,
    0x6f, 0x40, 0x0, 0x0, 0x6, 0xfd, 0x6f, 0x40,
    0x0, 0x0, 0x1f, 0xfd, 0x6f, 0x40, 0x0, 0x0,
    0xbf, 0xfd, 0x6f, 0x40, 0x0, 0x5, 0xfd, 0xed,
    0x6f, 0x40, 0x0, 0x1e, 0xf3, 0xed, 0x6f, 0x40,
    0x0, 0x9f, 0x90, 0xed, 0x6f, 0x40, 0x4, 0xfe,
    0x0, 0xed, 0x6f, 0x40, 0xd, 0xf4, 0x0, 0xed,
    0x6f, 0x40, 0x8f, 0xa0, 0x0, 0xed, 0x6f, 0x43,
    0xfe, 0x10, 0x0, 0xed, 0x6f, 0x5c, 0xf5, 0x0,
    0x0, 0xed, 0x6f, 0xcf, 0xb0, 0x0, 0x0, 0xed,
    0x6f, 0xff, 0x10, 0x0, 0x0, 0xed, 0x6f, 0xf6,
    0x0, 0x0, 0x0, 0xed, 0x6f, 0xc0, 0x0, 0x0,
    0x0, 0xed,

    /* U+040E "Ў" */
    0x0, 0x0, 0x71, 0x0, 0x45, 0x0, 0x0, 0x0,
    0xc, 0xa1, 0x2e, 0x60, 0x0, 0x0, 0x0, 0x3e,
    0xff, 0xa0, 0x0, 0x0, 0x0, 0x0, 0x2, 0x10,
    0x0, 0x0, 0xaf, 0x40, 0x0, 0x0, 0x0, 0x7f,
    0x62, 0xfc, 0x0, 0x0, 0x0, 0xe, 0xe0, 0x9,
    0xf4, 0x0, 0x0, 0x5, 0xf7, 0x0, 0x1f, 0xc0,
    0x0, 0x0, 0xcf, 0x10, 0x0, 0x8f, 0x50, 0x0,
    0x4f, 0x80, 0x0, 0x0, 0xed, 0x0, 0xb, 0xf1,
    0x0, 0x0, 0x6, 0xf5, 0x2, 0xf9, 0x0, 0x0,
    0x0, 0xd, 0xd0, 0x9f, 0x20, 0x0, 0x0, 0x0,
    0x5f, 0x7f, 0xa0, 0x0, 0x0, 0x0, 0x0, 0xdf,
    0xf3, 0x0, 0x0, 0x0, 0x0, 0x4, 0xfc, 0x0,
    0x0, 0x0, 0x0, 0x0, 0x5f, 0x40, 0x0, 0x0,
    0x0, 0x0, 0xd, 0xc0, 0x0, 0x0, 0x0, 0xd,
    0x9d, 0xf3, 0x0, 0x0, 0x0, 0x0, 0xcf, 0xe5,
    0x0, 0x0, 0x0, 0x0,

    /* U+040F "Џ" */
    0x7f, 0x70, 0x0, 0x0, 0x1, 0xfd, 0x7f, 0x70,
    0x0, 0x0, 0x1, 0xfd, 0x7f, 0x70, 0x0, 0x0,
    0x1, 0xfd, 0x7f, 0x70, 0x0, 0x0, 0x1, 0xfd,
    0x7f, 0x70, 0x0, 0x0, 0x1, 0xfd, 0x7f, 0x70,
    0x0, 0x0, 0x1, 0xfd, 0x7f, 0x70, 0x0, 0x0,
    0x1, 0xfd, 0x7f, 0x70, 0x0, 0x0, 0x1, 0xfd,
    0x7f, 0x70, 0x0, 0x0, 0x1, 0xfd, 0x7f, 0x70,
    0x0, 0x0, 0x1, 0xfd, 0x7f, 0x70, 0x0, 0x0,
    0x1, 0xfd, 0x7f, 0x70, 0x0, 0x0, 0x1, 0xfd,
    0x7f, 0x70, 0x0, 0x0, 0x1, 0xfd, 0x7f, 0xdc,
    0xcc, 0xcc, 0xcc, 0xfd, 0x7f, 0xff, 0xff, 0xff,
    0xff, 0xfd, 0x0, 0x0, 0xa, 0xf0, 0x0, 0x0,
    0x0, 0x0, 0xa, 0xf0, 0x0, 0x0, 0x0, 0x0,
    0xa, 0xf0, 0x0, 0x0, 0x0, 0x0, 0xa, 0xf0,
    0x0, 0x0,

    /* U+0410 "А" */
    0x0, 0x0, 0x0, 0xbf, 0xb0, 0x0, 0x0, 0x0,
    0x0, 0x0, 0x1f, 0xff, 0x10, 0x0, 0x0, 0x0,
    0x0, 0x7, 0xf7, 0xf7, 0x0, 0x0, 0x0, 0x0,
    0x0, 0xde, 0xf, 0xd0, 0x0, 0x0, 0x0, 0x0,
    0x2f, 0xa0, 0xaf, 0x40, 0x0, 0x0, 0x0, 0x8,
    0xf5, 0x4, 0xfa, 0x0, 0x0, 0x0, 0x0, 0xef,
    0x0, 0xe, 0xf1, 0x0, 0x0, 0x0, 0x4f, 0xa0,
    0x0, 0x9f, 0x70, 0x0, 0x0, 0xa, 0xf4, 0x0,
    0x3, 0xfd, 0x0, 0x0, 0x0, 0xff, 0xff, 0xff,
    0xff, 0xf3, 0x0, 0x0, 0x6f, 0xc9, 0x99, 0x99,
    0xbf, 0x90, 0x0, 0xc, 0xf3, 0x0, 0x0, 0x1,
    0xff, 0x0, 0x1, 0xfd, 0x0, 0x0, 0x0, 0xb,
    0xf6, 0x0, 0x7f, 0x80, 0x0, 0x0, 0x0, 0x5f,
    0xc0, 0xd, 0xf2, 0x0, 0x0, 0x0, 0x0, 0xef,
    0x20,

    /* U+0411 "Б" */
    0x6f, 0xff, 0xff, 0xff, 0xfe, 0x0, 0x6f, 0xec,
    0xcc, 0xcc, 0xcb, 0x0, 0x6f, 0x80, 0x0, 0x0,
    0x0, 0x0, 0x6f, 0x80, 0x0, 0x0, 0x0, 0x0,
    0x6f, 0x80, 0x0, 0x0, 0x0, 0x0, 0x6f, 0x80,
    0x0, 0x0, 0x0, 0x0, 0x6f, 0xdb, 0xba, 0xa9,
    0x61, 0x0, 0x6f, 0xff, 0xff, 0xff, 0xfe, 0x30,
    0x6f, 0x80, 0x0, 0x3, 0xaf, 0xe0, 0x6f, 0x80,
    0x0, 0x0, 0xd, 0xf4, 0x6f, 0x80, 0x0, 0x0,
    0xa, 0xf6, 0x6f, 0x80, 0x0, 0x0, 0xc, 0xf4,
    0x6f, 0x80, 0x0, 0x0, 0x5f, 0xf0, 0x6f, 0xda,
    0xaa, 0xbd, 0xff, 0x60, 0x6f, 0xff, 0xff, 0xfe,
    0xc5, 0x0,

    /* U+0412 "В" */
    0x8f, 0xff, 0xff, 0xfd, 0x70, 0x0, 0x8f, 0xdc,
    0xcc, 0xdf, 0xfb, 0x0, 0x8f, 0x50, 0x0, 0x1,
    0xcf, 0x40, 0x8f, 0x50, 0x0, 0x0, 0x5f, 0x80,
    0x8f, 0x50, 0x0, 0x0, 0x5f, 0x70, 0x8f, 0x50,
    0x0, 0x1, 0xcf, 0x20, 0x8f, 0xdc, 0xcc, 0xcf,
    0xe4, 0x0, 0x8f, 0xff, 0xff, 0xff, 0xf9, 0x0,
    0x8f, 0x50, 0x0, 0x3, 0xbf, 0xa0, 0x8f, 0x50,
    0x0, 0x0, 0xe, 0xf1, 0x8f, 0x50, 0x0, 0x0,
    0xb, 0xf3, 0x8f, 0x50, 0x0, 0x0, 0xd, 0xf2,
    0x8f, 0x50, 0x0, 0x0, 0x7f, 0xd0, 0x8f, 0xdc,
    0xcc, 0xce, 0xff, 0x40, 0x8f, 0xff, 0xff, 0xfe,
    0xa3, 0x0,

    /* U+0413 "Г" */
    0x6f, 0xff, 0xff, 0xff, 0xfd, 0x6f, 0xdc, 0xcc,
    0xcc, 0xc9, 0x6f, 0x70, 0x0, 0x0, 0x0, 0x6f,
    0x70, 0x0, 0x0, 0x0, 0x6f, 0x70, 0x0, 0x0,
    0x0, 0x6f, 0x70, 0x0, 0x0, 0x0, 0x6f, 0x70,
    0x0, 0x0, 0x0, 0x6f, 0x70, 0x0, 0x0, 0x0,
    0x6f, 0x70, 0x0, 0x0, 0x0, 0x6f, 0x70, 0x0,
    0x0, 0x0, 0x6f, 0x70, 0x0, 0x0, 0x0, 0x6f,
    0x70, 0x0, 0x0, 0x0, 0x6f, 0x70, 0x0, 0x0,
    0x0, 0x6f, 0x70, 0x0, 0x0, 0x0, 0x6f, 0x70,
    0x0, 0x0, 0x0,

    /* U+0414 "Д" */
    0x0, 0x2f, 0xff, 0xff, 0xff, 0xf8, 0x0, 0x2,
    0xfe, 0xcc, 0xcc, 0xdf, 0x80, 0x0, 0x2f, 0xa0,
    0x0, 0x5, 0xf8, 0x0, 0x2, 0xfa, 0x0, 0x0,
    0x5f, 0x80, 0x0, 0x3f, 0x90, 0x0, 0x5, 0xf8,
    0x0, 0x3, 0xf8, 0x0, 0x0, 0x5f, 0x80, 0x0,
    0x4f, 0x70, 0x0, 0x5, 0xf8, 0x0, 0x6, 0xf5,
    0x0, 0x0, 0x5f, 0x80, 0x0, 0x8f, 0x30, 0x0,
    0x5, 0xf8, 0x0, 0xa, 0xf1, 0x0, 0x0, 0x5f,
    0x80, 0x0, 0xde, 0x0, 0x0, 0x5, 0xf8, 0x0,
    0x2f, 0xa0, 0x0, 0x0, 0x5f, 0x80, 0x8, 0xf5,
    0x0, 0x0, 0x5, 0xf8, 0xc, 0xff, 0xcc, 0xcc,
    0xcc, 0xdf, 0xea, 0xff, 0xff, 0xff, 0xff, 0xff,
    0xff, 0xdf, 0xb0, 0x0, 0x0, 0x0, 0x0, 0xdd,
    0xfb, 0x0, 0x0, 0x0, 0x0, 0xd, 0xdf, 0xb0,
    0x0, 0x0, 0x0, 0x0, 0xdd, 0x75, 0x0, 0x0,
    0x0, 0x0, 0x6, 0x60,

    /* U+0415 "Е" */
    0x6f, 0xff, 0xff, 0xff, 0xff, 0xf0, 0x6f, 0xdc,
    0xcc, 0xcc, 0xcc, 0xb0, 0x6f, 0x70, 0x0, 0x0,
    0x0, 0x0, 0x6f, 0x70, 0x0, 0x0, 0x0, 0x0,
    0x6f, 0x70, 0x0, 0x0, 0x0, 0x0, 0x6f, 0x70,
    0x0, 0x0, 0x0, 0x0, 0x6f, 0xdc, 0xcc, 0xcc,
    0xcc, 0x40, 0x6f, 0xff, 0xff, 0xff, 0xff, 0x60,
    0x6f, 0x70, 0x0, 0x0, 0x0, 0x0, 0x6f, 0x70,
    0x0, 0x0, 0x0, 0x0, 0x6f, 0x70, 0x0, 0x0,
    0x0, 0x0, 0x6f, 0x70, 0x0, 0x0, 0x0, 0x0,
    0x6f, 0x70, 0x0, 0x0, 0x0, 0x0, 0x6f, 0xdc,
    0xcc, 0xcc, 0xcc, 0xc3, 0x6f, 0xff, 0xff, 0xff,
    0xff, 0xf4,

    /* U+0416 "Ж" */
    0xcf, 0xb2, 0x0, 0x0, 0xbf, 0x30, 0x0, 0x7,
    0xef, 0x39, 0xcf, 0xe1, 0x0, 0xb, 0xf3, 0x0,
    0x8, 0xfe, 0xb2, 0x0, 0x7f, 0x70, 0x0, 0xbf,
    0x30, 0x1, 0xfe, 0x10, 0x0, 0x0, 0xfe, 0x0,
    0xb, 0xf3, 0x0, 0x7f, 0x70, 0x0, 0x0, 0x9,
    0xf5, 0x0, 0xbf, 0x30, 0xd, 0xf1, 0x0, 0x0,
    0x0, 0x2f, 0xc0, 0xb, 0xf3, 0x5, 0xfa, 0x0,
    0x0, 0x0, 0x0, 0xaf, 0x92, 0xcf, 0x55, 0xee,
    0x20, 0x0, 0x0, 0x0, 0x0, 0xbf, 0xff, 0xff,
    0xff, 0x30, 0x0, 0x0, 0x0, 0x0, 0x9f, 0xd6,
    0xdf, 0x79, 0xfe, 0x20, 0x0, 0x0, 0x0, 0x7f,
    0xd0, 0xb, 0xf3, 0x7, 0xfe, 0x0, 0x0, 0x0,
    0x2f, 0xf3, 0x0, 0xbf, 0x30, 0xb, 0xf9, 0x0,
    0x0, 0xc, 0xf9, 0x0, 0xb, 0xf3, 0x0, 0x2f,
    0xf3, 0x0, 0x6, 0xfe, 0x0, 0x0, 0xbf, 0x30,
    0x0, 0x7f, 0xd0, 0x1, 0xef, 0x50, 0x0, 0xb,
    0xf3, 0x0, 0x0, 0xdf, 0x70, 0xaf, 0xb0, 0x0,
    0x0, 0xbf, 0x30, 0x0, 0x4, 0xff, 0x10,

    /* U+0417 "З" */
    0x0, 0x7, 0xcf, 0xfc, 0x60, 0x0, 0x0, 0xbf,
    0xfc, 0xcf, 0xfa, 0x0, 0x6, 0xfd, 0x10, 0x2,
    0xef, 0x40, 0xc, 0xf3, 0x0, 0x0, 0x6f, 0x80,
    0xa, 0xc0, 0x0, 0x0, 0x6f, 0x80, 0x0, 0x0,
    0x0, 0x2, 0xdf, 0x20, 0x0, 0x0, 0xb, 0xcf,
    0xf6, 0x0, 0x0, 0x0, 0xf, 0xff, 0xf9, 0x0,
    0x0, 0x0, 0x0, 0x14, 0xdf, 0xa0, 0x0, 0x0,
    0x0, 0x0, 0x1f, 0xf1, 0x19, 0x90, 0x0, 0x0,
    0xc, 0xf3, 0xe, 0xf2, 0x0, 0x0, 0xe, 0xf2,
    0x7, 0xfd, 0x10, 0x0, 0xaf, 0xc0, 0x0, 0xaf,
    0xfb, 0xbe, 0xfe, 0x20, 0x0, 0x6, 0xcf, 0xfd,
    0x81, 0x0,

    /* U+0418 "И" */
    0x6f, 0x40, 0x0, 0x0, 0x6, 0xfd, 0x6f, 0x40,
    0x0, 0x0, 0x1f, 0xfd, 0x6f, 0x40, 0x0, 0x0,
    0xbf, 0xfd, 0x6f, 0x40, 0x0, 0x5, 0xfd, 0xed,
    0x6f, 0x40, 0x0, 0x1e, 0xf3, 0xed, 0x6f, 0x40,
    0x0, 0x9f, 0x90, 0xed, 0x6f, 0x40, 0x4, 0xfe,
    0x0, 0xed, 0x6f, 0x40, 0xd, 0xf4, 0x0, 0xed,
    0x6f, 0x40, 0x8f, 0xa0, 0x0, 0xed, 0x6f, 0x43,
    0xfe, 0x10, 0x0, 0xed, 0x6f, 0x5c, 0xf5, 0x0,
    0x0, 0xed, 0x6f, 0xcf, 0xb0, 0x0, 0x0, 0xed,
    0x6f, 0xff, 0x10, 0x0, 0x0, 0xed, 0x6f, 0xf6,
    0x0, 0x0, 0x0, 0xed, 0x6f, 0xc0, 0x0, 0x0,
    0x0, 0xed,

    /* U+0419 "Й" */
    0x0, 0x6, 0x30, 0x3, 0x60, 0x0, 0x0, 0x9,
    0xc1, 0x1c, 0x90, 0x0, 0x0, 0x1, 0xcf, 0xfc,
    0x10, 0x0, 0x0, 0x0, 0x2, 0x20, 0x0, 0x0,
    0x6f, 0x40, 0x0, 0x0, 0x6, 0xfd, 0x6f, 0x40,
    0x0, 0x0, 0x1f, 0xfd, 0x6f, 0x40, 0x0, 0x0,
    0xbf, 0xfd, 0x6f, 0x40, 0x0, 0x5, 0xfd, 0xed,
    0x6f, 0x40, 0x0, 0x1e, 0xf3, 0xed, 0x6f, 0x40,
    0x0, 0x9f, 0x90, 0xed, 0x6f, 0x40, 0x4, 0xfe,
    0x0, 0xed, 0x6f, 0x40, 0xd, 0xf4, 0x0, 0xed,
    0x6f, 0x40, 0x8f, 0xa0, 0x0, 0xed, 0x6f, 0x43,
    0xfe, 0x10, 0x0, 0xed, 0x6f, 0x5c, 0xf5, 0x0,
    0x0, 0xed, 0x6f, 0xcf, 0xb0, 0x0, 0x0, 0xed,
    0x6f, 0xff, 0x10, 0x0, 0x0, 0xed, 0x6f, 0xf6,
    0x0, 0x0, 0x0, 0xed, 0x6f, 0xc0, 0x0, 0x0,
    0x0, 0xed,

    /* U+041A "К" */
    0x6f, 0x70, 0x0, 0x6, 0xdf, 0x76, 0xf7, 0x0,
    0x5, 0xff, 0xb5, 0x6f, 0x70, 0x0, 0xdf, 0x20,
    0x6, 0xf7, 0x0, 0x4f, 0x90, 0x0, 0x6f, 0x70,
    0xb, 0xf3, 0x0, 0x6, 0xf7, 0x2, 0xfd, 0x0,
    0x0, 0x6f, 0x84, 0xdf, 0x40, 0x0, 0x6, 0xff,
    0xff, 0x50, 0x0, 0x0, 0x6f, 0xa8, 0xff, 0x40,
    0x0, 0x6, 0xf7, 0x4, 0xff, 0x20, 0x0, 0x6f,
    0x70, 0x8, 0xfc, 0x0, 0x6, 0xf7, 0x0, 0xe,
    0xf6, 0x0, 0x6f, 0x70, 0x0, 0x4f, 0xf1, 0x6,
    0xf7, 0x0, 0x0, 0xbf, 0xa0, 0x6f, 0x70, 0x0,
    0x1, 0xff, 0x40,

    /* U+041B "Л" */
    0x0, 0x6f, 0xff, 0xff, 0xff, 0xf8, 0x0, 0x6f,
    0xdc, 0xcc, 0xcd, 0xf8, 0x0, 0x6f, 0x70, 0x0,
    0x5, 0xf8, 0x0, 0x6f, 0x70, 0x0, 0x5, 0xf8,
    0x0, 0x6f, 0x70, 0x0, 0x5, 0xf8, 0x0, 0x6f,
    0x70, 0x0, 0x5, 0xf8, 0x0, 0x6f, 0x70, 0x0,
    0x5, 0xf8, 0x0, 0x6f, 0x70, 0x0, 0x5, 0xf8,
    0x0, 0x6f, 0x70, 0x0, 0x5, 0xf8, 0x0, 0x6f,
    0x70, 0x0, 0x5, 0xf8, 0x0, 0x6f, 0x70, 0x0,
    0x5, 0xf8, 0x0, 0x7f, 0x60, 0x0, 0x5, 0xf8,
    0x0, 0xaf, 0x40, 0x0, 0x5, 0xf8, 0x8d, 0xff,
    0x0, 0x0, 0x5, 0xf8, 0xbf, 0xd4, 0x0, 0x0,
    0x5, 0xf8,

    /* U+041C "М" */
    0x8f, 0xf8, 0x0, 0x0, 0x0, 0x9, 0xff, 0x28,
    0xff, 0xd0, 0x0, 0x0, 0x0, 0xef, 0xf2, 0x8f,
    0xef, 0x20, 0x0, 0x0, 0x3f, 0xff, 0x28, 0xf9,
    0xf7, 0x0, 0x0, 0x8, 0xfb, 0xf2, 0x8f, 0x5e,
    0xc0, 0x0, 0x0, 0xea, 0xaf, 0x28, 0xf5, 0xaf,
    0x10, 0x0, 0x3f, 0x5a, 0xf2, 0x8f, 0x54, 0xf6,
    0x0, 0x8, 0xf0, 0xaf, 0x28, 0xf5, 0xf, 0xb0,
    0x0, 0xda, 0xa, 0xf2, 0x8f, 0x50, 0xaf, 0x10,
    0x3f, 0x50, 0xaf, 0x28, 0xf5, 0x5, 0xf5, 0x8,
    0xf0, 0xa, 0xf2, 0x8f, 0x50, 0xf, 0xa0, 0xda,
    0x0, 0xaf, 0x28, 0xf5, 0x0, 0xaf, 0x3f, 0x50,
    0xa, 0xf2, 0x8f, 0x50, 0x5, 0xfc, 0xf0, 0x0,
    0xaf, 0x28, 0xf5, 0x0, 0xf, 0xfa, 0x0, 0xa,
    0xf2, 0x8f, 0x50, 0x0, 0xbf, 0x50, 0x0, 0xaf,
    0x20,

    /* U+041D "Н" */
    0x6f, 0x80, 0x0, 0x0, 0x1, 0xfd, 0x6f, 0x80,
    0x0, 0x0, 0x1, 0xfd, 0x6f, 0x80, 0x0, 0x0,
    0x1, 0xfd, 0x6f, 0x80, 0x0, 0x0, 0x1, 0xfd,
    0x6f, 0x80, 0x0, 0x0, 0x1, 0xfd, 0x6f, 0x80,
    0x0, 0x0, 0x1, 0xfd, 0x6f, 0xec, 0xcc, 0xcc,
    0xcc, 0xfd, 0x6f, 0xff, 0xff, 0xff, 0xff, 0xfd,
    0x6f, 0x80, 0x0, 0x0, 0x1, 0xfd, 0x6f, 0x80,
    0x0, 0x0, 0x1, 0xfd, 0x6f, 0x80, 0x0, 0x0,
    0x1, 0xfd, 0x6f, 0x80, 0x0, 0x0, 0x1, 0xfd,
    0x6f, 0x80, 0x0, 0x0, 0x1, 0xfd, 0x6f, 0x80,
    0x0, 0x0, 0x1, 0xfd, 0x6f, 0x80, 0x0, 0x0,
    0x1, 0xfd,

    /* U+041E "О" */
    0x0, 0x0, 0x29, 0xdf, 0xec, 0x60, 0x0, 0x0,
    0x0, 0x7f, 0xfe, 0xbc, 0xff, 0xd2, 0x0, 0x0,
    0x7f, 0xe4, 0x0, 0x1, 0x8f, 0xe1, 0x0, 0x2f,
    0xe1, 0x0, 0x0, 0x0, 0x8f, 0xb0, 0x8, 0xf7,
    0x0, 0x0, 0x0, 0x0, 0xef, 0x10, 0xcf, 0x20,
    0x0, 0x0, 0x0, 0x9, 0xf6, 0xf, 0xf0, 0x0,
    0x0, 0x0, 0x0, 0x6f, 0x80, 0xff, 0x0, 0x0,
    0x0, 0x0, 0x5, 0xfa, 0xf, 0xf0, 0x0, 0x0,
    0x0, 0x0, 0x5f, 0x80, 0xcf, 0x20, 0x0, 0x0,
    0x0, 0x8, 0xf6, 0x8, 0xf7, 0x0, 0x0, 0x0,
    0x0, 0xdf, 0x20, 0x1f, 0xe2, 0x0, 0x0, 0x0,
    0x7f, 0xb0, 0x0, 0x6f, 0xe4, 0x0, 0x0, 0x8f,
    0xf2, 0x0, 0x0, 0x6f, 0xfd, 0xbb, 0xff, 0xd3,
    0x0, 0x0, 0x0, 0x29, 0xdf, 0xec, 0x60, 0x0,
    0x0,

    /* U+041F "П" */
    0x7f, 0xff, 0xff, 0xff, 0xff, 0xfd, 0x7f, 0xdc,
    0xcc, 0xcc, 0xcc, 0xfd, 0x7f, 0x70, 0x0, 0x0,
    0x1, 0xfd, 0x7f, 0x70, 0x0, 0x0, 0x1, 0xfd,
    0x7f, 0x70, 0x0, 0x0, 0x1, 0xfd, 0x7f, 0x70,
    0x0, 0x0, 0x1, 0xfd, 0x7f, 0x70, 0x0, 0x0,
    0x1, 0xfd, 0x7f, 0x70, 0x0, 0x0, 0x1, 0xfd,
    0x7f, 0x70, 0x0, 0x0, 0x1, 0xfd, 0x7f, 0x70,
    0x0, 0x0, 0x1, 0xfd, 0x7f, 0x70, 0x0, 0x0,
    0x1, 0xfd, 0x7f, 0x70, 0x0, 0x0, 0x1, 0xfd,
    0x7f, 0x70, 0x0, 0x0, 0x1, 0xfd, 0x7f, 0x70,
    0x0, 0x0, 0x1, 0xfd, 0x7f, 0x70, 0x0, 0x0,
    0x1, 0xfd,

    /* U+0420 "Р" */
    0x7f, 0xff, 0xff, 0xfe, 0xc5, 0x0, 0x7f, 0xdc,
    0xcc, 0xcd, 0xff, 0x70, 0x7f, 0x70, 0x0, 0x0,
    0x4f, 0xf1, 0x7f, 0x70, 0x0, 0x0, 0xa, 0xf5,
    0x7f, 0x70, 0x0, 0x0, 0x8, 0xf7, 0x7f, 0x70,
    0x0, 0x0, 0xb, 0xf5, 0x7f, 0x70, 0x0, 0x0,
    0x5f, 0xf1, 0x7f, 0xdc, 0xcc, 0xce, 0xff, 0x60,
    0x7f, 0xff, 0xff, 0xfe, 0xb4, 0x0, 0x7f, 0x70,
    0x0, 0x0, 0x0, 0x0, 0x7f, 0x70, 0x0, 0x0,
    0x0, 0x0, 0x7f, 0x70, 0x0, 0x0, 0x0, 0x0,
    0x7f, 0x70, 0x0, 0x0, 0x0, 0x0, 0x7f, 0x70,
    0x0, 0x0, 0x0, 0x0, 0x7f, 0x70, 0x0, 0x0,
    0x0, 0x0,

    /* U+0421 "С" */
    0x0, 0x3, 0x9d, 0xff, 0xc6, 0x0, 0x0, 0x8,
    0xff, 0xdb, 0xcf, 0xfb, 0x0, 0x8, 0xfd, 0x30,
    0x0, 0x1c, 0xf9, 0x2, 0xfe, 0x10, 0x0, 0x0,
    0x1f, 0xf1, 0x8f, 0x70, 0x0, 0x0, 0x0, 0x67,
    0x1c, 0xf2, 0x0, 0x0, 0x0, 0x0, 0x0, 0xef,
    0x0, 0x0, 0x0, 0x0, 0x0, 0xf, 0xf0, 0x0,
    0x0, 0x0, 0x0, 0x0, 0xef, 0x0, 0x0, 0x0,
    0x0, 0x0, 0xc, 0xf3, 0x0, 0x0, 0x0, 0x1,
    0x20, 0x7f, 0x70, 0x0, 0x0, 0x0, 0x8f, 0x72,
    0xfe, 0x10, 0x0, 0x0, 0x1e, 0xf2, 0x8, 0xfd,
    0x30, 0x0, 0x2c, 0xfa, 0x0, 0xa, 0xff, 0xdb,
    0xdf, 0xfb, 0x0, 0x0, 0x4, 0xbd, 0xff, 0xc6,
    0x0, 0x0,

    /* U+0422 "Т" */
    0x8f, 0xff, 0xff, 0xff, 0xff, 0xfd, 0x6c, 0xcc,
    0xcf, 0xfc, 0xcc, 0xc9, 0x0, 0x0, 0xd, 0xf1,
    0x0, 0x0, 0x0, 0x0, 0xd, 0xf1, 0x0, 0x0,
    0x0, 0x0, 0xd, 0xf1, 0x0, 0x0, 0x0, 0x0,
    0xd, 0xf1, 0x0, 0x0, 0x0, 0x0, 0xd, 0xf1,
    0x0, 0x0, 0x0, 0x0, 0xd, 0xf1, 0x0, 0x0,
    0x0, 0x0, 0xd, 0xf1, 0x0, 0x0, 0x0, 0x0,
    0xd, 0xf1, 0x0, 0x0, 0x0, 0x0, 0xd, 0xf1,
    0x0, 0x0, 0x0, 0x0, 0xd, 0xf1, 0x0, 0x0,
    0x0, 0x0, 0xd, 0xf1, 0x0, 0x0, 0x0, 0x0,
    0xd, 0xf1, 0x0, 0x0, 0x0, 0x0, 0xd, 0xf1,
    0x0, 0x0,

    /* U+0423 "У" */
    0xaf, 0x40, 0x0, 0x0, 0x0, 0x7f, 0x62, 0xfc,
    0x0, 0x0, 0x0, 0xe, 0xe0, 0x9, 0xf4, 0x0,
    0x0, 0x5, 0xf7, 0x0, 0x1f, 0xc0, 0x0, 0x0,
    0xcf, 0x10, 0x0, 0x8f, 0x50, 0x0, 0x4f, 0x80,
    0x0, 0x0, 0xed, 0x0, 0xb, 0xf1, 0x0, 0x0,
    0x6, 0xf5, 0x2, 0xf9, 0x0, 0x0, 0x0, 0xd,
    0xd0, 0x9f, 0x20, 0x0, 0x0, 0x0, 0x5f, 0x7f,
    0xa0, 0x0, 0x0, 0x0, 0x0, 0xdf, 0xf3, 0x0,
    0x0, 0x0, 0x0, 0x4, 0xfc, 0x0, 0x0, 0x0,
    0x0, 0x0, 0x5f, 0x40, 0x0, 0x0, 0x0, 0x0,
    0xd, 0xc0, 0x0, 0x0, 0x0, 0xd, 0x9d, 0xf3,
    0x0, 0x0, 0x0, 0x0, 0xcf, 0xe5, 0x0, 0x0,
    0x0, 0x0,

    /* U+0424 "Ф" */
    0x0, 0x0, 0x0, 0x4f, 0x80, 0x0, 0x0, 0x0,
    0x0, 0x0, 0x4, 0xf8, 0x0, 0x0, 0x0, 0x0,
    0x3, 0xae, 0xff, 0xfe, 0xb5, 0x0, 0x0, 0x7,
    0xff, 0xdc, 0xfd, 0xcf, 0xfa, 0x0, 0x5, 0xfe,
    0x40, 0x4f, 0x80, 0x1c, 0xf8, 0x0, 0xdf, 0x40,
    0x4, 0xf8, 0x0, 0x1f, 0xf0, 0x1f, 0xe0, 0x0,
    0x4f, 0x80, 0x0, 0xaf, 0x42, 0xfc, 0x0, 0x4,
    0xf8, 0x0, 0x9, 0xf5, 0x1f, 0xe0, 0x0, 0x4f,
    0x80, 0x0, 0xaf, 0x40, 0xdf, 0x30, 0x4, 0xf8,
    0x0, 0x1f, 0xf0, 0x5, 0xfe, 0x30, 0x4f, 0x80,
    0x1c, 0xf8, 0x0, 0x7, 0xff, 0xcc, 0xfd, 0xbf,
    0xfb, 0x0, 0x0, 0x3, 0xae, 0xff, 0xfe, 0xb5,
    0x0, 0x0, 0x0, 0x0, 0x4, 0xf8, 0x0, 0x0,
    0x0, 0x0, 0x0, 0x0, 0x4f, 0x80, 0x0, 0x0,
    0x0,

    /* U+0425 "Х" */
    0xd, 0xf5, 0x0, 0x0, 0x0, 0x9f, 0x70, 0x3,
    0xfe, 0x10, 0x0, 0x5, 0xfc, 0x0, 0x0, 0x8f,
    0xa0, 0x0, 0x1e, 0xe1, 0x0, 0x0, 0xd, 0xf5,
    0x0, 0xcf, 0x50, 0x0, 0x0, 0x3, 0xfe, 0x17,
    0xf9, 0x0, 0x0, 0x0, 0x0, 0x8f, 0xbf, 0xd0,
    0x0, 0x0, 0x0, 0x0, 0xd, 0xff, 0x30, 0x0,
    0x0, 0x0, 0x0, 0x9, 0xff, 0x20, 0x0, 0x0,
    0x0, 0x0, 0x4f, 0xef, 0xc0, 0x0, 0x0, 0x0,
    0x1, 0xef, 0x2c, 0xf7, 0x0, 0x0, 0x0, 0xb,
    0xf7, 0x2, 0xff, 0x20, 0x0, 0x0, 0x6f, 0xc0,
    0x0, 0x7f, 0xc0, 0x0, 0x2, 0xff, 0x20, 0x0,
    0xc, 0xf8, 0x0, 0xd, 0xf6, 0x0, 0x0, 0x2,
    0xff, 0x30, 0x8f, 0xb0, 0x0, 0x0, 0x0, 0x7f,
    0xd0,

    /* U+0426 "Ц" */
    0x7f, 0x70, 0x0, 0x0, 0x1, 0xfd, 0x0, 0x7f,
    0x70, 0x0, 0x0, 0x1, 0xfd, 0x0, 0x7f, 0x70,
    0x0, 0x0, 0x1, 0xfd, 0x0, 0x7f, 0x70, 0x0,
    0x0, 0x1, 0xfd, 0x0, 0x7f, 0x70, 0x0, 0x0,
    0x1, 0xfd, 0x0, 0x7f, 0x70, 0x0, 0x0, 0x1,
    0xfd, 0x0, 0x7f, 0x70, 0x0, 0x0, 0x1, 0xfd,
    0x0, 0x7f, 0x70, 0x0, 0x0, 0x1, 0xfd, 0x0,
    0x7f, 0x70, 0x0, 0x0, 0x1, 0xfd, 0x0, 0x7f,
    0x70, 0x0, 0x0, 0x1, 0xfd, 0x0, 0x7f, 0x70,
    0x0, 0x0, 0x1, 0xfd, 0x0, 0x7f, 0x70, 0x0,
    0x0, 0x1, 0xfd, 0x0, 0x7f, 0x70, 0x0, 0x0,
    0x1, 0xfd, 0x0, 0x7f, 0xdc, 0xcc, 0xcc, 0xcc,
    0xff, 0xc1, 0x7f, 0xff, 0xff, 0xff, 0xff, 0xff,
    0xf2, 0x0, 0x0, 0x0, 0x0, 0x0, 0x9, 0xf2,
    0x0, 0x0, 0x0, 0x0, 0x0, 0x9, 0xf2, 0x0,
    0x0, 0x0, 0x0, 0x0, 0x9, 0xf2, 0x0, 0x0,
    0x0, 0x0, 0x0, 0x9, 0xf2,

    /* U+0427 "Ч" */
    0x2f, 0xc0, 0x0, 0x0, 0x2, 0xfc, 0x2f, 0xc0,
    0x0, 0x0, 0x2, 0xfc, 0x2f, 0xc0, 0x0, 0x0,
    0x2, 0xfc, 0x2f, 0xc0, 0x0, 0x0, 0x2, 0xfc,
    0x2f, 0xc0, 0x0, 0x0, 0x2, 0xfc, 0x1f, 0xd0,
    0x0, 0x0, 0x2, 0xfc, 0xf, 0xf0, 0x0, 0x0,
    0x2, 0xfc, 0xa, 0xfa, 0x0, 0x0, 0x39, 0xfc,
    0x2, 0xef, 0xeb, 0xce, 0xff, 0xfc, 0x0, 0x19,
    0xef, 0xdb, 0x74, 0xfc, 0x0, 0x0, 0x0, 0x0,
    0x2, 0xfc, 0x0, 0x0, 0x0, 0x0, 0x2, 0xfc,
    0x0, 0x0, 0x0, 0x0, 0x2, 0xfc, 0x0, 0x0,
    0x0, 0x0, 0x2, 0xfc, 0x0, 0x0, 0x0, 0x0,
    0x2, 0xfc,

    /* U+0428 "Ш" */
    0x6f, 0x70, 0x0, 0xc, 0xf2, 0x0, 0x2, 0xfc,
    0x6f, 0x70, 0x0, 0xc, 0xf2, 0x0, 0x2, 0xfc,
    0x6f, 0x70, 0x0, 0xc, 0xf2, 0x0, 0x2, 0xfc,
    0x6f, 0x70, 0x0, 0xc, 0xf2, 0x0, 0x2, 0xfc,
    0x6f, 0x70, 0x0, 0xc, 0xf2, 0x0, 0x2, 0xfc,
    0x6f, 0x70, 0x0, 0xc, 0xf2, 0x0, 0x2, 0xfc,
    0x6f, 0x70, 0x0, 0xc, 0xf2, 0x0, 0x2, 0xfc,
    0x6f, 0x70, 0x0, 0xc, 0xf2, 0x0, 0x2, 0xfc,
    0x6f, 0x70, 0x0, 0xc, 0xf2, 0x0, 0x2, 0xfc,
    0x6f, 0x70, 0x0, 0xc, 0xf2, 0x0, 0x2, 0xfc,
    0x6f, 0x70, 0x0, 0xc, 0xf2, 0x0, 0x2, 0xfc,
    0x6f, 0x70, 0x0, 0xc, 0xf2, 0x0, 0x2, 0xfc,
    0x6f, 0x70, 0x0, 0xc, 0xf2, 0x0, 0x2, 0xfc,
    0x6f, 0xdc, 0xcc, 0xcf, 0xfc, 0xcc, 0xcc, 0xfc,
    0x6f, 0xff, 0xff, 0xff, 0xff, 0xff, 0xff, 0xfc,

    /* U+0429 "Щ" */
    0x6f, 0x70, 0x0, 0xc, 0xf2, 0x0, 0x2, 0xfc,
    0x0, 0x6f, 0x70, 0x0, 0xc, 0xf2, 0x0, 0x2,
    0xfc, 0x0, 0x6f, 0x70, 0x0, 0xc, 0xf2, 0x0,
    0x2, 0xfc, 0x0, 0x6f, 0x70, 0x0, 0xc, 0xf2,
    0x0, 0x2, 0xfc, 0x0, 0x6f, 0x70, 0x0, 0xc,
    0xf2, 0x0, 0x2, 0xfc, 0x0, 0x6f, 0x70, 0x0,
    0xc, 0xf2, 0x0, 0x2, 0xfc, 0x0, 0x6f, 0x70,
    0x0, 0xc, 0xf2, 0x0, 0x2, 0xfc, 0x0, 0x6f,
    0x70, 0x0, 0xc, 0xf2, 0x0, 0x2, 0xfc, 0x0,
    0x6f, 0x70, 0x0, 0xc, 0xf2, 0x0, 0x2, 0xfc,
    0x0, 0x6f, 0x70, 0x0, 0xc, 0xf2, 0x0, 0x2,
    0xfc, 0x0, 0x6f, 0x70, 0x0, 0xc, 0xf2, 0x0,
    0x2, 0xfc, 0x0, 0x6f, 0x70, 0x0, 0xc, 0xf2,
    0x0, 0x2, 0xfc, 0x0, 0x6f, 0x70, 0x0, 0xc,
    0xf2, 0x0, 0x2, 0xfc, 0x0, 0x6f, 0xdc, 0xcc,
    0xcf, 0xfc, 0xcc, 0xcc, 0xff, 0xc0, 0x6f, 0xff,
    0xff, 0xff, 0xff, 0xff, 0xff, 0xff, 0xf1, 0x0,
    0x0, 0x0, 0x0, 0x0, 0x0, 0x0, 0xa, 0xf1,
    0x0, 0x0, 0x0, 0x0, 0x0, 0x0, 0x0, 0xa,
    0xf1, 0x0, 0x0, 0x0, 0x0, 0x0, 0x0, 0x0,
    0xa, 0xf1, 0x0, 0x0, 0x0, 0x0, 0x0, 0x0,
    0x0, 0xa, 0xf1,

    /* U+042A "Ъ" */
    0xff, 0xff, 0xff, 0x40, 0x0, 0x0, 0x0, 0x0,
    0xcc, 0xcc, 0xef, 0x40, 0x0, 0x0, 0x0, 0x0,
    0x0, 0x0, 0xaf, 0x40, 0x0, 0x0, 0x0, 0x0,
    0x0, 0x0, 0xaf, 0x40, 0x0, 0x0, 0x0, 0x0,
    0x0, 0x0, 0xaf, 0x40, 0x0, 0x0, 0x0, 0x0,
    0x0, 0x0, 0xaf, 0x40, 0x0, 0x0, 0x0, 0x0,
    0x0, 0x0, 0xaf, 0xcb, 0xba, 0xa8, 0x50, 0x0,
    0x0, 0x0, 0xaf, 0xff, 0xff, 0xff, 0xfd, 0x10,
    0x0, 0x0, 0xaf, 0x40, 0x0, 0x14, 0xdf, 0x90,
    0x0, 0x0, 0xaf, 0x40, 0x0, 0x0, 0x2f, 0xf0,
    0x0, 0x0, 0xaf, 0x40, 0x0, 0x0, 0xe, 0xf1,
    0x0, 0x0, 0xaf, 0x40, 0x0, 0x0, 0xf, 0xf0,
    0x0, 0x0, 0xaf, 0x40, 0x0, 0x0, 0x9f, 0xb0,
    0x0, 0x0, 0xaf, 0xca, 0xaa, 0xce, 0xff, 0x20,
    0x0, 0x0, 0xaf, 0xff, 0xff, 0xfd, 0x92, 0x0,

    /* U+042B "Ы" */
    0x5f, 0x80, 0x0, 0x0, 0x0, 0x0, 0xd, 0xf0,
    0x5f, 0x80, 0x0, 0x0, 0x0, 0x0, 0xd, 0xf0,
    0x5f, 0x80, 0x0, 0x0, 0x0, 0x0, 0xd, 0xf0,
    0x5f, 0x80, 0x0, 0x0, 0x0, 0x0, 0xd, 0xf0,
    0x5f, 0x80, 0x0, 0x0, 0x0, 0x0, 0xd, 0xf0,
    0x5f, 0x80, 0x0, 0x0, 0x0, 0x0, 0xd, 0xf0,
    0x5f, 0xdb, 0xba, 0xa9, 0x61, 0x0, 0xd, 0xf0,
    0x5f, 0xff, 0xff, 0xff, 0xff, 0x30, 0xd, 0xf0,
    0x5f, 0x80, 0x0, 0x2, 0xaf, 0xe0, 0xd, 0xf0,
    0x5f, 0x80, 0x0, 0x0, 0xd, 0xf4, 0xd, 0xf0,
    0x5f, 0x80, 0x0, 0x0, 0xa, 0xf6, 0xd, 0xf0,
    0x5f, 0x80, 0x0, 0x0, 0xb, 0xf5, 0xd, 0xf0,
    0x5f, 0x80, 0x0, 0x0, 0x5f, 0xf1, 0xd, 0xf0,
    0x5f, 0xda, 0xaa, 0xbd, 0xff, 0x60, 0xd, 0xf0,
    0x5f, 0xff, 0xff, 0xfe, 0xb4, 0x0, 0xd, 0xf0,

    /* U+042C "Ь" */
    0x6f, 0x80, 0x0, 0x0, 0x0, 0x0, 0x6f, 0x80,
    0x0, 0x0, 0x0, 0x0, 0x6f, 0x80, 0x0, 0x0,
    0x0, 0x0, 0x6f, 0x80, 0x0, 0x0, 0x0, 0x0,
    0x6f, 0x80, 0x0, 0x0, 0x0, 0x0, 0x6f, 0x80,
    0x0, 0x0, 0x0, 0x0, 0x6f, 0xdb, 0xba, 0xa9,
    0x61, 0x0, 0x6f, 0xff, 0xff, 0xff, 0xfe, 0x30,
    0x6f, 0x80, 0x0, 0x2, 0xaf, 0xd0, 0x6f, 0x80,
    0x0, 0x0, 0xd, 0xf4, 0x6f, 0x80, 0x0, 0x0,
    0xa, 0xf6, 0x6f, 0x80, 0x0, 0x0, 0xc, 0xf4,
    0x6f, 0x80, 0x0, 0x0, 0x5f, 0xf0, 0x6f, 0xda,
    0xaa, 0xbd, 0xff, 0x50, 0x6f, 0xff, 0xff, 0xfe,
    0xa4, 0x0,

    /* U+042D "Э" */
    0x0, 0x3, 0xae, 0xfe, 0xb6, 0x0, 0x0, 0x0,
    0x7f, 0xfe, 0xcc, 0xff, 0xb0, 0x0, 0x5, 0xfe,
    0x40, 0x0, 0x19, 0xfc, 0x0, 0xc, 0xf4, 0x0,
    0x0, 0x0, 0xaf, 0x60, 0x4, 0x70, 0x0, 0x0,
    0x0, 0x1f, 0xc0, 0x0, 0x0, 0x0, 0x0, 0x0,
    0xd, 0xf1, 0x0, 0x0, 0x0, 0xbb, 0xbb, 0xbf,
    0xf3, 0x0, 0x0, 0x0, 0xff, 0xff, 0xff, 0xf4,
    0x0, 0x0, 0x0, 0x0, 0x0, 0xb, 0xf4, 0x1,
    0x30, 0x0, 0x0, 0x0, 0xe, 0xf1, 0x2f, 0xd0,
    0x0, 0x0, 0x0, 0x3f, 0xe0, 0xc, 0xf5, 0x0,
    0x0, 0x0, 0xbf, 0x70, 0x4, 0xff, 0x50, 0x0,
    0xa, 0xfe, 0x0, 0x0, 0x7f, 0xfd, 0xbb, 0xff,
    0xe2, 0x0, 0x0, 0x3, 0xae, 0xfe, 0xc7, 0x0,
    0x0,

    /* U+042E "Ю" */
    0x6f, 0x80, 0x0, 0x0, 0x3a, 0xef, 0xeb, 0x50,
    0x0, 0x6, 0xf8, 0x0, 0x0, 0x7f, 0xfd, 0xab,
    0xff, 0xb0, 0x0, 0x6f, 0x80, 0x0, 0x6f, 0xe4,
    0x0, 0x1, 0xaf, 0xb0, 0x6, 0xf8, 0x0, 0x1f,
    0xf3, 0x0, 0x0, 0x0, 0xcf, 0x50, 0x6f, 0x80,
    0x6, 0xfa, 0x0, 0x0, 0x0, 0x4, 0xfb, 0x6,
    0xf8, 0x0, 0xaf, 0x60, 0x0, 0x0, 0x0, 0xf,
    0xf0, 0x6f, 0xec, 0xce, 0xf3, 0x0, 0x0, 0x0,
    0x0, 0xcf, 0x16, 0xff, 0xff, 0xff, 0x20, 0x0,
    0x0, 0x0, 0xc, 0xf2, 0x6f, 0x80, 0xa, 0xf3,
    0x0, 0x0, 0x0, 0x0, 0xdf, 0x16, 0xf8, 0x0,
    0x7f, 0x50, 0x0, 0x0, 0x0, 0xf, 0xf0, 0x6f,
    0x80, 0x2, 0xfa, 0x0, 0x0, 0x0, 0x4, 0xfb,
    0x6, 0xf8, 0x0, 0xc, 0xf3, 0x0, 0x0, 0x0,
    0xcf, 0x50, 0x6f, 0x80, 0x0, 0x3f, 0xe4, 0x0,
    0x1, 0xbf, 0xb0, 0x6, 0xf8, 0x0, 0x0, 0x4f,
    0xfd, 0xbc, 0xff, 0xb0, 0x0, 0x6f, 0x80, 0x0,
    0x0, 0x29, 0xef, 0xeb, 0x50, 0x0, 0x0,

    /* U+042F "Я" */
    0x0, 0x7, 0xce, 0xff, 0xff, 0xff, 0xd0, 0xa,
    0xff, 0xca, 0xaa, 0xaa, 0xfd, 0x3, 0xfe, 0x20,
    0x0, 0x0, 0xf, 0xd0, 0x7f, 0x80, 0x0, 0x0,
    0x0, 0xfd, 0x8, 0xf6, 0x0, 0x0, 0x0, 0xf,
    0xd0, 0x6f, 0xa0, 0x0, 0x0, 0x0, 0xfd, 0x0,
    0xef, 0x82, 0x0, 0x0, 0xf, 0xd0, 0x3, 0xef,
    0xff, 0xff, 0xff, 0xfd, 0x0, 0x0, 0x5e, 0xfe,
    0xbb, 0xbf, 0xd0, 0x0, 0x1d, 0xf7, 0x0, 0x0,
    0xfd, 0x0, 0xc, 0xf9, 0x0, 0x0, 0xf, 0xd0,
    0x7, 0xfd, 0x0, 0x0, 0x0, 0xfd, 0x2, 0xff,
    0x30, 0x0, 0x0, 0xf, 0xd0, 0xcf, 0x90, 0x0,
    0x0, 0x0, 0xfd, 0x6f, 0xe0, 0x0, 0x0, 0x0,
    0xf, 0xd0,

    /* U+0430 "а" */
    0x0, 0x2a, 0xef, 0xfc, 0x40, 0x0, 0x3f, 0xfa,
    0x8a, 0xff, 0x40, 0xb, 0xf3, 0x0, 0x5, 0xf9,
    0x0, 0x46, 0x0, 0x0, 0x1f, 0xb0, 0x0, 0x1,
    0x36, 0x8c, 0xfb, 0x0, 0x1a, 0xff, 0xfe, 0xaf,
    0xb0, 0xd, 0xf9, 0x41, 0x1, 0xfb, 0x3, 0xfb,
    0x0, 0x0, 0x3f, 0xb0, 0x3f, 0xc0, 0x0, 0xc,
    0xfb, 0x0, 0xcf, 0xb7, 0x8e, 0xff, 0xd0, 0x1,
    0xae, 0xfd, 0xa2, 0xbf, 0x10,

    /* U+0431 "б" */
    0x0, 0x5, 0xbe, 0xff, 0xff, 0x50, 0xa, 0xff,
    0xed, 0xdd, 0x80, 0x5, 0xf9, 0x10, 0x0, 0x0,
    0x0, 0xbd, 0x0, 0x0, 0x0, 0x0, 0xe, 0x92,
    0xbf, 0xfb, 0x30, 0x0, 0xfa, 0xfd, 0x89, 0xef,
    0x50, 0x1f, 0xfc, 0x0, 0x1, 0xef, 0x11, 0xff,
    0x40, 0x0, 0x8, 0xf6, 0x1f, 0xf0, 0x0, 0x0,
    0x4f, 0x90, 0xfe, 0x0, 0x0, 0x3, 0xfa, 0xe,
    0xf0, 0x0, 0x0, 0x5f, 0x80, 0xaf, 0x30, 0x0,
    0x9, 0xf5, 0x3, 0xfb, 0x0, 0x2, 0xfe, 0x0,
    0x8, 0xfd, 0x89, 0xff, 0x40, 0x0, 0x6, 0xcf,
    0xeb, 0x30, 0x0,

    /* U+0432 "в" */
    0xaf, 0xff, 0xfe, 0xb2, 0xa, 0xf8, 0x88, 0xbf,
    0xe0, 0xaf, 0x10, 0x0, 0x9f, 0x4a, 0xf1, 0x0,
    0x7, 0xf5, 0xaf, 0x10, 0x2, 0xdf, 0x1a, 0xff,
    0xff, 0xff, 0x70, 0xaf, 0x88, 0x89, 0xef, 0x4a,
    0xf1, 0x0, 0x2, 0xfb, 0xaf, 0x10, 0x0, 0x1f,
    0xba, 0xf8, 0x88, 0x9e, 0xf6, 0xaf, 0xff, 0xff,
    0xc6, 0x0,

    /* U+0433 "г" */
    0xaf, 0xff, 0xff, 0x4a, 0xf8, 0x88, 0x82, 0xaf,
    0x10, 0x0, 0xa, 0xf1, 0x0, 0x0, 0xaf, 0x10,
    0x0, 0xa, 0xf1, 0x0, 0x0, 0xaf, 0x10, 0x0,
    0xa, 0xf1, 0x0, 0x0, 0xaf, 0x10, 0x0, 0xa,
    0xf1, 0x0, 0x0, 0xaf, 0x10, 0x0, 0x0,

    /* U+0434 "д" */
    0x0, 0x4f, 0xff, 0xff, 0xff, 0x0, 0x0, 0x4f,
    0x98, 0x88, 0xef, 0x0, 0x0, 0x5f, 0x10, 0x0,
    0xdf, 0x0, 0x0, 0x6f, 0x0, 0x0, 0xdf, 0x0,
    0x0, 0x8e, 0x0, 0x0, 0xdf, 0x0, 0x0, 0xac,
    0x0, 0x0, 0xdf, 0x0, 0x0, 0xd9, 0x0, 0x0,
    0xdf, 0x0, 0x2, 0xf5, 0x0, 0x0, 0xdf, 0x0,
    0x8, 0xf0, 0x0, 0x0, 0xdf, 0x0, 0x8f, 0xd8,
    0x88, 0x88, 0xef, 0x80, 0xff, 0xff, 0xff, 0xff,
    0xff, 0xf1, 0xf7, 0x0, 0x0, 0x0, 0x6, 0xf1,
    0xf7, 0x0, 0x0, 0x0, 0x6, 0xf1, 0xf7, 0x0,
    0x0, 0x0, 0x6, 0xf1, 0x0, 0x0, 0x0, 0x0,
    0x0, 0x0,

    /* U+0435 "е" */
    0x0, 0x8, 0xdf, 0xe9, 0x10, 0x0, 0x1d, 0xfc,
    0x8a, 0xfd, 0x10, 0x9, 0xf7, 0x0, 0x4, 0xfa,
    0x0, 0xfe, 0x0, 0x0, 0xc, 0xf0, 0x2f, 0xd8,
    0x88, 0x88, 0xcf, 0x33, 0xff, 0xff, 0xff, 0xff,
    0xf4, 0x3f, 0xa0, 0x0, 0x0, 0x0, 0x0, 0xfd,
    0x0, 0x0, 0x6, 0x70, 0xa, 0xf8, 0x0, 0x3,
    0xfd, 0x0, 0x1d, 0xfc, 0x8a, 0xff, 0x30, 0x0,
    0x18, 0xdf, 0xea, 0x20, 0x0,

    /* U+0436 "ж" */
    0xa, 0xf8, 0x0, 0x3f, 0x90, 0x3, 0xdf, 0x0,
    0x5a, 0xf2, 0x3, 0xf9, 0x0, 0xcd, 0x80, 0x0,
    0xe, 0x90, 0x3f, 0x90, 0x3f, 0x40, 0x0, 0x0,
    0x8f, 0x3, 0xf9, 0x9, 0xe0, 0x0, 0x0, 0x1,
    0xf8, 0x3f, 0x93, 0xf7, 0x0, 0x0, 0x0, 0x5,
    0xff, 0xff, 0xfb, 0x0, 0x0, 0x0, 0x3, 0xfb,
    0x6f, 0xa7, 0xf8, 0x0, 0x0, 0x0, 0xee, 0x3,
    0xf9, 0x8, 0xf5, 0x0, 0x0, 0x9f, 0x50, 0x3f,
    0x90, 0xe, 0xe0, 0x0, 0x2f, 0xc0, 0x3, 0xf9,
    0x0, 0x5f, 0x80, 0xb, 0xf3, 0x0, 0x3f, 0x90,
    0x0, 0xcf, 0x20,

    /* U+0437 "з" */
    0x0, 0x6d, 0xfd, 0x70, 0x0, 0x7f, 0xd8, 0xcf,
    0x80, 0xe, 0xe0, 0x0, 0xef, 0x0, 0x33, 0x0,
    0xc, 0xf1, 0x0, 0x0, 0x26, 0xfc, 0x0, 0x0,
    0x6f, 0xff, 0x30, 0x0, 0x1, 0x46, 0xee, 0x11,
    0x41, 0x0, 0x6, 0xf6, 0x5f, 0x90, 0x0, 0x7f,
    0x60, 0xcf, 0xb8, 0xaf, 0xe1, 0x1, 0x9d, 0xfe,
    0xa2, 0x0,

    /* U+0438 "и" */
    0xbf, 0x10, 0x0, 0x5f, 0xdb, 0xf1, 0x0, 0xe,
    0xfd, 0xbf, 0x10, 0x8, 0xff, 0xdb, 0xf1, 0x1,
    0xf9, 0xed, 0xbf, 0x10, 0xae, 0x1e, 0xdb, 0xf1,
    0x3f, 0x60, 0xed, 0xbf, 0x1d, 0xd0, 0xe, 0xdb,
    0xf7, 0xf4, 0x0, 0xed, 0xbf, 0xfa, 0x0, 0xe,
    0xdb, 0xff, 0x20, 0x0, 0xed, 0xbf, 0x80, 0x0,
    0xe, 0xd0,

    /* U+0439 "й" */
    0x0, 0xf2, 0x0, 0xb8, 0x0, 0xc, 0xa1, 0x4f,
    0x30, 0x0, 0x2d, 0xff, 0x80, 0x0, 0x0, 0x2,
    0x10, 0x0, 0xbf, 0x10, 0x0, 0x5f, 0xdb, 0xf1,
    0x0, 0xe, 0xfd, 0xbf, 0x10, 0x8, 0xff, 0xdb,
    0xf1, 0x1, 0xf9, 0xed, 0xbf, 0x10, 0xae, 0x1e,
    0xdb, 0xf1, 0x3f, 0x60, 0xed, 0xbf, 0x1d, 0xd0,
    0xe, 0xdb, 0xf7, 0xf4, 0x0, 0xed, 0xbf, 0xfa,
    0x0, 0xe, 0xdb, 0xff, 0x20, 0x0, 0xed, 0xbf,
    0x80, 0x0, 0xe, 0xd0,

    /* U+043A "к" */
    0xbf, 0x10, 0x9, 0xf8, 0xbf, 0x10, 0x5f, 0x94,
    0xbf, 0x10, 0xbc, 0x0, 0xbf, 0x12, 0xf6, 0x0,
    0xbf, 0x1a, 0xe0, 0x0, 0xbf, 0xff, 0x30, 0x0,
    0xbf, 0x4d, 0xe2, 0x0, 0xbf, 0x12, 0xfc, 0x0,
    0xbf, 0x10, 0x7f, 0x60, 0xbf, 0x10, 0xd, 0xe1,
    0xbf, 0x10, 0x5, 0xf9,

    /* U+043B "л" */
    0x0, 0xdf, 0xff, 0xff, 0xff, 0x50, 0xd, 0xf8,
    0x88, 0x8b, 0xf5, 0x0, 0xdf, 0x0, 0x0, 0x6f,
    0x50, 0xd, 0xf0, 0x0, 0x6, 0xf5, 0x0, 0xdf,
    0x0, 0x0, 0x6f, 0x50, 0xd, 0xf0, 0x0, 0x6,
    0xf5, 0x0, 0xde, 0x0, 0x0, 0x6f, 0x50, 0xd,
    0xe0, 0x0, 0x6, 0xf5, 0x0, 0xde, 0x0, 0x0,
    0x6f, 0x56, 0x9f, 0xc0, 0x0, 0x6, 0xf5, 0xcf,
    0xd3, 0x0, 0x0, 0x6f, 0x50,

    /* U+043C "м" */
    0xaf, 0xf4, 0x0, 0x0, 0x5f, 0xf6, 0xaf, 0xf9,
    0x0, 0x0, 0xaf, 0xf6, 0xaf, 0xce, 0x0, 0x0,
    0xfd, 0xf6, 0xaf, 0x7f, 0x30, 0x5, 0xf8, 0xf6,
    0xaf, 0x2f, 0x70, 0xb, 0xc6, 0xf6, 0xaf, 0x1b,
    0xc0, 0x1f, 0x76, 0xf6, 0xaf, 0x16, 0xf1, 0x6f,
    0x16, 0xf6, 0xaf, 0x11, 0xf6, 0xbc, 0x6, 0xf6,
    0xaf, 0x10, 0xcc, 0xf6, 0x6, 0xf6, 0xaf, 0x10,
    0x7f, 0xf1, 0x6, 0xf6, 0xaf, 0x10, 0x2f, 0xb0,
    0x6, 0xf6,

    /* U+043D "н" */
    0xaf, 0x10, 0x0, 0xf, 0xba, 0xf1, 0x0, 0x0,
    0xfb, 0xaf, 0x10, 0x0, 0xf, 0xba, 0xf1, 0x0,
    0x0, 0xfb, 0xaf, 0x88, 0x88, 0x8f, 0xba, 0xff,
    0xff, 0xff, 0xfb, 0xaf, 0x10, 0x0, 0xf, 0xba,
    0xf1, 0x0, 0x0, 0xfb, 0xaf, 0x10, 0x0, 0xf,
    0xba, 0xf1, 0x0, 0x0, 0xfb, 0xaf, 0x10, 0x0,
    0xf, 0xb0,

    /* U+043E "о" */
    0x0, 0x19, 0xef, 0xe9, 0x10, 0x0, 0x1e, 0xfc,
    0x9b, 0xfe, 0x20, 0xb, 0xf6, 0x0, 0x6, 0xfb,
    0x1, 0xfc, 0x0, 0x0, 0xc, 0xf2, 0x4f, 0x80,
    0x0, 0x0, 0x8f, 0x44, 0xf7, 0x0, 0x0, 0x7,
    0xf5, 0x4f, 0x90, 0x0, 0x0, 0x8f, 0x41, 0xfd,
    0x0, 0x0, 0xc, 0xf1, 0xb, 0xf6, 0x0, 0x6,
    0xfc, 0x0, 0x2e, 0xfb, 0x8b, 0xfe, 0x20, 0x0,
    0x19, 0xef, 0xe9, 0x10, 0x0,

    /* U+043F "п" */
    0xaf, 0xff, 0xff, 0xff, 0x8a, 0xf8, 0x88, 0x8a,
    0xf8, 0xaf, 0x10, 0x0, 0x4f, 0x8a, 0xf1, 0x0,
    0x4, 0xf8, 0xaf, 0x10, 0x0, 0x4f, 0x8a, 0xf1,
    0x0, 0x4, 0xf8, 0xaf, 0x10, 0x0, 0x4f, 0x8a,
    0xf1, 0x0, 0x4, 0xf8, 0xaf, 0x10, 0x0, 0x4f,
    0x8a, 0xf1, 0x0, 0x4, 0xf8, 0xaf, 0x10, 0x0,
    0x4f, 0x80,

    /* U+0440 "р" */
    0xbe, 0x3b, 0xfe, 0xa2, 0x0, 0xbf, 0xfa, 0x35,
    0xee, 0x20, 0xbf, 0xa0, 0x0, 0x2f, 0xb0, 0xbf,
    0x30, 0x0, 0xb, 0xf1, 0xbf, 0x0, 0x0, 0x8,
    0xf3, 0xbe, 0x0, 0x0, 0x7, 0xf4, 0xbf, 0x0,
    0x0, 0x9, 0xf3, 0xbf, 0x30, 0x0, 0xc, 0xf0,
    0xbf, 0xb0, 0x0, 0x6f, 0xa0, 0xbf, 0xed, 0x8a,
    0xfd, 0x10, 0xbf, 0x2b, 0xfe, 0x91, 0x0, 0xbf,
    0x10, 0x0, 0x0, 0x0, 0xbf, 0x10, 0x0, 0x0,
    0x0, 0xbf, 0x10, 0x0, 0x0, 0x0, 0xbf, 0x10,
    0x0, 0x0, 0x0,

    /* U+0441 "с" */
    0x0, 0x18, 0xdf, 0xd8, 0x0, 0x1, 0xdf, 0xc8,
    0xbf, 0xc0, 0x9, 0xf7, 0x0, 0x9, 0xf5, 0xe,
    0xe0, 0x0, 0x1, 0x83, 0x2f, 0xa0, 0x0, 0x0,
    0x0, 0x3f, 0x90, 0x0, 0x0, 0x0, 0x2f, 0xa0,
    0x0, 0x0, 0x0, 0xf, 0xd0, 0x0, 0x1, 0xfa,
    0x9, 0xf6, 0x0, 0x8, 0xf5, 0x1, 0xdf, 0xb8,
    0xbf, 0xb0, 0x0, 0x19, 0xef, 0xe8, 0x0,

    /* U+0442 "т" */
    0xaf, 0xff, 0xff, 0xff, 0xc5, 0x88, 0xaf, 0xb8,
    0x86, 0x0, 0x4, 0xf7, 0x0, 0x0, 0x0, 0x4f,
    0x70, 0x0, 0x0, 0x4, 0xf7, 0x0, 0x0, 0x0,
    0x4f, 0x70, 0x0, 0x0, 0x4, 0xf7, 0x0, 0x0,
    0x0, 0x4f, 0x70, 0x0, 0x0, 0x4, 0xf7, 0x0,
    0x0, 0x0, 0x4f, 0x70, 0x0, 0x0, 0x4, 0xf7,
    0x0, 0x0,

    /* U+0443 "у" */
    0x7f, 0x60, 0x0, 0x1, 0xfa, 0x2f, 0xb0, 0x0,
    0x7, 0xf4, 0xc, 0xf1, 0x0, 0xd, 0xe0, 0x6,
    0xf7, 0x0, 0x3f, 0x80, 0x0, 0xfc, 0x0, 0x8f,
    0x30, 0x0, 0xaf, 0x20, 0xed, 0x0, 0x0, 0x4f,
    0x73, 0xf7, 0x0, 0x0, 0xe, 0xc8, 0xf1, 0x0,
    0x0, 0x8, 0xfe, 0xb0, 0x0, 0x0, 0x2, 0xff,
    0x50, 0x0, 0x0, 0x0, 0xdf, 0x0, 0x0, 0x0,
    0x0, 0xfa, 0x0, 0x0, 0x0, 0x8, 0xf3, 0x0,
    0x0, 0xc, 0xdf, 0xb0, 0x0, 0x0, 0xb, 0xfb,
    0x10, 0x0, 0x0,

    /* U+0444 "ф" */
    0x0, 0x0, 0x0, 0xa, 0xf1, 0x0, 0x0, 0x0,
    0x0, 0x0, 0x0, 0xa, 0xf1, 0x0, 0x0, 0x0,
    0x0, 0x0, 0x0, 0xa, 0xf1, 0x0, 0x0, 0x0,
    0x0, 0x0, 0x0, 0xa, 0xf1, 0x0, 0x0, 0x0,
    0x0, 0x3b, 0xfe, 0x7a, 0xf4, 0xbf, 0xe7, 0x0,
    0x2, 0xff, 0x99, 0xff, 0xff, 0xc8, 0xdf, 0x80,
    0xb, 0xf4, 0x0, 0x4f, 0xfb, 0x0, 0xc, 0xf2,
    0xf, 0xc0, 0x0, 0xe, 0xf5, 0x0, 0x4, 0xf7,
    0x3f, 0x90, 0x0, 0xb, 0xf2, 0x0, 0x1, 0xfa,
    0x4f, 0x80, 0x0, 0xa, 0xf1, 0x0, 0x0, 0xfb,
    0x3f, 0x90, 0x0, 0xb, 0xf2, 0x0, 0x1, 0xfa,
    0xf, 0xc0, 0x0, 0xd, 0xf4, 0x0, 0x5, 0xf7,
    0xa, 0xf4, 0x0, 0x4f, 0xfa, 0x0, 0xc, 0xf2,
    0x2, 0xef, 0xa9, 0xff, 0xff, 0xb8, 0xdf, 0x80,
    0x0, 0x2b, 0xfe, 0x8a, 0xf4, 0xcf, 0xe7, 0x0,
    0x0, 0x0, 0x0, 0xa, 0xf1, 0x0, 0x0, 0x0,
    0x0, 0x0, 0x0, 0xa, 0xf1, 0x0, 0x0, 0x0,
    0x0, 0x0, 0x0, 0xa, 0xf1, 0x0, 0x0, 0x0,
    0x0, 0x0, 0x0, 0xa, 0xf1, 0x0, 0x0, 0x0,

    /* U+0445 "х" */
    0x3f, 0xe0, 0x0, 0xd, 0xf3, 0x9, 0xf8, 0x0,
    0x8f, 0x80, 0x0, 0xdf, 0x23, 0xfd, 0x0, 0x0,
    0x4f, 0xcd, 0xf2, 0x0, 0x0, 0x9, 0xff, 0x70,
    0x0, 0x0, 0x4, 0xff, 0x30, 0x0, 0x0, 0xd,
    0xff, 0xd0, 0x0, 0x0, 0x8f, 0x77, 0xf8, 0x0,
    0x3, 0xfd, 0x0, 0xdf, 0x30, 0xd, 0xf3, 0x0,
    0x3f, 0xd0, 0x8f, 0x90, 0x0, 0x9, 0xf8,

    /* U+0446 "ц" */
    0xaf, 0x10, 0x0, 0xf, 0xb0, 0xaf, 0x10, 0x0,
    0xf, 0xb0, 0xaf, 0x10, 0x0, 0xf, 0xb0, 0xaf,
    0x10, 0x0, 0xf, 0xb0, 0xaf, 0x10, 0x0, 0xf,
    0xb0, 0xaf, 0x10, 0x0, 0xf, 0xb0, 0xaf, 0x10,
    0x0, 0xf, 0xb0, 0xaf, 0x10, 0x0, 0xf, 0xb0,
    0xaf, 0x10, 0x0, 0xf, 0xb0, 0xaf, 0x88, 0x88,
    0x8f, 0xd6, 0xaf, 0xff, 0xff, 0xff, 0xfd, 0x0,
    0x0, 0x0, 0x0, 0x9d, 0x0, 0x0, 0x0, 0x0,
    0x9d, 0x0, 0x0, 0x0, 0x0, 0x9d, 0x0, 0x0,
    0x0, 0x0, 0x0,

    /* U+0447 "ч" */
    0x5f, 0x70, 0x0, 0xa, 0xf1, 0x5f, 0x70, 0x0,
    0xa, 0xf1, 0x5f, 0x70, 0x0, 0xa, 0xf1, 0x4f,
    0x80, 0x0, 0xa, 0xf1, 0x1f, 0xd0, 0x0, 0xa,
    0xf1, 0x9, 0xfd, 0x99, 0xdf, 0xf1, 0x0, 0x8e,
    0xfe, 0xad, 0xf1, 0x0, 0x0, 0x0, 0xa, 0xf1,
    0x0, 0x0, 0x0, 0xa, 0xf1, 0x0, 0x0, 0x0,
    0xa, 0xf1, 0x0, 0x0, 0x0, 0xa, 0xf1,

    /* U+0448 "ш" */
    0xaf, 0x20, 0x0, 0xde, 0x0, 0x1, 0xfa, 0xaf,
    0x20, 0x0, 0xde, 0x0, 0x1, 0xfa, 0xaf, 0x20,
    0x0, 0xde, 0x0, 0x1, 0xfa, 0xaf, 0x20, 0x0,
    0xde, 0x0, 0x1, 0xfa, 0xaf, 0x20, 0x0, 0xde,
    0x0, 0x1, 0xfa, 0xaf, 0x20, 0x0, 0xde, 0x0,
    0x1, 0xfa, 0xaf, 0x20, 0x0, 0xde, 0x0, 0x1,
    0xfa, 0xaf, 0x20, 0x0, 0xde, 0x0, 0x1, 0xfa,
    0xaf, 0x20, 0x0, 0xde, 0x0, 0x1, 0xfa, 0xaf,
    0x98, 0x88, 0xef, 0x88, 0x88, 0xfa, 0xaf, 0xff,
    0xff, 0xff, 0xff, 0xff, 0xfa,

    /* U+0449 "щ" */
    0xaf, 0x20, 0x0, 0xde, 0x0, 0x1, 0xfa, 0xa,
    0xf2, 0x0, 0xd, 0xe0, 0x0, 0x1f, 0xa0, 0xaf,
    0x20, 0x0, 0xde, 0x0, 0x1, 0xfa, 0xa, 0xf2,
    0x0, 0xd, 0xe0, 0x0, 0x1f, 0xa0, 0xaf, 0x20,
    0x0, 0xde, 0x0, 0x1, 0xfa, 0xa, 0xf2, 0x0,
    0xd, 0xe0, 0x0, 0x1f, 0xa0, 0xaf, 0x20, 0x0,
    0xde, 0x0, 0x1, 0xfa, 0xa, 0xf2, 0x0, 0xd,
    0xe0, 0x0, 0x1f, 0xa0, 0xaf, 0x20, 0x0, 0xde,
    0x0, 0x1, 0xfa, 0xa, 0xf9, 0x88, 0x8e, 0xf8,
    0x88, 0x8f, 0xd6, 0xaf, 0xff, 0xff, 0xff, 0xff,
    0xff, 0xff, 0xd0, 0x0, 0x0, 0x0, 0x0, 0x0,
    0x0, 0xad, 0x0, 0x0, 0x0, 0x0, 0x0, 0x0,
    0xa, 0xd0, 0x0, 0x0, 0x0, 0x0, 0x0, 0x0,
    0xad, 0x0, 0x0, 0x0, 0x0, 0x0, 0x0, 0x0,
    0x0,

    /* U+044A "ъ" */
    0x9f, 0xff, 0xf0, 0x0, 0x0, 0x0, 0x48, 0x8d,
    0xf0, 0x0, 0x0, 0x0, 0x0, 0xb, 0xf0, 0x0,
    0x0, 0x0, 0x0, 0xb, 0xf0, 0x0, 0x0, 0x0,
    0x0, 0xb, 0xf8, 0x87, 0x63, 0x0, 0x0, 0xb,
    0xff, 0xff, 0xff, 0xa0, 0x0, 0xb, 0xf0, 0x0,
    0x2a, 0xf7, 0x0, 0xb, 0xf0, 0x0, 0x1, 0xfb,
    0x0, 0xb, 0xf0, 0x0, 0x4, 0xfa, 0x0, 0xb,
    0xf8, 0x78, 0xaf, 0xf4, 0x0, 0xb, 0xff, 0xff,
    0xeb, 0x30,

    /* U+044B "ы" */
    0xaf, 0x10, 0x0, 0x0, 0x0, 0xdf, 0xaf, 0x10,
    0x0, 0x0, 0x0, 0xdf, 0xaf, 0x10, 0x0, 0x0,
    0x0, 0xdf, 0xaf, 0x10, 0x0, 0x0, 0x0, 0xdf,
    0xaf, 0x88, 0x75, 0x20, 0x0, 0xdf, 0xaf, 0xff,
    0xff, 0xfb, 0x0, 0xdf, 0xaf, 0x10, 0x1, 0x9f,
    0x90, 0xdf, 0xaf, 0x10, 0x0, 0xf, 0xd0, 0xdf,
    0xaf, 0x10, 0x0, 0x2f, 0xb0, 0xdf, 0xaf, 0x88,
    0x8a, 0xff, 0x40, 0xdf, 0xaf, 0xff, 0xff, 0xc5,
    0x0, 0xdf,

    /* U+044C "ь" */
    0xbf, 0x0, 0x0, 0x0, 0xb, 0xf0, 0x0, 0x0,
    0x0, 0xbf, 0x0, 0x0, 0x0, 0xb, 0xf0, 0x0,
    0x0, 0x0, 0xbf, 0x88, 0x75, 0x20, 0xb, 0xff,
    0xff, 0xff, 0xa0, 0xbf, 0x0, 0x2, 0xaf, 0x8b,
    0xf0, 0x0, 0x1, 0xfc, 0xbf, 0x0, 0x0, 0x4f,
    0xab, 0xf8, 0x88, 0xaf, 0xf3, 0xbf, 0xff, 0xff,
    0xc4, 0x0,

    /* U+044D "э" */
    0x0, 0x5c, 0xfe, 0xa2, 0x0, 0x7, 0xfd, 0x9a,
    0xff, 0x30, 0x1f, 0xd0, 0x0, 0x5f, 0xc0, 0x2a,
    0x50, 0x0, 0xc, 0xf2, 0x0, 0x0, 0x22, 0x29,
    0xf5, 0x0, 0x0, 0xff, 0xff, 0xf6, 0x0, 0x0,
    0x55, 0x5a, 0xf5, 0x5d, 0x40, 0x0, 0xa, 0xf2,
    0x2f, 0xb0, 0x0, 0x3f, 0xd0, 0x8, 0xfd, 0x9b,
    0xff, 0x30, 0x0, 0x6d, 0xff, 0xb3, 0x0,

    /* U+044E "ю" */
    0xaf, 0x10, 0x0, 0x6d, 0xfe, 0x91, 0x0, 0xaf,
    0x10, 0x9, 0xfa, 0x56, 0xed, 0x10, 0xaf, 0x10,
    0x2f, 0xa0, 0x0, 0x3f, 0x90, 0xaf, 0x10, 0x8f,
    0x30, 0x0, 0xd, 0xe0, 0xaf, 0x32, 0xcf, 0x10,
    0x0, 0xa, 0xf1, 0xaf, 0xff, 0xff, 0x0, 0x0,
    0x9, 0xf2, 0xaf, 0x65, 0xdf, 0x10, 0x0, 0xa,
    0xf1, 0xaf, 0x10, 0x9f, 0x40, 0x0, 0xe, 0xf0,
    0xaf, 0x10, 0x4f, 0xc0, 0x0, 0x6f, 0x90, 0xaf,
    0x10, 0xa, 0xfd, 0x8b, 0xfe, 0x10, 0xaf, 0x10,
    0x0, 0x7d, 0xfe, 0xa1, 0x0,

    /* U+044F "я" */
    0x0, 0x6d, 0xff, 0xff, 0xf7, 0x7, 0xfd, 0x88,
    0x8a, 0xf7, 0xe, 0xe0, 0x0, 0x4, 0xf7, 0xf,
    0xc0, 0x0, 0x4, 0xf7, 0xd, 0xf1, 0x0, 0x4,
    0xf7, 0x5, 0xfe, 0x98, 0x8a, 0xf7, 0x0, 0x4b,
    0xff, 0xff, 0xf7, 0x0, 0x3f, 0xe3, 0x4, 0xf7,
    0x1, 0xef, 0x30, 0x4, 0xf7, 0xa, 0xf8, 0x0,
    0x4, 0xf7, 0x5f, 0xc0, 0x0, 0x4, 0xf7,

    /* U+0450 "ѐ" */
    0x0, 0x9, 0xf9, 0x0, 0x0, 0x0, 0x0, 0xc,
    0xf1, 0x0, 0x0, 0x0, 0x0, 0x1c, 0x60, 0x0,
    0x0, 0x0, 0x0, 0x0, 0x0, 0x0, 0x0, 0x8,
    0xdf, 0xe9, 0x10, 0x0, 0x1d, 0xfc, 0x8a, 0xfd,
    0x10, 0x9, 0xf7, 0x0, 0x4, 0xfa, 0x0, 0xfe,
    0x0, 0x0, 0xc, 0xf0, 0x2f, 0xd8, 0x88, 0x88,
    0xcf, 0x33, 0xff, 0xff, 0xff, 0xff, 0xf4, 0x3f,
    0xa0, 0x0, 0x0, 0x0, 0x0, 0xfd, 0x0, 0x0,
    0x6, 0x70, 0xa, 0xf8, 0x0, 0x3, 0xfd, 0x0,
    0x1d, 0xfc, 0x8a, 0xff, 0x30, 0x0, 0x18, 0xdf,
    0xea, 0x20, 0x0,

    /* U+0451 "ё" */
    0x0, 0x3f, 0x90, 0x9f, 0x40, 0x0, 0x3, 0xf9,
    0x9, 0xf4, 0x0, 0x0, 0x1, 0x0, 0x1, 0x0,
    0x0, 0x0, 0x0, 0x0, 0x0, 0x0, 0x0, 0x8,
    0xdf, 0xe9, 0x10, 0x0, 0x1d, 0xfc, 0x8a, 0xfd,
    0x10, 0x9, 0xf7, 0x0, 0x4, 0xfa, 0x0, 0xfe,
    0x0, 0x0, 0xc, 0xf0, 0x2f, 0xd8, 0x88, 0x88,
    0xcf, 0x33, 0xff, 0xff, 0xff, 0xff, 0xf4, 0x3f,
    0xa0, 0x0, 0x0, 0x0, 0x0, 0xfd, 0x0, 0x0,
    0x6, 0x70, 0xa, 0xf8, 0x0, 0x3, 0xfd, 0x0,
    0x1d, 0xfc, 0x8a, 0xff, 0x30, 0x0, 0x18, 0xdf,
    0xea, 0x20, 0x0,

    /* U+0452 "ђ" */
    0xb, 0xf1, 0x0, 0x0, 0x0, 0xff, 0xff, 0xff,
    0x60, 0x0, 0x2b, 0xf3, 0x33, 0x10, 0x0, 0xb,
    0xf1, 0x0, 0x0, 0x0, 0xb, 0xf2, 0x9e, 0xfc,
    0x40, 0xb, 0xfe, 0xea, 0xbf, 0xf3, 0xb, 0xfb,
    0x0, 0x6, 0xf9, 0xb, 0xf4, 0x0, 0x0, 0xfb,
    0xb, 0xf1, 0x0, 0x0, 0xfc, 0xb, 0xf1, 0x0,
    0x0, 0xfc, 0xb, 0xf1, 0x0, 0x0, 0xfc, 0xb,
    0xf1, 0x0, 0x0, 0xfc, 0xb, 0xf1, 0x0, 0x0,
    0xfc, 0xb, 0xf1, 0x0, 0x0, 0xfc, 0xb, 0xf1,
    0x0, 0x0, 0xfc, 0x0, 0x0, 0x0, 0x0, 0xfc,
    0x0, 0x0, 0x0, 0x1, 0xfb, 0x0, 0x0, 0x0,
    0xac, 0xf7, 0x0, 0x0, 0x1, 0xef, 0xa0,

    /* U+0453 "ѓ" */
    0x0, 0x9, 0xf8, 0x0, 0x1, 0xfc, 0x0, 0x0,
    0x6c, 0x10, 0x0, 0x0, 0x0, 0x0, 0xaf, 0xff,
    0xff, 0x4a, 0xf8, 0x88, 0x82, 0xaf, 0x10, 0x0,
    0xa, 0xf1, 0x0, 0x0, 0xaf, 0x10, 0x0, 0xa,
    0xf1, 0x0, 0x0, 0xaf, 0x10, 0x0, 0xa, 0xf1,
    0x0, 0x0, 0xaf, 0x10, 0x0, 0xa, 0xf1, 0x0,
    0x0, 0xaf, 0x10, 0x0, 0x0,

    /* U+0454 "є" */
    0x0, 0x19, 0xef, 0xd7, 0x0, 0x1, 0xdf, 0xc8,
    0xcf, 0xb0, 0x9, 0xf8, 0x0, 0xa, 0xf4, 0xf,
    0xe0, 0x0, 0x2, 0xb4, 0x2f, 0xb2, 0x22, 0x0,
    0x0, 0x3f, 0xff, 0xff, 0x40, 0x0, 0x2f, 0xc5,
    0x55, 0x10, 0x0, 0xf, 0xd0, 0x0, 0x1, 0xe8,
    0xa, 0xf6, 0x0, 0x8, 0xf5, 0x1, 0xef, 0xb9,
    0xcf, 0xb0, 0x0, 0x1a, 0xef, 0xd8, 0x0,

    /* U+0455 "ѕ" */
    0x0, 0x7d, 0xfe, 0xb4, 0x0, 0x8, 0xfc, 0x89,
    0xef, 0x40, 0xf, 0xb0, 0x0, 0x2f, 0xb0, 0xf,
    0xd1, 0x0, 0x2, 0x0, 0x9, 0xff, 0xb7, 0x20,
    0x0, 0x0, 0x6d, 0xff, 0xfd, 0x30, 0x0, 0x0,
    0x16, 0xbf, 0xe0, 0x28, 0x40, 0x0, 0xb, 0xf3,
    0x1f, 0xc0, 0x0, 0xc, 0xf1, 0x8, 0xfd, 0x98,
    0xdf, 0x80, 0x0, 0x6c, 0xef, 0xc6, 0x0,

    /* U+0456 "і" */
    0xaf, 0x1a, 0xf1, 0x11, 0x0, 0x0, 0xaf, 0x1a,
    0xf1, 0xaf, 0x1a, 0xf1, 0xaf, 0x1a, 0xf1, 0xaf,
    0x1a, 0xf1, 0xaf, 0x1a, 0xf1, 0xaf, 0x10,

    /* U+0457 "ї" */
    0xee, 0x4, 0xf9, 0xee, 0x4, 0xf9, 0x11, 0x0,
    0x10, 0x0, 0x0, 0x0, 0x1, 0xfb, 0x0, 0x1,
    0xfb, 0x0, 0x1, 0xfb, 0x0, 0x1, 0xfb, 0x0,
    0x1, 0xfb, 0x0, 0x1, 0xfb, 0x0, 0x1, 0xfb,
    0x0, 0x1, 0xfb, 0x0, 0x1, 0xfb, 0x0, 0x1,
    0xfb, 0x0, 0x1, 0xfb, 0x0,

    /* U+0458 "ј" */
    0x0, 0xbf, 0x10, 0xb, 0xf1, 0x0, 0x11, 0x0,
    0x0, 0x0, 0x0, 0xbf, 0x10, 0xb, 0xf1, 0x0,
    0xbf, 0x10, 0xb, 0xf1, 0x0, 0xbf, 0x10, 0xb,
    0xf1, 0x0, 0xbf, 0x10, 0xb, 0xf1, 0x0, 0xbf,
    0x10, 0xb, 0xf1, 0x0, 0xbf, 0x10, 0xb, 0xf0,
    0x0, 0xcf, 0x7, 0xaf, 0xc0, 0xbf, 0xc2, 0x0,

    /* U+0459 "љ" */
    0x0, 0xbf, 0xff, 0xff, 0xff, 0xa0, 0x0, 0x0,
    0x0, 0x0, 0xbf, 0x88, 0x88, 0x8f, 0xa0, 0x0,
    0x0, 0x0, 0x0, 0xbf, 0x0, 0x0, 0x1f, 0xa0,
    0x0, 0x0, 0x0, 0x0, 0xbf, 0x0, 0x0, 0x1f,
    0xa0, 0x0, 0x0, 0x0, 0x0, 0xbf, 0x0, 0x0,
    0x1f, 0xd8, 0x76, 0x50, 0x0, 0x0, 0xbf, 0x0,
    0x0, 0x1f, 0xff, 0xff, 0xfe, 0x60, 0x0, 0xbf,
    0x0, 0x0, 0x1f, 0xa0, 0x0, 0x3e, 0xf2, 0x0,
    0xbf, 0x0, 0x0, 0x1f, 0xa0, 0x0, 0x7, 0xf6,
    0x0, 0xcf, 0x0, 0x0, 0x1f, 0xa0, 0x0, 0x9,
    0xf4, 0x57, 0xfd, 0x0, 0x0, 0x1f, 0xc6, 0x67,
    0xaf, 0xc0, 0xdf, 0xd4, 0x0, 0x0, 0x1f, 0xff,
    0xff, 0xea, 0x10,

    /* U+045A "њ" */
    0xbf, 0x0, 0x0, 0xfc, 0x0, 0x0, 0x0, 0xb,
    0xf0, 0x0, 0xf, 0xc0, 0x0, 0x0, 0x0, 0xbf,
    0x0, 0x0, 0xfc, 0x0, 0x0, 0x0, 0xb, 0xf0,
    0x0, 0xf, 0xc0, 0x0, 0x0, 0x0, 0xbf, 0x88,
    0x88, 0xfe, 0x88, 0x75, 0x10, 0xb, 0xff, 0xff,
    0xff, 0xff, 0xff, 0xff, 0x70, 0xbf, 0x0, 0x0,
    0xfc, 0x0, 0x3, 0xdf, 0x4b, 0xf0, 0x0, 0xf,
    0xc0, 0x0, 0x5, 0xf8, 0xbf, 0x0, 0x0, 0xfc,
    0x0, 0x0, 0x7f, 0x6b, 0xf0, 0x0, 0xf, 0xe6,
    0x67, 0xaf, 0xe1, 0xbf, 0x0, 0x0, 0xff, 0xff,
    0xfe, 0xa2, 0x0,

    /* U+045B "ћ" */
    0xb, 0xf1, 0x0, 0x0, 0x0, 0xff, 0xff, 0xff,
    0x60, 0x0, 0x2b, 0xf3, 0x33, 0x10, 0x0, 0xb,
    0xf1, 0x0, 0x0, 0x0, 0xb, 0xf2, 0x9e, 0xfc,
    0x40, 0xb, 0xfe, 0xea, 0xbf, 0xf3, 0xb, 0xfb,
    0x0, 0x6, 0xf9, 0xb, 0xf4, 0x0, 0x1, 0xfb,
    0xb, 0xf1, 0x0, 0x0, 0xfc, 0xb, 0xf1, 0x0,
    0x0, 0xfc, 0xb, 0xf1, 0x0, 0x0, 0xfc, 0xb,
    0xf1, 0x0, 0x0, 0xfc, 0xb, 0xf1, 0x0, 0x0,
    0xfc, 0xb, 0xf1, 0x0, 0x0, 0xfc, 0xb, 0xf1,
    0x0, 0x0, 0xfc,

    /* U+045C "ќ" */
    0x0, 0x9, 0xf8, 0x0, 0x0, 0x1f, 0xc0, 0x0,
    0x0, 0x6c, 0x10, 0x0, 0x0, 0x0, 0x0, 0x0,
    0xbf, 0x10, 0x9, 0xf8, 0xbf, 0x10, 0x5f, 0x94,
    0xbf, 0x10, 0xbc, 0x0, 0xbf, 0x12, 0xf6, 0x0,
    0xbf, 0x1a, 0xe0, 0x0, 0xbf, 0xff, 0x30, 0x0,
    0xbf, 0x4d, 0xe2, 0x0, 0xbf, 0x12, 0xfc, 0x0,
    0xbf, 0x10, 0x7f, 0x60, 0xbf, 0x10, 0xd, 0xe1,
    0xbf, 0x10, 0x5, 0xf9,

    /* U+045D "ѝ" */
    0x0, 0xaf, 0x80, 0x0, 0x0, 0x0, 0xde, 0x0,
    0x0, 0x0, 0x2, 0xc5, 0x0, 0x0, 0x0, 0x0,
    0x0, 0x0, 0xbf, 0x10, 0x0, 0x5f, 0xdb, 0xf1,
    0x0, 0xe, 0xfd, 0xbf, 0x10, 0x8, 0xff, 0xdb,
    0xf1, 0x1, 0xf9, 0xed, 0xbf, 0x10, 0xae, 0x1e,
    0xdb, 0xf1, 0x3f, 0x60, 0xed, 0xbf, 0x1d, 0xd0,
    0xe, 0xdb, 0xf7, 0xf4, 0x0, 0xed, 0xbf, 0xfa,
    0x0, 0xe, 0xdb, 0xff, 0x20, 0x0, 0xed, 0xbf,
    0x80, 0x0, 0xe, 0xd0,

    /* U+045E "ў" */
    0x0, 0x9b, 0x11, 0x8d, 0x0, 0x0, 0x1d, 0xff,
    0xe3, 0x0, 0x0, 0x0, 0x22, 0x0, 0x0, 0x0,
    0x0, 0x0, 0x0, 0x0, 0x7f, 0x60, 0x0, 0x1,
    0xfa, 0x2f, 0xb0, 0x0, 0x7, 0xf4, 0xc, 0xf1,
    0x0, 0xd, 0xe0, 0x6, 0xf7, 0x0, 0x3f, 0x80,
    0x0, 0xfc, 0x0, 0x8f, 0x30, 0x0, 0xaf, 0x20,
    0xed, 0x0, 0x0, 0x4f, 0x73, 0xf7, 0x0, 0x0,
    0xe, 0xc8, 0xf1, 0x0, 0x0, 0x8, 0xfe, 0xb0,
    0x0, 0x0, 0x2, 0xff, 0x50, 0x0, 0x0, 0x0,
    0xdf, 0x0, 0x0, 0x0, 0x0, 0xfa, 0x0, 0x0,
    0x0, 0x8, 0xf3, 0x0, 0x0, 0xc, 0xdf, 0xb0,
    0x0, 0x0, 0xb, 0xfb, 0x10, 0x0, 0x0,

    /* U+045F "џ" */
    0xaf, 0x10, 0x0, 0xf, 0xba, 0xf1, 0x0, 0x0,
    0xfb, 0xaf, 0x10, 0x0, 0xf, 0xba, 0xf1, 0x0,
    0x0, 0xfb, 0xaf, 0x10, 0x0, 0xf, 0xba, 0xf1,
    0x0, 0x0, 0xfb, 0xaf, 0x10, 0x0, 0xf, 0xba,
    0xf1, 0x0, 0x0, 0xfb, 0xaf, 0x10, 0x0, 0xf,
    0xba, 0xf8, 0x88, 0x88, 0xfb, 0xaf, 0xff, 0xff,
    0xff, 0xb0, 0x0, 0x3f, 0x40, 0x0, 0x0, 0x3,
    0xf4, 0x0, 0x0, 0x0, 0x3f, 0x40, 0x0,

    /* U+2012 "‒" */
    0x2, 0x22, 0x22, 0x22, 0x22, 0x22, 0x0, 0xff,
    0xff, 0xff, 0xff, 0xff, 0xf1, 0x5, 0x55, 0x55,
    0x55, 0x55, 0x55, 0x0,

    /* U+2013 "–" */
    0x2, 0x22, 0x22, 0x22, 0x22, 0x22, 0x0, 0xff,
    0xff, 0xff, 0xff, 0xff, 0xf1, 0x5, 0x55, 0x55,
    0x55, 0x55, 0x55, 0x0,

    /* U+2014 "—" */
    0x22, 0x22, 0x22, 0x22, 0x22, 0x22, 0x22, 0x22,
    0x22, 0x22, 0xff, 0xff, 0xff, 0xff, 0xff, 0xff,
    0xff, 0xff, 0xff, 0xff, 0x55, 0x55, 0x55, 0x55,
    0x55, 0x55, 0x55, 0x55, 0x55, 0x55,

    /* U+2015 "―" */
    0x2, 0x22, 0x22, 0x22, 0x22, 0x22, 0x22, 0x22,
    0x22, 0x20, 0x5f, 0xff, 0xff, 0xff, 0xff, 0xff,
    0xff, 0xff, 0xff, 0xf6, 0x15, 0x55, 0x55, 0x55,
    0x55, 0x55, 0x55, 0x55, 0x55, 0x51,

    /* U+2016 "‖" */
    0x2f, 0x61, 0xf7, 0x2f, 0x61, 0xf7, 0x2f, 0x61,
    0xf7, 0x2f, 0x61, 0xf7, 0x2f, 0x61, 0xf7, 0x2f,
    0x61, 0xf7, 0x2f, 0x61, 0xf7, 0x2f, 0x61, 0xf7,
    0x2f, 0x61, 0xf7, 0x2f, 0x61, 0xf7, 0x2f, 0x61,
    0xf7, 0x2f, 0x61, 0xf7, 0x2f, 0x61, 0xf7, 0x2f,
    0x61, 0xf7, 0x2f, 0x61, 0xf7,

    /* U+2017 "‗" */
    0x1, 0x11, 0x11, 0x11, 0x11, 0x11, 0x4, 0xff,
    0xff, 0xff, 0xff, 0xff, 0xf5, 0x14, 0x44, 0x44,
    0x44, 0x44, 0x44, 0x10, 0x11, 0x11, 0x11, 0x11,
    0x11, 0x10, 0x4f, 0xff, 0xff, 0xff, 0xff, 0xff,
    0x51, 0x44, 0x44, 0x44, 0x44, 0x44, 0x41,

    /* U+2018 "‘" */
    0x9, 0x17, 0x90, 0xb5, 0xb, 0xf2, 0xcf, 0x20,

    /* U+2019 "’" */
    0xcf, 0x1c, 0xf1, 0x1e, 0x4, 0xc0, 0x82, 0x0,

    /* U+201A "‚" */
    0x11, 0xc, 0xf1, 0xcf, 0x10, 0xe0, 0x5b, 0x7,
    0x10,

    /* U+201B "‛" */
    0xaf, 0x3a, 0xf3, 0x97, 0x5, 0xb0, 0x8, 0x20,

    /* U+201C "“" */
    0x3, 0x80, 0x38, 0xd, 0x20, 0xd2, 0x2d, 0x11,
    0xd1, 0x2f, 0xb2, 0xfb, 0x3f, 0xb2, 0xfb,

    /* U+201D "”" */
    0x2f, 0xb2, 0xfc, 0x2f, 0xb2, 0xfc, 0x6, 0xa0,
    0x5b, 0x9, 0x70, 0x97, 0x19, 0x1, 0x90,

    /* U+201E "„" */
    0x1, 0x10, 0x11, 0x2f, 0xb2, 0xfc, 0x2f, 0xb2,
    0xfc, 0x4, 0xa0, 0x4b, 0xb, 0x60, 0xa6, 0x17,
    0x1, 0x70,

    /* U+201F "‟" */
    0x3f, 0xb2, 0xfb, 0x2f, 0xb2, 0xfb, 0x1d, 0x11,
    0xe1, 0xd, 0x20, 0xd3, 0x3, 0x80, 0x38,

    /* U+2020 "†" */
    0x0, 0x0, 0x6f, 0x60, 0x0, 0x0, 0x0, 0x6,
    0xf6, 0x0, 0x0, 0x0, 0x0, 0x6f, 0x60, 0x0,
    0x0, 0x0, 0x6, 0xf6, 0x0, 0x0, 0x4f, 0xff,
    0xff, 0xff, 0xff, 0x42, 0xaa, 0xac, 0xfc, 0xaa,
    0xa2, 0x0, 0x0, 0x6f, 0x60, 0x0, 0x0, 0x0,
    0x6, 0xf6, 0x0, 0x0, 0x0, 0x0, 0x6f, 0x60,
    0x0, 0x0, 0x0, 0x6, 0xf6, 0x0, 0x0, 0x0,
    0x0, 0x6f, 0x60, 0x0, 0x0, 0x0, 0x6, 0xf6,
    0x0, 0x0, 0x0, 0x0, 0x6f, 0x60, 0x0, 0x0,
    0x0, 0x6, 0xf6, 0x0, 0x0, 0x0, 0x0, 0x6f,
    0x60, 0x0, 0x0, 0x0, 0x6, 0xf6, 0x0, 0x0,
    0x0, 0x0, 0x6f, 0x60, 0x0, 0x0, 0x0, 0x6,
    0xf6, 0x0, 0x0, 0x0, 0x0, 0x2, 0x0, 0x0,
    0x0,

    /* U+2021 "‡" */
    0x0, 0x0, 0x5f, 0x60, 0x0, 0x0, 0x0, 0x5,
    0xf6, 0x0, 0x0, 0x0, 0x0, 0x5f, 0x60, 0x0,
    0x0, 0x0, 0x5, 0xf6, 0x0, 0x0, 0x4f, 0xff,
    0xff, 0xff, 0xff, 0x52, 0xaa, 0xac, 0xfc, 0xaa,
    0xa3, 0x0, 0x0, 0x5f, 0x60, 0x0, 0x0, 0x0,
    0x5, 0xf6, 0x0, 0x0, 0x0, 0x0, 0x5f, 0x60,
    0x0, 0x0, 0x0, 0x5, 0xf6, 0x0, 0x0, 0x0,
    0x0, 0x5f, 0x60, 0x0, 0x0, 0x0, 0x5, 0xf6,
    0x0, 0x0, 0x0, 0x0, 0x5f, 0x60, 0x0, 0x2,
    0xaa, 0xac, 0xfc, 0xaa, 0xa3, 0x4f, 0xff, 0xff,
    0xff, 0xff, 0x50, 0x0, 0x5, 0xf6, 0x0, 0x0,
    0x0, 0x0, 0x5f, 0x60, 0x0, 0x0, 0x0, 0x5,
    0xf6, 0x0, 0x0, 0x0, 0x0, 0x28, 0x30, 0x0,
    0x0,

    /* U+2022 "•" */
    0x0, 0x10, 0x0, 0x2d, 0xfd, 0x20, 0xbf, 0xff,
    0xc0, 0xef, 0xff, 0xf0, 0xaf, 0xff, 0xb0, 0x1b,
    0xfb, 0x10,

    /* U+2026 "…" */
    0x1, 0x0, 0x0, 0x1, 0x10, 0x0, 0x0, 0x10,
    0xaf, 0x50, 0x0, 0xf, 0xf0, 0x0, 0x5, 0xfa,
    0xaf, 0x50, 0x0, 0xf, 0xf0, 0x0, 0x5, 0xfa,

    /* U+20BD "₽" */
    0xc, 0xff, 0xff, 0xfd, 0x91, 0x0, 0xcf, 0xba,
    0xab, 0xff, 0xd0, 0xc, 0xf2, 0x0, 0x1, 0xcf,
    0x70, 0xcf, 0x20, 0x0, 0x4, 0xfb, 0xc, 0xf2,
    0x0, 0x0, 0x2f, 0xc0, 0xcf, 0x20, 0x0, 0x6,
    0xfa, 0xc, 0xf2, 0x0, 0x15, 0xff, 0x5b, 0xff,
    0xff, 0xff, 0xff, 0x80, 0x8e, 0xfb, 0xbb, 0x97,
    0x20, 0x1, 0xcf, 0x31, 0x11, 0x11, 0x0, 0xbf,
    0xff, 0xff, 0xff, 0xe0, 0x3, 0xdf, 0x64, 0x44,
    0x44, 0x0, 0xc, 0xf2, 0x0, 0x0, 0x0, 0x0,
    0xcf, 0x20, 0x0, 0x0, 0x0, 0xc, 0xf2, 0x0,
    0x0, 0x0, 0x0,

    /* U+2116 "№" */
    0x35, 0x10, 0x0, 0x0, 0x3, 0x50, 0x0, 0x0,
    0x0, 0x0, 0xaf, 0xc0, 0x0, 0x0, 0xc, 0xf1,
    0x0, 0x0, 0x0, 0x0, 0xaf, 0xf6, 0x0, 0x0,
    0xc, 0xf1, 0x0, 0x0, 0x0, 0x0, 0xaf, 0xfe,
    0x10, 0x0, 0xc, 0xf1, 0x0, 0x26, 0x61, 0x0,
    0xaf, 0xaf, 0xa0, 0x0, 0xc, 0xf1, 0x7, 0xff,
    0xff, 0x50, 0xaf, 0x2d, 0xf4, 0x0, 0xc, 0xf1,
    0x3f, 0xa0, 0x1c, 0xe1, 0xaf, 0x24, 0xfd, 0x0,
    0xc, 0xf1, 0x8f, 0x30, 0x5, 0xf5, 0xaf, 0x20,
    0x9f, 0x80, 0xc, 0xf1, 0x9f, 0x10, 0x4, 0xf6,
    0xaf, 0x20, 0x1e, 0xf3, 0xc, 0xf1, 0x8f, 0x30,
    0x6, 0xf4, 0xaf, 0x20, 0x5, 0xfc, 0xc, 0xf1,
    0x3f, 0xc1, 0x2d, 0xe0, 0xaf, 0x20, 0x0, 0xbf,
    0x7c, 0xf1, 0x7, 0xff, 0xff, 0x40, 0xaf, 0x20,
    0x0, 0x1f, 0xfd, 0xf1, 0x0, 0x14, 0x41, 0x0,
    0xaf, 0x20, 0x0, 0x6, 0xff, 0xf1, 0x49, 0x99,
    0x99, 0x92, 0xaf, 0x20, 0x0, 0x0, 0xcf, 0xf1,
    0x6d, 0xdd, 0xdd, 0xd3, 0xaf, 0x20, 0x0, 0x0,
    0x2f, 0xf1, 0x0, 0x0, 0x0, 0x0,

    /* U+2190 "←" */
    0x0, 0x0, 0x74, 0x0, 0x0, 0x0, 0x0, 0x0,
    0x0, 0x0, 0x0, 0x7, 0xd0, 0x0, 0x0, 0x0,
    0x0, 0x0, 0x0, 0x0, 0x0, 0x9f, 0x30, 0x0,
    0x0, 0x0, 0x0, 0x0, 0x0, 0x0, 0x2e, 0xfe,
    0xcc, 0xcc, 0xcc, 0xcc, 0xcc, 0xcc, 0xcc, 0xc2,
    0x5, 0xee, 0x43, 0x33, 0x33, 0x33, 0x33, 0x33,
    0x33, 0x30, 0x0, 0x1d, 0x90, 0x0, 0x0, 0x0,
    0x0, 0x0, 0x0, 0x0, 0x0, 0x1, 0xd2, 0x0,
    0x0, 0x0, 0x0, 0x0, 0x0, 0x0, 0x0, 0x0,
    0x12, 0x0, 0x0, 0x0, 0x0, 0x0, 0x0, 0x0,

    /* U+2191 "↑" */
    0x0, 0x0, 0x0, 0x0, 0x0, 0x5, 0xb0, 0x0,
    0x0, 0x1e, 0xf6, 0x0, 0x0, 0xcf, 0xff, 0x40,
    0xc, 0xb5, 0xb6, 0xe4, 0x24, 0x4, 0xb0, 0x16,
    0x0, 0x4, 0xb0, 0x0, 0x0, 0x4, 0xb0, 0x0,
    0x0, 0x4, 0xb0, 0x0, 0x0, 0x4, 0xb0, 0x0,
    0x0, 0x4, 0xb0, 0x0, 0x0, 0x4, 0xb0, 0x0,
    0x0, 0x4, 0xb0, 0x0, 0x0, 0x4, 0xb0, 0x0,
    0x0, 0x4, 0xb0, 0x0, 0x0, 0x4, 0xb0, 0x0,
    0x0, 0x4, 0xb0, 0x0, 0x0, 0x4, 0xb0, 0x0,
    0x0, 0x0, 0x20, 0x0,

    /* U+2192 "→" */
    0x0, 0x0, 0x0, 0x0, 0x0, 0x0, 0x0, 0x47,
    0x0, 0x0, 0x0, 0x0, 0x0, 0x0, 0x0, 0x0,
    0x0, 0xd, 0x70, 0x0, 0x0, 0x0, 0x0, 0x0,
    0x0, 0x0, 0x0, 0x3, 0xf9, 0x0, 0x2c, 0xcc,
    0xcc, 0xcc, 0xcc, 0xcc, 0xcc, 0xcc, 0xff, 0xd1,
    0x3, 0x33, 0x33, 0x33, 0x33, 0x33, 0x33, 0x34,
    0xee, 0x50, 0x0, 0x0, 0x0, 0x0, 0x0, 0x0,
    0x0, 0x9, 0xd1, 0x0, 0x0, 0x0, 0x0, 0x0,
    0x0, 0x0, 0x0, 0x2c, 0x10, 0x0, 0x0, 0x0,
    0x0, 0x0, 0x0, 0x0, 0x0, 0x21, 0x0, 0x0,

    /* U+2193 "↓" */
    0x0, 0x0, 0x0, 0x0, 0x0, 0x4, 0xb0, 0x0,
    0x0, 0x4, 0xb0, 0x0, 0x0, 0x4, 0xb0, 0x0,
    0x0, 0x4, 0xb0, 0x0, 0x0, 0x4, 0xb0, 0x0,
    0x0, 0x4, 0xb0, 0x0, 0x0, 0x4, 0xb0, 0x0,
    0x0, 0x4, 0xb0, 0x0, 0x0, 0x4, 0xb0, 0x0,
    0x0, 0x4, 0xb0, 0x0, 0x0, 0x4, 0xb0, 0x0,
    0x0, 0x4, 0xb0, 0x0, 0x23, 0x4, 0xb0, 0x4,
    0x1d, 0x94, 0xb4, 0xe5, 0x1, 0xde, 0xff, 0x50,
    0x0, 0x2f, 0xf7, 0x0, 0x0, 0x6, 0xc0, 0x0,
    0x0, 0x0, 0x10, 0x0,

    /* U+F000 "" */
    0x0, 0x44, 0x44, 0x44, 0x44, 0x44, 0x44, 0x44,
    0x44, 0x44, 0x0, 0xc, 0xff, 0xff, 0xff, 0xff,
    0xff, 0xff, 0xff, 0xff, 0xff, 0xc0, 0xd, 0xff,
    0xff, 0xff, 0xff, 0xff, 0xff, 0xff, 0xff, 0xff,
    0xd0, 0x2, 0xef, 0xff, 0xff, 0xff, 0xff, 0xff,
    0xff, 0xff, 0xfe, 0x20, 0x0, 0x2e, 0xff, 0xff,
    0xff, 0xff, 0xff, 0xff, 0xff, 0xe2, 0x0, 0x0,
    0x2, 0xef, 0xff, 0xff, 0xff, 0xff, 0xff, 0xfe,
    0x20, 0x0, 0x0, 0x0, 0x2e, 0xff, 0xff, 0xff,
    0xff, 0xff, 0xe2, 0x0, 0x0, 0x0, 0x0, 0x2,
    0xef, 0xff, 0xff, 0xff, 0xfe, 0x20, 0x0, 0x0,
    0x0, 0x0, 0x0, 0x2e, 0xff, 0xff, 0xff, 0xe2,
    0x0, 0x0, 0x0, 0x0, 0x0, 0x0, 0x2, 0xef,
    0xff, 0xfe, 0x20, 0x0, 0x0, 0x0, 0x0, 0x0,
    0x0, 0x0, 0x2e, 0xff, 0xe2, 0x0, 0x0, 0x0,
    0x0, 0x0, 0x0, 0x0, 0x0, 0x4, 0xff, 0x40,
    0x0, 0x0, 0x0, 0x0, 0x0, 0x0, 0x0, 0x0,
    0x4, 0xff, 0x40, 0x0, 0x0, 0x0, 0x0, 0x0,
    0x0, 0x0, 0x0, 0x4, 0xff, 0x40, 0x0, 0x0,
    0x0, 0x0, 0x0, 0x0, 0x0, 0x0, 0x4, 0xff,
    0x40, 0x0, 0x0, 0x0, 0x0, 0x0, 0x0, 0x0,
    0x0, 0x4, 0xff, 0x40, 0x0, 0x0, 0x0, 0x0,
    0x0, 0x0, 0x0, 0x0, 0x4, 0xff, 0x40, 0x0,
    0x0, 0x0, 0x0, 0x0, 0x0, 0x0, 0x0, 0x4,
    0xff, 0x40, 0x0, 0x0, 0x0, 0x0, 0x0, 0x0,
    0x0, 0x2, 0x25, 0xff, 0x52, 0x20, 0x0, 0x0,
    0x0, 0x0, 0x0, 0x0, 0xaf, 0xff, 0xff, 0xff,
    0xfa, 0x0, 0x0, 0x0, 0x0, 0x0, 0x0, 0xab,
    0xbb, 0xbb, 0xbb, 0xba, 0x0, 0x0, 0x0,

    /* U+F001 "" */
    0x0, 0x0, 0x0, 0x0, 0x0, 0x0, 0x0, 0x0,
    0x0, 0x31, 0x0, 0x0, 0x0, 0x0, 0x0, 0x0,
    0x0, 0x15, 0xae, 0xfd, 0x0, 0x0, 0x0, 0x0,
    0x0, 0x2, 0x7c, 0xff, 0xff, 0xff, 0x0, 0x0,
    0x0, 0x0, 0x49, 0xef, 0xff, 0xff, 0xff, 0xff,
    0x0, 0x0, 0x4, 0xbf, 0xff, 0xff, 0xff, 0xff,
    0xff, 0xff, 0x0, 0x0, 0xf, 0xff, 0xff, 0xff,
    0xff, 0xff, 0xff, 0xff, 0x0, 0x0, 0xf, 0xff,
    0xff, 0xff, 0xff, 0xfb, 0x69, 0xff, 0x0, 0x0,
    0xf, 0xff, 0xff, 0xfe, 0x95, 0x0, 0x8, 0xff,
    0x0, 0x0, 0xf, 0xff, 0xc7, 0x30, 0x0, 0x0,
    0x8, 0xff, 0x0, 0x0, 0xf, 0xf8, 0x0, 0x0,
    0x0, 0x0, 0x8, 0xff, 0x0, 0x0, 0xf, 0xf8,
    0x0, 0x0, 0x0, 0x0, 0x8, 0xff, 0x0, 0x0,
    0xf, 0xf8, 0x0, 0x0, 0x0, 0x0, 0x8, 0xff,
    0x0, 0x0, 0xf, 0xf8, 0x0, 0x0, 0x0, 0x0,
    0x8, 0xff, 0x0, 0x0, 0xf, 0xf8, 0x0, 0x0,
    0x1, 0x7b, 0xbd, 0xff, 0x0, 0x0, 0xf, 0xf8,
    0x0, 0x0, 0x1e, 0xff, 0xff, 0xff, 0x0, 0x13,
    0x2f, 0xf8, 0x0, 0x0, 0x7f, 0xff, 0xff, 0xff,
    0x2b, 0xff, 0xff, 0xf8, 0x0, 0x0, 0x4f, 0xff,
    0xff, 0xfc, 0xdf, 0xff, 0xff, 0xf8, 0x0, 0x0,
    0x6, 0xef, 0xff, 0xa1, 0xff, 0xff, 0xff, 0xf7,
    0x0, 0x0, 0x0, 0x2, 0x20, 0x0, 0x7f, 0xff,
    0xff, 0xd1, 0x0, 0x0, 0x0, 0x0, 0x0, 0x0,
    0x2, 0x8a, 0xa6, 0x0, 0x0, 0x0, 0x0, 0x0,
    0x0, 0x0,

    /* U+F002 "" */
    0x0, 0x0, 0x0, 0x13, 0x32, 0x0, 0x0, 0x0,
    0x0, 0x0, 0x0, 0x0, 0x6d, 0xff, 0xff, 0xe8,
    0x10, 0x0, 0x0, 0x0, 0x0, 0x1c, 0xff, 0xff,
    0xff, 0xff, 0xe3, 0x0, 0x0, 0x0, 0x1, 0xef,
    0xff, 0xfe, 0xef, 0xff, 0xff, 0x30, 0x0, 0x0,
    0xb, 0xff, 0xf9, 0x20, 0x1, 0x7f, 0xff, 0xe1,
    0x0, 0x0, 0x4f, 0xff, 0x60, 0x0, 0x0, 0x3,
    0xff, 0xf8, 0x0, 0x0, 0xaf, 0xfb, 0x0, 0x0,
    0x0, 0x0, 0x7f, 0xfe, 0x0, 0x0, 0xef, 0xf4,
    0x0, 0x0, 0x0, 0x0, 0x1f, 0xff, 0x20, 0x0,
    0xff, 0xf2, 0x0, 0x0, 0x0, 0x0, 0xe, 0xff,
    0x30, 0x0, 0xff, 0xf3, 0x0, 0x0, 0x0, 0x0,
    0xf, 0xff, 0x30, 0x0, 0xcf, 0xf7, 0x0, 0x0,
    0x0, 0x0, 0x3f, 0xff, 0x0, 0x0, 0x8f, 0xfe,
    0x10, 0x0, 0x0, 0x0, 0xbf, 0xfc, 0x0, 0x0,
    0x1f, 0xff, 0xc1, 0x0, 0x0, 0x9, 0xff, 0xf5,
    0x0, 0x0, 0x7, 0xff, 0xfe, 0x85, 0x47, 0xdf,
    0xff, 0xd2, 0x0, 0x0, 0x0, 0x9f, 0xff, 0xff,
    0xff, 0xff, 0xff, 0xff, 0x50, 0x0, 0x0, 0x6,
    0xef, 0xff, 0xff, 0xff, 0x8e, 0xff, 0xf5, 0x0,
    0x0, 0x0, 0x16, 0xbc, 0xdb, 0x72, 0x7, 0xff,
    0xff, 0x50, 0x0, 0x0, 0x0, 0x0, 0x0, 0x0,
    0x0, 0x8f, 0xff, 0xf5, 0x0, 0x0, 0x0, 0x0,
    0x0, 0x0, 0x0, 0x8, 0xff, 0xff, 0x0, 0x0,
    0x0, 0x0, 0x0, 0x0, 0x0, 0x0, 0x8f, 0xf7,
    0x0, 0x0, 0x0, 0x0, 0x0, 0x0, 0x0, 0x0,
    0x6, 0x60,

    /* U+F004 "" */
    0x0, 0x0, 0x2, 0x31, 0x0, 0x0, 0x0, 0x13,
    0x20, 0x0, 0x0, 0x0, 0x6, 0xef, 0xff, 0xb2,
    0x0, 0x2b, 0xff, 0xfe, 0x60, 0x0, 0x0, 0x9f,
    0xff, 0xff, 0xff, 0x44, 0xff, 0xff, 0xff, 0xf9,
    0x0, 0x4, 0xff, 0xff, 0xff, 0xff, 0xff, 0xff,
    0xff, 0xff, 0xff, 0x40, 0xb, 0xff, 0xff, 0xff,
    0xff, 0xff, 0xff, 0xff, 0xff, 0xff, 0xb0, 0xf,
    0xff, 0xff, 0xff, 0xff, 0xff, 0xff, 0xff, 0xff,
    0xff, 0xe0, 0xf, 0xff, 0xff, 0xff, 0xff, 0xff,
    0xff, 0xff, 0xff, 0xff, 0xf0, 0xd, 0xff, 0xff,
    0xff, 0xff, 0xff, 0xff, 0xff, 0xff, 0xff, 0xd0,
    0x8, 0xff, 0xff, 0xff, 0xff, 0xff, 0xff, 0xff,
    0xff, 0xff, 0x80, 0x0, 0xdf, 0xff, 0xff, 0xff,
    0xff, 0xff, 0xff, 0xff, 0xfd, 0x0, 0x0, 0x1e,
    0xff, 0xff, 0xff, 0xff, 0xff, 0xff, 0xff, 0xe1,
    0x0, 0x0, 0x2, 0xef, 0xff, 0xff, 0xff, 0xff,
    0xff, 0xfe, 0x20, 0x0, 0x0, 0x0, 0x2e, 0xff,
    0xff, 0xff, 0xff, 0xff, 0xe2, 0x0, 0x0, 0x0,
    0x0, 0x2, 0xef, 0xff, 0xff, 0xff, 0xfe, 0x20,
    0x0, 0x0, 0x0, 0x0, 0x0, 0x3f, 0xff, 0xff,
    0xff, 0xf3, 0x0, 0x0, 0x0, 0x0, 0x0, 0x0,
    0x3, 0xff, 0xff, 0xff, 0x30, 0x0, 0x0, 0x0,
    0x0, 0x0, 0x0, 0x0, 0x3f, 0xff, 0xf4, 0x0,
    0x0, 0x0, 0x0, 0x0, 0x0, 0x0, 0x0, 0x4,
    0xff, 0x40, 0x0, 0x0, 0x0, 0x0, 0x0, 0x0,
    0x0, 0x0, 0x0, 0x11, 0x0, 0x0, 0x0, 0x0,
    0x0,

    /* U+F005 "" */
    0x0, 0x0, 0x0, 0x0, 0x0, 0x36, 0x0, 0x0,
    0x0, 0x0, 0x0, 0x0, 0x0, 0x0, 0x0, 0x1,
    0xff, 0x80, 0x0, 0x0, 0x0, 0x0, 0x0, 0x0,
    0x0, 0x0, 0x8, 0xff, 0xf1, 0x0, 0x0, 0x0,
    0x0, 0x0, 0x0, 0x0, 0x0, 0x1f, 0xff, 0xf8,
    0x0, 0x0, 0x0, 0x0, 0x0, 0x0, 0x0, 0x0,
    0x8f, 0xff, 0xff, 0x10, 0x0, 0x0, 0x0, 0x0,
    0x0, 0x0, 0x0, 0xff, 0xff, 0xff, 0x70, 0x0,
    0x0, 0x0, 0x0, 0x0, 0x25, 0x7b, 0xff, 0xff,
    0xff, 0xf8, 0x64, 0x10, 0x0, 0x9, 0xdf, 0xff,
    0xff, 0xff, 0xff, 0xff, 0xff, 0xff, 0xff, 0xc3,
    0x2f, 0xff, 0xff, 0xff, 0xff, 0xff, 0xff, 0xff,
    0xff, 0xff, 0xfa, 0xa, 0xff, 0xff, 0xff, 0xff,
    0xff, 0xff, 0xff, 0xff, 0xff, 0xe3, 0x0, 0x9f,
    0xff, 0xff, 0xff, 0xff, 0xff, 0xff, 0xff, 0xfe,
    0x30, 0x0, 0x9, 0xff, 0xff, 0xff, 0xff, 0xff,
    0xff, 0xff, 0xe2, 0x0, 0x0, 0x0, 0x8f, 0xff,
    0xff, 0xff, 0xff, 0xff, 0xfe, 0x20, 0x0, 0x0,
    0x0, 0xc, 0xff, 0xff, 0xff, 0xff, 0xff, 0xf4,
    0x0, 0x0, 0x0, 0x0, 0xe, 0xff, 0xff, 0xff,
    0xff, 0xff, 0xf6, 0x0, 0x0, 0x0, 0x0, 0xf,
    0xff, 0xff, 0xff, 0xff, 0xff, 0xf8, 0x0, 0x0,
    0x0, 0x0, 0x3f, 0xff, 0xff, 0xff, 0xff, 0xff,
    0xfb, 0x0, 0x0, 0x0, 0x0, 0x6f, 0xff, 0xff,
    0xfd, 0xff, 0xff, 0xfe, 0x0, 0x0, 0x0, 0x0,
    0x9f, 0xff, 0xf9, 0x10, 0x5d, 0xff, 0xff, 0x10,
    0x0, 0x0, 0x0, 0x9f, 0xfa, 0x20, 0x0, 0x0,
    0x5d, 0xff, 0x10, 0x0, 0x0, 0x0, 0x17, 0x20,
    0x0, 0x0, 0x0, 0x0, 0x54, 0x0, 0x0,

    /* U+F007 "" */
    0x0, 0x0, 0x0, 0x1, 0x43, 0x0, 0x0, 0x0,
    0x0, 0x0, 0x0, 0x2, 0xbf, 0xff, 0xe6, 0x0,
    0x0, 0x0, 0x0, 0x0, 0x2e, 0xff, 0xff, 0xff,
    0x80, 0x0, 0x0, 0x0, 0x0, 0xbf, 0xff, 0xff,
    0xff, 0xf3, 0x0, 0x0, 0x0, 0x1, 0xff, 0xff,
    0xff, 0xff, 0xf9, 0x0, 0x0, 0x0, 0x3, 0xff,
    0xff, 0xff, 0xff, 0xfb, 0x0, 0x0, 0x0, 0x2,
    0xff, 0xff, 0xff, 0xff, 0xfa, 0x0, 0x0, 0x0,
    0x0, 0xef, 0xff, 0xff, 0xff, 0xf6, 0x0, 0x0,
    0x0, 0x0, 0x6f, 0xff, 0xff, 0xff, 0xd0, 0x0,
    0x0, 0x0, 0x0, 0x7, 0xff, 0xff, 0xfd, 0x20,
    0x0, 0x0, 0x0, 0x0, 0x0, 0x28, 0xba, 0x60,
    0x0, 0x0, 0x0, 0x0, 0x2, 0x67, 0x40, 0x0,
    0x16, 0x74, 0x0, 0x0, 0x0, 0xaf, 0xff, 0xff,
    0xee, 0xff, 0xff, 0xe4, 0x0, 0xc, 0xff, 0xff,
    0xff, 0xff, 0xff, 0xff, 0xff, 0x40, 0x7f, 0xff,
    0xff, 0xff, 0xff, 0xff, 0xff, 0xff, 0xe0, 0xdf,
    0xff, 0xff, 0xff, 0xff, 0xff, 0xff, 0xff, 0xf5,
    0xff, 0xff, 0xff, 0xff, 0xff, 0xff, 0xff, 0xff,
    0xf7, 0xff, 0xff, 0xff, 0xff, 0xff, 0xff, 0xff,
    0xff, 0xf8, 0xff, 0xff, 0xff, 0xff, 0xff, 0xff,
    0xff, 0xff, 0xf7, 0x9f, 0xff, 0xff, 0xff, 0xff,
    0xff, 0xff, 0xff, 0xe2, 0x3, 0x44, 0x44, 0x44,
    0x44, 0x44, 0x44, 0x44, 0x10,

    /* U+F008 "" */
    0xc4, 0x3, 0xff, 0xff, 0xff, 0xff, 0xff, 0xff,
    0x40, 0x4c, 0xfd, 0xcd, 0xff, 0xee, 0xee, 0xee,
    0xee, 0xff, 0xdc, 0xdf, 0xfa, 0x8a, 0xfa, 0x0,
    0x0, 0x0, 0x0, 0xaf, 0xb8, 0xaf, 0xf4, 0x3,
    0xfa, 0x0, 0x0, 0x0, 0x0, 0x9f, 0x40, 0x4f,
    0xf4, 0x4, 0xfa, 0x0, 0x0, 0x0, 0x0, 0x9f,
    0x50, 0x4f, 0xff, 0xff, 0xfa, 0x0, 0x0, 0x0,
    0x0, 0x9f, 0xff, 0xff, 0xf7, 0x47, 0xfd, 0x77,
    0x77, 0x77, 0x77, 0xdf, 0x84, 0x7f, 0xf4, 0x3,
    0xff, 0xff, 0xff, 0xff, 0xff, 0xff, 0x40, 0x4f,
    0xf7, 0x47, 0xfd, 0x77, 0x77, 0x77, 0x77, 0xdf,
    0x84, 0x7f, 0xff, 0xff, 0xfa, 0x0, 0x0, 0x0,
    0x0, 0x9f, 0xff, 0xff, 0xf4, 0x4, 0xfa, 0x0,
    0x0, 0x0, 0x0, 0x9f, 0x50, 0x4f, 0xf4, 0x3,
    0xfa, 0x0, 0x0, 0x0, 0x0, 0x9f, 0x40, 0x4f,
    0xfa, 0x8a, 0xfa, 0x0, 0x0, 0x0, 0x0, 0xaf,
    0xb8, 0xaf, 0xfd, 0xcd, 0xff, 0xee, 0xee, 0xee,
    0xee, 0xff, 0xdc, 0xdf, 0xc4, 0x3, 0xff, 0xff,
    0xff, 0xff, 0xff, 0xff, 0x40, 0x4c,

    /* U+F009 "" */
    0x12, 0x22, 0x22, 0x22, 0x20, 0x2, 0x22, 0x22,
    0x22, 0x21, 0xef, 0xff, 0xff, 0xff, 0xf4, 0x4f,
    0xff, 0xff, 0xff, 0xfe, 0xff, 0xff, 0xff, 0xff,
    0xf6, 0x6f, 0xff, 0xff, 0xff, 0xff, 0xff, 0xff,
    0xff, 0xff, 0xf6, 0x6f, 0xff, 0xff, 0xff, 0xff,
    0xff, 0xff, 0xff, 0xff, 0xf6, 0x6f, 0xff, 0xff,
    0xff, 0xff, 0xff, 0xff, 0xff, 0xff, 0xf6, 0x6f,
    0xff, 0xff, 0xff, 0xff, 0xff, 0xff, 0xff, 0xff,
    0xf6, 0x6f, 0xff, 0xff, 0xff, 0xff, 0xff, 0xff,
    0xff, 0xff, 0xf6, 0x6f, 0xff, 0xff, 0xff, 0xff,
    0xcf, 0xff, 0xff, 0xff, 0xe3, 0x3e, 0xff, 0xff,
    0xff, 0xfc, 0x0, 0x0, 0x0, 0x0, 0x0, 0x0,
    0x0, 0x0, 0x0, 0x0, 0xcf, 0xff, 0xff, 0xff,
    0xe3, 0x3e, 0xff, 0xff, 0xff, 0xfb, 0xff, 0xff,
    0xff, 0xff, 0xf6, 0x6f, 0xff, 0xff, 0xff, 0xff,
    0xff, 0xff, 0xff, 0xff, 0xf6, 0x6f, 0xff, 0xff,
    0xff, 0xff, 0xff, 0xff, 0xff, 0xff, 0xf6, 0x6f,
    0xff, 0xff, 0xff, 0xff, 0xff, 0xff, 0xff, 0xff,
    0xf6, 0x6f, 0xff, 0xff, 0xff, 0xff, 0xff, 0xff,
    0xff, 0xff, 0xf6, 0x6f, 0xff, 0xff, 0xff, 0xff,
    0xff, 0xff, 0xff, 0xff, 0xf6, 0x6f, 0xff, 0xff,
    0xff, 0xff, 0xef, 0xff, 0xff, 0xff, 0xf4, 0x4f,
    0xff, 0xff, 0xff, 0xfe, 0x12, 0x22, 0x22, 0x22,
    0x20, 0x2, 0x22, 0x22, 0x22, 0x21,

    /* U+F00A "" */
    0x0, 0x0, 0x0, 0x0, 0x0, 0x0, 0x0, 0x0,
    0x0, 0x0, 0xdf, 0xff, 0xfa, 0xc, 0xff, 0xff,
    0xc0, 0xaf, 0xff, 0xfc, 0xff, 0xff, 0xfd, 0xe,
    0xff, 0xff, 0xf0, 0xdf, 0xff, 0xff, 0xff, 0xff,
    0xfd, 0xe, 0xff, 0xff, 0xf0, 0xdf, 0xff, 0xff,
    0xff, 0xff, 0xfd, 0xe, 0xff, 0xff, 0xf0, 0xdf,
    0xff, 0xff, 0xcf, 0xff, 0xf9, 0xa, 0xff, 0xff,
    0xa0, 0x9f, 0xff, 0xfb, 0x0, 0x0, 0x0, 0x0,
    0x0, 0x0, 0x0, 0x0, 0x0, 0x0, 0xcf, 0xff,
    0xf9, 0xb, 0xff, 0xff, 0xb0, 0xaf, 0xff, 0xfc,
    0xff, 0xff, 0xfd, 0xe, 0xff, 0xff, 0xf0, 0xdf,
    0xff, 0xff, 0xff, 0xff, 0xfd, 0xe, 0xff, 0xff,
    0xf0, 0xdf, 0xff, 0xff, 0xff, 0xff, 0xfd, 0xe,
    0xff, 0xff, 0xf0, 0xdf, 0xff, 0xff, 0xcf, 0xff,
    0xfa, 0xb, 0xff, 0xff, 0xb0, 0xaf, 0xff, 0xfc,
    0x0, 0x0, 0x0, 0x0, 0x0, 0x0, 0x0, 0x0,
    0x0, 0x0, 0xcf, 0xff, 0xf9, 0xa, 0xff, 0xff,
    0xa0, 0x9f, 0xff, 0xfb, 0xff, 0xff, 0xfd, 0xe,
    0xff, 0xff, 0xf0, 0xdf, 0xff, 0xff, 0xff, 0xff,
    0xfd, 0xe, 0xff, 0xff, 0xf0, 0xdf, 0xff, 0xff,
    0xff, 0xff, 0xfd, 0xe, 0xff, 0xff, 0xf0, 0xdf,
    0xff, 0xff, 0xdf, 0xff, 0xfa, 0xc, 0xff, 0xff,
    0xc0, 0xaf, 0xff, 0xfc, 0x0, 0x0, 0x0, 0x0,
    0x0, 0x0, 0x0, 0x0, 0x0, 0x0,

    /* U+F00B "" */
    0x0, 0x0, 0x0, 0x0, 0x0, 0x0, 0x0, 0x0,
    0x0, 0x0, 0xdf, 0xff, 0xfa, 0xc, 0xff, 0xff,
    0xff, 0xff, 0xff, 0xfd, 0xff, 0xff, 0xfd, 0xe,
    0xff, 0xff, 0xff, 0xff, 0xff, 0xff, 0xff, 0xff,
    0xfd, 0xe, 0xff, 0xff, 0xff, 0xff, 0xff, 0xff,
    0xff, 0xff, 0xfd, 0xe, 0xff, 0xff, 0xff, 0xff,
    0xff, 0xff, 0xcf, 0xff, 0xf9, 0xa, 0xff, 0xff,
    0xff, 0xff, 0xff, 0xfc, 0x0, 0x0, 0x0, 0x0,
    0x0, 0x0, 0x0, 0x0, 0x0, 0x0, 0xcf, 0xff,
    0xf9, 0xb, 0xff, 0xff, 0xff, 0xff, 0xff, 0xfc,
    0xff, 0xff, 0xfd, 0xe, 0xff, 0xff, 0xff, 0xff,
    0xff, 0xff, 0xff, 0xff, 0xfd, 0xe, 0xff, 0xff,
    0xff, 0xff, 0xff, 0xff, 0xff, 0xff, 0xfd, 0xe,
    0xff, 0xff, 0xff, 0xff, 0xff, 0xff, 0xcf, 0xff,
    0xfa, 0xb, 0xff, 0xff, 0xff, 0xff, 0xff, 0xfc,
    0x0, 0x0, 0x0, 0x0, 0x0, 0x0, 0x0, 0x0,
    0x0, 0x0, 0xcf, 0xff, 0xf9, 0xa, 0xff, 0xff,
    0xff, 0xff, 0xff, 0xfb, 0xff, 0xff, 0xfd, 0xe,
    0xff, 0xff, 0xff, 0xff, 0xff, 0xff, 0xff, 0xff,
    0xfd, 0xe, 0xff, 0xff, 0xff, 0xff, 0xff, 0xff,
    0xff, 0xff, 0xfd, 0xe, 0xff, 0xff, 0xff, 0xff,
    0xff, 0xff, 0xdf, 0xff, 0xfa, 0xc, 0xff, 0xff,
    0xff, 0xff, 0xff, 0xfd, 0x0, 0x0, 0x0, 0x0,
    0x0, 0x0, 0x0, 0x0, 0x0, 0x0,

    /* U+F00C "" */
    0x0, 0x0, 0x0, 0x0, 0x0, 0x0, 0x0, 0x0,
    0x4e, 0x60, 0x0, 0x0, 0x0, 0x0, 0x0, 0x0,
    0x0, 0x4, 0xff, 0xf7, 0x0, 0x0, 0x0, 0x0,
    0x0, 0x0, 0x0, 0x4f, 0xff, 0xff, 0x0, 0x0,
    0x0, 0x0, 0x0, 0x0, 0x4, 0xff, 0xff, 0xf6,
    0x0, 0x0, 0x0, 0x0, 0x0, 0x0, 0x4f, 0xff,
    0xff, 0x60, 0x6, 0xe4, 0x0, 0x0, 0x0, 0x4,
    0xff, 0xff, 0xf6, 0x0, 0x7f, 0xff, 0x40, 0x0,
    0x0, 0x4f, 0xff, 0xff, 0x60, 0x0, 0xff, 0xff,
    0xf4, 0x0, 0x4, 0xff, 0xff, 0xf6, 0x0, 0x0,
    0x6f, 0xff, 0xff, 0x40, 0x4f, 0xff, 0xff, 0x60,
    0x0, 0x0, 0x6, 0xff, 0xff, 0xf8, 0xff, 0xff,
    0xf5, 0x0, 0x0, 0x0, 0x0, 0x5f, 0xff, 0xff,
    0xff, 0xff, 0x50, 0x0, 0x0, 0x0, 0x0, 0x5,
    0xff, 0xff, 0xff, 0xf5, 0x0, 0x0, 0x0, 0x0,
    0x0, 0x0, 0x5f, 0xff, 0xff, 0x50, 0x0, 0x0,
    0x0, 0x0, 0x0, 0x0, 0x5, 0xff, 0xf5, 0x0,
    0x0, 0x0, 0x0, 0x0, 0x0, 0x0, 0x0, 0x5e,
    0x50, 0x0, 0x0, 0x0, 0x0, 0x0,

    /* U+F00D "" */
    0x6, 0x70, 0x0, 0x0, 0x0, 0x18, 0x40, 0x8f,
    0xfb, 0x0, 0x0, 0x1, 0xdf, 0xf4, 0xff, 0xff,
    0xb0, 0x0, 0x1d, 0xff, 0xfb, 0x7f, 0xff, 0xfb,
    0x1, 0xdf, 0xff, 0xf4, 0x8, 0xff, 0xff, 0xbd,
    0xff, 0xff, 0x40, 0x0, 0x8f, 0xff, 0xff, 0xff,
    0xf4, 0x0, 0x0, 0x8, 0xff, 0xff, 0xff, 0x40,
    0x0, 0x0, 0x1, 0xef, 0xff, 0xfc, 0x0, 0x0,
    0x0, 0x1d, 0xff, 0xff, 0xff, 0xb0, 0x0, 0x1,
    0xdf, 0xff, 0xff, 0xff, 0xfb, 0x0, 0x1d, 0xff,
    0xff, 0x48, 0xff, 0xff, 0xb0, 0xcf, 0xff, 0xf4,
    0x0, 0x8f, 0xff, 0xf9, 0xdf, 0xff, 0x40, 0x0,
    0x8, 0xff, 0xf9, 0x2e, 0xf4, 0x0, 0x0, 0x0,
    0x8f, 0xc0, 0x0, 0x10, 0x0, 0x0, 0x0, 0x1,
    0x0,

    /* U+F00E "" */
    0x0, 0x0, 0x3, 0x79, 0xa8, 0x40, 0x0, 0x0,
    0x0, 0x0, 0x0, 0x3, 0xcf, 0xff, 0xff, 0xfe,
    0x50, 0x0, 0x0, 0x0, 0x0, 0x5f, 0xff, 0xff,
    0xff, 0xff, 0xf8, 0x0, 0x0, 0x0, 0x4, 0xff,
    0xfd, 0x63, 0x25, 0xbf, 0xff, 0x70, 0x0, 0x0,
    0xe, 0xff, 0xa0, 0x1, 0x10, 0x6, 0xff, 0xf2,
    0x0, 0x0, 0x6f, 0xfc, 0x0, 0xf, 0xf3, 0x0,
    0x8f, 0xfa, 0x0, 0x0, 0xbf, 0xf3, 0x0, 0xf,
    0xf3, 0x0, 0xf, 0xff, 0x0, 0x0, 0xef, 0xe0,
    0x37, 0x7f, 0xf9, 0x75, 0xb, 0xff, 0x20, 0x0,
    0xff, 0xd0, 0xaf, 0xff, 0xff, 0xfe, 0x9, 0xff,
    0x30, 0x0, 0xef, 0xe0, 0x6b, 0xbf, 0xfc, 0xb9,
    0xa, 0xff, 0x20, 0x0, 0xcf, 0xf3, 0x0, 0xf,
    0xf3, 0x0, 0xe, 0xff, 0x0, 0x0, 0x7f, 0xfb,
    0x0, 0xf, 0xf3, 0x0, 0x7f, 0xfb, 0x0, 0x0,
    0xe, 0xff, 0x80, 0x4, 0x50, 0x5, 0xff, 0xf3,
    0x0, 0x0, 0x5, 0xff, 0xfc, 0x51, 0x14, 0xaf,
    0xff, 0xd3, 0x0, 0x0, 0x0, 0x6f, 0xff, 0xff,
    0xff, 0xff, 0xff, 0xff, 0x60, 0x0, 0x0, 0x4,
    0xdf, 0xff, 0xff, 0xff, 0x7e, 0xff, 0xf6, 0x0,
    0x0, 0x0, 0x4, 0x9b, 0xb9, 0x60, 0x6, 0xff,
    0xff, 0x60, 0x0, 0x0, 0x0, 0x0, 0x0, 0x0,
    0x0, 0x6f, 0xff, 0xf6, 0x0, 0x0, 0x0, 0x0,
    0x0, 0x0, 0x0, 0x6, 0xff, 0xfe, 0x0, 0x0,
    0x0, 0x0, 0x0, 0x0, 0x0, 0x0, 0x7f, 0xf5,
    0x0, 0x0, 0x0, 0x0, 0x0, 0x0, 0x0, 0x0,
    0x5, 0x40,

    /* U+F010 "" */
    0x0, 0x0, 0x3, 0x79, 0xa8, 0x40, 0x0, 0x0,
    0x0, 0x0, 0x0, 0x3, 0xcf, 0xff, 0xff, 0xfe,
    0x50, 0x0, 0x0, 0x0, 0x0, 0x5f, 0xff, 0xff,
    0xff, 0xff, 0xf8, 0x0, 0x0, 0x0, 0x4, 0xff,
    0xfd, 0x63, 0x25, 0xbf, 0xff, 0x70, 0x0, 0x0,
    0xe, 0xff, 0xa0, 0x0, 0x0, 0x6, 0xff, 0xf2,
    0x0, 0x0, 0x6f, 0xfc, 0x0, 0x0, 0x0, 0x0,
    0x8f, 0xfa, 0x0, 0x0, 0xbf, 0xf3, 0x0, 0x0,
    0x0, 0x0, 0xf, 0xff, 0x0, 0x0, 0xef, 0xe0,
    0x14, 0x44, 0x44, 0x42, 0xb, 0xff, 0x20, 0x0,
    0xff, 0xd0, 0x9f, 0xff, 0xff, 0xfd, 0x9, 0xff,
    0x30, 0x0, 0xef, 0xe0, 0x8f, 0xff, 0xff, 0xfc,
    0xa, 0xff, 0x20, 0x0, 0xcf, 0xf3, 0x0, 0x0,
    0x0, 0x0, 0xe, 0xff, 0x0, 0x0, 0x7f, 0xfb,
    0x0, 0x0, 0x0, 0x0, 0x7f, 0xfb, 0x0, 0x0,
    0xe, 0xff, 0x80, 0x0, 0x0, 0x5, 0xff, 0xf3,
    0x0, 0x0, 0x5, 0xff, 0xfc, 0x51, 0x14, 0xaf,
    0xff, 0xd3, 0x0, 0x0, 0x0, 0x6f, 0xff, 0xff,
    0xff, 0xff, 0xff, 0xff, 0x60, 0x0, 0x0, 0x4,
    0xdf, 0xff, 0xff, 0xff, 0x7e, 0xff, 0xf6, 0x0,
    0x0, 0x0, 0x4, 0x9b, 0xb9, 0x60, 0x6, 0xff,
    0xff, 0x60, 0x0, 0x0, 0x0, 0x0, 0x0, 0x0,
    0x0, 0x6f, 0xff, 0xf6, 0x0, 0x0, 0x0, 0x0,
    0x0, 0x0, 0x0, 0x6, 0xff, 0xfe, 0x0, 0x0,
    0x0, 0x0, 0x0, 0x0, 0x0, 0x0, 0x7f, 0xf5,
    0x0, 0x0, 0x0, 0x0, 0x0, 0x0, 0x0, 0x0,
    0x5, 0x40,

    /* U+F011 "" */
    0x0, 0x0, 0x0, 0x0, 0x26, 0x50, 0x0, 0x0,
    0x0, 0x0, 0x0, 0x0, 0x0, 0x0, 0xdf, 0xf3,
    0x0, 0x0, 0x0, 0x0, 0x0, 0x0, 0x64, 0x0,
    0xdf, 0xf4, 0x0, 0x72, 0x0, 0x0, 0x0, 0xb,
    0xfe, 0x10, 0xdf, 0xf4, 0x9, 0xfe, 0x30, 0x0,
    0x0, 0xaf, 0xff, 0x50, 0xdf, 0xf4, 0xe, 0xff,
    0xe1, 0x0, 0x5, 0xff, 0xfb, 0x0, 0xdf, 0xf4,
    0x5, 0xff, 0xfb, 0x0, 0xd, 0xff, 0xb0, 0x0,
    0xdf, 0xf4, 0x0, 0x5f, 0xff, 0x40, 0x4f, 0xff,
    0x20, 0x0, 0xdf, 0xf4, 0x0, 0xb, 0xff, 0xa0,
    0x8f, 0xfb, 0x0, 0x0, 0xdf, 0xf4, 0x0, 0x4,
    0xff, 0xf0, 0xbf, 0xf7, 0x0, 0x0, 0xdf, 0xf4,
    0x0, 0x1, 0xff, 0xf1, 0xbf, 0xf6, 0x0, 0x0,
    0xdf, 0xf4, 0x0, 0x0, 0xff, 0xf2, 0xbf, 0xf7,
    0x0, 0x0, 0x8d, 0xc1, 0x0, 0x0, 0xff, 0xf1,
    0x8f, 0xfa, 0x0, 0x0, 0x0, 0x0, 0x0, 0x4,
    0xff, 0xf0, 0x4f, 0xff, 0x10, 0x0, 0x0, 0x0,
    0x0, 0xa, 0xff, 0xb0, 0xe, 0xff, 0xb0, 0x0,
    0x0, 0x0, 0x0, 0x4f, 0xff, 0x50, 0x6, 0xff,
    0xf9, 0x0, 0x0, 0x0, 0x4, 0xff, 0xfc, 0x0,
    0x0, 0xaf, 0xff, 0xd5, 0x10, 0x3, 0x9f, 0xff,
    0xf2, 0x0, 0x0, 0xb, 0xff, 0xff, 0xff, 0xff,
    0xff, 0xff, 0x40, 0x0, 0x0, 0x0, 0x8f, 0xff,
    0xff, 0xff, 0xff, 0xd2, 0x0, 0x0, 0x0, 0x0,
    0x2, 0x9e, 0xff, 0xff, 0xb6, 0x0, 0x0, 0x0,
    0x0, 0x0, 0x0, 0x0, 0x12, 0x10, 0x0, 0x0,
    0x0, 0x0,

    /* U+F012 "" */
    0x0, 0x0, 0x0, 0x0, 0x0, 0x0, 0x0, 0x0,
    0x0, 0x0, 0x3, 0x43, 0x0, 0x0, 0x0, 0x0,
    0x0, 0x0, 0x0, 0x0, 0x0, 0x0, 0x0, 0xff,
    0xf0, 0x0, 0x0, 0x0, 0x0, 0x0, 0x0, 0x0,
    0x0, 0x0, 0x0, 0x1f, 0xff, 0x10, 0x0, 0x0,
    0x0, 0x0, 0x0, 0x0, 0x0, 0x0, 0x0, 0x1,
    0xff, 0xf1, 0x0, 0x0, 0x0, 0x0, 0x0, 0x0,
    0x0, 0x0, 0x78, 0x70, 0x1f, 0xff, 0x10, 0x0,
    0x0, 0x0, 0x0, 0x0, 0x0, 0x0, 0xf, 0xff,
    0x1, 0xff, 0xf1, 0x0, 0x0, 0x0, 0x0, 0x0,
    0x0, 0x0, 0x1, 0xff, 0xf1, 0x1f, 0xff, 0x10,
    0x0, 0x0, 0x0, 0x0, 0x0, 0x0, 0x0, 0x1f,
    0xff, 0x11, 0xff, 0xf1, 0x0, 0x0, 0x0, 0x0,
    0x0, 0xb, 0xcb, 0x1, 0xff, 0xf1, 0x1f, 0xff,
    0x10, 0x0, 0x0, 0x0, 0x0, 0x1, 0xff, 0xf1,
    0x1f, 0xff, 0x11, 0xff, 0xf1, 0x0, 0x0, 0x0,
    0x0, 0x0, 0x1f, 0xff, 0x11, 0xff, 0xf1, 0x1f,
    0xff, 0x10, 0x0, 0x0, 0x0, 0x0, 0x1, 0xff,
    0xf1, 0x1f, 0xff, 0x11, 0xff, 0xf1, 0x0, 0x0,
    0x0, 0xff, 0xf0, 0x1f, 0xff, 0x11, 0xff, 0xf1,
    0x1f, 0xff, 0x10, 0x0, 0x0, 0x1f, 0xff, 0x11,
    0xff, 0xf1, 0x1f, 0xff, 0x11, 0xff, 0xf1, 0x0,
    0x0, 0x1, 0xff, 0xf1, 0x1f, 0xff, 0x11, 0xff,
    0xf1, 0x1f, 0xff, 0x10, 0x34, 0x30, 0x1f, 0xff,
    0x11, 0xff, 0xf1, 0x1f, 0xff, 0x11, 0xff, 0xf1,
    0xf, 0xff, 0x1, 0xff, 0xf1, 0x1f, 0xff, 0x11,
    0xff, 0xf1, 0x1f, 0xff, 0x11, 0xff, 0xf1, 0x1f,
    0xff, 0x11, 0xff, 0xf1, 0x1f, 0xff, 0x11, 0xff,
    0xf1, 0x1f, 0xff, 0x11, 0xff, 0xf1, 0x1f, 0xff,
    0x11, 0xff, 0xf1, 0x1f, 0xff, 0x11, 0xff, 0xf1,
    0x1f, 0xff, 0x11, 0xff, 0xf1, 0x1f, 0xff, 0x11,
    0xff, 0xf1, 0xa, 0xba, 0x0, 0xab, 0xa0, 0xa,
    0xba, 0x0, 0xab, 0xa0, 0xa, 0xba, 0x0,

    /* U+F013 "" */
    0x0, 0x0, 0x0, 0x0, 0x2, 0x20, 0x0, 0x0,
    0x0, 0x0, 0x0, 0x0, 0x0, 0x6, 0xff, 0xff,
    0x60, 0x0, 0x0, 0x0, 0x0, 0x0, 0x0, 0x8,
    0xff, 0xff, 0x80, 0x0, 0x0, 0x0, 0x0, 0x1,
    0x0, 0x2b, 0xff, 0xff, 0xb2, 0x0, 0x10, 0x0,
    0x0, 0x8f, 0x87, 0xff, 0xff, 0xff, 0xff, 0x79,
    0xf8, 0x0, 0x4, 0xff, 0xff, 0xff, 0xff, 0xff,
    0xff, 0xff, 0xff, 0x40, 0xc, 0xff, 0xff, 0xff,
    0xff, 0xff, 0xff, 0xff, 0xff, 0xc0, 0x2f, 0xff,
    0xff, 0xff, 0xc7, 0x7c, 0xff, 0xff, 0xff, 0xf2,
    0x7, 0xff, 0xff, 0xfa, 0x0, 0x0, 0xaf, 0xff,
    0xff, 0x70, 0x0, 0x6f, 0xff, 0xf1, 0x0, 0x0,
    0x1f, 0xff, 0xf6, 0x0, 0x0, 0x7f, 0xff, 0xe0,
    0x0, 0x0, 0xe, 0xff, 0xf7, 0x0, 0x0, 0x6f,
    0xff, 0xf1, 0x0, 0x0, 0x1f, 0xff, 0xf6, 0x0,
    0x7, 0xff, 0xff, 0xfa, 0x0, 0x0, 0xaf, 0xff,
    0xff, 0x70, 0x2f, 0xff, 0xff, 0xff, 0xc7, 0x7c,
    0xff, 0xff, 0xff, 0xf2, 0xc, 0xff, 0xff, 0xff,
    0xff, 0xff, 0xff, 0xff, 0xff, 0xc0, 0x4, 0xff,
    0xff, 0xff, 0xff, 0xff, 0xff, 0xff, 0xff, 0x40,
    0x0, 0x8f, 0x97, 0xff, 0xff, 0xff, 0xff, 0x78,
    0xf8, 0x0, 0x0, 0x1, 0x0, 0x1b, 0xff, 0xff,
    0xb1, 0x0, 0x10, 0x0, 0x0, 0x0, 0x0, 0x8,
    0xff, 0xff, 0x80, 0x0, 0x0, 0x0, 0x0, 0x0,
    0x0, 0x6, 0xff, 0xff, 0x60, 0x0, 0x0, 0x0,
    0x0, 0x0, 0x0, 0x0, 0x2, 0x20, 0x0, 0x0,
    0x0, 0x0,

    /* U+F015 "" */
    0x0, 0x0, 0x0, 0x0, 0x0, 0x46, 0x10, 0x0,
    0x67, 0x60, 0x0, 0x0, 0x0, 0x0, 0x0, 0x0,
    0x9f, 0xfe, 0x20, 0xf, 0xff, 0x0, 0x0, 0x0,
    0x0, 0x0, 0x1, 0xbf, 0xff, 0xff, 0x51, 0xff,
    0xf1, 0x0, 0x0, 0x0, 0x0, 0x2, 0xdf, 0xfc,
    0x8f, 0xff, 0x8f, 0xff, 0x10, 0x0, 0x0, 0x0,
    0x4, 0xff, 0xfa, 0x0, 0x4e, 0xff, 0xff, 0xf1,
    0x0, 0x0, 0x0, 0x7, 0xff, 0xf7, 0x8, 0xd3,
    0x2d, 0xff, 0xff, 0x10, 0x0, 0x0, 0xa, 0xff,
    0xf5, 0x1b, 0xff, 0xf5, 0xb, 0xff, 0xf4, 0x0,
    0x0, 0x1c, 0xff, 0xe2, 0x2d, 0xff, 0xff, 0xf7,
    0x8, 0xff, 0xf6, 0x0, 0x3e, 0xff, 0xc1, 0x4e,
    0xff, 0xff, 0xff, 0xfa, 0x5, 0xff, 0xf9, 0xe,
    0xff, 0x90, 0x6f, 0xff, 0xff, 0xff, 0xff, 0xfc,
    0x13, 0xef, 0xf6, 0x4f, 0x70, 0x9f, 0xff, 0xff,
    0xff, 0xff, 0xff, 0xfe, 0x31, 0xcc, 0x0, 0x0,
    0x3f, 0xff, 0xff, 0xff, 0xff, 0xff, 0xff, 0xfb,
    0x0, 0x0, 0x0, 0x4, 0xff, 0xff, 0xff, 0xff,
    0xff, 0xff, 0xff, 0xc0, 0x0, 0x0, 0x0, 0x4f,
    0xff, 0xff, 0x80, 0x1, 0xef, 0xff, 0xfc, 0x0,
    0x0, 0x0, 0x4, 0xff, 0xff, 0xf6, 0x0, 0xe,
    0xff, 0xff, 0xc0, 0x0, 0x0, 0x0, 0x4f, 0xff,
    0xff, 0x60, 0x0, 0xef, 0xff, 0xfc, 0x0, 0x0,
    0x0, 0x4, 0xff, 0xff, 0xf6, 0x0, 0xe, 0xff,
    0xff, 0xc0, 0x0, 0x0, 0x0, 0x2f, 0xff, 0xff,
    0x40, 0x0, 0xcf, 0xff, 0xfa, 0x0, 0x0, 0x0,
    0x0, 0x0, 0x0, 0x0, 0x0, 0x0, 0x0, 0x0,
    0x0, 0x0, 0x0,

    /* U+F017 "" */
    0x0, 0x0, 0x0, 0x0, 0x0, 0x0, 0x0, 0x0,
    0x0, 0x0, 0x0, 0x0, 0x1, 0x7c, 0xef, 0xfd,
    0x94, 0x0, 0x0, 0x0, 0x0, 0x0, 0x7f, 0xff,
    0xff, 0xff, 0xff, 0xc2, 0x0, 0x0, 0x0, 0xb,
    0xff, 0xff, 0xff, 0xff, 0xff, 0xfe, 0x40, 0x0,
    0x0, 0xaf, 0xff, 0xff, 0xdb, 0xbf, 0xff, 0xff,
    0xf2, 0x0, 0x6, 0xff, 0xff, 0xff, 0x60, 0xe,
    0xff, 0xff, 0xfd, 0x0, 0xe, 0xff, 0xff, 0xff,
    0x60, 0xe, 0xff, 0xff, 0xff, 0x60, 0x6f, 0xff,
    0xff, 0xff, 0x60, 0xe, 0xff, 0xff, 0xff, 0xd0,
    0xaf, 0xff, 0xff, 0xff, 0x60, 0xe, 0xff, 0xff,
    0xff, 0xf1, 0xcf, 0xff, 0xff, 0xff, 0x60, 0xe,
    0xff, 0xff, 0xff, 0xf4, 0xef, 0xff, 0xff, 0xff,
    0x60, 0xc, 0xff, 0xff, 0xff, 0xf5, 0xdf, 0xff,
    0xff, 0xff, 0x60, 0x0, 0x9f, 0xff, 0xff, 0xf4,
    0xbf, 0xff, 0xff, 0xff, 0xd3, 0x0, 0x6, 0xff,
    0xff, 0xf2, 0x7f, 0xff, 0xff, 0xff, 0xff, 0x60,
    0xa, 0xff, 0xff, 0xe0, 0x2f, 0xff, 0xff, 0xff,
    0xff, 0xfa, 0x8f, 0xff, 0xff, 0x90, 0x9, 0xff,
    0xff, 0xff, 0xff, 0xff, 0xff, 0xff, 0xff, 0x10,
    0x1, 0xdf, 0xff, 0xff, 0xff, 0xff, 0xff, 0xff,
    0xf5, 0x0, 0x0, 0x2e, 0xff, 0xff, 0xff, 0xff,
    0xff, 0xff, 0x80, 0x0, 0x0, 0x1, 0xcf, 0xff,
    0xff, 0xff, 0xff, 0xf5, 0x0, 0x0, 0x0, 0x0,
    0x5, 0xcf, 0xff, 0xff, 0xe9, 0x10, 0x0, 0x0,
    0x0, 0x0, 0x0, 0x1, 0x34, 0x42, 0x0, 0x0,
    0x0, 0x0,

    /* U+F018 "" */
    0x0, 0x0, 0x0, 0x2, 0x33, 0x31, 0x3, 0x33,
    0x30, 0x0, 0x0, 0x0, 0x0, 0x0, 0x0, 0x5f,
    0xff, 0xf6, 0xe, 0xff, 0xfd, 0x0, 0x0, 0x0,
    0x0, 0x0, 0x0, 0xdf, 0xff, 0xff, 0xff, 0xff,
    0xff, 0x50, 0x0, 0x0, 0x0, 0x0, 0x4, 0xff,
    0xff, 0xf6, 0x4c, 0xff, 0xff, 0xc0, 0x0, 0x0,
    0x0, 0x0, 0xb, 0xff, 0xff, 0xf1, 0x9, 0xff,
    0xff, 0xf3, 0x0, 0x0, 0x0, 0x0, 0x2f, 0xff,
    0xff, 0xf1, 0x9, 0xff, 0xff, 0xfa, 0x0, 0x0,
    0x0, 0x0, 0x9f, 0xff, 0xff, 0xff, 0xff, 0xff,
    0xff, 0xff, 0x10, 0x0, 0x0, 0x1, 0xff, 0xff,
    0xff, 0xe4, 0x48, 0xff, 0xff, 0xff, 0x80, 0x0,
    0x0, 0x7, 0xff, 0xff, 0xff, 0xa0, 0x3, 0xff,
    0xff, 0xff, 0xe0, 0x0, 0x0, 0xe, 0xff, 0xff,
    0xff, 0x90, 0x1, 0xff, 0xff, 0xff, 0xf6, 0x0,
    0x0, 0x5f, 0xff, 0xff, 0xff, 0xd6, 0x68, 0xff,
    0xff, 0xff, 0xfd, 0x0, 0x0, 0xcf, 0xff, 0xff,
    0xff, 0xfd, 0xdd, 0xff, 0xff, 0xff, 0xff, 0x40,
    0x3, 0xff, 0xff, 0xff, 0xff, 0x40, 0x0, 0xcf,
    0xff, 0xff, 0xff, 0xb0, 0xa, 0xff, 0xff, 0xff,
    0xff, 0x20, 0x0, 0xaf, 0xff, 0xff, 0xff, 0xf2,
    0xf, 0xff, 0xff, 0xff, 0xff, 0x0, 0x0, 0x8f,
    0xff, 0xff, 0xff, 0xf7, 0x7, 0xcc, 0xcc, 0xcc,
    0xcb, 0x0, 0x0, 0x5c, 0xcc, 0xcc, 0xcc, 0xb1,

    /* U+F019 "" */
    0x0, 0x0, 0x0, 0x0, 0x56, 0x65, 0x0, 0x0,
    0x0, 0x0, 0x0, 0x0, 0x0, 0x7, 0xff, 0xff,
    0x70, 0x0, 0x0, 0x0, 0x0, 0x0, 0x0, 0x8,
    0xff, 0xff, 0x80, 0x0, 0x0, 0x0, 0x0, 0x0,
    0x0, 0x8, 0xff, 0xff, 0x80, 0x0, 0x0, 0x0,
    0x0, 0x0, 0x0, 0x8, 0xff, 0xff, 0x80, 0x0,
    0x0, 0x0, 0x0, 0x0, 0x0, 0x8, 0xff, 0xff,
    0x80, 0x0, 0x0, 0x0, 0x0, 0x0, 0x0, 0x8,
    0xff, 0xff, 0x80, 0x0, 0x0, 0x0, 0x0, 0x0,
    0x0, 0x8, 0xff, 0xff, 0x80, 0x0, 0x0, 0x0,
    0x0, 0x7, 0xee, 0xef, 0xff, 0xff, 0xfe, 0xee,
    0x70, 0x0, 0x0, 0x5, 0xff, 0xff, 0xff, 0xff,
    0xff, 0xff, 0x50, 0x0, 0x0, 0x0, 0x6f, 0xff,
    0xff, 0xff, 0xff, 0xf6, 0x0, 0x0, 0x0, 0x0,
    0x5, 0xff, 0xff, 0xff, 0xff, 0x50, 0x0, 0x0,
    0x0, 0x0, 0x0, 0x5f, 0xff, 0xff, 0xf5, 0x0,
    0x0, 0x0, 0x0, 0x0, 0x0, 0x5, 0xff, 0xff,
    0x50, 0x0, 0x0, 0x0, 0x7a, 0xaa, 0xaa, 0x91,
    0x4f, 0xf4, 0x19, 0xaa, 0xaa, 0xa7, 0xff, 0xff,
    0xff, 0xfd, 0x23, 0x32, 0xdf, 0xff, 0xff, 0xff,
    0xff, 0xff, 0xff, 0xff, 0xf9, 0x9f, 0xff, 0xff,
    0xff, 0xff, 0xff, 0xff, 0xff, 0xff, 0xff, 0xff,
    0xff, 0xff, 0xff, 0xff, 0xff, 0xff, 0xff, 0xff,
    0xff, 0xff, 0xfb, 0xf, 0x48, 0xff, 0xff, 0xff,
    0xff, 0xff, 0xff, 0xff, 0xff, 0xef, 0xef, 0xff,
    0x14, 0x44, 0x44, 0x44, 0x44, 0x44, 0x44, 0x44,
    0x44, 0x41,

    /* U+F01C "" */
    0x0, 0x0, 0x3d, 0xff, 0xff, 0xff, 0xff, 0xff,
    0xf9, 0x0, 0x0, 0x0, 0x0, 0x1e, 0xff, 0xff,
    0xff, 0xff, 0xff, 0xff, 0xf8, 0x0, 0x0, 0x0,
    0xa, 0xff, 0x98, 0x88, 0x88, 0x88, 0x88, 0xdf,
    0xf3, 0x0, 0x0, 0x5, 0xff, 0xa0, 0x0, 0x0,
    0x0, 0x0, 0x2, 0xff, 0xd0, 0x0, 0x1, 0xef,
    0xe1, 0x0, 0x0, 0x0, 0x0, 0x0, 0x8, 0xff,
    0x80, 0x0, 0xaf, 0xf5, 0x0, 0x0, 0x0, 0x0,
    0x0, 0x0, 0xd, 0xff, 0x30, 0x5f, 0xfa, 0x0,
    0x0, 0x0, 0x0, 0x0, 0x0, 0x0, 0x3f, 0xfd,
    0xd, 0xff, 0x98, 0x88, 0x70, 0x0, 0x0, 0x3,
    0x88, 0x88, 0xdf, 0xf5, 0xff, 0xff, 0xff, 0xff,
    0x40, 0x0, 0x0, 0xcf, 0xff, 0xff, 0xff, 0x7f,
    0xff, 0xff, 0xff, 0xfc, 0x0, 0x0, 0x5f, 0xff,
    0xff, 0xff, 0xf8, 0xff, 0xff, 0xff, 0xff, 0xff,
    0xff, 0xff, 0xff, 0xff, 0xff, 0xff, 0x8f, 0xff,
    0xff, 0xff, 0xff, 0xff, 0xff, 0xff, 0xff, 0xff,
    0xff, 0xf8, 0xff, 0xff, 0xff, 0xff, 0xff, 0xff,
    0xff, 0xff, 0xff, 0xff, 0xff, 0x8e, 0xff, 0xff,
    0xff, 0xff, 0xff, 0xff, 0xff, 0xff, 0xff, 0xff,
    0xf6, 0x5e, 0xff, 0xff, 0xff, 0xff, 0xff, 0xff,
    0xff, 0xff, 0xff, 0xfb, 0x0,

    /* U+F01E "" */
    0x0, 0x0, 0x0, 0x0, 0x1, 0x10, 0x0, 0x0,
    0x7, 0xba, 0x0, 0x0, 0x1, 0x7c, 0xff, 0xff,
    0xb5, 0x0, 0xb, 0xff, 0x0, 0x0, 0x6e, 0xff,
    0xff, 0xff, 0xff, 0xe5, 0xb, 0xff, 0x0, 0x9,
    0xff, 0xff, 0xdb, 0xbe, 0xff, 0xff, 0x9a, 0xff,
    0x0, 0x8f, 0xff, 0xa2, 0x0, 0x0, 0x3b, 0xff,
    0xff, 0xff, 0x4, 0xff, 0xf6, 0x0, 0x0, 0x0,
    0x0, 0x5f, 0xff, 0xff, 0xc, 0xff, 0x70, 0x0,
    0x0, 0x7, 0xba, 0x9c, 0xff, 0xff, 0x2f, 0xfd,
    0x0, 0x0, 0x0, 0xc, 0xff, 0xff, 0xff, 0xff,
    0x7f, 0xf7, 0x0, 0x0, 0x0, 0xb, 0xff, 0xff,
    0xff, 0xff, 0x9f, 0xf3, 0x0, 0x0, 0x0, 0x0,
    0x0, 0x0, 0x0, 0x0, 0xaf, 0xf2, 0x0, 0x0,
    0x0, 0x0, 0x0, 0x0, 0x0, 0x0, 0xaf, 0xf3,
    0x0, 0x0, 0x0, 0x0, 0x0, 0x0, 0x0, 0x0,
    0x7f, 0xf7, 0x0, 0x0, 0x0, 0x0, 0x0, 0x0,
    0x0, 0x0, 0x3f, 0xfd, 0x0, 0x0, 0x0, 0x0,
    0x0, 0x0, 0x0, 0x0, 0xd, 0xff, 0x70, 0x0,
    0x0, 0x0, 0x0, 0x0, 0x0, 0x0, 0x4, 0xff,
    0xf6, 0x0, 0x0, 0x0, 0x0, 0x52, 0x0, 0x0,
    0x0, 0x8f, 0xff, 0xa2, 0x0, 0x0, 0x3b, 0xfe,
    0x20, 0x0, 0x0, 0x9, 0xff, 0xff, 0xdb, 0xbe,
    0xff, 0xff, 0x70, 0x0, 0x0, 0x0, 0x6f, 0xff,
    0xff, 0xff, 0xff, 0xe5, 0x0, 0x0, 0x0, 0x0,
    0x1, 0x7c, 0xff, 0xff, 0xb6, 0x0, 0x0, 0x0,
    0x0, 0x0, 0x0, 0x0, 0x1, 0x10, 0x0, 0x0,
    0x0, 0x0,

    /* U+F021 "" */
    0x0, 0x0, 0x0, 0x0, 0x1, 0x10, 0x0, 0x0,
    0x7, 0xba, 0x0, 0x0, 0x1, 0x7c, 0xff, 0xff,
    0xb5, 0x0, 0xb, 0xff, 0x0, 0x0, 0x7f, 0xff,
    0xff, 0xff, 0xff, 0xe5, 0xb, 0xff, 0x0, 0xa,
    0xff, 0xff, 0xdb, 0xbe, 0xff, 0xff, 0x9a, 0xff,
    0x0, 0x9f, 0xff, 0xa2, 0x0, 0x0, 0x3b, 0xff,
    0xff, 0xff, 0x5, 0xff, 0xf6, 0x0, 0x0, 0x0,
    0x0, 0x5f, 0xff, 0xff, 0xd, 0xff, 0x60, 0x0,
    0x0, 0x7, 0xba, 0x9c, 0xff, 0xff, 0x3f, 0xfc,
    0x0, 0x0, 0x0, 0xc, 0xff, 0xff, 0xff, 0xff,
    0x7f, 0xf6, 0x0, 0x0, 0x0, 0xb, 0xff, 0xff,
    0xff, 0xff, 0x0, 0x0, 0x0, 0x0, 0x0, 0x0,
    0x0, 0x0, 0x0, 0x0, 0x0, 0x0, 0x0, 0x0,
    0x0, 0x0, 0x0, 0x0, 0x0, 0x0, 0x0, 0x0,
    0x0, 0x0, 0x0, 0x0, 0x0, 0x0, 0x0, 0x0,
    0xff, 0xff, 0xff, 0xff, 0xb0, 0x0, 0x0, 0x0,
    0x6f, 0xf6, 0xff, 0xff, 0xff, 0xff, 0xc0, 0x0,
    0x0, 0x0, 0xcf, 0xf3, 0xff, 0xff, 0xc9, 0xaa,
    0x70, 0x0, 0x0, 0x7, 0xff, 0xd0, 0xff, 0xff,
    0xf5, 0x0, 0x0, 0x0, 0x0, 0x6f, 0xff, 0x50,
    0xff, 0xff, 0xff, 0xb3, 0x0, 0x0, 0x3b, 0xff,
    0xf9, 0x0, 0xff, 0xa9, 0xff, 0xff, 0xeb, 0xbd,
    0xff, 0xff, 0xa0, 0x0, 0xff, 0xb0, 0x5d, 0xff,
    0xff, 0xff, 0xff, 0xf7, 0x0, 0x0, 0xff, 0xb0,
    0x0, 0x5b, 0xff, 0xff, 0xc8, 0x10, 0x0, 0x0,
    0xab, 0x70, 0x0, 0x0, 0x1, 0x10, 0x0, 0x0,
    0x0, 0x0,

    /* U+F022 "" */
    0x2, 0x44, 0x44, 0x44, 0x44, 0x44, 0x44, 0x44,
    0x44, 0x20, 0x8f, 0xff, 0xff, 0xff, 0xff, 0xff,
    0xff, 0xff, 0xff, 0xf8, 0xff, 0xff, 0xff, 0xff,
    0xff, 0xff, 0xff, 0xff, 0xff, 0xff, 0xff, 0xff,
    0xff, 0xff, 0xff, 0xff, 0xff, 0xff, 0xff, 0xff,
    0xff, 0xfe, 0x54, 0xdf, 0xaa, 0xaa, 0xaa, 0xaa,
    0xff, 0xff, 0xff, 0xf8, 0x0, 0x4b, 0x0, 0x0,
    0x0, 0x0, 0xcf, 0xff, 0xff, 0xfa, 0x0, 0x7c,
    0x0, 0x0, 0x0, 0x0, 0xcf, 0xff, 0xff, 0xff,
    0xba, 0xff, 0xff, 0xff, 0xff, 0xff, 0xff, 0xff,
    0xff, 0xfd, 0x32, 0xbe, 0x88, 0x88, 0x88, 0x88,
    0xef, 0xff, 0xff, 0xf7, 0x0, 0x4b, 0x0, 0x0,
    0x0, 0x0, 0xcf, 0xff, 0xff, 0xfd, 0x32, 0xbe,
    0x88, 0x88, 0x88, 0x88, 0xef, 0xff, 0xff, 0xff,
    0xba, 0xff, 0xff, 0xff, 0xff, 0xff, 0xff, 0xff,
    0xff, 0xfa, 0x0, 0x7c, 0x0, 0x0, 0x0, 0x0,
    0xcf, 0xff, 0xff, 0xf8, 0x0, 0x4b, 0x0, 0x0,
    0x0, 0x0, 0xcf, 0xff, 0xff, 0xfe, 0x54, 0xdf,
    0xaa, 0xaa, 0xaa, 0xaa, 0xff, 0xff, 0xff, 0xff,
    0xff, 0xff, 0xff, 0xff, 0xff, 0xff, 0xff, 0xff,
    0xff, 0xff, 0xff, 0xff, 0xff, 0xff, 0xff, 0xff,
    0xff, 0xff, 0x8f, 0xff, 0xff, 0xff, 0xff, 0xff,
    0xff, 0xff, 0xff, 0xf8, 0x2, 0x44, 0x44, 0x44,
    0x44, 0x44, 0x44, 0x44, 0x44, 0x20,

    /* U+F023 "" */
    0x0, 0x0, 0x0, 0x2, 0x43, 0x0, 0x0, 0x0,
    0x0, 0x0, 0x0, 0x5, 0xdf, 0xff, 0xfa, 0x10,
    0x0, 0x0, 0x0, 0x0, 0x8f, 0xff, 0xff, 0xff,
    0xe2, 0x0, 0x0, 0x0, 0x5, 0xff, 0xff, 0xef,
    0xff, 0xfd, 0x0, 0x0, 0x0, 0xd, 0xff, 0xd2,
    0x0, 0x7f, 0xff, 0x50, 0x0, 0x0, 0x1f, 0xff,
    0x20, 0x0, 0xa, 0xff, 0x90, 0x0, 0x0, 0x2f,
    0xff, 0x0, 0x0, 0x7, 0xff, 0xa0, 0x0, 0x0,
    0x3f, 0xff, 0x0, 0x0, 0x7, 0xff, 0xb0, 0x0,
    0x0, 0x3f, 0xff, 0x0, 0x0, 0x7, 0xff, 0xb0,
    0x0, 0x4d, 0xff, 0xff, 0xff, 0xff, 0xff, 0xff,
    0xff, 0xa0, 0xef, 0xff, 0xff, 0xff, 0xff, 0xff,
    0xff, 0xff, 0xf6, 0xff, 0xff, 0xff, 0xff, 0xff,
    0xff, 0xff, 0xff, 0xf8, 0xff, 0xff, 0xff, 0xff,
    0xff, 0xff, 0xff, 0xff, 0xf8, 0xff, 0xff, 0xff,
    0xff, 0xff, 0xff, 0xff, 0xff, 0xf8, 0xff, 0xff,
    0xff, 0xff, 0xff, 0xff, 0xff, 0xff, 0xf8, 0xff,
    0xff, 0xff, 0xff, 0xff, 0xff, 0xff, 0xff, 0xf8,
    0xff, 0xff, 0xff, 0xff, 0xff, 0xff, 0xff, 0xff,
    0xf8, 0xff, 0xff, 0xff, 0xff, 0xff, 0xff, 0xff,
    0xff, 0xf8, 0xff, 0xff, 0xff, 0xff, 0xff, 0xff,
    0xff, 0xff, 0xf7, 0x9f, 0xff, 0xff, 0xff, 0xff,
    0xff, 0xff, 0xff, 0xf2, 0x3, 0x44, 0x44, 0x44,
    0x44, 0x44, 0x44, 0x44, 0x10,

    /* U+F024 "" */
    0x1, 0x30, 0x0, 0x0, 0x0, 0x0, 0x0, 0x0,
    0x0, 0x0, 0x4f, 0xfd, 0x10, 0x0, 0x0, 0x0,
    0x0, 0x0, 0x0, 0x0, 0xcf, 0xff, 0x70, 0x0,
    0x0, 0x0, 0x0, 0x0, 0x0, 0x0, 0xbf, 0xff,
    0xa9, 0xbb, 0x95, 0x10, 0x0, 0x0, 0x6, 0xb4,
    0x2f, 0xff, 0xff, 0xff, 0xff, 0xfc, 0x87, 0x8b,
    0xff, 0xfc, 0xe, 0xff, 0xff, 0xff, 0xff, 0xff,
    0xff, 0xff, 0xff, 0xfd, 0xe, 0xff, 0xff, 0xff,
    0xff, 0xff, 0xff, 0xff, 0xff, 0xfd, 0xe, 0xff,
    0xff, 0xff, 0xff, 0xff, 0xff, 0xff, 0xff, 0xfd,
    0xe, 0xff, 0xff, 0xff, 0xff, 0xff, 0xff, 0xff,
    0xff, 0xfd, 0xe, 0xff, 0xff, 0xff, 0xff, 0xff,
    0xff, 0xff, 0xff, 0xfd, 0xe, 0xff, 0xff, 0xff,
    0xff, 0xff, 0xff, 0xff, 0xff, 0xfd, 0xe, 0xff,
    0xff, 0xff, 0xff, 0xff, 0xff, 0xff, 0xff, 0xfd,
    0xe, 0xff, 0xff, 0xff, 0xff, 0xff, 0xff, 0xff,
    0xff, 0xfd, 0xe, 0xff, 0xff, 0xff, 0xff, 0xff,
    0xff, 0xff, 0xff, 0xfd, 0xe, 0xff, 0xff, 0xff,
    0xff, 0xff, 0xff, 0xff, 0xff, 0xf9, 0xe, 0xff,
    0xd8, 0x54, 0x36, 0xbf, 0xff, 0xff, 0xfe, 0x70,
    0xe, 0xf9, 0x0, 0x0, 0x0, 0x0, 0x47, 0x87,
    0x40, 0x0, 0xe, 0xf9, 0x0, 0x0, 0x0, 0x0,
    0x0, 0x0, 0x0, 0x0, 0xe, 0xf9, 0x0, 0x0,
    0x0, 0x0, 0x0, 0x0, 0x0, 0x0, 0xe, 0xf9,
    0x0, 0x0, 0x0, 0x0, 0x0, 0x0, 0x0, 0x0,
    0x7, 0xb3, 0x0, 0x0, 0x0, 0x0, 0x0, 0x0,
    0x0, 0x0,

    /* U+F025 "" */
    0x0, 0x0, 0x0, 0x0, 0x34, 0x53, 0x10, 0x0,
    0x0, 0x0, 0x0, 0x0, 0x0, 0x3b, 0xff, 0xff,
    0xff, 0xc5, 0x0, 0x0, 0x0, 0x0, 0x0, 0xaf,
    0xff, 0xff, 0xff, 0xff, 0xfc, 0x10, 0x0, 0x0,
    0x1, 0xdf, 0xff, 0x95, 0x32, 0x48, 0xef, 0xfe,
    0x30, 0x0, 0x0, 0xcf, 0xfb, 0x10, 0x0, 0x0,
    0x0, 0x9f, 0xfe, 0x10, 0x0, 0x8f, 0xf9, 0x0,
    0x0, 0x0, 0x0, 0x0, 0x6f, 0xfb, 0x0, 0x1f,
    0xfc, 0x0, 0x0, 0x0, 0x0, 0x0, 0x0, 0x9f,
    0xf4, 0x7, 0xff, 0x30, 0x0, 0x0, 0x0, 0x0,
    0x0, 0x1, 0xff, 0xa0, 0xcf, 0xd0, 0x0, 0x0,
    0x0, 0x0, 0x0, 0x0, 0xa, 0xff, 0xe, 0xf9,
    0x16, 0x99, 0x20, 0x0, 0x0, 0x89, 0x72, 0x6f,
    0xf1, 0xff, 0xcf, 0xff, 0xf9, 0x0, 0x0, 0x4f,
    0xff, 0xfb, 0xff, 0x2f, 0xff, 0xff, 0xff, 0x90,
    0x0, 0x4, 0xff, 0xff, 0xff, 0xf3, 0xff, 0xff,
    0xff, 0xf9, 0x0, 0x0, 0x4f, 0xff, 0xff, 0xff,
    0x26, 0xff, 0xff, 0xff, 0x90, 0x0, 0x4, 0xff,
    0xff, 0xff, 0x90, 0xa, 0xff, 0xff, 0xf9, 0x0,
    0x0, 0x4f, 0xff, 0xff, 0xd0, 0x0, 0x5f, 0xff,
    0xff, 0x90, 0x0, 0x4, 0xff, 0xff, 0xf9, 0x0,
    0x0, 0xbf, 0xff, 0xf9, 0x0, 0x0, 0x4f, 0xff,
    0xfd, 0x10, 0x0, 0x0, 0x8f, 0xff, 0x70, 0x0,
    0x3, 0xff, 0xfa, 0x10, 0x0, 0x0, 0x0, 0x1,
    0x20, 0x0, 0x0, 0x1, 0x20, 0x0, 0x0, 0x0,

    /* U+F026 "" */
    0x0, 0x0, 0x0, 0x0, 0x1, 0x0, 0x0, 0x0,
    0x2, 0xee, 0x0, 0x0, 0x0, 0x2e, 0xff, 0x0,
    0x0, 0x2, 0xef, 0xff, 0x47, 0x77, 0x7e, 0xff,
    0xff, 0xff, 0xff, 0xff, 0xff, 0xff, 0xff, 0xff,
    0xff, 0xff, 0xff, 0xff, 0xff, 0xff, 0xff, 0xff,
    0xff, 0xff, 0xff, 0xff, 0xff, 0xff, 0xff, 0xff,
    0xff, 0xff, 0xff, 0xff, 0xff, 0xff, 0xff, 0xdf,
    0xff, 0xff, 0xff, 0xff, 0x0, 0x0, 0x9, 0xff,
    0xff, 0x0, 0x0, 0x0, 0x9f, 0xff, 0x0, 0x0,
    0x0, 0x9, 0xff, 0x0, 0x0, 0x0, 0x0, 0x89,

    /* U+F027 "" */
    0x0, 0x0, 0x0, 0x0, 0x89, 0x0, 0x0, 0x0,
    0x0, 0x0, 0x0, 0x9f, 0xf0, 0x0, 0x0, 0x0,
    0x0, 0x0, 0x9f, 0xff, 0x0, 0x0, 0x0, 0x0,
    0x0, 0x9f, 0xff, 0xf0, 0x0, 0x0, 0xdf, 0xff,
    0xff, 0xff, 0xff, 0x0, 0x73, 0xf, 0xff, 0xff,
    0xff, 0xff, 0xf0, 0x1f, 0xf4, 0xff, 0xff, 0xff,
    0xff, 0xff, 0x0, 0x5f, 0xcf, 0xff, 0xff, 0xff,
    0xff, 0xf0, 0x0, 0xff, 0xff, 0xff, 0xff, 0xff,
    0xff, 0x0, 0x4f, 0xdf, 0xff, 0xff, 0xff, 0xff,
    0xf0, 0x1f, 0xf5, 0xff, 0xff, 0xff, 0xff, 0xff,
    0x0, 0x85, 0x4, 0x77, 0x77, 0xef, 0xff, 0xf0,
    0x0, 0x0, 0x0, 0x0, 0x2, 0xef, 0xff, 0x0,
    0x0, 0x0, 0x0, 0x0, 0x2, 0xef, 0xf0, 0x0,
    0x0, 0x0, 0x0, 0x0, 0x2, 0xee, 0x0, 0x0,
    0x0, 0x0, 0x0, 0x0, 0x1, 0x10, 0x0, 0x0,

    /* U+F028 "" */
    0x0, 0x0, 0x0, 0x0, 0x0, 0x0, 0x0, 0x0,
    0x7b, 0x20, 0x0, 0x0, 0x0, 0x0, 0x0, 0x0,
    0x10, 0x0, 0x0, 0x9, 0xfe, 0x30, 0x0, 0x0,
    0x0, 0x0, 0x2, 0xee, 0x0, 0x0, 0x0, 0x9,
    0xff, 0x20, 0x0, 0x0, 0x0, 0x2, 0xef, 0xf0,
    0x0, 0x8, 0x70, 0x8, 0xfd, 0x0, 0x0, 0x0,
    0x2, 0xef, 0xff, 0x0, 0x0, 0xef, 0xb0, 0xc,
    0xf6, 0x4, 0x77, 0x77, 0xef, 0xff, 0xf0, 0x0,
    0x2, 0xdf, 0x80, 0x3f, 0xd0, 0xff, 0xff, 0xff,
    0xff, 0xff, 0x0, 0x74, 0x1, 0xff, 0x10, 0xcf,
    0x3f, 0xff, 0xff, 0xff, 0xff, 0xf0, 0x1f, 0xf4,
    0x8, 0xf7, 0x7, 0xf6, 0xff, 0xff, 0xff, 0xff,
    0xff, 0x0, 0x5f, 0xc0, 0x3f, 0xa0, 0x4f, 0x9f,
    0xff, 0xff, 0xff, 0xff, 0xf0, 0x0, 0xff, 0x2,
    0xfb, 0x4, 0xf9, 0xff, 0xff, 0xff, 0xff, 0xff,
    0x0, 0x5f, 0xc0, 0x3f, 0xa0, 0x5f, 0x9f, 0xff,
    0xff, 0xff, 0xff, 0xf0, 0x1f, 0xf4, 0x8, 0xf7,
    0x7, 0xf6, 0xdf, 0xff, 0xff, 0xff, 0xff, 0x0,
    0x74, 0x2, 0xff, 0x10, 0xcf, 0x30, 0x0, 0x0,
    0x9f, 0xff, 0xf0, 0x0, 0x2, 0xef, 0x80, 0x3f,
    0xd0, 0x0, 0x0, 0x0, 0x9f, 0xff, 0x0, 0x0,
    0xef, 0xb0, 0xc, 0xf6, 0x0, 0x0, 0x0, 0x0,
    0x9f, 0xf0, 0x0, 0x8, 0x70, 0x8, 0xfd, 0x0,
    0x0, 0x0, 0x0, 0x0, 0x89, 0x0, 0x0, 0x0,
    0x8, 0xff, 0x20, 0x0, 0x0, 0x0, 0x0, 0x0,
    0x0, 0x0, 0x0, 0x9, 0xff, 0x30, 0x0, 0x0,
    0x0, 0x0, 0x0, 0x0, 0x0, 0x0, 0x0, 0x7b,
    0x20, 0x0, 0x0,

    /* U+F029 "" */
    0x77, 0x77, 0x77, 0x73, 0x0, 0x77, 0x77, 0x77,
    0x73, 0xff, 0xff, 0xff, 0xf8, 0x0, 0xff, 0xff,
    0xff, 0xf8, 0xff, 0xff, 0xff, 0xf8, 0x0, 0xff,
    0xff, 0xff, 0xf8, 0xff, 0x80, 0xf, 0xf8, 0x0,
    0xff, 0x80, 0xf, 0xf8, 0xff, 0x80, 0xf, 0xf8,
    0x0, 0xff, 0x80, 0xf, 0xf8, 0xff, 0xb7, 0x7f,
    0xf8, 0x0, 0xff, 0xb7, 0x7f, 0xf8, 0xff, 0xff,
    0xff, 0xf8, 0x0, 0xff, 0xff, 0xff, 0xf8, 0xff,
    0xff, 0xff, 0xf8, 0x0, 0xff, 0xff, 0xff, 0xf8,
    0x0, 0x0, 0x0, 0x0, 0x0, 0x0, 0x0, 0x0,
    0x0, 0x0, 0x0, 0x0, 0x0, 0x0, 0x0, 0x0,
    0x0, 0x0, 0x0, 0x0, 0x0, 0x0, 0x0, 0x0,
    0x0, 0x0, 0x0, 0xff, 0xff, 0xff, 0xf8, 0x0,
    0xff, 0xfc, 0x0, 0xc8, 0xff, 0xff, 0xff, 0xf8,
    0x0, 0xff, 0xff, 0xcc, 0xf8, 0xff, 0xb7, 0x7f,
    0xf8, 0x0, 0xff, 0xff, 0xff, 0xf8, 0xff, 0x80,
    0xf, 0xf8, 0x0, 0xff, 0xdc, 0xff, 0xf8, 0xff,
    0xb7, 0x7f, 0xf8, 0x0, 0xff, 0x82, 0x88, 0x84,
    0xff, 0xff, 0xff, 0xf8, 0x0, 0xff, 0x80, 0x30,
    0x21, 0xff, 0xff, 0xff, 0xf8, 0x0, 0xff, 0x84,
    0xf0, 0xc8, 0x0, 0x0, 0x0, 0x0, 0x0, 0x0,
    0x0, 0x0, 0x0,

    /* U+F02A "" */
    0xb5, 0x50, 0x5a, 0xa, 0x70, 0xb5, 0x5b, 0xab,
    0xe, 0x8b, 0xb5, 0x50, 0x5a, 0xa, 0x70, 0xb5,
    0x5b, 0xab, 0xe, 0x8b, 0xb5, 0x50, 0x5a, 0xa,
    0x70, 0xb5, 0x5b, 0xab, 0xe, 0x8b, 0xb5, 0x50,
    0x5a, 0xa, 0x70, 0xb5, 0x5b, 0xab, 0xe, 0x8b,
    0xb5, 0x50, 0x5a, 0xa, 0x70, 0xb5, 0x5b, 0xab,
    0xe, 0x8b, 0xb5, 0x50, 0x5a, 0xa, 0x70, 0xb5,
    0x5b, 0xab, 0xe, 0x8b, 0xb5, 0x50, 0x5a, 0xa,
    0x70, 0xb5, 0x5b, 0xab, 0xe, 0x8b, 0xb5, 0x50,
    0x5a, 0xa, 0x70, 0xb5, 0x5b, 0xab, 0xe, 0x8b,
    0xb5, 0x50, 0x5a, 0xa, 0x70, 0xb5, 0x5b, 0xab,
    0xe, 0x8b, 0xb5, 0x50, 0x5a, 0xa, 0x70, 0xb5,
    0x5b, 0xab, 0xe, 0x8b, 0xb5, 0x50, 0x5a, 0xa,
    0x70, 0xb5, 0x5b, 0xab, 0xe, 0x8b, 0xb5, 0x50,
    0x5a, 0xa, 0x70, 0xb5, 0x5b, 0xab, 0xe, 0x8b,
    0xb5, 0x50, 0x5a, 0xa, 0x70, 0xb5, 0x5b, 0xab,
    0xe, 0x8b, 0xb5, 0x50, 0x5a, 0xa, 0x70, 0xb5,
    0x5b, 0xab, 0xe, 0x8b, 0xb5, 0x50, 0x5a, 0xa,
    0x70, 0xb5, 0x5b, 0xab, 0xe, 0x8b,

    /* U+F02B "" */
    0x6, 0x88, 0x88, 0x88, 0x87, 0x50, 0x0, 0x0,
    0x0, 0x0, 0xbf, 0xff, 0xff, 0xff, 0xff, 0xf9,
    0x0, 0x0, 0x0, 0x0, 0xff, 0xff, 0xff, 0xff,
    0xff, 0xff, 0x90, 0x0, 0x0, 0x0, 0xff, 0xf4,
    0x7, 0xff, 0xff, 0xff, 0xf9, 0x0, 0x0, 0x0,
    0xff, 0x90, 0x0, 0xdf, 0xff, 0xff, 0xff, 0x90,
    0x0, 0x0, 0xff, 0xa0, 0x0, 0xef, 0xff, 0xff,
    0xff, 0xf9, 0x0, 0x0, 0xff, 0xf8, 0x4a, 0xff,
    0xff, 0xff, 0xff, 0xff, 0x90, 0x0, 0xff, 0xff,
    0xff, 0xff, 0xff, 0xff, 0xff, 0xff, 0xf9, 0x0,
    0xff, 0xff, 0xff, 0xff, 0xff, 0xff, 0xff, 0xff,
    0xff, 0x90, 0xff, 0xff, 0xff, 0xff, 0xff, 0xff,
    0xff, 0xff, 0xff, 0xf8, 0xff, 0xff, 0xff, 0xff,
    0xff, 0xff, 0xff, 0xff, 0xff, 0xff, 0x8f, 0xff,
    0xff, 0xff, 0xff, 0xff, 0xff, 0xff, 0xff, 0xfb,
    0x9, 0xff, 0xff, 0xff, 0xff, 0xff, 0xff, 0xff,
    0xff, 0xd1, 0x0, 0x9f, 0xff, 0xff, 0xff, 0xff,
    0xff, 0xff, 0xfd, 0x10, 0x0, 0x9, 0xff, 0xff,
    0xff, 0xff, 0xff, 0xff, 0xd1, 0x0, 0x0, 0x0,
    0x9f, 0xff, 0xff, 0xff, 0xff, 0xfd, 0x10, 0x0,
    0x0, 0x0, 0x9, 0xff, 0xff, 0xff, 0xff, 0xd1,
    0x0, 0x0, 0x0, 0x0, 0x0, 0x9f, 0xff, 0xff,
    0xfd, 0x10, 0x0, 0x0, 0x0, 0x0, 0x0, 0x9,
    0xff, 0xff, 0xd1, 0x0, 0x0, 0x0, 0x0, 0x0,
    0x0, 0x0, 0x9f, 0xfd, 0x10, 0x0, 0x0, 0x0,
    0x0, 0x0, 0x0, 0x0, 0x5, 0x60, 0x0, 0x0,
    0x0, 0x0,

    /* U+F02C "" */
    0x3, 0x44, 0x44, 0x44, 0x44, 0x20, 0x4, 0x42,
    0x0, 0x0, 0x0, 0x0, 0x9, 0xff, 0xff, 0xff,
    0xff, 0xff, 0x60, 0x4f, 0xf6, 0x0, 0x0, 0x0,
    0x0, 0xff, 0xff, 0xff, 0xff, 0xff, 0xff, 0x60,
    0x4f, 0xf6, 0x0, 0x0, 0x0, 0xf, 0xff, 0x74,
    0xaf, 0xff, 0xff, 0xff, 0x60, 0x4f, 0xf6, 0x0,
    0x0, 0x0, 0xff, 0xa0, 0x0, 0xef, 0xff, 0xff,
    0xff, 0x60, 0x4f, 0xf6, 0x0, 0x0, 0xf, 0xf9,
    0x0, 0xd, 0xff, 0xff, 0xff, 0xff, 0x60, 0x4f,
    0xf6, 0x0, 0x0, 0xff, 0xf4, 0x17, 0xff, 0xff,
    0xff, 0xff, 0xff, 0x60, 0x4f, 0xf6, 0x0, 0xf,
    0xff, 0xff, 0xff, 0xff, 0xff, 0xff, 0xff, 0xff,
    0x60, 0x4f, 0xf6, 0x0, 0xff, 0xff, 0xff, 0xff,
    0xff, 0xff, 0xff, 0xff, 0xff, 0x60, 0x4f, 0xf6,
    0xf, 0xff, 0xff, 0xff, 0xff, 0xff, 0xff, 0xff,
    0xff, 0xff, 0x60, 0xaf, 0xf6, 0xff, 0xff, 0xff,
    0xff, 0xff, 0xff, 0xff, 0xff, 0xff, 0xfe, 0x6,
    0xff, 0xeb, 0xff, 0xff, 0xff, 0xff, 0xff, 0xff,
    0xff, 0xff, 0xff, 0xd0, 0x7f, 0xfd, 0xc, 0xff,
    0xff, 0xff, 0xff, 0xff, 0xff, 0xff, 0xff, 0xf3,
    0xc, 0xff, 0x30, 0xc, 0xff, 0xff, 0xff, 0xff,
    0xff, 0xff, 0xff, 0xf3, 0x8, 0xff, 0x30, 0x0,
    0xc, 0xff, 0xff, 0xff, 0xff, 0xff, 0xff, 0xf3,
    0x7, 0xff, 0x30, 0x0, 0x0, 0xc, 0xff, 0xff,
    0xff, 0xff, 0xff, 0xf3, 0x7, 0xff, 0x30, 0x0,
    0x0, 0x0, 0xc, 0xff, 0xff, 0xff, 0xff, 0xf3,
    0x7, 0xff, 0x30, 0x0, 0x0, 0x0, 0x0, 0xc,
    0xff, 0xff, 0xff, 0xf3, 0x7, 0xff, 0x30, 0x0,
    0x0, 0x0, 0x0, 0x0, 0xc, 0xff, 0xff, 0xf3,
    0x7, 0xff, 0x30, 0x0, 0x0, 0x0, 0x0, 0x0,
    0x0, 0xc, 0xff, 0xf3, 0x7, 0xff, 0x30, 0x0,
    0x0, 0x0, 0x0, 0x0, 0x0, 0x0, 0x8, 0xa2,
    0x0, 0x8a, 0x20, 0x0, 0x0, 0x0, 0x0,

    /* U+F02D "" */
    0x0, 0x14, 0x44, 0x44, 0x44, 0x44, 0x44, 0x44,
    0x40, 0x8, 0xff, 0xff, 0xff, 0xff, 0xff, 0xff,
    0xff, 0xf7, 0x7f, 0xff, 0xff, 0xff, 0xff, 0xff,
    0xff, 0xff, 0xf8, 0xdf, 0xff, 0xff, 0xff, 0xff,
    0xff, 0xff, 0xff, 0xf8, 0xff, 0xff, 0xff, 0xff,
    0xff, 0xff, 0xff, 0xff, 0xf8, 0xff, 0xff, 0xfb,
    0xbb, 0xbb, 0xbb, 0xbc, 0xff, 0xf8, 0xff, 0xff,
    0xf4, 0x44, 0x44, 0x44, 0x47, 0xff, 0xf8, 0xff,
    0xff, 0xff, 0xff, 0xff, 0xff, 0xff, 0xff, 0xf8,
    0xff, 0xff, 0xf0, 0x0, 0x0, 0x0, 0x4, 0xff,
    0xf8, 0xff, 0xff, 0xff, 0xff, 0xff, 0xff, 0xff,
    0xff, 0xf8, 0xff, 0xff, 0xff, 0xff, 0xff, 0xff,
    0xff, 0xff, 0xf8, 0xff, 0xff, 0xff, 0xff, 0xff,
    0xff, 0xff, 0xff, 0xf8, 0xff, 0xff, 0xff, 0xff,
    0xff, 0xff, 0xff, 0xff, 0xf8, 0xff, 0xff, 0xff,
    0xff, 0xff, 0xff, 0xff, 0xff, 0xf8, 0xff, 0xff,
    0xff, 0xff, 0xff, 0xff, 0xff, 0xff, 0xf8, 0xff,
    0xe6, 0x44, 0x44, 0x44, 0x44, 0x44, 0x5f, 0xf2,
    0xff, 0x80, 0x0, 0x0, 0x0, 0x0, 0x0, 0x1f,
    0xf0, 0xef, 0xc1, 0x0, 0x0, 0x0, 0x0, 0x0,
    0x1f, 0xf1, 0x9f, 0xff, 0xff, 0xff, 0xff, 0xff,
    0xff, 0xff, 0xf5, 0xb, 0xff, 0xff, 0xff, 0xff,
    0xff, 0xff, 0xff, 0xf7, 0x0, 0x47, 0x88, 0x88,
    0x88, 0x88, 0x88, 0x88, 0x71,

    /* U+F02E "" */
    0x6, 0x88, 0x88, 0x88, 0x88, 0x88, 0x86, 0xb,
    0xff, 0xff, 0xff, 0xff, 0xff, 0xff, 0xfb, 0xff,
    0xff, 0xff, 0xff, 0xff, 0xff, 0xff, 0xff, 0xff,
    0xff, 0xff, 0xff, 0xff, 0xff, 0xff, 0xff, 0xff,
    0xff, 0xff, 0xff, 0xff, 0xff, 0xff, 0xff, 0xff,
    0xff, 0xff, 0xff, 0xff, 0xff, 0xff, 0xff, 0xff,
    0xff, 0xff, 0xff, 0xff, 0xff, 0xff, 0xff, 0xff,
    0xff, 0xff, 0xff, 0xff, 0xff, 0xff, 0xff, 0xff,
    0xff, 0xff, 0xff, 0xff, 0xff, 0xff, 0xff, 0xff,
    0xff, 0xff, 0xff, 0xff, 0xff, 0xff, 0xff, 0xff,
    0xff, 0xff, 0xff, 0xff, 0xff, 0xff, 0xff, 0xff,
    0xff, 0xff, 0xff, 0xff, 0xff, 0xff, 0xff, 0xff,
    0xff, 0xff, 0xff, 0xff, 0xff, 0xff, 0xff, 0xff,
    0xff, 0xff, 0xff, 0xff, 0xff, 0xff, 0xff, 0xff,
    0xff, 0xff, 0xff, 0xff, 0xff, 0xff, 0xff, 0xff,
    0xff, 0xff, 0xff, 0xb4, 0xbf, 0xff, 0xff, 0xff,
    0xff, 0xfd, 0x40, 0x0, 0x4d, 0xff, 0xff, 0xff,
    0xf7, 0x0, 0x0, 0x0, 0x7, 0xff, 0xff, 0xa1,
    0x0, 0x0, 0x0, 0x0, 0x1, 0xaf, 0x30, 0x0,
    0x0, 0x0, 0x0, 0x0, 0x0, 0x30,

    /* U+F02F "" */
    0x0, 0x6, 0x88, 0x88, 0x88, 0x88, 0x88, 0x71,
    0x0, 0x0, 0x0, 0x6f, 0xff, 0xff, 0xff, 0xff,
    0xff, 0xfe, 0x20, 0x0, 0x0, 0x8f, 0xff, 0xff,
    0xff, 0xff, 0xff, 0xff, 0xe1, 0x0, 0x0, 0x8f,
    0xf0, 0x0, 0x0, 0x0, 0x8f, 0xff, 0xf7, 0x0,
    0x0, 0x8f, 0xf0, 0x0, 0x0, 0x0, 0x7f, 0xff,
    0xf8, 0x0, 0x0, 0x8f, 0xf0, 0x0, 0x0, 0x0,
    0x27, 0x8f, 0xf8, 0x0, 0x0, 0x8f, 0xf0, 0x0,
    0x0, 0x0, 0x0, 0xf, 0xf8, 0x0, 0x0, 0x8f,
    0xf0, 0x0, 0x0, 0x0, 0x0, 0xf, 0xf8, 0x0,
    0x2b, 0xff, 0xf0, 0x0, 0x0, 0x0, 0x0, 0xf,
    0xff, 0xb2, 0xcf, 0xff, 0xfc, 0xcc, 0xcc, 0xcc,
    0xcc, 0xcf, 0xff, 0xfb, 0xff, 0xff, 0xff, 0xff,
    0xff, 0xff, 0xff, 0xff, 0x58, 0xff, 0xff, 0xff,
    0xff, 0xff, 0xff, 0xff, 0xff, 0xff, 0x15, 0xff,
    0xff, 0xff, 0xff, 0xff, 0xff, 0xff, 0xff, 0xff,
    0xff, 0xff, 0xff, 0xff, 0xff, 0xff, 0xff, 0xff,
    0xff, 0xff, 0xff, 0xff, 0xff, 0xff, 0xf4, 0x44,
    0x44, 0x44, 0x44, 0x4f, 0xff, 0xff, 0x68, 0xcf,
    0xf0, 0x0, 0x0, 0x0, 0x0, 0xf, 0xfc, 0x86,
    0x0, 0x8f, 0xf0, 0x0, 0x0, 0x0, 0x0, 0xf,
    0xf8, 0x0, 0x0, 0x8f, 0xf0, 0x0, 0x0, 0x0,
    0x0, 0xf, 0xf8, 0x0, 0x0, 0x8f, 0xff, 0xff,
    0xff, 0xff, 0xff, 0xff, 0xf8, 0x0, 0x0, 0x6f,
    0xff, 0xff, 0xff, 0xff, 0xff, 0xff, 0xf6, 0x0,
    0x0, 0x6, 0x88, 0x88, 0x88, 0x88, 0x88, 0x88,
    0x60, 0x0,

    /* U+F030 "" */
    0x0, 0x0, 0x0, 0x3, 0x44, 0x44, 0x30, 0x0,
    0x0, 0x0, 0x0, 0x0, 0x1, 0xdf, 0xff, 0xff,
    0xfd, 0x0, 0x0, 0x0, 0x0, 0x0, 0x7, 0xff,
    0xff, 0xff, 0xff, 0x70, 0x0, 0x0, 0x4d, 0xff,
    0xff, 0xff, 0xff, 0xff, 0xff, 0xff, 0xff, 0xd4,
    0xef, 0xff, 0xff, 0xff, 0xff, 0xff, 0xff, 0xff,
    0xff, 0xfe, 0xff, 0xff, 0xff, 0xff, 0xff, 0xff,
    0xff, 0xff, 0xff, 0xff, 0xff, 0xff, 0xff, 0xfc,
    0x51, 0x15, 0xcf, 0xff, 0xff, 0xff, 0xff, 0xff,
    0xff, 0x90, 0x4a, 0xb7, 0x9, 0xff, 0xff, 0xff,
    0xff, 0xff, 0xfd, 0x6, 0xff, 0xff, 0xc0, 0xdf,
    0xff, 0xff, 0xff, 0xff, 0xf7, 0xf, 0xff, 0xff,
    0xf6, 0x7f, 0xff, 0xff, 0xff, 0xff, 0xf5, 0x3f,
    0xff, 0xff, 0xf9, 0x5f, 0xff, 0xff, 0xff, 0xff,
    0xf6, 0x1f, 0xff, 0xff, 0xf8, 0x6f, 0xff, 0xff,
    0xff, 0xff, 0xfb, 0xb, 0xff, 0xff, 0xf2, 0xbf,
    0xff, 0xff, 0xff, 0xff, 0xff, 0x50, 0xaf, 0xfd,
    0x35, 0xff, 0xff, 0xff, 0xff, 0xff, 0xff, 0xf7,
    0x0, 0x10, 0x7f, 0xff, 0xff, 0xff, 0xff, 0xff,
    0xff, 0xff, 0xfc, 0xcf, 0xff, 0xff, 0xff, 0xff,
    0xef, 0xff, 0xff, 0xff, 0xff, 0xff, 0xff, 0xff,
    0xff, 0xfe, 0x6f, 0xff, 0xff, 0xff, 0xff, 0xff,
    0xff, 0xff, 0xff, 0xf6, 0x0, 0x0, 0x0, 0x0,
    0x0, 0x0, 0x0, 0x0, 0x0, 0x0,

    /* U+F031 "" */
    0x0, 0x0, 0x0, 0x3, 0x54, 0x0, 0x0, 0x0,
    0x0, 0x0, 0x0, 0x0, 0x4f, 0xff, 0xc0, 0x0,
    0x0, 0x0, 0x0, 0x0, 0x0, 0xbf, 0xff, 0xf3,
    0x0, 0x0, 0x0, 0x0, 0x0, 0x1, 0xff, 0xff,
    0xf9, 0x0, 0x0, 0x0, 0x0, 0x0, 0x7, 0xff,
    0xff, 0xfe, 0x0, 0x0, 0x0, 0x0, 0x0, 0xc,
    0xff, 0xaf, 0xff, 0x40, 0x0, 0x0, 0x0, 0x0,
    0x2f, 0xff, 0x3b, 0xff, 0xa0, 0x0, 0x0, 0x0,
    0x0, 0x8f, 0xfd, 0x5, 0xff, 0xf0, 0x0, 0x0,
    0x0, 0x0, 0xef, 0xf7, 0x0, 0xff, 0xf6, 0x0,
    0x0, 0x0, 0x4, 0xff, 0xf1, 0x0, 0x9f, 0xfc,
    0x0, 0x0, 0x0, 0xa, 0xff, 0xff, 0xff, 0xff,
    0xff, 0x20, 0x0, 0x0, 0xf, 0xff, 0xff, 0xff,
    0xff, 0xff, 0x70, 0x0, 0x0, 0x5f, 0xff, 0xff,
    0xff, 0xff, 0xff, 0xd0, 0x0, 0x0, 0xbf, 0xfa,
    0x22, 0x22, 0x24, 0xff, 0xf3, 0x0, 0x1, 0xff,
    0xf4, 0x0, 0x0, 0x0, 0xcf, 0xf9, 0x0, 0x5a,
    0xff, 0xf6, 0x0, 0x0, 0x3, 0xbf, 0xfe, 0x71,
    0xff, 0xff, 0xff, 0x30, 0x0, 0xc, 0xff, 0xff,
    0xf7, 0xef, 0xff, 0xff, 0x20, 0x0, 0xa, 0xff,
    0xff, 0xf6, 0x0, 0x0, 0x0, 0x0, 0x0, 0x0,
    0x0, 0x0, 0x0,

    /* U+F032 "" */
    0x1, 0x22, 0x22, 0x22, 0x22, 0x0, 0x0, 0x0,
    0xf, 0xff, 0xff, 0xff, 0xff, 0xfa, 0x10, 0x0,
    0x1f, 0xff, 0xff, 0xff, 0xff, 0xff, 0xe2, 0x0,
    0xe, 0xff, 0xff, 0xff, 0xff, 0xff, 0xfb, 0x0,
    0x0, 0x3f, 0xfe, 0x0, 0x0, 0x7f, 0xff, 0x20,
    0x0, 0x3f, 0xfe, 0x0, 0x0, 0xd, 0xff, 0x40,
    0x0, 0x3f, 0xfe, 0x0, 0x0, 0xe, 0xff, 0x30,
    0x0, 0x3f, 0xfe, 0x22, 0x23, 0xaf, 0xfe, 0x0,
    0x0, 0x3f, 0xff, 0xff, 0xff, 0xff, 0xf7, 0x0,
    0x0, 0x3f, 0xff, 0xff, 0xff, 0xff, 0xfd, 0x10,
    0x0, 0x3f, 0xff, 0xff, 0xff, 0xff, 0xff, 0x90,
    0x0, 0x3f, 0xfe, 0x0, 0x0, 0x5f, 0xff, 0xf0,
    0x0, 0x3f, 0xfe, 0x0, 0x0, 0x9, 0xff, 0xf3,
    0x0, 0x3f, 0xfe, 0x0, 0x0, 0x9, 0xff, 0xf3,
    0x0, 0x3f, 0xfe, 0x0, 0x0, 0x5f, 0xff, 0xf0,
    0xe, 0xff, 0xff, 0xff, 0xff, 0xff, 0xff, 0x80,
    0x1f, 0xff, 0xff, 0xff, 0xff, 0xff, 0xfb, 0x0,
    0xf, 0xff, 0xff, 0xff, 0xff, 0xfe, 0x70, 0x0,
    0x1, 0x22, 0x22, 0x22, 0x22, 0x10, 0x0, 0x0,

    /* U+F033 "" */
    0x0, 0x0, 0x67, 0x77, 0x77, 0x77, 0x20, 0x0,
    0x3f, 0xff, 0xff, 0xff, 0xf7, 0x0, 0x2, 0xff,
    0xff, 0xff, 0xff, 0x60, 0x0, 0x0, 0xe, 0xff,
    0x50, 0x0, 0x0, 0x0, 0x2, 0xff, 0xf1, 0x0,
    0x0, 0x0, 0x0, 0x6f, 0xfc, 0x0, 0x0, 0x0,
    0x0, 0xa, 0xff, 0x80, 0x0, 0x0, 0x0, 0x0,
    0xef, 0xf4, 0x0, 0x0, 0x0, 0x0, 0x2f, 0xff,
    0x10, 0x0, 0x0, 0x0, 0x6, 0xff, 0xc0, 0x0,
    0x0, 0x0, 0x0, 0xaf, 0xf8, 0x0, 0x0, 0x0,
    0x0, 0xe, 0xff, 0x40, 0x0, 0x0, 0x0, 0x2,
    0xff, 0xf1, 0x0, 0x0, 0x0, 0x0, 0x6f, 0xfc,
    0x0, 0x0, 0x0, 0x0, 0xa, 0xff, 0x80, 0x0,
    0x0, 0x5, 0x77, 0xef, 0xfa, 0x73, 0x0, 0x0,
    0xff, 0xff, 0xff, 0xff, 0xb0, 0x0, 0xe, 0xff,
    0xff, 0xff, 0xfa, 0x0, 0x0, 0x0, 0x0, 0x0,
    0x0, 0x0, 0x0, 0x0,

    /* U+F034 "" */
    0x12, 0x22, 0x22, 0x22, 0x22, 0x22, 0x0, 0x0,
    0x0, 0x10, 0x0, 0xf, 0xff, 0xff, 0xff, 0xff,
    0xff, 0xf7, 0x0, 0x0, 0x3f, 0xa0, 0x0, 0xff,
    0xff, 0xff, 0xff, 0xff, 0xff, 0x80, 0x0, 0x3f,
    0xff, 0xa0, 0xf, 0xff, 0xff, 0xff, 0xff, 0xff,
    0xf8, 0x0, 0x3f, 0xff, 0xff, 0xa0, 0xff, 0x80,
    0x3f, 0xfe, 0x0, 0xff, 0x80, 0xe, 0xff, 0xff,
    0xff, 0x6b, 0xd4, 0x3, 0xff, 0xe0, 0xb, 0xd4,
    0x0, 0x23, 0x9f, 0xf3, 0x30, 0x0, 0x0, 0x3f,
    0xfe, 0x0, 0x0, 0x0, 0x0, 0x8, 0xff, 0x0,
    0x0, 0x0, 0x3, 0xff, 0xe0, 0x0, 0x0, 0x0,
    0x0, 0x8f, 0xf0, 0x0, 0x0, 0x0, 0x3f, 0xfe,
    0x0, 0x0, 0x0, 0x0, 0x8, 0xff, 0x0, 0x0,
    0x0, 0x3, 0xff, 0xe0, 0x0, 0x0, 0x0, 0x0,
    0x8f, 0xf0, 0x0, 0x0, 0x0, 0x3f, 0xfe, 0x0,
    0x0, 0x0, 0x0, 0x8, 0xff, 0x0, 0x0, 0x0,
    0x3, 0xff, 0xe0, 0x0, 0x0, 0x0, 0x0, 0x8f,
    0xf0, 0x0, 0x0, 0x0, 0x3f, 0xfe, 0x0, 0x0,
    0x0, 0x0, 0x8, 0xff, 0x0, 0x0, 0x0, 0x3,
    0xff, 0xe0, 0x0, 0x0, 0x0, 0x34, 0xaf, 0xf4,
    0x41, 0x0, 0x0, 0x3f, 0xfe, 0x0, 0x0, 0x0,
    0xd, 0xff, 0xff, 0xff, 0x60, 0x1, 0x79, 0xff,
    0xf7, 0x50, 0x0, 0x0, 0x2e, 0xff, 0xff, 0x80,
    0x0, 0x7f, 0xff, 0xff, 0xff, 0x0, 0x0, 0x0,
    0x2e, 0xff, 0x80, 0x0, 0x6, 0xff, 0xff, 0xff,
    0xe0, 0x0, 0x0, 0x0, 0x2d, 0x80, 0x0, 0x0,
    0x0, 0x0, 0x0, 0x0, 0x0, 0x0, 0x0, 0x0,
    0x0, 0x0, 0x0,

    /* U+F035 "" */
    0x12, 0x22, 0x22, 0x22, 0x22, 0x22, 0x22, 0x22,
    0x20, 0xff, 0xff, 0xff, 0xff, 0xff, 0xff, 0xff,
    0xff, 0xf7, 0xff, 0xff, 0xff, 0xff, 0xff, 0xff,
    0xff, 0xff, 0xf8, 0xff, 0xff, 0xff, 0xff, 0xff,
    0xff, 0xff, 0xff, 0xf8, 0xff, 0x70, 0x0, 0xd,
    0xff, 0x50, 0x0, 0xf, 0xf7, 0x23, 0x0, 0x0,
    0xd, 0xff, 0x50, 0x0, 0x2, 0x30, 0x0, 0x0,
    0x0, 0xd, 0xff, 0x50, 0x0, 0x0, 0x0, 0x0,
    0x0, 0x0, 0xd, 0xff, 0x50, 0x0, 0x0, 0x0,
    0x0, 0x0, 0x1, 0x8e, 0xff, 0xb5, 0x0, 0x0,
    0x0, 0x0, 0x0, 0x5, 0xff, 0xff, 0xfd, 0x0,
    0x0, 0x0, 0x0, 0x0, 0x4, 0xff, 0xff, 0xfb,
    0x0, 0x0, 0x0, 0x0, 0x2e, 0x40, 0x0, 0x0,
    0x0, 0xc, 0x80, 0x0, 0x2, 0xef, 0x60, 0x0,
    0x0, 0x0, 0xe, 0xf8, 0x0, 0x2e, 0xff, 0xb8,
    0x88, 0x88, 0x88, 0x8f, 0xff, 0x80, 0xdf, 0xff,
    0xff, 0xff, 0xff, 0xff, 0xff, 0xff, 0xf5, 0x6f,
    0xff, 0xff, 0xff, 0xff, 0xff, 0xff, 0xff, 0xd1,
    0x6, 0xff, 0x60, 0x0, 0x0, 0x0, 0xe, 0xfd,
    0x10, 0x0, 0x7f, 0x50, 0x0, 0x0, 0x0, 0xd,
    0xd1, 0x0, 0x0, 0x4, 0x10, 0x0, 0x0, 0x0,
    0x4, 0x10, 0x0,

    /* U+F036 "" */
    0x57, 0x77, 0x77, 0x77, 0x77, 0x70, 0x0, 0x0,
    0x0, 0xff, 0xff, 0xff, 0xff, 0xff, 0xf3, 0x0,
    0x0, 0x0, 0xff, 0xff, 0xff, 0xff, 0xff, 0xf3,
    0x0, 0x0, 0x0, 0x0, 0x0, 0x0, 0x0, 0x0,
    0x0, 0x0, 0x0, 0x0, 0x0, 0x0, 0x0, 0x0,
    0x0, 0x0, 0x0, 0x0, 0x0, 0x57, 0x77, 0x77,
    0x77, 0x77, 0x77, 0x77, 0x77, 0x72, 0xff, 0xff,
    0xff, 0xff, 0xff, 0xff, 0xff, 0xff, 0xf7, 0xef,
    0xff, 0xff, 0xff, 0xff, 0xff, 0xff, 0xff, 0xf6,
    0x0, 0x0, 0x0, 0x0, 0x0, 0x0, 0x0, 0x0,
    0x0, 0x0, 0x0, 0x0, 0x0, 0x0, 0x0, 0x0,
    0x0, 0x0, 0x57, 0x77, 0x77, 0x77, 0x77, 0x70,
    0x0, 0x0, 0x0, 0xff, 0xff, 0xff, 0xff, 0xff,
    0xf3, 0x0, 0x0, 0x0, 0xff, 0xff, 0xff, 0xff,
    0xff, 0xf3, 0x0, 0x0, 0x0, 0x0, 0x0, 0x0,
    0x0, 0x0, 0x0, 0x0, 0x0, 0x0, 0x0, 0x0,
    0x0, 0x0, 0x0, 0x0, 0x0, 0x0, 0x0, 0x57,
    0x77, 0x77, 0x77, 0x77, 0x77, 0x77, 0x77, 0x72,
    0xff, 0xff, 0xff, 0xff, 0xff, 0xff, 0xff, 0xff,
    0xf7, 0xef, 0xff, 0xff, 0xff, 0xff, 0xff, 0xff,
    0xff, 0xf6, 0x0, 0x0, 0x0, 0x0, 0x0, 0x0,
    0x0, 0x0, 0x0,

    /* U+F037 "" */
    0x0, 0x0, 0x77, 0x77, 0x77, 0x77, 0x74, 0x0,
    0x0, 0x0, 0x3, 0xff, 0xff, 0xff, 0xff, 0xfb,
    0x0, 0x0, 0x0, 0x3, 0xff, 0xff, 0xff, 0xff,
    0xfb, 0x0, 0x0, 0x0, 0x0, 0x0, 0x0, 0x0,
    0x0, 0x0, 0x0, 0x0, 0x0, 0x0, 0x0, 0x0,
    0x0, 0x0, 0x0, 0x0, 0x0, 0x57, 0x77, 0x77,
    0x77, 0x77, 0x77, 0x77, 0x77, 0x72, 0xff, 0xff,
    0xff, 0xff, 0xff, 0xff, 0xff, 0xff, 0xf7, 0xef,
    0xff, 0xff, 0xff, 0xff, 0xff, 0xff, 0xff, 0xf6,
    0x0, 0x0, 0x0, 0x0, 0x0, 0x0, 0x0, 0x0,
    0x0, 0x0, 0x0, 0x0, 0x0, 0x0, 0x0, 0x0,
    0x0, 0x0, 0x0, 0x0, 0x77, 0x77, 0x77, 0x77,
    0x74, 0x0, 0x0, 0x0, 0x3, 0xff, 0xff, 0xff,
    0xff, 0xfb, 0x0, 0x0, 0x0, 0x3, 0xff, 0xff,
    0xff, 0xff, 0xfb, 0x0, 0x0, 0x0, 0x0, 0x0,
    0x0, 0x0, 0x0, 0x0, 0x0, 0x0, 0x0, 0x0,
    0x0, 0x0, 0x0, 0x0, 0x0, 0x0, 0x0, 0x57,
    0x77, 0x77, 0x77, 0x77, 0x77, 0x77, 0x77, 0x72,
    0xff, 0xff, 0xff, 0xff, 0xff, 0xff, 0xff, 0xff,
    0xf7, 0xef, 0xff, 0xff, 0xff, 0xff, 0xff, 0xff,
    0xff, 0xf6, 0x0, 0x0, 0x0, 0x0, 0x0, 0x0,
    0x0, 0x0, 0x0,

    /* U+F038 "" */
    0x0, 0x0, 0x0, 0x47, 0x77, 0x77, 0x77, 0x77,
    0x72, 0x0, 0x0, 0x0, 0xbf, 0xff, 0xff, 0xff,
    0xff, 0xf7, 0x0, 0x0, 0x0, 0xbf, 0xff, 0xff,
    0xff, 0xff, 0xf7, 0x0, 0x0, 0x0, 0x0, 0x0,
    0x0, 0x0, 0x0, 0x0, 0x0, 0x0, 0x0, 0x0,
    0x0, 0x0, 0x0, 0x0, 0x0, 0x57, 0x77, 0x77,
    0x77, 0x77, 0x77, 0x77, 0x77, 0x72, 0xff, 0xff,
    0xff, 0xff, 0xff, 0xff, 0xff, 0xff, 0xf7, 0xef,
    0xff, 0xff, 0xff, 0xff, 0xff, 0xff, 0xff, 0xf6,
    0x0, 0x0, 0x0, 0x0, 0x0, 0x0, 0x0, 0x0,
    0x0, 0x0, 0x0, 0x0, 0x0, 0x0, 0x0, 0x0,
    0x0, 0x0, 0x0, 0x0, 0x0, 0x47, 0x77, 0x77,
    0x77, 0x77, 0x72, 0x0, 0x0, 0x0, 0xbf, 0xff,
    0xff, 0xff, 0xff, 0xf7, 0x0, 0x0, 0x0, 0xbf,
    0xff, 0xff, 0xff, 0xff, 0xf7, 0x0, 0x0, 0x0,
    0x0, 0x0, 0x0, 0x0, 0x0, 0x0, 0x0, 0x0,
    0x0, 0x0, 0x0, 0x0, 0x0, 0x0, 0x0, 0x57,
    0x77, 0x77, 0x77, 0x77, 0x77, 0x77, 0x77, 0x72,
    0xff, 0xff, 0xff, 0xff, 0xff, 0xff, 0xff, 0xff,
    0xf7, 0xef, 0xff, 0xff, 0xff, 0xff, 0xff, 0xff,
    0xff, 0xf6, 0x0, 0x0, 0x0, 0x0, 0x0, 0x0,
    0x0, 0x0, 0x0,

    /* U+F039 "" */
    0x57, 0x77, 0x77, 0x77, 0x77, 0x77, 0x77, 0x77,
    0x72, 0xff, 0xff, 0xff, 0xff, 0xff, 0xff, 0xff,
    0xff, 0xf7, 0xef, 0xff, 0xff, 0xff, 0xff, 0xff,
    0xff, 0xff, 0xf6, 0x0, 0x0, 0x0, 0x0, 0x0,
    0x0, 0x0, 0x0, 0x0, 0x0, 0x0, 0x0, 0x0,
    0x0, 0x0, 0x0, 0x0, 0x0, 0x57, 0x77, 0x77,
    0x77, 0x77, 0x77, 0x77, 0x77, 0x72, 0xff, 0xff,
    0xff, 0xff, 0xff, 0xff, 0xff, 0xff, 0xf7, 0xef,
    0xff, 0xff, 0xff, 0xff, 0xff, 0xff, 0xff, 0xf6,
    0x0, 0x0, 0x0, 0x0, 0x0, 0x0, 0x0, 0x0,
    0x0, 0x0, 0x0, 0x0, 0x0, 0x0, 0x0, 0x0,
    0x0, 0x0, 0x57, 0x77, 0x77, 0x77, 0x77, 0x77,
    0x77, 0x77, 0x72, 0xff, 0xff, 0xff, 0xff, 0xff,
    0xff, 0xff, 0xff, 0xf7, 0xef, 0xff, 0xff, 0xff,
    0xff, 0xff, 0xff, 0xff, 0xf6, 0x0, 0x0, 0x0,
    0x0, 0x0, 0x0, 0x0, 0x0, 0x0, 0x0, 0x0,
    0x0, 0x0, 0x0, 0x0, 0x0, 0x0, 0x0, 0x57,
    0x77, 0x77, 0x77, 0x77, 0x77, 0x77, 0x77, 0x72,
    0xff, 0xff, 0xff, 0xff, 0xff, 0xff, 0xff, 0xff,
    0xf7, 0xef, 0xff, 0xff, 0xff, 0xff, 0xff, 0xff,
    0xff, 0xf6, 0x0, 0x0, 0x0, 0x0, 0x0, 0x0,
    0x0, 0x0, 0x0,

    /* U+F03A "" */
    0x8a, 0xa5, 0x0, 0x0, 0x0, 0x0, 0x0, 0x0,
    0x0, 0x0, 0xff, 0xfc, 0x0, 0xaf, 0xff, 0xff,
    0xff, 0xff, 0xff, 0xfe, 0xff, 0xfc, 0x0, 0xbf,
    0xff, 0xff, 0xff, 0xff, 0xff, 0xff, 0xff, 0xfb,
    0x0, 0x48, 0x88, 0x88, 0x88, 0x88, 0x88, 0x86,
    0x12, 0x20, 0x0, 0x0, 0x0, 0x0, 0x0, 0x0,
    0x0, 0x0, 0x0, 0x0, 0x0, 0x0, 0x0, 0x0,
    0x0, 0x0, 0x0, 0x0, 0x12, 0x20, 0x0, 0x0,
    0x0, 0x0, 0x0, 0x0, 0x0, 0x0, 0xff, 0xfb,
    0x0, 0x48, 0x88, 0x88, 0x88, 0x88, 0x88, 0x87,
    0xff, 0xfc, 0x0, 0xbf, 0xff, 0xff, 0xff, 0xff,
    0xff, 0xff, 0xff, 0xfb, 0x0, 0x9f, 0xff, 0xff,
    0xff, 0xff, 0xff, 0xfd, 0x79, 0x95, 0x0, 0x0,
    0x0, 0x0, 0x0, 0x0, 0x0, 0x0, 0x0, 0x0,
    0x0, 0x0, 0x0, 0x0, 0x0, 0x0, 0x0, 0x0,
    0x12, 0x20, 0x0, 0x0, 0x0, 0x0, 0x0, 0x0,
    0x0, 0x0, 0xff, 0xfb, 0x0, 0x48, 0x88, 0x88,
    0x88, 0x88, 0x88, 0x86, 0xff, 0xfc, 0x0, 0xbf,
    0xff, 0xff, 0xff, 0xff, 0xff, 0xff, 0xff, 0xfc,
    0x0, 0xaf, 0xff, 0xff, 0xff, 0xff, 0xff, 0xfe,
    0x8a, 0xa5, 0x0, 0x0, 0x0, 0x0, 0x0, 0x0,
    0x0, 0x0,

    /* U+F03B "" */
    0x57, 0x77, 0x77, 0x77, 0x77, 0x77, 0x77, 0x77,
    0x60, 0xff, 0xff, 0xff, 0xff, 0xff, 0xff, 0xff,
    0xff, 0xf4, 0xef, 0xff, 0xff, 0xff, 0xff, 0xff,
    0xff, 0xff, 0xf3, 0x0, 0x0, 0x0, 0x0, 0x0,
    0x0, 0x0, 0x0, 0x0, 0x0, 0x0, 0x0, 0x0,
    0x0, 0x0, 0x0, 0x0, 0x0, 0x0, 0x4, 0xc0,
    0x3, 0x77, 0x77, 0x77, 0x77, 0x70, 0x0, 0x4f,
    0xf0, 0xb, 0xff, 0xff, 0xff, 0xff, 0xf4, 0x4,
    0xff, 0xf0, 0xa, 0xff, 0xff, 0xff, 0xff, 0xf3,
    0x4f, 0xff, 0xf0, 0x0, 0x0, 0x0, 0x0, 0x0,
    0x0, 0xef, 0xff, 0xf0, 0x0, 0x0, 0x0, 0x0,
    0x0, 0x0, 0x4f, 0xff, 0xf0, 0x3, 0x77, 0x77,
    0x77, 0x77, 0x70, 0x4, 0xff, 0xf0, 0xb, 0xff,
    0xff, 0xff, 0xff, 0xf4, 0x0, 0x4f, 0xf0, 0xa,
    0xff, 0xff, 0xff, 0xff, 0xf3, 0x0, 0x4, 0xc0,
    0x0, 0x0, 0x0, 0x0, 0x0, 0x0, 0x0, 0x0,
    0x0, 0x0, 0x0, 0x0, 0x0, 0x0, 0x0, 0x57,
    0x77, 0x77, 0x77, 0x77, 0x77, 0x77, 0x77, 0x60,
    0xff, 0xff, 0xff, 0xff, 0xff, 0xff, 0xff, 0xff,
    0xf4, 0xef, 0xff, 0xff, 0xff, 0xff, 0xff, 0xff,
    0xff, 0xf3, 0x0, 0x0, 0x0, 0x0, 0x0, 0x0,
    0x0, 0x0, 0x0,

    /* U+F03C "" */
    0x57, 0x77, 0x77, 0x77, 0x77, 0x77, 0x77, 0x77,
    0x60, 0xff, 0xff, 0xff, 0xff, 0xff, 0xff, 0xff,
    0xff, 0xf4, 0xef, 0xff, 0xff, 0xff, 0xff, 0xff,
    0xff, 0xff, 0xf3, 0x0, 0x0, 0x0, 0x0, 0x0,
    0x0, 0x0, 0x0, 0x0, 0x0, 0x0, 0x0, 0x0,
    0x0, 0x0, 0x0, 0x0, 0x0, 0xc4, 0x0, 0x0,
    0x3, 0x77, 0x77, 0x77, 0x77, 0x70, 0xff, 0x40,
    0x0, 0xb, 0xff, 0xff, 0xff, 0xff, 0xf4, 0xff,
    0xf4, 0x0, 0xa, 0xff, 0xff, 0xff, 0xff, 0xf3,
    0xff, 0xff, 0x40, 0x0, 0x0, 0x0, 0x0, 0x0,
    0x0, 0xff, 0xff, 0xe0, 0x0, 0x0, 0x0, 0x0,
    0x0, 0x0, 0xff, 0xff, 0x40, 0x3, 0x77, 0x77,
    0x77, 0x77, 0x70, 0xff, 0xf4, 0x0, 0xb, 0xff,
    0xff, 0xff, 0xff, 0xf4, 0xff, 0x40, 0x0, 0xa,
    0xff, 0xff, 0xff, 0xff, 0xf3, 0xc4, 0x0, 0x0,
    0x0, 0x0, 0x0, 0x0, 0x0, 0x0, 0x0, 0x0,
    0x0, 0x0, 0x0, 0x0, 0x0, 0x0, 0x0, 0x57,
    0x77, 0x77, 0x77, 0x77, 0x77, 0x77, 0x77, 0x60,
    0xff, 0xff, 0xff, 0xff, 0xff, 0xff, 0xff, 0xff,
    0xf4, 0xef, 0xff, 0xff, 0xff, 0xff, 0xff, 0xff,
    0xff, 0xf3, 0x0, 0x0, 0x0, 0x0, 0x0, 0x0,
    0x0, 0x0, 0x0,

    /* U+F03D "" */
    0x5e, 0xff, 0xff, 0xff, 0xff, 0xff, 0xfe, 0x50,
    0x0, 0x0, 0x0, 0xe, 0xff, 0xff, 0xff, 0xff,
    0xff, 0xff, 0xfe, 0x0, 0x0, 0x8, 0x90, 0xff,
    0xff, 0xff, 0xff, 0xff, 0xff, 0xff, 0xf0, 0x0,
    0x3d, 0xff, 0x4f, 0xff, 0xff, 0xff, 0xff, 0xff,
    0xff, 0xff, 0x0, 0x8f, 0xff, 0xf5, 0xff, 0xff,
    0xff, 0xff, 0xff, 0xff, 0xff, 0xf0, 0xcf, 0xff,
    0xff, 0x5f, 0xff, 0xff, 0xff, 0xff, 0xff, 0xff,
    0xff, 0xe, 0xff, 0xff, 0xf5, 0xff, 0xff, 0xff,
    0xff, 0xff, 0xff, 0xff, 0xf0, 0xef, 0xff, 0xff,
    0x5f, 0xff, 0xff, 0xff, 0xff, 0xff, 0xff, 0xff,
    0xe, 0xff, 0xff, 0xf5, 0xff, 0xff, 0xff, 0xff,
    0xff, 0xff, 0xff, 0xf0, 0xef, 0xff, 0xff, 0x5f,
    0xff, 0xff, 0xff, 0xff, 0xff, 0xff, 0xff, 0xe,
    0xff, 0xff, 0xf5, 0xff, 0xff, 0xff, 0xff, 0xff,
    0xff, 0xff, 0xf0, 0xcf, 0xff, 0xff, 0x5f, 0xff,
    0xff, 0xff, 0xff, 0xff, 0xff, 0xff, 0x0, 0x8f,
    0xff, 0xf5, 0xff, 0xff, 0xff, 0xff, 0xff, 0xff,
    0xff, 0xf0, 0x0, 0x3d, 0xff, 0x4e, 0xff, 0xff,
    0xff, 0xff, 0xff, 0xff, 0xfe, 0x0, 0x0, 0x8,
    0x90, 0x5e, 0xff, 0xff, 0xff, 0xff, 0xff, 0xfe,
    0x50, 0x0, 0x0, 0x0, 0x0,

    /* U+F03E "" */
    0x5e, 0xff, 0xff, 0xff, 0xff, 0xff, 0xff, 0xff,
    0xff, 0xe5, 0xef, 0xff, 0xff, 0xff, 0xff, 0xff,
    0xff, 0xff, 0xff, 0xfe, 0xff, 0xf6, 0x38, 0xff,
    0xff, 0xff, 0xff, 0xff, 0xff, 0xff, 0xff, 0x60,
    0x0, 0xaf, 0xff, 0xff, 0xff, 0xff, 0xff, 0xff,
    0xff, 0x30, 0x0, 0x7f, 0xff, 0xff, 0xfb, 0xef,
    0xff, 0xff, 0xff, 0x80, 0x0, 0xcf, 0xff, 0xff,
    0x90, 0x3e, 0xff, 0xff, 0xff, 0xfa, 0x7c, 0xff,
    0xff, 0xf9, 0x0, 0x3, 0xef, 0xff, 0xff, 0xff,
    0xfc, 0xff, 0xff, 0x90, 0x0, 0x0, 0x3e, 0xff,
    0xff, 0xff, 0x90, 0x6f, 0xf9, 0x0, 0x0, 0x0,
    0x8, 0xff, 0xff, 0xf9, 0x0, 0x6, 0x90, 0x0,
    0x0, 0x0, 0x8, 0xff, 0xff, 0xb0, 0x0, 0x0,
    0x0, 0x0, 0x0, 0x0, 0x8, 0xff, 0xff, 0x80,
    0x0, 0x0, 0x0, 0x0, 0x0, 0x0, 0x8, 0xff,
    0xff, 0xc8, 0x88, 0x88, 0x88, 0x88, 0x88, 0x88,
    0x8c, 0xff, 0xef, 0xff, 0xff, 0xff, 0xff, 0xff,
    0xff, 0xff, 0xff, 0xfe, 0x5e, 0xff, 0xff, 0xff,
    0xff, 0xff, 0xff, 0xff, 0xff, 0xe5,

    /* U+F041 "" */
    0x0, 0x0, 0x0, 0x34, 0x30, 0x0, 0x0, 0x0,
    0x0, 0x2a, 0xff, 0xff, 0xfa, 0x20, 0x0, 0x0,
    0x5f, 0xff, 0xff, 0xff, 0xff, 0x50, 0x0, 0x5f,
    0xff, 0xff, 0xff, 0xff, 0xff, 0x40, 0x1e, 0xff,
    0xff, 0xff, 0xff, 0xff, 0xfe, 0x17, 0xff, 0xff,
    0xff, 0xff, 0xff, 0xff, 0xf7, 0xcf, 0xff, 0xff,
    0xff, 0xff, 0xff, 0xff, 0xce, 0xff, 0xff, 0xff,
    0xff, 0xff, 0xff, 0xfe, 0xff, 0xff, 0xff, 0xff,
    0xff, 0xff, 0xff, 0xfe, 0xff, 0xff, 0xff, 0xff,
    0xff, 0xff, 0xfe, 0x9f, 0xff, 0xff, 0xff, 0xff,
    0xff, 0xff, 0x93, 0xff, 0xff, 0xff, 0xff, 0xff,
    0xff, 0xf3, 0xa, 0xff, 0xff, 0xff, 0xff, 0xff,
    0xfa, 0x0, 0x1e, 0xff, 0xff, 0xff, 0xff, 0xfe,
    0x10, 0x0, 0x5f, 0xff, 0xff, 0xff, 0xff, 0x50,
    0x0, 0x0, 0x9f, 0xff, 0xff, 0xff, 0x90, 0x0,
    0x0, 0x0, 0xdf, 0xff, 0xff, 0xd0, 0x0, 0x0,
    0x0, 0x3, 0xff, 0xff, 0xf3, 0x0, 0x0, 0x0,
    0x0, 0x8, 0xff, 0xf8, 0x0, 0x0, 0x0, 0x0,
    0x0, 0xd, 0xfd, 0x0, 0x0, 0x0, 0x0, 0x0,
    0x0, 0x2a, 0x20, 0x0, 0x0, 0x0,

    /* U+F042 "" */
    0x0, 0x0, 0x0, 0x0, 0x1, 0x10, 0x0, 0x0,
    0x0, 0x0, 0x0, 0x0, 0x1, 0x7c, 0xff, 0xff,
    0xc7, 0x10, 0x0, 0x0, 0x0, 0x0, 0x6f, 0xff,
    0xff, 0xff, 0xff, 0xf6, 0x0, 0x0, 0x0, 0x9,
    0xff, 0xff, 0xff, 0x68, 0xdf, 0xff, 0x90, 0x0,
    0x0, 0x8f, 0xff, 0xff, 0xff, 0x0, 0x4, 0xef,
    0xf8, 0x0, 0x4, 0xff, 0xff, 0xff, 0xff, 0x0,
    0x0, 0x1d, 0xff, 0x40, 0xd, 0xff, 0xff, 0xff,
    0xff, 0x0, 0x0, 0x2, 0xff, 0xd0, 0x3f, 0xff,
    0xff, 0xff, 0xff, 0x0, 0x0, 0x0, 0x7f, 0xf3,
    0x7f, 0xff, 0xff, 0xff, 0xff, 0x0, 0x0, 0x0,
    0x1f, 0xf7, 0x9f, 0xff, 0xff, 0xff, 0xff, 0x0,
    0x0, 0x0, 0xe, 0xf9, 0xaf, 0xff, 0xff, 0xff,
    0xff, 0x0, 0x0, 0x0, 0xd, 0xfa, 0x9f, 0xff,
    0xff, 0xff, 0xff, 0x0, 0x0, 0x0, 0xe, 0xf9,
    0x7f, 0xff, 0xff, 0xff, 0xff, 0x0, 0x0, 0x0,
    0x1f, 0xf7, 0x3f, 0xff, 0xff, 0xff, 0xff, 0x0,
    0x0, 0x0, 0x7f, 0xf3, 0xd, 0xff, 0xff, 0xff,
    0xff, 0x0, 0x0, 0x2, 0xff, 0xd0, 0x4, 0xff,
    0xff, 0xff, 0xff, 0x0, 0x0, 0x1d, 0xff, 0x40,
    0x0, 0x8f, 0xff, 0xff, 0xff, 0x0, 0x4, 0xef,
    0xf8, 0x0, 0x0, 0x9, 0xff, 0xff, 0xff, 0x68,
    0xdf, 0xff, 0x90, 0x0, 0x0, 0x0, 0x6f, 0xff,
    0xff, 0xff, 0xff, 0xf6, 0x0, 0x0, 0x0, 0x0,
    0x1, 0x7c, 0xff, 0xff, 0xc7, 0x10, 0x0, 0x0,
    0x0, 0x0, 0x0, 0x0, 0x1, 0x10, 0x0, 0x0,
    0x0, 0x0,

    /* U+F043 "" */
    0x0, 0x0, 0x0, 0x42, 0x0, 0x0, 0x0, 0x0,
    0x0, 0x3, 0xff, 0x10, 0x0, 0x0, 0x0, 0x0,
    0xa, 0xff, 0x60, 0x0, 0x0, 0x0, 0x0, 0x1f,
    0xff, 0xc0, 0x0, 0x0, 0x0, 0x0, 0x8f, 0xff,
    0xf4, 0x0, 0x0, 0x0, 0x1, 0xff, 0xff, 0xfc,
    0x0, 0x0, 0x0, 0xa, 0xff, 0xff, 0xff, 0x60,
    0x0, 0x0, 0x4f, 0xff, 0xff, 0xff, 0xf2, 0x0,
    0x1, 0xef, 0xff, 0xff, 0xff, 0xfc, 0x0, 0xb,
    0xff, 0xff, 0xff, 0xff, 0xff, 0x70, 0x3f, 0xff,
    0xff, 0xff, 0xff, 0xff, 0xf1, 0xaf, 0xff, 0xff,
    0xff, 0xff, 0xff, 0xf6, 0xef, 0xff, 0xff, 0xff,
    0xff, 0xff, 0xfa, 0xff, 0xa6, 0xff, 0xff, 0xff,
    0xff, 0xfb, 0xef, 0x91, 0xff, 0xff, 0xff, 0xff,
    0xfa, 0xbf, 0xe0, 0x9f, 0xff, 0xff, 0xff, 0xf7,
    0x5f, 0xf9, 0x7, 0xcf, 0xff, 0xff, 0xf2, 0xc,
    0xff, 0xb3, 0x9, 0xff, 0xff, 0x80, 0x1, 0xdf,
    0xff, 0xff, 0xff, 0xfa, 0x0, 0x0, 0x9, 0xff,
    0xff, 0xff, 0x70, 0x0, 0x0, 0x0, 0x15, 0x77,
    0x40, 0x0, 0x0,

    /* U+F044 "" */
    0x0, 0x0, 0x0, 0x0, 0x0, 0x0, 0x0, 0x0,
    0x0, 0x56, 0x0, 0x0, 0x0, 0x0, 0x0, 0x0,
    0x0, 0x0, 0x0, 0x0, 0x8f, 0xfa, 0x0, 0x0,
    0x0, 0x0, 0x0, 0x0, 0x0, 0x0, 0x0, 0x5f,
    0xff, 0xfb, 0x5, 0xef, 0xff, 0xff, 0xff, 0xff,
    0xff, 0x60, 0x30, 0xbf, 0xff, 0xf6, 0xef, 0xff,
    0xff, 0xff, 0xff, 0xff, 0xa0, 0x8f, 0x80, 0xbf,
    0xff, 0x5f, 0xfc, 0x88, 0x88, 0x88, 0x88, 0x60,
    0x8f, 0xff, 0x80, 0xbf, 0x90, 0xff, 0x80, 0x0,
    0x0, 0x0, 0x0, 0x8f, 0xff, 0xff, 0x80, 0x50,
    0xf, 0xf8, 0x0, 0x0, 0x0, 0x0, 0x8f, 0xff,
    0xff, 0xff, 0x30, 0x0, 0xff, 0x80, 0x0, 0x0,
    0x0, 0x8f, 0xff, 0xff, 0xff, 0x80, 0x0, 0xf,
    0xf8, 0x0, 0x0, 0x0, 0x8f, 0xff, 0xff, 0xff,
    0x80, 0x0, 0x0, 0xff, 0x80, 0x0, 0x0, 0x8f,
    0xff, 0xff, 0xff, 0x80, 0x0, 0x0, 0xf, 0xf8,
    0x0, 0x0, 0x8f, 0xff, 0xff, 0xff, 0x80, 0x0,
    0x0, 0x0, 0xff, 0x80, 0x0, 0x5f, 0xff, 0xff,
    0xff, 0x80, 0x97, 0x0, 0x0, 0xf, 0xf8, 0x0,
    0x7, 0xff, 0xff, 0xff, 0x80, 0x9f, 0x80, 0x0,
    0x0, 0xff, 0x80, 0x0, 0x9f, 0xff, 0xff, 0x80,
    0xf, 0xf8, 0x0, 0x0, 0xf, 0xf8, 0x0, 0xb,
    0xff, 0xff, 0x80, 0x0, 0xff, 0x80, 0x0, 0x0,
    0xff, 0x80, 0x0, 0x6b, 0x97, 0x50, 0x0, 0xf,
    0xf8, 0x0, 0x0, 0xf, 0xf8, 0x0, 0x0, 0x0,
    0x0, 0x0, 0x0, 0xff, 0x80, 0x0, 0x0, 0xff,
    0xff, 0xff, 0xff, 0xff, 0xff, 0xff, 0xff, 0xf7,
    0x0, 0x0, 0xb, 0xff, 0xff, 0xff, 0xff, 0xff,
    0xff, 0xff, 0xff, 0x30, 0x0, 0x0, 0x6, 0x88,
    0x88, 0x88, 0x88, 0x88, 0x88, 0x87, 0x30, 0x0,
    0x0, 0x0,

    /* U+F048 "" */
    0x47, 0x60, 0x0, 0x0, 0x0, 0x16, 0x1b, 0xff,
    0x10, 0x0, 0x0, 0x2d, 0xfb, 0xbf, 0xf1, 0x0,
    0x0, 0x2e, 0xff, 0xcb, 0xff, 0x10, 0x0, 0x3e,
    0xff, 0xfc, 0xbf, 0xf1, 0x0, 0x4f, 0xff, 0xff,
    0xcb, 0xff, 0x10, 0x5f, 0xff, 0xff, 0xfc, 0xbf,
    0xf1, 0x6f, 0xff, 0xff, 0xff, 0xcb, 0xff, 0x9f,
    0xff, 0xff, 0xff, 0xfc, 0xbf, 0xff, 0xff, 0xff,
    0xff, 0xff, 0xcb, 0xff, 0xff, 0xff, 0xff, 0xff,
    0xfc, 0xbf, 0xff, 0xff, 0xff, 0xff, 0xff, 0xcb,
    0xff, 0x4e, 0xff, 0xff, 0xff, 0xfc, 0xbf, 0xf1,
    0x2d, 0xff, 0xff, 0xff, 0xcb, 0xff, 0x10, 0x1c,
    0xff, 0xff, 0xfc, 0xbf, 0xf1, 0x0, 0xc, 0xff,
    0xff, 0xcb, 0xff, 0x10, 0x0, 0xb, 0xff, 0xfc,
    0xbf, 0xf1, 0x0, 0x0, 0xa, 0xff, 0xca, 0xff,
    0x10, 0x0, 0x0, 0x8, 0xf7, 0x0, 0x0, 0x0,
    0x0, 0x0, 0x0, 0x0,

    /* U+F049 "" */
    0x0, 0x0, 0x0, 0x0, 0x0, 0x0, 0x0, 0x0,
    0x0, 0x0, 0xff, 0x70, 0x0, 0x0, 0x2d, 0xc0,
    0x0, 0x0, 0x5, 0xea, 0xff, 0x80, 0x0, 0x3,
    0xef, 0xf3, 0x0, 0x0, 0x6f, 0xff, 0xff, 0x80,
    0x0, 0x4f, 0xff, 0xf4, 0x0, 0x7, 0xff, 0xff,
    0xff, 0x80, 0x5, 0xff, 0xff, 0xf4, 0x0, 0x9f,
    0xff, 0xff, 0xff, 0x80, 0x6f, 0xff, 0xff, 0xf4,
    0xa, 0xff, 0xff, 0xff, 0xff, 0x88, 0xff, 0xff,
    0xff, 0xf4, 0xbf, 0xff, 0xff, 0xff, 0xff, 0xef,
    0xff, 0xff, 0xff, 0xfe, 0xff, 0xff, 0xff, 0xff,
    0xff, 0xff, 0xff, 0xff, 0xff, 0xff, 0xff, 0xff,
    0xff, 0xff, 0xff, 0xef, 0xff, 0xff, 0xff, 0xfe,
    0xff, 0xff, 0xff, 0xff, 0xff, 0x88, 0xff, 0xff,
    0xff, 0xf4, 0xbf, 0xff, 0xff, 0xff, 0xff, 0x80,
    0x7f, 0xff, 0xff, 0xf4, 0xa, 0xff, 0xff, 0xff,
    0xff, 0x80, 0x5, 0xff, 0xff, 0xf4, 0x0, 0x9f,
    0xff, 0xff, 0xff, 0x80, 0x0, 0x4f, 0xff, 0xf4,
    0x0, 0x7, 0xff, 0xff, 0xff, 0x80, 0x0, 0x3,
    0xef, 0xf3, 0x0, 0x0, 0x6f, 0xff, 0xff, 0x70,
    0x0, 0x0, 0x2d, 0xd0, 0x0, 0x0, 0x4, 0xea,
    0x0, 0x0, 0x0, 0x0, 0x0, 0x0, 0x0, 0x0,
    0x0, 0x0,

    /* U+F04A "" */
    0x0, 0x0, 0x0, 0x0, 0x0, 0x0, 0x0, 0x0,
    0x0, 0x0, 0x0, 0x0, 0x0, 0x5, 0xea, 0x0,
    0x0, 0x0, 0x5, 0xea, 0x0, 0x0, 0x0, 0x8f,
    0xff, 0x0, 0x0, 0x0, 0x8f, 0xff, 0x0, 0x0,
    0xa, 0xff, 0xff, 0x0, 0x0, 0xa, 0xff, 0xff,
    0x0, 0x1, 0xcf, 0xff, 0xff, 0x0, 0x1, 0xcf,
    0xff, 0xff, 0x0, 0x3e, 0xff, 0xff, 0xff, 0x0,
    0x3e, 0xff, 0xff, 0xff, 0x5, 0xff, 0xff, 0xff,
    0xff, 0x5, 0xff, 0xff, 0xff, 0xff, 0x7f, 0xff,
    0xff, 0xff, 0xff, 0x7f, 0xff, 0xff, 0xff, 0xff,
    0xff, 0xff, 0xff, 0xff, 0xff, 0xff, 0xff, 0xff,
    0xff, 0xff, 0x7f, 0xff, 0xff, 0xff, 0xff, 0x7f,
    0xff, 0xff, 0xff, 0xff, 0x5, 0xff, 0xff, 0xff,
    0xff, 0x5, 0xff, 0xff, 0xff, 0xff, 0x0, 0x3e,
    0xff, 0xff, 0xff, 0x0, 0x3e, 0xff, 0xff, 0xff,
    0x0, 0x1, 0xcf, 0xff, 0xff, 0x0, 0x1, 0xcf,
    0xff, 0xff, 0x0, 0x0, 0xa, 0xff, 0xff, 0x0,
    0x0, 0xa, 0xff, 0xff, 0x0, 0x0, 0x0, 0x7f,
    0xff, 0x0, 0x0, 0x0, 0x7f, 0xff, 0x0, 0x0,
    0x0, 0x5, 0xea, 0x0, 0x0, 0x0, 0x5, 0xea,
    0x0, 0x0, 0x0, 0x0, 0x0, 0x0, 0x0, 0x0,
    0x0, 0x0,

    /* U+F04B "" */
    0x6, 0x50, 0x0, 0x0, 0x0, 0x0, 0x0, 0x0,
    0x0, 0xbf, 0xfd, 0x30, 0x0, 0x0, 0x0, 0x0,
    0x0, 0x0, 0xff, 0xff, 0xfa, 0x10, 0x0, 0x0,
    0x0, 0x0, 0x0, 0xff, 0xff, 0xff, 0xf7, 0x0,
    0x0, 0x0, 0x0, 0x0, 0xff, 0xff, 0xff, 0xff,
    0xd4, 0x0, 0x0, 0x0, 0x0, 0xff, 0xff, 0xff,
    0xff, 0xff, 0xb2, 0x0, 0x0, 0x0, 0xff, 0xff,
    0xff, 0xff, 0xff, 0xff, 0x80, 0x0, 0x0, 0xff,
    0xff, 0xff, 0xff, 0xff, 0xff, 0xfe, 0x50, 0x0,
    0xff, 0xff, 0xff, 0xff, 0xff, 0xff, 0xff, 0xfb,
    0x20, 0xff, 0xff, 0xff, 0xff, 0xff, 0xff, 0xff,
    0xff, 0xf2, 0xff, 0xff, 0xff, 0xff, 0xff, 0xff,
    0xff, 0xff, 0xf6, 0xff, 0xff, 0xff, 0xff, 0xff,
    0xff, 0xff, 0xff, 0xf2, 0xff, 0xff, 0xff, 0xff,
    0xff, 0xff, 0xff, 0xfb, 0x20, 0xff, 0xff, 0xff,
    0xff, 0xff, 0xff, 0xfd, 0x50, 0x0, 0xff, 0xff,
    0xff, 0xff, 0xff, 0xff, 0x80, 0x0, 0x0, 0xff,
    0xff, 0xff, 0xff, 0xff, 0xa2, 0x0, 0x0, 0x0,
    0xff, 0xff, 0xff, 0xff, 0xd4, 0x0, 0x0, 0x0,
    0x0, 0xff, 0xff, 0xff, 0xf7, 0x0, 0x0, 0x0,
    0x0, 0x0, 0xff, 0xff, 0xfa, 0x10, 0x0, 0x0,
    0x0, 0x0, 0x0, 0xbf, 0xfd, 0x30, 0x0, 0x0,
    0x0, 0x0, 0x0, 0x0, 0x6, 0x50, 0x0, 0x0,
    0x0, 0x0, 0x0, 0x0, 0x0,

    /* U+F04C "" */
    0x6, 0x77, 0x77, 0x30, 0x0, 0x6, 0x77, 0x77,
    0x30, 0xbf, 0xff, 0xff, 0xf3, 0x0, 0xbf, 0xff,
    0xff, 0xf3, 0xff, 0xff, 0xff, 0xf7, 0x0, 0xff,
    0xff, 0xff, 0xf7, 0xff, 0xff, 0xff, 0xf8, 0x0,
    0xff, 0xff, 0xff, 0xf8, 0xff, 0xff, 0xff, 0xf8,
    0x0, 0xff, 0xff, 0xff, 0xf8, 0xff, 0xff, 0xff,
    0xf8, 0x0, 0xff, 0xff, 0xff, 0xf8, 0xff, 0xff,
    0xff, 0xf8, 0x0, 0xff, 0xff, 0xff, 0xf8, 0xff,
    0xff, 0xff, 0xf8, 0x0, 0xff, 0xff, 0xff, 0xf8,
    0xff, 0xff, 0xff, 0xf8, 0x0, 0xff, 0xff, 0xff,
    0xf8, 0xff, 0xff, 0xff, 0xf8, 0x0, 0xff, 0xff,
    0xff, 0xf8, 0xff, 0xff, 0xff, 0xf8, 0x0, 0xff,
    0xff, 0xff, 0xf8, 0xff, 0xff, 0xff, 0xf8, 0x0,
    0xff, 0xff, 0xff, 0xf8, 0xff, 0xff, 0xff, 0xf8,
    0x0, 0xff, 0xff, 0xff, 0xf8, 0xff, 0xff, 0xff,
    0xf8, 0x0, 0xff, 0xff, 0xff, 0xf8, 0xff, 0xff,
    0xff, 0xf8, 0x0, 0xff, 0xff, 0xff, 0xf8, 0xff,
    0xff, 0xff, 0xf8, 0x0, 0xff, 0xff, 0xff, 0xf8,
    0xef, 0xff, 0xff, 0xf6, 0x0, 0xef, 0xff, 0xff,
    0xf6, 0x6f, 0xff, 0xff, 0xc1, 0x0, 0x6f, 0xff,
    0xff, 0xc1, 0x0, 0x0, 0x0, 0x0, 0x0, 0x0,
    0x0, 0x0, 0x0,

    /* U+F04D "" */
    0x5, 0x77, 0x77, 0x77, 0x77, 0x77, 0x77, 0x77,
    0x30, 0xbf, 0xff, 0xff, 0xff, 0xff, 0xff, 0xff,
    0xff, 0xf3, 0xff, 0xff, 0xff, 0xff, 0xff, 0xff,
    0xff, 0xff, 0xf7, 0xff, 0xff, 0xff, 0xff, 0xff,
    0xff, 0xff, 0xff, 0xf8, 0xff, 0xff, 0xff, 0xff,
    0xff, 0xff, 0xff, 0xff, 0xf8, 0xff, 0xff, 0xff,
    0xff, 0xff, 0xff, 0xff, 0xff, 0xf8, 0xff, 0xff,
    0xff, 0xff, 0xff, 0xff, 0xff, 0xff, 0xf8, 0xff,
    0xff, 0xff, 0xff, 0xff, 0xff, 0xff, 0xff, 0xf8,
    0xff, 0xff, 0xff, 0xff, 0xff, 0xff, 0xff, 0xff,
    0xf8, 0xff, 0xff, 0xff, 0xff, 0xff, 0xff, 0xff,
    0xff, 0xf8, 0xff, 0xff, 0xff, 0xff, 0xff, 0xff,
    0xff, 0xff, 0xf8, 0xff, 0xff, 0xff, 0xff, 0xff,
    0xff, 0xff, 0xff, 0xf8, 0xff, 0xff, 0xff, 0xff,
    0xff, 0xff, 0xff, 0xff, 0xf8, 0xff, 0xff, 0xff,
    0xff, 0xff, 0xff, 0xff, 0xff, 0xf8, 0xff, 0xff,
    0xff, 0xff, 0xff, 0xff, 0xff, 0xff, 0xf8, 0xff,
    0xff, 0xff, 0xff, 0xff, 0xff, 0xff, 0xff, 0xf8,
    0xef, 0xff, 0xff, 0xff, 0xff, 0xff, 0xff, 0xff,
    0xf6, 0x6f, 0xff, 0xff, 0xff, 0xff, 0xff, 0xff,
    0xff, 0xc1, 0x0, 0x0, 0x0, 0x0, 0x0, 0x0,
    0x0, 0x0, 0x0,

    /* U+F04E "" */
    0x0, 0x0, 0x0, 0x0, 0x0, 0x0, 0x0, 0x0,
    0x0, 0x0, 0xae, 0x50, 0x0, 0x0, 0x0, 0xae,
    0x50, 0x0, 0x0, 0x0, 0xff, 0xf8, 0x0, 0x0,
    0x0, 0xff, 0xf8, 0x0, 0x0, 0x0, 0xff, 0xff,
    0xa0, 0x0, 0x0, 0xff, 0xff, 0xa0, 0x0, 0x0,
    0xff, 0xff, 0xfc, 0x10, 0x0, 0xff, 0xff, 0xfc,
    0x10, 0x0, 0xff, 0xff, 0xff, 0xe3, 0x0, 0xff,
    0xff, 0xff, 0xe3, 0x0, 0xff, 0xff, 0xff, 0xff,
    0x50, 0xff, 0xff, 0xff, 0xff, 0x50, 0xff, 0xff,
    0xff, 0xff, 0xf7, 0xff, 0xff, 0xff, 0xff, 0xf7,
    0xff, 0xff, 0xff, 0xff, 0xff, 0xff, 0xff, 0xff,
    0xff, 0xff, 0xff, 0xff, 0xff, 0xff, 0xf7, 0xff,
    0xff, 0xff, 0xff, 0xf7, 0xff, 0xff, 0xff, 0xff,
    0x50, 0xff, 0xff, 0xff, 0xff, 0x50, 0xff, 0xff,
    0xff, 0xe3, 0x0, 0xff, 0xff, 0xff, 0xe3, 0x0,
    0xff, 0xff, 0xfc, 0x10, 0x0, 0xff, 0xff, 0xfc,
    0x10, 0x0, 0xff, 0xff, 0xa0, 0x0, 0x0, 0xff,
    0xff, 0xa0, 0x0, 0x0, 0xff, 0xf7, 0x0, 0x0,
    0x0, 0xff, 0xf7, 0x0, 0x0, 0x0, 0xae, 0x50,
    0x0, 0x0, 0x0, 0xae, 0x50, 0x0, 0x0, 0x0,
    0x0, 0x0, 0x0, 0x0, 0x0, 0x0, 0x0, 0x0,
    0x0, 0x0,

    /* U+F050 "" */
    0x0, 0x0, 0x0, 0x0, 0x0, 0x0, 0x0, 0x0,
    0x0, 0x0, 0xae, 0x50, 0x0, 0x0, 0xc, 0xd2,
    0x0, 0x0, 0x7, 0xff, 0xff, 0xf6, 0x0, 0x0,
    0x3f, 0xfe, 0x30, 0x0, 0x8, 0xff, 0xff, 0xff,
    0x70, 0x0, 0x4f, 0xff, 0xf4, 0x0, 0x8, 0xff,
    0xff, 0xff, 0xf9, 0x0, 0x4f, 0xff, 0xff, 0x50,
    0x8, 0xff, 0xff, 0xff, 0xff, 0xa0, 0x4f, 0xff,
    0xff, 0xf7, 0x8, 0xff, 0xff, 0xff, 0xff, 0xfb,
    0x4f, 0xff, 0xff, 0xff, 0x88, 0xff, 0xff, 0xff,
    0xff, 0xff, 0xef, 0xff, 0xff, 0xff, 0xfe, 0xff,
    0xff, 0xff, 0xff, 0xff, 0xff, 0xff, 0xff, 0xff,
    0xff, 0xff, 0xff, 0xff, 0xff, 0xff, 0xef, 0xff,
    0xff, 0xff, 0xfe, 0xff, 0xff, 0xff, 0xff, 0xfb,
    0x4f, 0xff, 0xff, 0xff, 0x88, 0xff, 0xff, 0xff,
    0xff, 0xa0, 0x4f, 0xff, 0xff, 0xf6, 0x8, 0xff,
    0xff, 0xff, 0xf8, 0x0, 0x4f, 0xff, 0xff, 0x50,
    0x8, 0xff, 0xff, 0xff, 0x70, 0x0, 0x4f, 0xff,
    0xf4, 0x0, 0x8, 0xff, 0xff, 0xf6, 0x0, 0x0,
    0x3f, 0xfe, 0x30, 0x0, 0x8, 0xff, 0xae, 0x40,
    0x0, 0x0, 0xd, 0xd2, 0x0, 0x0, 0x7, 0xff,
    0x0, 0x0, 0x0, 0x0, 0x0, 0x0, 0x0, 0x0,
    0x0, 0x0,

    /* U+F051 "" */
    0x5, 0x20, 0x0, 0x0, 0x0, 0x57, 0x66, 0xff,
    0x40, 0x0, 0x0, 0xc, 0xff, 0x8f, 0xff, 0x60,
    0x0, 0x0, 0xdf, 0xf8, 0xff, 0xff, 0x70, 0x0,
    0xd, 0xff, 0x8f, 0xff, 0xff, 0x80, 0x0, 0xdf,
    0xf8, 0xff, 0xff, 0xff, 0x90, 0xd, 0xff, 0x8f,
    0xff, 0xff, 0xff, 0xb0, 0xdf, 0xf8, 0xff, 0xff,
    0xff, 0xff, 0xcd, 0xff, 0x8f, 0xff, 0xff, 0xff,
    0xff, 0xff, 0xf8, 0xff, 0xff, 0xff, 0xff, 0xff,
    0xff, 0x8f, 0xff, 0xff, 0xff, 0xff, 0xff, 0xf8,
    0xff, 0xff, 0xff, 0xff, 0x5d, 0xff, 0x8f, 0xff,
    0xff, 0xff, 0x40, 0xdf, 0xf8, 0xff, 0xff, 0xfe,
    0x30, 0xd, 0xff, 0x8f, 0xff, 0xfe, 0x20, 0x0,
    0xdf, 0xf8, 0xff, 0xfd, 0x20, 0x0, 0xd, 0xff,
    0x7f, 0xfd, 0x10, 0x0, 0x0, 0xdf, 0xf3, 0xfb,
    0x10, 0x0, 0x0, 0xc, 0xff, 0x0, 0x0, 0x0,
    0x0, 0x0, 0x0, 0x0,

    /* U+F052 "" */
    0x0, 0x0, 0x0, 0x0, 0x2, 0x10, 0x0, 0x0,
    0x0, 0x0, 0x0, 0x0, 0x0, 0xa, 0xff, 0x40,
    0x0, 0x0, 0x0, 0x0, 0x0, 0x0, 0xa, 0xff,
    0xff, 0x30, 0x0, 0x0, 0x0, 0x0, 0x0, 0x8,
    0xff, 0xff, 0xfe, 0x20, 0x0, 0x0, 0x0, 0x0,
    0x7, 0xff, 0xff, 0xff, 0xfe, 0x10, 0x0, 0x0,
    0x0, 0x6, 0xff, 0xff, 0xff, 0xff, 0xfd, 0x10,
    0x0, 0x0, 0x5, 0xff, 0xff, 0xff, 0xff, 0xff,
    0xfc, 0x0, 0x0, 0x4, 0xff, 0xff, 0xff, 0xff,
    0xff, 0xff, 0xfb, 0x0, 0x3, 0xff, 0xff, 0xff,
    0xff, 0xff, 0xff, 0xff, 0xfa, 0x0, 0xdf, 0xff,
    0xff, 0xff, 0xff, 0xff, 0xff, 0xff, 0xf5, 0xe,
    0xff, 0xff, 0xff, 0xff, 0xff, 0xff, 0xff, 0xff,
    0x60, 0x5f, 0xff, 0xff, 0xff, 0xff, 0xff, 0xff,
    0xff, 0xc0, 0x0, 0x0, 0x0, 0x0, 0x0, 0x0,
    0x0, 0x0, 0x0, 0x0, 0x9f, 0xff, 0xff, 0xff,
    0xff, 0xff, 0xff, 0xff, 0xe2, 0xf, 0xff, 0xff,
    0xff, 0xff, 0xff, 0xff, 0xff, 0xff, 0x70, 0xff,
    0xff, 0xff, 0xff, 0xff, 0xff, 0xff, 0xff, 0xf8,
    0xf, 0xff, 0xff, 0xff, 0xff, 0xff, 0xff, 0xff,
    0xff, 0x70, 0xbf, 0xff, 0xff, 0xff, 0xff, 0xff,
    0xff, 0xff, 0xf3, 0x0, 0x0, 0x0, 0x0, 0x0,
    0x0, 0x0, 0x0, 0x0, 0x0,

    /* U+F053 "" */
    0x0, 0x0, 0x0, 0x0, 0x0, 0x0, 0x0, 0x0,
    0x0, 0x5f, 0x80, 0x0, 0x0, 0x0, 0x5f, 0xff,
    0x40, 0x0, 0x0, 0x5f, 0xff, 0xe2, 0x0, 0x0,
    0x5f, 0xff, 0xe2, 0x0, 0x0, 0x5f, 0xff, 0xe3,
    0x0, 0x0, 0x5f, 0xff, 0xe3, 0x0, 0x0, 0x5f,
    0xff, 0xe3, 0x0, 0x0, 0x5f, 0xff, 0xe3, 0x0,
    0x0, 0xd, 0xff, 0xf5, 0x0, 0x0, 0x0, 0x4f,
    0xff, 0xe3, 0x0, 0x0, 0x0, 0x4f, 0xff, 0xe3,
    0x0, 0x0, 0x0, 0x4f, 0xff, 0xe3, 0x0, 0x0,
    0x0, 0x4f, 0xff, 0xe3, 0x0, 0x0, 0x0, 0x5f,
    0xff, 0xe3, 0x0, 0x0, 0x0, 0x5f, 0xff, 0xe2,
    0x0, 0x0, 0x0, 0x5f, 0xff, 0x40, 0x0, 0x0,
    0x0, 0x5f, 0x80, 0x0, 0x0, 0x0, 0x0, 0x0,
    0x0,

    /* U+F054 "" */
    0x0, 0x0, 0x0, 0x0, 0x0, 0x2, 0xdb, 0x0,
    0x0, 0x0, 0x0, 0xcf, 0xfc, 0x0, 0x0, 0x0,
    0x9, 0xff, 0xfc, 0x0, 0x0, 0x0, 0x9, 0xff,
    0xfc, 0x0, 0x0, 0x0, 0x9, 0xff, 0xfc, 0x0,
    0x0, 0x0, 0x9, 0xff, 0xfc, 0x0, 0x0, 0x0,
    0x9, 0xff, 0xfc, 0x0, 0x0, 0x0, 0x9, 0xff,
    0xfc, 0x0, 0x0, 0x0, 0xd, 0xff, 0xf6, 0x0,
    0x0, 0x9, 0xff, 0xfc, 0x0, 0x0, 0x9, 0xff,
    0xfc, 0x0, 0x0, 0x9, 0xff, 0xfc, 0x0, 0x0,
    0x9, 0xff, 0xfc, 0x0, 0x0, 0x9, 0xff, 0xfc,
    0x0, 0x0, 0x9, 0xff, 0xfc, 0x0, 0x0, 0x0,
    0xcf, 0xfc, 0x0, 0x0, 0x0, 0x2, 0xdb, 0x0,
    0x0, 0x0, 0x0, 0x0, 0x0, 0x0, 0x0, 0x0,
    0x0,

    /* U+F055 "" */
    0x0, 0x0, 0x0, 0x0, 0x1, 0x0, 0x0, 0x0,
    0x0, 0x0, 0x0, 0x0, 0x2, 0x8d, 0xff, 0xfe,
    0xa5, 0x0, 0x0, 0x0, 0x0, 0x0, 0x9f, 0xff,
    0xff, 0xff, 0xff, 0xc2, 0x0, 0x0, 0x0, 0x1c,
    0xff, 0xff, 0xff, 0xff, 0xff, 0xfe, 0x40, 0x0,
    0x0, 0xcf, 0xff, 0xff, 0xff, 0xff, 0xff, 0xff,
    0xf2, 0x0, 0x8, 0xff, 0xff, 0xff, 0x40, 0xe,
    0xff, 0xff, 0xfd, 0x0, 0x1f, 0xff, 0xff, 0xff,
    0x30, 0xe, 0xff, 0xff, 0xff, 0x60, 0x6f, 0xff,
    0xff, 0xff, 0x30, 0xe, 0xff, 0xff, 0xff, 0xc0,
    0xbf, 0xff, 0xff, 0xff, 0x30, 0xe, 0xff, 0xff,
    0xff, 0xf0, 0xdf, 0xff, 0x30, 0x0, 0x0, 0x0,
    0x0, 0xd, 0xff, 0xf2, 0xef, 0xff, 0x20, 0x0,
    0x0, 0x0, 0x0, 0xd, 0xff, 0xf3, 0xdf, 0xff,
    0x30, 0x0, 0x0, 0x0, 0x0, 0xd, 0xff, 0xf2,
    0xbf, 0xff, 0xff, 0xff, 0x30, 0xe, 0xff, 0xff,
    0xff, 0xf0, 0x6f, 0xff, 0xff, 0xff, 0x30, 0xe,
    0xff, 0xff, 0xff, 0xc0, 0x1f, 0xff, 0xff, 0xff,
    0x30, 0xe, 0xff, 0xff, 0xff, 0x60, 0x8, 0xff,
    0xff, 0xff, 0x40, 0xe, 0xff, 0xff, 0xfd, 0x0,
    0x0, 0xcf, 0xff, 0xff, 0xff, 0xff, 0xff, 0xff,
    0xf2, 0x0, 0x0, 0x1c, 0xff, 0xff, 0xff, 0xff,
    0xff, 0xfe, 0x40, 0x0, 0x0, 0x0, 0x9f, 0xff,
    0xff, 0xff, 0xff, 0xc2, 0x0, 0x0, 0x0, 0x0,
    0x2, 0x8d, 0xff, 0xfe, 0xa5, 0x0, 0x0, 0x0,
    0x0, 0x0, 0x0, 0x0, 0x1, 0x0, 0x0, 0x0,
    0x0, 0x0,

    /* U+F056 "" */
    0x0, 0x0, 0x0, 0x0, 0x2, 0x10, 0x0, 0x0,
    0x0, 0x0, 0x0, 0x0, 0x3, 0x9e, 0xff, 0xff,
    0xb5, 0x0, 0x0, 0x0, 0x0, 0x0, 0xaf, 0xff,
    0xff, 0xff, 0xff, 0xd2, 0x0, 0x0, 0x0, 0x1c,
    0xff, 0xff, 0xff, 0xff, 0xff, 0xff, 0x40, 0x0,
    0x0, 0xcf, 0xff, 0xff, 0xff, 0xff, 0xff, 0xff,
    0xf3, 0x0, 0x8, 0xff, 0xff, 0xff, 0xff, 0xff,
    0xff, 0xff, 0xfd, 0x0, 0x1f, 0xff, 0xff, 0xff,
    0xff, 0xff, 0xff, 0xff, 0xff, 0x60, 0x6f, 0xff,
    0xff, 0xff, 0xff, 0xff, 0xff, 0xff, 0xff, 0xc0,
    0xbf, 0xff, 0xff, 0xff, 0xff, 0xff, 0xff, 0xff,
    0xff, 0xf0, 0xdf, 0xff, 0x30, 0x0, 0x0, 0x0,
    0x0, 0xd, 0xff, 0xf2, 0xef, 0xff, 0x20, 0x0,
    0x0, 0x0, 0x0, 0xd, 0xff, 0xf3, 0xdf, 0xff,
    0x30, 0x0, 0x0, 0x0, 0x0, 0xd, 0xff, 0xf2,
    0xbf, 0xff, 0xff, 0xff, 0xff, 0xff, 0xff, 0xff,
    0xff, 0xf0, 0x6f, 0xff, 0xff, 0xff, 0xff, 0xff,
    0xff, 0xff, 0xff, 0xc0, 0x1f, 0xff, 0xff, 0xff,
    0xff, 0xff, 0xff, 0xff, 0xff, 0x60, 0x8, 0xff,
    0xff, 0xff, 0xff, 0xff, 0xff, 0xff, 0xfd, 0x0,
    0x0, 0xcf, 0xff, 0xff, 0xff, 0xff, 0xff, 0xff,
    0xf3, 0x0, 0x0, 0x1c, 0xff, 0xff, 0xff, 0xff,
    0xff, 0xff, 0x40, 0x0, 0x0, 0x0, 0xaf, 0xff,
    0xff, 0xff, 0xff, 0xd3, 0x0, 0x0, 0x0, 0x0,
    0x3, 0x9e, 0xff, 0xff, 0xb5, 0x0, 0x0, 0x0,
    0x0, 0x0, 0x0, 0x0, 0x12, 0x10, 0x0, 0x0,
    0x0, 0x0,

    /* U+F057 "" */
    0x0, 0x0, 0x0, 0x0, 0x2, 0x20, 0x0, 0x0,
    0x0, 0x0, 0x0, 0x0, 0x2, 0x9d, 0xff, 0xff,
    0xd8, 0x10, 0x0, 0x0, 0x0, 0x0, 0x8f, 0xff,
    0xff, 0xff, 0xff, 0xf6, 0x0, 0x0, 0x0, 0xb,
    0xff, 0xff, 0xff, 0xff, 0xff, 0xff, 0x90, 0x0,
    0x0, 0xaf, 0xff, 0xff, 0xff, 0xff, 0xff, 0xff,
    0xf7, 0x0, 0x5, 0xff, 0xff, 0xdd, 0xff, 0xff,
    0xce, 0xff, 0xff, 0x30, 0xe, 0xff, 0xfd, 0x10,
    0xcf, 0xfb, 0x3, 0xef, 0xff, 0xb0, 0x4f, 0xff,
    0xf2, 0x0, 0x1c, 0xb0, 0x0, 0x4f, 0xff, 0xf1,
    0x8f, 0xff, 0xfa, 0x0, 0x1, 0x0, 0x1, 0xcf,
    0xff, 0xf6, 0xaf, 0xff, 0xff, 0xb0, 0x0, 0x0,
    0x1c, 0xff, 0xff, 0xf8, 0xbf, 0xff, 0xff, 0xf7,
    0x0, 0x0, 0xaf, 0xff, 0xff, 0xf9, 0xaf, 0xff,
    0xff, 0xb0, 0x0, 0x0, 0x1c, 0xff, 0xff, 0xf8,
    0x8f, 0xff, 0xfa, 0x0, 0x1, 0x0, 0x1, 0xcf,
    0xff, 0xf6, 0x4f, 0xff, 0xf2, 0x0, 0x1c, 0xb0,
    0x0, 0x4f, 0xff, 0xf1, 0xe, 0xff, 0xfd, 0x10,
    0xcf, 0xfb, 0x2, 0xef, 0xff, 0xb0, 0x5, 0xff,
    0xff, 0xdd, 0xff, 0xff, 0xce, 0xff, 0xff, 0x30,
    0x0, 0xaf, 0xff, 0xff, 0xff, 0xff, 0xff, 0xff,
    0xf7, 0x0, 0x0, 0xb, 0xff, 0xff, 0xff, 0xff,
    0xff, 0xff, 0x90, 0x0, 0x0, 0x0, 0x8f, 0xff,
    0xff, 0xff, 0xff, 0xf6, 0x0, 0x0, 0x0, 0x0,
    0x2, 0x9d, 0xff, 0xff, 0xd8, 0x10, 0x0, 0x0,
    0x0, 0x0, 0x0, 0x0, 0x2, 0x20, 0x0, 0x0,
    0x0, 0x0,

    /* U+F058 "" */
    0x0, 0x0, 0x0, 0x0, 0x2, 0x20, 0x0, 0x0,
    0x0, 0x0, 0x0, 0x0, 0x2, 0x9d, 0xff, 0xff,
    0xd8, 0x10, 0x0, 0x0, 0x0, 0x0, 0x8f, 0xff,
    0xff, 0xff, 0xff, 0xf6, 0x0, 0x0, 0x0, 0xb,
    0xff, 0xff, 0xff, 0xff, 0xff, 0xff, 0x90, 0x0,
    0x0, 0xaf, 0xff, 0xff, 0xff, 0xff, 0xff, 0xff,
    0xf7, 0x0, 0x5, 0xff, 0xff, 0xff, 0xff, 0xff,
    0xff, 0xff, 0xff, 0x30, 0xe, 0xff, 0xff, 0xff,
    0xff, 0xff, 0xff, 0x9e, 0xff, 0xb0, 0x4f, 0xff,
    0xff, 0xff, 0xff, 0xff, 0xf6, 0x2, 0xff, 0xf1,
    0x8f, 0xff, 0xff, 0xff, 0xff, 0xff, 0x60, 0x2,
    0xff, 0xf6, 0xaf, 0xff, 0xec, 0xff, 0xff, 0xf6,
    0x0, 0x2e, 0xff, 0xf8, 0xbf, 0xfe, 0x20, 0xaf,
    0xff, 0x60, 0x2, 0xef, 0xff, 0xf9, 0xaf, 0xfd,
    0x0, 0xa, 0xf6, 0x0, 0x2e, 0xff, 0xff, 0xf8,
    0x8f, 0xff, 0xc0, 0x0, 0x40, 0x2, 0xef, 0xff,
    0xff, 0xf6, 0x4f, 0xff, 0xfc, 0x0, 0x0, 0x2e,
    0xff, 0xff, 0xff, 0xf1, 0xe, 0xff, 0xff, 0xc0,
    0x2, 0xef, 0xff, 0xff, 0xff, 0xb0, 0x5, 0xff,
    0xff, 0xfc, 0x4e, 0xff, 0xff, 0xff, 0xff, 0x30,
    0x0, 0xaf, 0xff, 0xff, 0xff, 0xff, 0xff, 0xff,
    0xf7, 0x0, 0x0, 0xb, 0xff, 0xff, 0xff, 0xff,
    0xff, 0xff, 0x90, 0x0, 0x0, 0x0, 0x8f, 0xff,
    0xff, 0xff, 0xff, 0xf6, 0x0, 0x0, 0x0, 0x0,
    0x2, 0x9d, 0xff, 0xff, 0xd8, 0x10, 0x0, 0x0,
    0x0, 0x0, 0x0, 0x0, 0x2, 0x20, 0x0, 0x0,
    0x0, 0x0,

    /* U+F059 "" */
    0x0, 0x0, 0x0, 0x0, 0x2, 0x20, 0x0, 0x0,
    0x0, 0x0, 0x0, 0x0, 0x1, 0x8d, 0xff, 0xff,
    0xd8, 0x10, 0x0, 0x0, 0x0, 0x0, 0x8f, 0xff,
    0xff, 0xff, 0xff, 0xf6, 0x0, 0x0, 0x0, 0xb,
    0xff, 0xff, 0xff, 0xff, 0xff, 0xff, 0x90, 0x0,
    0x0, 0xaf, 0xff, 0xfc, 0x51, 0x3, 0xaf, 0xff,
    0xf8, 0x0, 0x5, 0xff, 0xff, 0x90, 0x0, 0x0,
    0x6, 0xff, 0xff, 0x30, 0xe, 0xff, 0xfc, 0x0,
    0x0, 0x0, 0x0, 0xaf, 0xff, 0xc0, 0x4f, 0xff,
    0xfd, 0x20, 0x7f, 0xf6, 0x0, 0x4f, 0xff, 0xf2,
    0x8f, 0xff, 0xff, 0xfa, 0xff, 0xfa, 0x0, 0x4f,
    0xff, 0xf6, 0xaf, 0xff, 0xff, 0xff, 0xff, 0x80,
    0x0, 0x9f, 0xff, 0xf8, 0xbf, 0xff, 0xff, 0xff,
    0xf2, 0x0, 0x4, 0xff, 0xff, 0xf9, 0xaf, 0xff,
    0xff, 0xff, 0x80, 0x0, 0x9f, 0xff, 0xff, 0xf8,
    0x8f, 0xff, 0xff, 0xff, 0x71, 0x19, 0xff, 0xff,
    0xff, 0xf6, 0x4f, 0xff, 0xff, 0xff, 0xff, 0xff,
    0xff, 0xff, 0xff, 0xf2, 0xd, 0xff, 0xff, 0xff,
    0xa0, 0x1b, 0xff, 0xff, 0xff, 0xc0, 0x5, 0xff,
    0xff, 0xff, 0x20, 0x5, 0xff, 0xff, 0xff, 0x30,
    0x0, 0x9f, 0xff, 0xff, 0x70, 0xa, 0xff, 0xff,
    0xf7, 0x0, 0x0, 0xa, 0xff, 0xff, 0xfd, 0xdf,
    0xff, 0xff, 0x80, 0x0, 0x0, 0x0, 0x7f, 0xff,
    0xff, 0xff, 0xff, 0xe6, 0x0, 0x0, 0x0, 0x0,
    0x1, 0x8d, 0xff, 0xff, 0xc7, 0x0, 0x0, 0x0,
    0x0, 0x0, 0x0, 0x0, 0x1, 0x10, 0x0, 0x0,
    0x0, 0x0,

    /* U+F05A "" */
    0x0, 0x0, 0x0, 0x0, 0x2, 0x20, 0x0, 0x0,
    0x0, 0x0, 0x0, 0x0, 0x1, 0x8d, 0xff, 0xff,
    0xd7, 0x10, 0x0, 0x0, 0x0, 0x0, 0x7f, 0xff,
    0xff, 0xff, 0xff, 0xe5, 0x0, 0x0, 0x0, 0xa,
    0xff, 0xff, 0xff, 0xff, 0xff, 0xff, 0x80, 0x0,
    0x0, 0x9f, 0xff, 0xff, 0xff, 0xff, 0xff, 0xff,
    0xf6, 0x0, 0x5, 0xff, 0xff, 0xff, 0xd3, 0x4e,
    0xff, 0xff, 0xff, 0x20, 0xd, 0xff, 0xff, 0xff,
    0x60, 0x9, 0xff, 0xff, 0xff, 0xa0, 0x3f, 0xff,
    0xff, 0xff, 0xb0, 0xd, 0xff, 0xff, 0xff, 0xf0,
    0x7f, 0xff, 0xff, 0xff, 0xfe, 0xff, 0xff, 0xff,
    0xff, 0xf5, 0x9f, 0xff, 0xff, 0xfd, 0x0, 0xf,
    0xff, 0xff, 0xff, 0xf6, 0xaf, 0xff, 0xff, 0xfd,
    0x0, 0xe, 0xff, 0xff, 0xff, 0xf7, 0x9f, 0xff,
    0xff, 0xff, 0xa0, 0xe, 0xff, 0xff, 0xff, 0xf6,
    0x7f, 0xff, 0xff, 0xff, 0xc0, 0xe, 0xff, 0xff,
    0xff, 0xf4, 0x2f, 0xff, 0xff, 0xff, 0x70, 0x9,
    0xff, 0xff, 0xff, 0xf0, 0xc, 0xff, 0xff, 0xfd,
    0x0, 0x0, 0xff, 0xff, 0xff, 0x90, 0x3, 0xff,
    0xff, 0xff, 0xaa, 0xaa, 0xff, 0xff, 0xff, 0x10,
    0x0, 0x7f, 0xff, 0xff, 0xff, 0xff, 0xff, 0xff,
    0xf5, 0x0, 0x0, 0x8, 0xff, 0xff, 0xff, 0xff,
    0xff, 0xff, 0x60, 0x0, 0x0, 0x0, 0x5e, 0xff,
    0xff, 0xff, 0xff, 0xd4, 0x0, 0x0, 0x0, 0x0,
    0x0, 0x6b, 0xef, 0xfe, 0xa5, 0x0, 0x0, 0x0,
    0x0, 0x0, 0x0, 0x0, 0x0, 0x0, 0x0, 0x0,
    0x0, 0x0,

    /* U+F05B "" */
    0x0, 0x0, 0x0, 0x0, 0x4, 0x40, 0x0, 0x0,
    0x0, 0x0, 0x0, 0x0, 0x0, 0x0, 0x3f, 0xf4,
    0x0, 0x0, 0x0, 0x0, 0x0, 0x0, 0x0, 0x5,
    0xaf, 0xfa, 0x50, 0x0, 0x0, 0x0, 0x0, 0x0,
    0x6, 0xef, 0xff, 0xff, 0xfe, 0x60, 0x0, 0x0,
    0x0, 0x0, 0xaf, 0xff, 0xff, 0xff, 0xff, 0xfa,
    0x0, 0x0, 0x0, 0xa, 0xff, 0xe5, 0x4f, 0xf4,
    0x5e, 0xff, 0xa0, 0x0, 0x0, 0x5f, 0xfc, 0x10,
    0x2f, 0xf3, 0x1, 0xcf, 0xf5, 0x0, 0x0, 0xdf,
    0xe1, 0x0, 0x0, 0x0, 0x0, 0x1e, 0xfd, 0x0,
    0x2, 0xff, 0x80, 0x0, 0x0, 0x0, 0x0, 0x8,
    0xff, 0x20, 0x9c, 0xff, 0xba, 0x10, 0x7, 0x70,
    0x1, 0xab, 0xff, 0xc9, 0xff, 0xff, 0xff, 0x40,
    0x2f, 0xf3, 0x4, 0xff, 0xff, 0xff, 0xce, 0xff,
    0xed, 0x20, 0xa, 0xb0, 0x2, 0xde, 0xff, 0xec,
    0x3, 0xff, 0x70, 0x0, 0x0, 0x0, 0x0, 0x6,
    0xff, 0x20, 0x0, 0xdf, 0xe0, 0x0, 0x0, 0x0,
    0x0, 0xd, 0xfe, 0x0, 0x0, 0x6f, 0xfb, 0x0,
    0x2f, 0xf3, 0x0, 0xbf, 0xf6, 0x0, 0x0, 0xb,
    0xff, 0xd5, 0x4f, 0xf4, 0x5d, 0xff, 0xb0, 0x0,
    0x0, 0x0, 0xbf, 0xff, 0xff, 0xff, 0xff, 0xfb,
    0x0, 0x0, 0x0, 0x0, 0x7, 0xff, 0xff, 0xff,
    0xfe, 0x70, 0x0, 0x0, 0x0, 0x0, 0x0, 0x5,
    0xaf, 0xfa, 0x50, 0x0, 0x0, 0x0, 0x0, 0x0,
    0x0, 0x0, 0x3f, 0xf4, 0x0, 0x0, 0x0, 0x0,
    0x0, 0x0, 0x0, 0x0, 0x4, 0x40, 0x0, 0x0,
    0x0, 0x0,

    /* U+F05E "" */
    0x0, 0x0, 0x0, 0x0, 0x2, 0x20, 0x0, 0x0,
    0x0, 0x0, 0x0, 0x0, 0x2, 0x9d, 0xff, 0xff,
    0xd8, 0x10, 0x0, 0x0, 0x0, 0x0, 0x8f, 0xff,
    0xff, 0xff, 0xff, 0xf6, 0x0, 0x0, 0x0, 0xb,
    0xff, 0xfb, 0x75, 0x58, 0xcf, 0xff, 0x90, 0x0,
    0x0, 0xaf, 0xff, 0x30, 0x0, 0x0, 0x4, 0xef,
    0xf7, 0x0, 0x5, 0xff, 0xff, 0xa0, 0x0, 0x0,
    0x0, 0x1d, 0xff, 0x30, 0xe, 0xfe, 0xcf, 0xfa,
    0x0, 0x0, 0x0, 0x2, 0xff, 0xb0, 0x4f, 0xf6,
    0xc, 0xff, 0xa0, 0x0, 0x0, 0x0, 0x9f, 0xf1,
    0x8f, 0xf0, 0x0, 0xcf, 0xfa, 0x0, 0x0, 0x0,
    0x3f, 0xf6, 0xaf, 0xc0, 0x0, 0xc, 0xff, 0xa0,
    0x0, 0x0, 0xf, 0xf8, 0xbf, 0xc0, 0x0, 0x0,
    0xcf, 0xfa, 0x0, 0x0, 0xe, 0xf9, 0xaf, 0xd0,
    0x0, 0x0, 0xc, 0xff, 0xa0, 0x0, 0xf, 0xf8,
    0x8f, 0xf0, 0x0, 0x0, 0x0, 0xcf, 0xfa, 0x0,
    0x2f, 0xf6, 0x4f, 0xf6, 0x0, 0x0, 0x0, 0xc,
    0xff, 0xa0, 0x8f, 0xf1, 0xe, 0xfe, 0x10, 0x0,
    0x0, 0x0, 0xcf, 0xfb, 0xff, 0xb0, 0x5, 0xff,
    0xc0, 0x0, 0x0, 0x0, 0xc, 0xff, 0xff, 0x30,
    0x0, 0xaf, 0xfd, 0x30, 0x0, 0x0, 0x5, 0xff,
    0xf7, 0x0, 0x0, 0xb, 0xff, 0xfc, 0x75, 0x57,
    0xcf, 0xff, 0x90, 0x0, 0x0, 0x0, 0x8f, 0xff,
    0xff, 0xff, 0xff, 0xf6, 0x0, 0x0, 0x0, 0x0,
    0x2, 0x9d, 0xff, 0xff, 0xd8, 0x10, 0x0, 0x0,
    0x0, 0x0, 0x0, 0x0, 0x2, 0x20, 0x0, 0x0,
    0x0, 0x0,

    /* U+F060 "" */
    0x0, 0x0, 0x0, 0x0, 0x0, 0x0, 0x0, 0x0,
    0x0, 0x0, 0x0, 0x0, 0x6, 0xf7, 0x0, 0x0,
    0x0, 0x0, 0x0, 0x0, 0x0, 0x6f, 0xff, 0x30,
    0x0, 0x0, 0x0, 0x0, 0x0, 0x6, 0xff, 0xfd,
    0x0, 0x0, 0x0, 0x0, 0x0, 0x0, 0x6f, 0xff,
    0xd1, 0x0, 0x0, 0x0, 0x0, 0x0, 0x6, 0xff,
    0xfd, 0x10, 0x0, 0x0, 0x0, 0x0, 0x0, 0x6f,
    0xff, 0xc1, 0x0, 0x0, 0x0, 0x0, 0x0, 0x6,
    0xff, 0xfc, 0x11, 0x11, 0x11, 0x11, 0x11, 0x0,
    0x6f, 0xff, 0xff, 0xff, 0xff, 0xff, 0xff, 0xff,
    0xf5, 0xff, 0xff, 0xff, 0xff, 0xff, 0xff, 0xff,
    0xff, 0xf8, 0x6f, 0xff, 0xff, 0xff, 0xff, 0xff,
    0xff, 0xff, 0xf5, 0x6, 0xff, 0xfc, 0x11, 0x11,
    0x11, 0x11, 0x11, 0x0, 0x0, 0x6f, 0xff, 0xc1,
    0x0, 0x0, 0x0, 0x0, 0x0, 0x0, 0x6, 0xff,
    0xfd, 0x10, 0x0, 0x0, 0x0, 0x0, 0x0, 0x0,
    0x6f, 0xff, 0xd1, 0x0, 0x0, 0x0, 0x0, 0x0,
    0x0, 0x6, 0xff, 0xfd, 0x10, 0x0, 0x0, 0x0,
    0x0, 0x0, 0x0, 0x6f, 0xff, 0x30, 0x0, 0x0,
    0x0, 0x0, 0x0, 0x0, 0x6, 0xf7, 0x0, 0x0,
    0x0, 0x0, 0x0, 0x0, 0x0, 0x0, 0x0, 0x0,
    0x0, 0x0, 0x0,

    /* U+F061 "" */
    0x0, 0x0, 0x0, 0x0, 0x0, 0x0, 0x0, 0x0,
    0x0, 0x0, 0x0, 0x0, 0x1, 0xdc, 0x10, 0x0,
    0x0, 0x0, 0x0, 0x0, 0x0, 0xb, 0xff, 0xd1,
    0x0, 0x0, 0x0, 0x0, 0x0, 0x0, 0x6, 0xff,
    0xfd, 0x10, 0x0, 0x0, 0x0, 0x0, 0x0, 0x0,
    0x6f, 0xff, 0xd1, 0x0, 0x0, 0x0, 0x0, 0x0,
    0x0, 0x6, 0xff, 0xfd, 0x10, 0x0, 0x0, 0x0,
    0x0, 0x0, 0x0, 0x5f, 0xff, 0xd1, 0x0, 0x1,
    0x11, 0x11, 0x11, 0x11, 0x16, 0xff, 0xfd, 0x10,
    0xdf, 0xff, 0xff, 0xff, 0xff, 0xff, 0xff, 0xff,
    0xd1, 0xff, 0xff, 0xff, 0xff, 0xff, 0xff, 0xff,
    0xff, 0xf7, 0xdf, 0xff, 0xff, 0xff, 0xff, 0xff,
    0xff, 0xff, 0xd1, 0x1, 0x11, 0x11, 0x11, 0x11,
    0x16, 0xff, 0xfd, 0x10, 0x0, 0x0, 0x0, 0x0,
    0x0, 0x5f, 0xff, 0xd1, 0x0, 0x0, 0x0, 0x0,
    0x0, 0x6, 0xff, 0xfd, 0x10, 0x0, 0x0, 0x0,
    0x0, 0x0, 0x7f, 0xff, 0xd1, 0x0, 0x0, 0x0,
    0x0, 0x0, 0x7, 0xff, 0xfd, 0x10, 0x0, 0x0,
    0x0, 0x0, 0x0, 0xb, 0xff, 0xd1, 0x0, 0x0,
    0x0, 0x0, 0x0, 0x0, 0x1, 0xdc, 0x10, 0x0,
    0x0, 0x0, 0x0, 0x0, 0x0, 0x0, 0x0, 0x0,
    0x0, 0x0, 0x0,

    /* U+F062 "" */
    0x0, 0x0, 0x0, 0x0, 0x41, 0x0, 0x0, 0x0,
    0x0, 0x0, 0x0, 0x0, 0x9, 0xfd, 0x10, 0x0,
    0x0, 0x0, 0x0, 0x0, 0x0, 0x9f, 0xff, 0xd1,
    0x0, 0x0, 0x0, 0x0, 0x0, 0x9, 0xff, 0xff,
    0xfd, 0x10, 0x0, 0x0, 0x0, 0x0, 0x9f, 0xff,
    0xff, 0xff, 0xd1, 0x0, 0x0, 0x0, 0x9, 0xff,
    0xff, 0xff, 0xff, 0xfd, 0x10, 0x0, 0x0, 0x9f,
    0xff, 0x9e, 0xff, 0x8f, 0xff, 0xd1, 0x0, 0x9,
    0xff, 0xf9, 0xe, 0xff, 0x35, 0xff, 0xfd, 0x10,
    0x8f, 0xff, 0xa0, 0xe, 0xff, 0x30, 0x6f, 0xff,
    0xd0, 0xbf, 0xfb, 0x0, 0xe, 0xff, 0x30, 0x6,
    0xff, 0xf1, 0x1c, 0xb0, 0x0, 0xe, 0xff, 0x30,
    0x0, 0x7e, 0x30, 0x0, 0x0, 0x0, 0xe, 0xff,
    0x30, 0x0, 0x0, 0x0, 0x0, 0x0, 0x0, 0xe,
    0xff, 0x30, 0x0, 0x0, 0x0, 0x0, 0x0, 0x0,
    0xe, 0xff, 0x30, 0x0, 0x0, 0x0, 0x0, 0x0,
    0x0, 0xe, 0xff, 0x30, 0x0, 0x0, 0x0, 0x0,
    0x0, 0x0, 0xe, 0xff, 0x30, 0x0, 0x0, 0x0,
    0x0, 0x0, 0x0, 0xe, 0xff, 0x30, 0x0, 0x0,
    0x0, 0x0, 0x0, 0x0, 0xd, 0xff, 0x10, 0x0,
    0x0, 0x0, 0x0, 0x0, 0x0, 0x0, 0x21, 0x0,
    0x0, 0x0, 0x0,

    /* U+F063 "" */
    0x0, 0x0, 0x0, 0x2, 0x54, 0x0, 0x0, 0x0,
    0x0, 0x0, 0x0, 0x0, 0xe, 0xff, 0x20, 0x0,
    0x0, 0x0, 0x0, 0x0, 0x0, 0xe, 0xff, 0x30,
    0x0, 0x0, 0x0, 0x0, 0x0, 0x0, 0xe, 0xff,
    0x30, 0x0, 0x0, 0x0, 0x0, 0x0, 0x0, 0xe,
    0xff, 0x30, 0x0, 0x0, 0x0, 0x0, 0x0, 0x0,
    0xe, 0xff, 0x30, 0x0, 0x0, 0x0, 0x0, 0x0,
    0x0, 0xe, 0xff, 0x30, 0x0, 0x0, 0x0, 0x1,
    0x0, 0x0, 0xe, 0xff, 0x30, 0x0, 0x1, 0x0,
    0x3f, 0xd1, 0x0, 0xe, 0xff, 0x30, 0x0, 0xaf,
    0x70, 0xcf, 0xfd, 0x10, 0xe, 0xff, 0x30, 0xa,
    0xff, 0xf1, 0x5f, 0xff, 0xd1, 0xe, 0xff, 0x30,
    0x9f, 0xff, 0xa0, 0x6, 0xff, 0xfc, 0xe, 0xff,
    0x39, 0xff, 0xfa, 0x0, 0x0, 0x6f, 0xff, 0xcf,
    0xff, 0xbf, 0xff, 0xa0, 0x0, 0x0, 0x6, 0xff,
    0xff, 0xff, 0xff, 0xfa, 0x0, 0x0, 0x0, 0x0,
    0x6f, 0xff, 0xff, 0xff, 0xa0, 0x0, 0x0, 0x0,
    0x0, 0x6, 0xff, 0xff, 0xfa, 0x0, 0x0, 0x0,
    0x0, 0x0, 0x0, 0x6f, 0xff, 0xa0, 0x0, 0x0,
    0x0, 0x0, 0x0, 0x0, 0x6, 0xfa, 0x0, 0x0,
    0x0, 0x0, 0x0, 0x0, 0x0, 0x0, 0x10, 0x0,
    0x0, 0x0, 0x0,

    /* U+F064 "" */
    0x0, 0x0, 0x0, 0x0, 0x0, 0x0, 0x20, 0x0,
    0x0, 0x0, 0x0, 0x0, 0x0, 0x0, 0x0, 0xa,
    0xf6, 0x0, 0x0, 0x0, 0x0, 0x0, 0x0, 0x0,
    0x0, 0xc, 0xff, 0x80, 0x0, 0x0, 0x0, 0x0,
    0x0, 0x0, 0x0, 0xc, 0xff, 0xfa, 0x0, 0x0,
    0x0, 0x0, 0x0, 0x0, 0x1, 0x2c, 0xff, 0xff,
    0xc1, 0x0, 0x0, 0x0, 0x48, 0xcf, 0xff, 0xff,
    0xff, 0xff, 0xfd, 0x20, 0x0, 0x4d, 0xff, 0xff,
    0xff, 0xff, 0xff, 0xff, 0xff, 0xe4, 0x5, 0xff,
    0xff, 0xff, 0xff, 0xff, 0xff, 0xff, 0xff, 0xfe,
    0x1f, 0xff, 0xff, 0xff, 0xff, 0xff, 0xff, 0xff,
    0xff, 0xf7, 0x8f, 0xff, 0xff, 0xff, 0xff, 0xff,
    0xff, 0xff, 0xff, 0x50, 0xdf, 0xff, 0xff, 0xc7,
    0x53, 0x2c, 0xff, 0xff, 0xe3, 0x0, 0xff, 0xff,
    0xe3, 0x0, 0x0, 0xc, 0xff, 0xfd, 0x20, 0x0,
    0xff, 0xff, 0x40, 0x0, 0x0, 0xc, 0xff, 0xc1,
    0x0, 0x0, 0xcf, 0xfe, 0x0, 0x0, 0x0, 0xb,
    0xfa, 0x0, 0x0, 0x0, 0x7f, 0xfd, 0x0, 0x0,
    0x0, 0x2, 0x50, 0x0, 0x0, 0x0, 0x1e, 0xfe,
    0x0, 0x0, 0x0, 0x0, 0x0, 0x0, 0x0, 0x0,
    0x5, 0xff, 0x10, 0x0, 0x0, 0x0, 0x0, 0x0,
    0x0, 0x0, 0x0, 0x6f, 0x50, 0x0, 0x0, 0x0,
    0x0, 0x0, 0x0, 0x0, 0x0, 0x2, 0x0, 0x0,
    0x0, 0x0, 0x0, 0x0, 0x0, 0x0,

    /* U+F065 "" */
    0x47, 0x77, 0x77, 0x10, 0x0, 0x4, 0x77, 0x77,
    0x61, 0xff, 0xff, 0xff, 0x30, 0x0, 0xb, 0xff,
    0xff, 0xf7, 0xff, 0xff, 0xff, 0x30, 0x0, 0xb,
    0xff, 0xff, 0xf8, 0xff, 0x80, 0x0, 0x0, 0x0,
    0x0, 0x0, 0xf, 0xf8, 0xff, 0x80, 0x0, 0x0,
    0x0, 0x0, 0x0, 0xf, 0xf8, 0xff, 0x80, 0x0,
    0x0, 0x0, 0x0, 0x0, 0xf, 0xf8, 0xbc, 0x50,
    0x0, 0x0, 0x0, 0x0, 0x0, 0xb, 0xc5, 0x0,
    0x0, 0x0, 0x0, 0x0, 0x0, 0x0, 0x0, 0x0,
    0x0, 0x0, 0x0, 0x0, 0x0, 0x0, 0x0, 0x0,
    0x0, 0x0, 0x0, 0x0, 0x0, 0x0, 0x0, 0x0,
    0x0, 0x0, 0x0, 0x0, 0x0, 0x0, 0x0, 0x0,
    0x0, 0x0, 0x0, 0x23, 0x0, 0x0, 0x0, 0x0,
    0x0, 0x0, 0x2, 0x30, 0xff, 0x70, 0x0, 0x0,
    0x0, 0x0, 0x0, 0xf, 0xf7, 0xff, 0x80, 0x0,
    0x0, 0x0, 0x0, 0x0, 0xf, 0xf8, 0xff, 0x80,
    0x0, 0x0, 0x0, 0x0, 0x0, 0xf, 0xf8, 0xff,
    0xb7, 0x77, 0x10, 0x0, 0x4, 0x77, 0x7f, 0xf8,
    0xff, 0xff, 0xff, 0x30, 0x0, 0xb, 0xff, 0xff,
    0xf8, 0xdf, 0xff, 0xff, 0x30, 0x0, 0xb, 0xff,
    0xff, 0xf5, 0x0, 0x0, 0x0, 0x0, 0x0, 0x0,
    0x0, 0x0, 0x0,

    /* U+F066 "" */
    0x0, 0x0, 0x33, 0x0, 0x0, 0x1, 0x42, 0x0,
    0x0, 0x0, 0x1, 0xff, 0x60, 0x0, 0x9, 0xfe,
    0x0, 0x0, 0x0, 0x1, 0xff, 0x60, 0x0, 0x9,
    0xfe, 0x0, 0x0, 0x0, 0x1, 0xff, 0x60, 0x0,
    0x9, 0xfe, 0x0, 0x0, 0x58, 0x88, 0xff, 0x60,
    0x0, 0x9, 0xff, 0x88, 0x84, 0xdf, 0xff, 0xff,
    0x60, 0x0, 0x9, 0xff, 0xff, 0xfa, 0xcf, 0xff,
    0xff, 0x30, 0x0, 0x6, 0xff, 0xff, 0xf9, 0x0,
    0x0, 0x0, 0x0, 0x0, 0x0, 0x0, 0x0, 0x0,
    0x0, 0x0, 0x0, 0x0, 0x0, 0x0, 0x0, 0x0,
    0x0, 0x0, 0x0, 0x0, 0x0, 0x0, 0x0, 0x0,
    0x0, 0x0, 0x0, 0x0, 0x0, 0x0, 0x0, 0x0,
    0x0, 0x0, 0x0, 0x0, 0x0, 0x0, 0x0, 0x0,
    0x0, 0x0, 0x0, 0x0, 0xcf, 0xff, 0xff, 0x30,
    0x0, 0x6, 0xff, 0xff, 0xf9, 0xdf, 0xff, 0xff,
    0x60, 0x0, 0x9, 0xff, 0xff, 0xfa, 0x58, 0x88,
    0xff, 0x60, 0x0, 0x9, 0xff, 0x88, 0x84, 0x0,
    0x1, 0xff, 0x60, 0x0, 0x9, 0xfe, 0x0, 0x0,
    0x0, 0x1, 0xff, 0x60, 0x0, 0x9, 0xfe, 0x0,
    0x0, 0x0, 0x1, 0xff, 0x60, 0x0, 0x9, 0xfe,
    0x0, 0x0, 0x0, 0x0, 0x33, 0x0, 0x0, 0x1,
    0x42, 0x0, 0x0,

    /* U+F067 "" */
    0x0, 0x0, 0x0, 0x2, 0x55, 0x0, 0x0, 0x0,
    0x0, 0x0, 0x0, 0x0, 0xf, 0xff, 0x80, 0x0,
    0x0, 0x0, 0x0, 0x0, 0x0, 0x2f, 0xff, 0xa0,
    0x0, 0x0, 0x0, 0x0, 0x0, 0x0, 0x2f, 0xff,
    0xa0, 0x0, 0x0, 0x0, 0x0, 0x0, 0x0, 0x2f,
    0xff, 0xa0, 0x0, 0x0, 0x0, 0x0, 0x0, 0x0,
    0x2f, 0xff, 0xa0, 0x0, 0x0, 0x0, 0x0, 0x0,
    0x0, 0x2f, 0xff, 0xa0, 0x0, 0x0, 0x0, 0x37,
    0x77, 0x77, 0x8f, 0xff, 0xc7, 0x77, 0x77, 0x60,
    0xef, 0xff, 0xff, 0xff, 0xff, 0xff, 0xff, 0xff,
    0xf6, 0xff, 0xff, 0xff, 0xff, 0xff, 0xff, 0xff,
    0xff, 0xf8, 0xdf, 0xff, 0xff, 0xff, 0xff, 0xff,
    0xff, 0xff, 0xf5, 0x14, 0x44, 0x44, 0x5f, 0xff,
    0xb4, 0x44, 0x44, 0x30, 0x0, 0x0, 0x0, 0x2f,
    0xff, 0xa0, 0x0, 0x0, 0x0, 0x0, 0x0, 0x0,
    0x2f, 0xff, 0xa0, 0x0, 0x0, 0x0, 0x0, 0x0,
    0x0, 0x2f, 0xff, 0xa0, 0x0, 0x0, 0x0, 0x0,
    0x0, 0x0, 0x2f, 0xff, 0xa0, 0x0, 0x0, 0x0,
    0x0, 0x0, 0x0, 0x1f, 0xff, 0x90, 0x0, 0x0,
    0x0, 0x0, 0x0, 0x0, 0xd, 0xff, 0x60, 0x0,
    0x0, 0x0, 0x0, 0x0, 0x0, 0x0, 0x21, 0x0,
    0x0, 0x0, 0x0,

    /* U+F068 "" */
    0x49, 0x99, 0x99, 0x99, 0x99, 0x99, 0x99, 0x99,
    0x80, 0xff, 0xff, 0xff, 0xff, 0xff, 0xff, 0xff,
    0xff, 0xf7, 0xff, 0xff, 0xff, 0xff, 0xff, 0xff,
    0xff, 0xff, 0xf7, 0xcf, 0xff, 0xff, 0xff, 0xff,
    0xff, 0xff, 0xff, 0xf4, 0x2, 0x22, 0x22, 0x22,
    0x22, 0x22, 0x22, 0x22, 0x10,

    /* U+F069 "" */
    0x0, 0x0, 0x0, 0x0, 0x14, 0x40, 0x0, 0x0,
    0x0, 0x0, 0x0, 0x0, 0x0, 0xd, 0xff, 0x60,
    0x0, 0x0, 0x0, 0x0, 0x0, 0x0, 0x0, 0xef,
    0xf7, 0x0, 0x0, 0x0, 0x0, 0x0, 0x0, 0x0,
    0xd, 0xff, 0x60, 0x0, 0x0, 0x0, 0x1, 0x50,
    0x0, 0x0, 0xdf, 0xf6, 0x0, 0x0, 0x24, 0x0,
    0xbf, 0xd3, 0x0, 0xd, 0xff, 0x60, 0x0, 0x7f,
    0xf5, 0x4f, 0xff, 0xfa, 0x10, 0xcf, 0xf5, 0x4,
    0xdf, 0xff, 0xd1, 0xdf, 0xff, 0xfe, 0x6c, 0xff,
    0x7a, 0xff, 0xff, 0xf9, 0x0, 0x7e, 0xff, 0xff,
    0xff, 0xff, 0xff, 0xff, 0xb3, 0x0, 0x0, 0x8,
    0xff, 0xff, 0xff, 0xff, 0xfd, 0x40, 0x0, 0x0,
    0x0, 0x1, 0xcf, 0xff, 0xff, 0xf7, 0x0, 0x0,
    0x0, 0x0, 0x2, 0xaf, 0xff, 0xff, 0xff, 0xe6,
    0x0, 0x0, 0x0, 0x18, 0xff, 0xff, 0xff, 0xff,
    0xff, 0xfd, 0x40, 0x0, 0x7e, 0xff, 0xff, 0xde,
    0xff, 0xbf, 0xff, 0xff, 0xc3, 0x4f, 0xff, 0xff,
    0x70, 0xcf, 0xf5, 0x2b, 0xff, 0xff, 0xd0, 0xef,
    0xfa, 0x10, 0xd, 0xff, 0x60, 0x5, 0xef, 0xf8,
    0x5, 0xc4, 0x0, 0x0, 0xdf, 0xf6, 0x0, 0x0,
    0x8c, 0x10, 0x0, 0x0, 0x0, 0xd, 0xff, 0x60,
    0x0, 0x0, 0x0, 0x0, 0x0, 0x0, 0x0, 0xdf,
    0xf7, 0x0, 0x0, 0x0, 0x0, 0x0, 0x0, 0x0,
    0xe, 0xff, 0x70, 0x0, 0x0, 0x0, 0x0, 0x0,
    0x0, 0x0, 0x7b, 0xb2, 0x0, 0x0, 0x0, 0x0,

    /* U+F06A "" */
    0x0, 0x0, 0x0, 0x0, 0x0, 0x0, 0x0, 0x0,
    0x0, 0x0, 0x0, 0x0, 0x1, 0x7c, 0xff, 0xfd,
    0x94, 0x0, 0x0, 0x0, 0x0, 0x0, 0x8f, 0xff,
    0xff, 0xff, 0xff, 0xb1, 0x0, 0x0, 0x0, 0xb,
    0xff, 0xff, 0xff, 0xff, 0xff, 0xfe, 0x30, 0x0,
    0x0, 0xbf, 0xff, 0xff, 0xff, 0xff, 0xff, 0xff,
    0xe2, 0x0, 0x7, 0xff, 0xff, 0xff, 0xba, 0xaf,
    0xff, 0xff, 0xfc, 0x0, 0x1f, 0xff, 0xff, 0xff,
    0x10, 0xb, 0xff, 0xff, 0xff, 0x50, 0x6f, 0xff,
    0xff, 0xff, 0x20, 0xc, 0xff, 0xff, 0xff, 0xb0,
    0xaf, 0xff, 0xff, 0xff, 0x30, 0xd, 0xff, 0xff,
    0xff, 0xf0, 0xdf, 0xff, 0xff, 0xff, 0x40, 0xe,
    0xff, 0xff, 0xff, 0xf2, 0xef, 0xff, 0xff, 0xff,
    0x50, 0xf, 0xff, 0xff, 0xff, 0xf3, 0xdf, 0xff,
    0xff, 0xff, 0x60, 0x1f, 0xff, 0xff, 0xff, 0xf2,
    0xbf, 0xff, 0xff, 0xff, 0xfb, 0xef, 0xff, 0xff,
    0xff, 0xf0, 0x6f, 0xff, 0xff, 0xff, 0x40, 0xe,
    0xff, 0xff, 0xff, 0xc0, 0x1f, 0xff, 0xff, 0xff,
    0x0, 0xb, 0xff, 0xff, 0xff, 0x60, 0x8, 0xff,
    0xff, 0xff, 0x80, 0x4f, 0xff, 0xff, 0xfd, 0x0,
    0x0, 0xcf, 0xff, 0xff, 0xff, 0xff, 0xff, 0xff,
    0xf3, 0x0, 0x0, 0x1d, 0xff, 0xff, 0xff, 0xff,
    0xff, 0xff, 0x40, 0x0, 0x0, 0x0, 0xaf, 0xff,
    0xff, 0xff, 0xff, 0xd3, 0x0, 0x0, 0x0, 0x0,
    0x3, 0x9e, 0xff, 0xff, 0xb6, 0x0, 0x0, 0x0,
    0x0, 0x0, 0x0, 0x0, 0x12, 0x10, 0x0, 0x0,
    0x0, 0x0,

    /* U+F06B "" */
    0x0, 0x0, 0x1, 0x10, 0x0, 0x0, 0x0, 0x10,
    0x0, 0x0, 0x0, 0x1, 0xcf, 0xfc, 0x20, 0x2,
    0xcf, 0xfc, 0x20, 0x0, 0x0, 0xd, 0xfe, 0xdf,
    0xf3, 0x2e, 0xfd, 0xdf, 0xe0, 0x0, 0x0, 0x4f,
    0xc0, 0x7, 0xfe, 0xdf, 0x80, 0xa, 0xf5, 0x0,
    0x0, 0x6f, 0x80, 0x0, 0x9f, 0xfb, 0x0, 0x6,
    0xf7, 0x0, 0x0, 0x3f, 0xd3, 0x0, 0x1e, 0xe2,
    0x0, 0x2d, 0xf5, 0x0, 0xaf, 0xff, 0xff, 0xff,
    0xff, 0xff, 0xff, 0xff, 0xff, 0xfa, 0xff, 0xff,
    0xff, 0xff, 0xff, 0xff, 0xff, 0xff, 0xff, 0xff,
    0xff, 0xff, 0xff, 0xff, 0xff, 0xff, 0xff, 0xff,
    0xff, 0xff, 0xff, 0xff, 0xff, 0xff, 0xff, 0xff,
    0xff, 0xff, 0xff, 0xff, 0xdf, 0xff, 0xff, 0xff,
    0xff, 0xff, 0xff, 0xff, 0xff, 0xfd, 0x0, 0x0,
    0x0, 0x0, 0x0, 0x0, 0x0, 0x0, 0x0, 0x0,
    0xc, 0xff, 0xff, 0xff, 0xc0, 0xc, 0xff, 0xff,
    0xff, 0xc0, 0xc, 0xff, 0xff, 0xff, 0xc0, 0xc,
    0xff, 0xff, 0xff, 0xc0, 0xc, 0xff, 0xff, 0xff,
    0xc0, 0xc, 0xff, 0xff, 0xff, 0xc0, 0xc, 0xff,
    0xff, 0xff, 0xc0, 0xc, 0xff, 0xff, 0xff, 0xc0,
    0xc, 0xff, 0xff, 0xff, 0xc0, 0xc, 0xff, 0xff,
    0xff, 0xc0, 0x9, 0xff, 0xff, 0xff, 0xc0, 0xc,
    0xff, 0xff, 0xff, 0x90, 0x0, 0x34, 0x44, 0x44,
    0x30, 0x3, 0x44, 0x44, 0x43, 0x0,

    /* U+F06C "" */
    0x0, 0x0, 0x0, 0x0, 0x0, 0x0, 0x0, 0x0,
    0x0, 0x0, 0x74, 0x0, 0x0, 0x0, 0x0, 0x0,
    0x0, 0x0, 0x0, 0x0, 0x0, 0x4f, 0xc0, 0x0,
    0x0, 0x0, 0x0, 0x0, 0x0, 0x0, 0x0, 0x0,
    0x5f, 0xff, 0x10, 0x0, 0x0, 0x0, 0x0, 0x0,
    0x0, 0x0, 0x14, 0xbf, 0xff, 0xf5, 0x0, 0x0,
    0x0, 0x0, 0x6b, 0xdf, 0xff, 0xff, 0xff, 0xff,
    0xff, 0x80, 0x0, 0x0, 0x2, 0xdf, 0xff, 0xff,
    0xff, 0xff, 0xff, 0xff, 0xf9, 0x0, 0x0, 0x2,
    0xff, 0xff, 0xff, 0xff, 0xff, 0xff, 0xff, 0xff,
    0x90, 0x0, 0x0, 0xef, 0xff, 0xff, 0xff, 0xff,
    0xff, 0xff, 0xff, 0xf8, 0x0, 0x0, 0x7f, 0xff,
    0xff, 0xff, 0xff, 0xff, 0xff, 0xff, 0xff, 0x70,
    0x0, 0xd, 0xff, 0xff, 0xc9, 0x53, 0x21, 0x6f,
    0xff, 0xff, 0xf4, 0x0, 0x0, 0xff, 0xd7, 0x10,
    0x25, 0x89, 0xad, 0xff, 0xff, 0xff, 0x0, 0x0,
    0x1e, 0x60, 0x39, 0xef, 0xff, 0xff, 0xff, 0xff,
    0xff, 0xb0, 0x0, 0x0, 0x12, 0xbf, 0xff, 0xff,
    0xff, 0xff, 0xff, 0xff, 0xf4, 0x0, 0x0, 0x7,
    0xff, 0xff, 0xff, 0xff, 0xff, 0xff, 0xff, 0xfb,
    0x0, 0x0, 0xa, 0xff, 0xff, 0xff, 0xff, 0xff,
    0xff, 0xff, 0xff, 0x10, 0x0, 0xa, 0xff, 0xff,
    0xff, 0xff, 0xff, 0xff, 0xff, 0xff, 0x40, 0x0,
    0x8, 0xff, 0xc4, 0xff, 0xff, 0xff, 0xff, 0xff,
    0xff, 0x40, 0x0, 0x3, 0xff, 0xc0, 0x3, 0xdf,
    0xff, 0xff, 0xff, 0xfb, 0x10, 0x0, 0x0, 0xbf,
    0xf2, 0x0, 0x0, 0x7d, 0xff, 0xfc, 0x82, 0x0,
    0x0, 0x0, 0xb, 0xf8, 0x0, 0x0, 0x0, 0x0,
    0x0, 0x0, 0x0, 0x0, 0x0, 0x0, 0x4, 0x0,
    0x0, 0x0, 0x0, 0x0, 0x0, 0x0, 0x0, 0x0,
    0x0, 0x0,

    /* U+F06D "" */
    0x0, 0x0, 0x0, 0x18, 0x10, 0x0, 0x0, 0x0,
    0x0, 0x0, 0xb, 0xf7, 0x0, 0x0, 0x0, 0x0,
    0x0, 0x4, 0xff, 0xb0, 0x0, 0x0, 0x0, 0x0,
    0x0, 0xbf, 0xff, 0x30, 0x0, 0x0, 0x0, 0x0,
    0xf, 0xff, 0xfe, 0x20, 0x0, 0x0, 0x0, 0x0,
    0xff, 0xff, 0xfe, 0x20, 0x0, 0x0, 0x0, 0xa,
    0xff, 0xff, 0xfe, 0x20, 0x0, 0x8, 0x40, 0x2f,
    0xff, 0xff, 0xfe, 0x10, 0x8, 0xfb, 0x0, 0x4f,
    0xff, 0xff, 0xfb, 0x2, 0xff, 0xc0, 0x0, 0x4f,
    0xff, 0xff, 0xf4, 0x9f, 0xfc, 0x0, 0x0, 0x9f,
    0xff, 0xff, 0x9d, 0xff, 0xc0, 0x0, 0x4, 0xff,
    0xff, 0xfd, 0xff, 0xfe, 0x0, 0x0, 0x7f, 0xff,
    0xff, 0xff, 0xff, 0xfa, 0x0, 0x4f, 0xff, 0xff,
    0xff, 0xdf, 0xff, 0xff, 0xef, 0xff, 0xff, 0xff,
    0xc8, 0xff, 0xff, 0xff, 0xff, 0xff, 0xff, 0xf8,
    0x1f, 0xff, 0xff, 0xff, 0xff, 0xff, 0xff, 0x10,
    0x5f, 0xff, 0xff, 0xff, 0xff, 0xff, 0x50, 0x0,
    0x6f, 0xff, 0xff, 0xff, 0xff, 0x60, 0x0, 0x0,
    0x3c, 0xff, 0xff, 0xfc, 0x30, 0x0, 0x0, 0x0,
    0x1, 0x45, 0x41, 0x0, 0x0, 0x0,

    /* U+F06E "" */
    0x0, 0x0, 0x0, 0x6, 0xad, 0xff, 0xec, 0x83,
    0x0, 0x0, 0x0, 0x0, 0x0, 0x0, 0x8f, 0xff,
    0xff, 0xef, 0xff, 0xfc, 0x40, 0x0, 0x0, 0x0,
    0x3, 0xdf, 0xff, 0x92, 0x0, 0x5, 0xdf, 0xff,
    0x90, 0x0, 0x0, 0x4, 0xff, 0xff, 0x50, 0x2,
    0x52, 0x1, 0xcf, 0xff, 0xb0, 0x0, 0x3, 0xff,
    0xff, 0x80, 0x0, 0x7f, 0xf9, 0x1, 0xef, 0xff,
    0xb0, 0x1, 0xef, 0xff, 0xf0, 0x0, 0x8, 0xff,
    0xf7, 0x8, 0xff, 0xff, 0x80, 0xaf, 0xff, 0xfb,
    0x2, 0x25, 0xff, 0xff, 0xe0, 0x3f, 0xff, 0xff,
    0x2f, 0xff, 0xff, 0xa0, 0x7f, 0xff, 0xff, 0xff,
    0x2, 0xff, 0xff, 0xf7, 0x9f, 0xff, 0xfb, 0x5,
    0xff, 0xff, 0xff, 0xc0, 0x3f, 0xff, 0xff, 0x21,
    0xef, 0xff, 0xf0, 0xc, 0xff, 0xff, 0xf5, 0x7,
    0xff, 0xff, 0x80, 0x3, 0xff, 0xff, 0x80, 0x1a,
    0xff, 0xe5, 0x1, 0xef, 0xff, 0xb0, 0x0, 0x4,
    0xff, 0xff, 0x50, 0x0, 0x10, 0x1, 0xcf, 0xff,
    0xb0, 0x0, 0x0, 0x3, 0xdf, 0xff, 0x92, 0x0,
    0x5, 0xdf, 0xff, 0x90, 0x0, 0x0, 0x0, 0x0,
    0x7f, 0xff, 0xff, 0xef, 0xff, 0xfc, 0x40, 0x0,
    0x0, 0x0, 0x0, 0x0, 0x5, 0xad, 0xef, 0xec,
    0x83, 0x0, 0x0, 0x0, 0x0,

    /* U+F070 "" */
    0x0, 0x60, 0x0, 0x0, 0x0, 0x0, 0x0, 0x0,
    0x0, 0x0, 0x0, 0x0, 0x0, 0xb, 0xfc, 0x10,
    0x0, 0x0, 0x0, 0x0, 0x0, 0x0, 0x0, 0x0,
    0x0, 0x0, 0xc, 0xff, 0xe4, 0x0, 0x0, 0x0,
    0x0, 0x0, 0x0, 0x0, 0x0, 0x0, 0x0, 0x0,
    0x9f, 0xff, 0x70, 0x4, 0x8c, 0xef, 0xed, 0x94,
    0x0, 0x0, 0x0, 0x0, 0x0, 0x5, 0xff, 0xfb,
    0xef, 0xff, 0xfe, 0xff, 0xff, 0xe6, 0x0, 0x0,
    0x0, 0x0, 0x0, 0x2d, 0xff, 0xff, 0xc4, 0x0,
    0x4, 0xcf, 0xff, 0xb1, 0x0, 0x0, 0x0, 0x0,
    0x0, 0xbf, 0xff, 0x60, 0x3, 0x10, 0x9, 0xff,
    0xfe, 0x20, 0x0, 0x0, 0x0, 0x0, 0x7, 0xff,
    0xf9, 0x4f, 0xfa, 0x0, 0xcf, 0xff, 0xe1, 0x0,
    0x0, 0xb, 0xb0, 0x0, 0x3e, 0xff, 0xef, 0xff,
    0xa0, 0x4f, 0xff, 0xfb, 0x0, 0x0, 0x6f, 0xfd,
    0x30, 0x1, 0xcf, 0xff, 0xff, 0xf1, 0xf, 0xff,
    0xff, 0x50, 0x0, 0xbf, 0xff, 0xf6, 0x0, 0x8,
    0xff, 0xff, 0xf3, 0xe, 0xff, 0xff, 0xa0, 0x0,
    0x6f, 0xff, 0xff, 0x0, 0x0, 0x5f, 0xff, 0xf2,
    0xf, 0xff, 0xff, 0x50, 0x0, 0xc, 0xff, 0xff,
    0x40, 0x0, 0x2, 0xdf, 0xfe, 0x8f, 0xff, 0xfa,
    0x0, 0x0, 0x1, 0xef, 0xff, 0xc0, 0x0, 0x0,
    0xa, 0xff, 0xff, 0xff, 0xd1, 0x0, 0x0, 0x0,
    0x2e, 0xff, 0xf9, 0x0, 0x0, 0x0, 0x6f, 0xff,
    0xfd, 0x10, 0x0, 0x0, 0x0, 0x1, 0xcf, 0xff,
    0xc4, 0x0, 0x0, 0x3, 0xef, 0xfd, 0x20, 0x0,
    0x0, 0x0, 0x0, 0x6, 0xef, 0xff, 0xfe, 0xe3,
    0x0, 0x1b, 0xff, 0xf5, 0x0, 0x0, 0x0, 0x0,
    0x0, 0x5, 0x9d, 0xef, 0xec, 0x20, 0x0, 0x8f,
    0xff, 0x90, 0x0, 0x0, 0x0, 0x0, 0x0, 0x0,
    0x0, 0x0, 0x0, 0x0, 0x4, 0xef, 0xfb, 0x0,
    0x0, 0x0, 0x0, 0x0, 0x0, 0x0, 0x0, 0x0,
    0x0, 0x0, 0x1c, 0xfa, 0x0, 0x0, 0x0, 0x0,
    0x0, 0x0, 0x0, 0x0, 0x0, 0x0, 0x0, 0x0,
    0x60,

    /* U+F071 "" */
    0x0, 0x0, 0x0, 0x0, 0x0, 0x7, 0xa3, 0x0,
    0x0, 0x0, 0x0, 0x0, 0x0, 0x0, 0x0, 0x0,
    0x0, 0x8f, 0xfe, 0x10, 0x0, 0x0, 0x0, 0x0,
    0x0, 0x0, 0x0, 0x0, 0x2, 0xff, 0xff, 0x90,
    0x0, 0x0, 0x0, 0x0, 0x0, 0x0, 0x0, 0x0,
    0xa, 0xff, 0xff, 0xf3, 0x0, 0x0, 0x0, 0x0,
    0x0, 0x0, 0x0, 0x0, 0x4f, 0xff, 0xff, 0xfb,
    0x0, 0x0, 0x0, 0x0, 0x0, 0x0, 0x0, 0x0,
    0xcf, 0xff, 0xff, 0xff, 0x50, 0x0, 0x0, 0x0,
    0x0, 0x0, 0x0, 0x6, 0xff, 0xff, 0xff, 0xff,
    0xd0, 0x0, 0x0, 0x0, 0x0, 0x0, 0x0, 0xe,
    0xff, 0xa2, 0x24, 0xff, 0xf7, 0x0, 0x0, 0x0,
    0x0, 0x0, 0x0, 0x8f, 0xff, 0x90, 0x1, 0xff,
    0xff, 0x10, 0x0, 0x0, 0x0, 0x0, 0x2, 0xff,
    0xff, 0xa0, 0x2, 0xff, 0xff, 0x90, 0x0, 0x0,
    0x0, 0x0, 0xa, 0xff, 0xff, 0xb0, 0x3, 0xff,
    0xff, 0xf2, 0x0, 0x0, 0x0, 0x0, 0x3f, 0xff,
    0xff, 0xc0, 0x4, 0xff, 0xff, 0xfb, 0x0, 0x0,
    0x0, 0x0, 0xcf, 0xff, 0xff, 0xd0, 0x5, 0xff,
    0xff, 0xff, 0x40, 0x0, 0x0, 0x6, 0xff, 0xff,
    0xff, 0xf9, 0x9c, 0xff, 0xff, 0xff, 0xd0, 0x0,
    0x0, 0xe, 0xff, 0xff, 0xff, 0xf5, 0x2b, 0xff,
    0xff, 0xff, 0xf7, 0x0, 0x0, 0x8f, 0xff, 0xff,
    0xff, 0x90, 0x1, 0xff, 0xff, 0xff, 0xfe, 0x10,
    0x1, 0xff, 0xff, 0xff, 0xff, 0x80, 0x0, 0xff,
    0xff, 0xff, 0xff, 0x90, 0xa, 0xff, 0xff, 0xff,
    0xff, 0xf4, 0x1a, 0xff, 0xff, 0xff, 0xff, 0xf2,
    0xf, 0xff, 0xff, 0xff, 0xff, 0xff, 0xff, 0xff,
    0xff, 0xff, 0xff, 0xf7, 0xb, 0xff, 0xff, 0xff,
    0xff, 0xff, 0xff, 0xff, 0xff, 0xff, 0xff, 0xf4,
    0x1, 0x68, 0x88, 0x88, 0x88, 0x88, 0x88, 0x88,
    0x88, 0x88, 0x88, 0x40,

    /* U+F072 "" */
    0x0, 0x0, 0x0, 0x2, 0x78, 0x71, 0x0, 0x0,
    0x0, 0x0, 0x0, 0x0, 0x0, 0x0, 0x0, 0x7,
    0xff, 0xf9, 0x0, 0x0, 0x0, 0x0, 0x0, 0x0,
    0x0, 0x0, 0x0, 0x3, 0xff, 0xff, 0x20, 0x0,
    0x0, 0x0, 0x0, 0x0, 0x0, 0x0, 0x0, 0x0,
    0xef, 0xff, 0xa0, 0x0, 0x0, 0x0, 0x0, 0x0,
    0x0, 0x0, 0x0, 0x0, 0xaf, 0xff, 0xf3, 0x0,
    0x0, 0x0, 0x0, 0x0, 0x3, 0x42, 0x0, 0x0,
    0x5f, 0xff, 0xfc, 0x0, 0x0, 0x0, 0x0, 0x0,
    0xe, 0xff, 0x20, 0x0, 0x1f, 0xff, 0xff, 0x50,
    0x0, 0x0, 0x0, 0x0, 0xb, 0xff, 0xd0, 0x0,
    0xc, 0xff, 0xff, 0xd0, 0x0, 0x0, 0x0, 0x0,
    0x6, 0xff, 0xfd, 0xcc, 0xce, 0xff, 0xff, 0xfd,
    0xcc, 0xcc, 0xa5, 0x0, 0x1, 0xff, 0xff, 0xff,
    0xff, 0xff, 0xff, 0xff, 0xff, 0xff, 0xff, 0xc1,
    0x0, 0xdf, 0xff, 0xff, 0xff, 0xff, 0xff, 0xff,
    0xff, 0xff, 0xff, 0xf6, 0x0, 0xff, 0xff, 0xff,
    0xff, 0xff, 0xff, 0xff, 0xff, 0xff, 0xff, 0xf3,
    0x4, 0xff, 0xff, 0xff, 0xff, 0xff, 0xff, 0xff,
    0xff, 0xff, 0xfc, 0x30, 0x9, 0xff, 0xf5, 0x33,
    0x3c, 0xff, 0xff, 0xf4, 0x33, 0x33, 0x10, 0x0,
    0xd, 0xff, 0x60, 0x0, 0xf, 0xff, 0xff, 0x80,
    0x0, 0x0, 0x0, 0x0, 0x9, 0xb8, 0x0, 0x0,
    0x4f, 0xff, 0xfe, 0x0, 0x0, 0x0, 0x0, 0x0,
    0x0, 0x0, 0x0, 0x0, 0x9f, 0xff, 0xf5, 0x0,
    0x0, 0x0, 0x0, 0x0, 0x0, 0x0, 0x0, 0x0,
    0xdf, 0xff, 0xc0, 0x0, 0x0, 0x0, 0x0, 0x0,
    0x0, 0x0, 0x0, 0x2, 0xff, 0xff, 0x30, 0x0,
    0x0, 0x0, 0x0, 0x0, 0x0, 0x0, 0x0, 0x6,
    0xff, 0xf9, 0x0, 0x0, 0x0, 0x0, 0x0, 0x0,
    0x0, 0x0, 0x0, 0x2, 0x78, 0x71, 0x0, 0x0,
    0x0, 0x0, 0x0, 0x0,

    /* U+F073 "" */
    0x0, 0x0, 0x67, 0x10, 0x0, 0x4, 0x84, 0x0,
    0x0, 0x0, 0x1, 0xff, 0x60, 0x0, 0xb, 0xfb,
    0x0, 0x0, 0x0, 0x1, 0xff, 0x60, 0x0, 0xc,
    0xfc, 0x0, 0x0, 0x5e, 0xff, 0xff, 0xff, 0xff,
    0xff, 0xff, 0xff, 0xb0, 0xef, 0xff, 0xff, 0xff,
    0xff, 0xff, 0xff, 0xff, 0xf6, 0xff, 0xff, 0xff,
    0xff, 0xff, 0xff, 0xff, 0xff, 0xf8, 0xcc, 0xcc,
    0xcc, 0xcc, 0xcc, 0xcc, 0xcc, 0xcc, 0xc6, 0x0,
    0x0, 0x0, 0x0, 0x0, 0x0, 0x0, 0x0, 0x0,
    0xff, 0xff, 0xff, 0xff, 0xff, 0xff, 0xff, 0xff,
    0xf8, 0xff, 0xff, 0xff, 0xff, 0xff, 0xff, 0xff,
    0xff, 0xf8, 0xff, 0xc8, 0x8f, 0xfd, 0x88, 0xff,
    0xc8, 0x8f, 0xf8, 0xff, 0x80, 0xd, 0xf9, 0x0,
    0xff, 0x80, 0xf, 0xf8, 0xff, 0x80, 0xd, 0xfa,
    0x0, 0xff, 0x80, 0xf, 0xf8, 0xff, 0xff, 0xff,
    0xff, 0xff, 0xff, 0xff, 0xff, 0xf8, 0xff, 0xff,
    0xff, 0xff, 0xff, 0xff, 0xff, 0xff, 0xf8, 0xff,
    0xc8, 0x8f, 0xfd, 0x88, 0xff, 0xc8, 0x8f, 0xf8,
    0xff, 0x80, 0xd, 0xf9, 0x0, 0xff, 0x80, 0xf,
    0xf8, 0xff, 0x80, 0xd, 0xfa, 0x0, 0xff, 0x80,
    0xf, 0xf8, 0xff, 0xff, 0xff, 0xff, 0xff, 0xff,
    0xff, 0xff, 0xf7, 0xbf, 0xff, 0xff, 0xff, 0xff,
    0xff, 0xff, 0xff, 0xf3, 0x6, 0x88, 0x88, 0x88,
    0x88, 0x88, 0x88, 0x87, 0x30,

    /* U+F074 "" */
    0x0, 0x0, 0x0, 0x0, 0x0, 0x0, 0x0, 0x4,
    0x30, 0x0, 0x0, 0x0, 0x0, 0x0, 0x0, 0x0,
    0x0, 0xf, 0xf5, 0x0, 0x0, 0x0, 0x0, 0x0,
    0x0, 0x0, 0x0, 0xf, 0xff, 0x50, 0xef, 0xff,
    0xf6, 0x0, 0x0, 0x1, 0xcf, 0xff, 0xff, 0xf5,
    0xff, 0xff, 0xff, 0x50, 0x0, 0xc, 0xff, 0xff,
    0xff, 0xff, 0xff, 0xff, 0xff, 0xf5, 0x0, 0xbf,
    0xff, 0xff, 0xff, 0xf7, 0x22, 0x23, 0xdf, 0xf8,
    0x9, 0xff, 0xf7, 0x2f, 0xff, 0x70, 0x0, 0x0,
    0x2e, 0xb0, 0x7f, 0xff, 0x90, 0xf, 0xf7, 0x0,
    0x0, 0x0, 0x3, 0x6, 0xff, 0xfa, 0x0, 0x7,
    0x60, 0x0, 0x0, 0x0, 0x0, 0x4f, 0xff, 0xb0,
    0x0, 0x0, 0x0, 0x0, 0x0, 0x0, 0x3, 0xff,
    0xfd, 0x3, 0x0, 0x7, 0x60, 0x0, 0x0, 0x0,
    0x2e, 0xff, 0xe1, 0x3f, 0x90, 0xf, 0xf8, 0x0,
    0x22, 0x23, 0xdf, 0xfe, 0x22, 0xef, 0xf7, 0x2f,
    0xff, 0x80, 0xff, 0xff, 0xff, 0xf3, 0x0, 0xcf,
    0xff, 0xff, 0xff, 0xf7, 0xff, 0xff, 0xff, 0x50,
    0x0, 0xc, 0xff, 0xff, 0xff, 0xfe, 0xef, 0xff,
    0xf6, 0x0, 0x0, 0x1, 0xcf, 0xff, 0xff, 0xf4,
    0x0, 0x0, 0x0, 0x0, 0x0, 0x0, 0x0, 0xf,
    0xff, 0x40, 0x0, 0x0, 0x0, 0x0, 0x0, 0x0,
    0x0, 0xf, 0xf5, 0x0, 0x0, 0x0, 0x0, 0x0,
    0x0, 0x0, 0x0, 0x4, 0x30, 0x0,

    /* U+F075 "" */
    0x0, 0x0, 0x0, 0x0, 0x2, 0x33, 0x20, 0x0,
    0x0, 0x0, 0x0, 0x0, 0x0, 0x5, 0xbf, 0xff,
    0xff, 0xfb, 0x50, 0x0, 0x0, 0x0, 0x0, 0x4d,
    0xff, 0xff, 0xff, 0xff, 0xff, 0xd3, 0x0, 0x0,
    0x0, 0x7f, 0xff, 0xff, 0xff, 0xff, 0xff, 0xff,
    0xf6, 0x0, 0x0, 0x6f, 0xff, 0xff, 0xff, 0xff,
    0xff, 0xff, 0xff, 0xf6, 0x0, 0x2f, 0xff, 0xff,
    0xff, 0xff, 0xff, 0xff, 0xff, 0xff, 0xf2, 0x8,
    0xff, 0xff, 0xff, 0xff, 0xff, 0xff, 0xff, 0xff,
    0xff, 0x80, 0xdf, 0xff, 0xff, 0xff, 0xff, 0xff,
    0xff, 0xff, 0xff, 0xfd, 0xf, 0xff, 0xff, 0xff,
    0xff, 0xff, 0xff, 0xff, 0xff, 0xff, 0xf0, 0xff,
    0xff, 0xff, 0xff, 0xff, 0xff, 0xff, 0xff, 0xff,
    0xfe, 0xc, 0xff, 0xff, 0xff, 0xff, 0xff, 0xff,
    0xff, 0xff, 0xff, 0xc0, 0x7f, 0xff, 0xff, 0xff,
    0xff, 0xff, 0xff, 0xff, 0xff, 0xf7, 0x0, 0xef,
    0xff, 0xff, 0xff, 0xff, 0xff, 0xff, 0xff, 0xfe,
    0x0, 0x3, 0xff, 0xff, 0xff, 0xff, 0xff, 0xff,
    0xff, 0xff, 0x30, 0x0, 0xe, 0xff, 0xff, 0xff,
    0xff, 0xff, 0xff, 0xfe, 0x30, 0x0, 0x6, 0xff,
    0xff, 0xff, 0xff, 0xff, 0xff, 0xfa, 0x10, 0x0,
    0x1, 0xef, 0xff, 0x77, 0xbd, 0xff, 0xeb, 0x72,
    0x0, 0x0, 0x0, 0xaf, 0xe9, 0x20, 0x0, 0x0,
    0x0, 0x0, 0x0, 0x0, 0x0, 0x3, 0x20, 0x0,
    0x0, 0x0, 0x0, 0x0, 0x0, 0x0, 0x0, 0x0,

    /* U+F076 "" */
    0x8e, 0xff, 0xfe, 0x60, 0x0, 0x0, 0x6, 0xef,
    0xff, 0xe8, 0xff, 0xff, 0xff, 0xd0, 0x0, 0x0,
    0xd, 0xff, 0xff, 0xff, 0xff, 0xff, 0xff, 0xe0,
    0x0, 0x0, 0xe, 0xff, 0xff, 0xff, 0xff, 0xff,
    0xff, 0xe0, 0x0, 0x0, 0xe, 0xff, 0xff, 0xff,
    0xff, 0xff, 0xff, 0xd0, 0x0, 0x0, 0xd, 0xff,
    0xff, 0xff, 0x1, 0x11, 0x11, 0x0, 0x0, 0x0,
    0x0, 0x11, 0x11, 0x10, 0x9a, 0xaa, 0xaa, 0x70,
    0x0, 0x0, 0x7, 0xaa, 0xaa, 0xa9, 0xff, 0xff,
    0xff, 0xe0, 0x0, 0x0, 0xe, 0xff, 0xff, 0xff,
    0xff, 0xff, 0xff, 0xe0, 0x0, 0x0, 0xe, 0xff,
    0xff, 0xff, 0xff, 0xff, 0xff, 0xf0, 0x0, 0x0,
    0xf, 0xff, 0xff, 0xff, 0xdf, 0xff, 0xff, 0xf2,
    0x0, 0x0, 0x2f, 0xff, 0xff, 0xfd, 0xaf, 0xff,
    0xff, 0xfa, 0x0, 0x0, 0xaf, 0xff, 0xff, 0xfa,
    0x4f, 0xff, 0xff, 0xff, 0xa3, 0x3a, 0xff, 0xff,
    0xff, 0xf4, 0xc, 0xff, 0xff, 0xff, 0xff, 0xff,
    0xff, 0xff, 0xff, 0xd0, 0x3, 0xff, 0xff, 0xff,
    0xff, 0xff, 0xff, 0xff, 0xff, 0x30, 0x0, 0x5f,
    0xff, 0xff, 0xff, 0xff, 0xff, 0xff, 0xf6, 0x0,
    0x0, 0x5, 0xff, 0xff, 0xff, 0xff, 0xff, 0xff,
    0x50, 0x0, 0x0, 0x0, 0x1a, 0xff, 0xff, 0xff,
    0xff, 0xa2, 0x0, 0x0, 0x0, 0x0, 0x0, 0x16,
    0xab, 0xba, 0x61, 0x0, 0x0, 0x0,

    /* U+F077 "" */
    0x0, 0x0, 0x0, 0x0, 0x94, 0x0, 0x0, 0x0,
    0x0, 0x0, 0x0, 0x0, 0xc, 0xff, 0x50, 0x0,
    0x0, 0x0, 0x0, 0x0, 0x0, 0xcf, 0xff, 0xf5,
    0x0, 0x0, 0x0, 0x0, 0x0, 0xc, 0xff, 0xff,
    0xff, 0x50, 0x0, 0x0, 0x0, 0x0, 0xcf, 0xff,
    0xae, 0xff, 0xf5, 0x0, 0x0, 0x0, 0xc, 0xff,
    0xf9, 0x3, 0xef, 0xff, 0x50, 0x0, 0x0, 0xcf,
    0xff, 0x90, 0x0, 0x3e, 0xff, 0xf5, 0x0, 0xc,
    0xff, 0xf9, 0x0, 0x0, 0x3, 0xef, 0xff, 0x50,
    0xaf, 0xff, 0x90, 0x0, 0x0, 0x0, 0x3e, 0xff,
    0xf2, 0x7f, 0xf9, 0x0, 0x0, 0x0, 0x0, 0x3,
    0xef, 0xe1, 0x6, 0x70, 0x0, 0x0, 0x0, 0x0,
    0x0, 0x29, 0x20,

    /* U+F078 "" */
    0x6, 0x70, 0x0, 0x0, 0x0, 0x0, 0x0, 0x29,
    0x20, 0x7f, 0xf9, 0x0, 0x0, 0x0, 0x0, 0x2,
    0xef, 0xe1, 0x9f, 0xff, 0x90, 0x0, 0x0, 0x0,
    0x3e, 0xff, 0xf2, 0xb, 0xff, 0xf9, 0x0, 0x0,
    0x3, 0xef, 0xff, 0x50, 0x0, 0xbf, 0xff, 0x90,
    0x0, 0x3e, 0xff, 0xf5, 0x0, 0x0, 0xb, 0xff,
    0xf9, 0x3, 0xef, 0xff, 0x50, 0x0, 0x0, 0x0,
    0xbf, 0xff, 0xae, 0xff, 0xf5, 0x0, 0x0, 0x0,
    0x0, 0xb, 0xff, 0xff, 0xff, 0x50, 0x0, 0x0,
    0x0, 0x0, 0x0, 0xbf, 0xff, 0xf5, 0x0, 0x0,
    0x0, 0x0, 0x0, 0x0, 0xb, 0xff, 0x50, 0x0,
    0x0, 0x0, 0x0, 0x0, 0x0, 0x0, 0x94, 0x0,
    0x0, 0x0, 0x0,

    /* U+F079 "" */
    0x0, 0x0, 0x9c, 0x10, 0x0, 0x0, 0x0, 0x0,
    0x0, 0x0, 0x0, 0x0, 0x0, 0x0, 0xa, 0xff,
    0xd1, 0x0, 0x58, 0x88, 0x88, 0x88, 0x88, 0x81,
    0x0, 0x0, 0x0, 0xaf, 0xff, 0xfd, 0x20, 0xef,
    0xff, 0xff, 0xff, 0xff, 0xf6, 0x0, 0x0, 0xa,
    0xff, 0xff, 0xff, 0xe2, 0x4e, 0xff, 0xff, 0xff,
    0xff, 0xf6, 0x0, 0x0, 0x8f, 0xfc, 0xff, 0xcf,
    0xfd, 0x0, 0x0, 0x0, 0x0, 0x1f, 0xf6, 0x0,
    0x0, 0x7f, 0xc2, 0xff, 0x67, 0xfc, 0x0, 0x0,
    0x0, 0x0, 0x1f, 0xf6, 0x0, 0x0, 0x3, 0x1,
    0xff, 0x60, 0x30, 0x0, 0x0, 0x0, 0x0, 0x1f,
    0xf6, 0x0, 0x0, 0x0, 0x1, 0xff, 0x60, 0x0,
    0x0, 0x0, 0x0, 0x0, 0x1f, 0xf6, 0x0, 0x0,
    0x0, 0x1, 0xff, 0x60, 0x0, 0x0, 0x0, 0x0,
    0x0, 0x1f, 0xf6, 0x0, 0x0, 0x0, 0x1, 0xff,
    0x60, 0x0, 0x0, 0x0, 0x3, 0xd7, 0x1f, 0xf6,
    0x3d, 0x70, 0x0, 0x1, 0xff, 0x60, 0x0, 0x0,
    0x0, 0xa, 0xff, 0x7f, 0xf9, 0xef, 0xf0, 0x0,
    0x1, 0xff, 0xb8, 0x88, 0x88, 0x88, 0x32, 0xef,
    0xff, 0xff, 0xff, 0x60, 0x0, 0x1, 0xff, 0xff,
    0xff, 0xff, 0xff, 0xf2, 0x2e, 0xff, 0xff, 0xf6,
    0x0, 0x0, 0x0, 0xdf, 0xff, 0xff, 0xff, 0xff,
    0xe2, 0x2, 0xef, 0xff, 0x60, 0x0, 0x0, 0x0,
    0x0, 0x0, 0x0, 0x0, 0x0, 0x0, 0x0, 0x2e,
    0xf6, 0x0, 0x0, 0x0, 0x0, 0x0, 0x0, 0x0,
    0x0, 0x0, 0x0, 0x0, 0x1, 0x30, 0x0, 0x0,

    /* U+F07A "" */
    0x5, 0x88, 0x87, 0x30, 0x0, 0x0, 0x0, 0x0,
    0x0, 0x0, 0x0, 0x0, 0xf, 0xff, 0xff, 0xd0,
    0x0, 0x0, 0x0, 0x0, 0x0, 0x0, 0x0, 0x0,
    0xd, 0xff, 0xff, 0xf0, 0x0, 0x0, 0x0, 0x0,
    0x0, 0x0, 0x0, 0x0, 0x0, 0x0, 0x4f, 0xff,
    0xff, 0xff, 0xff, 0xff, 0xff, 0xff, 0xff, 0xf3,
    0x0, 0x0, 0x1f, 0xff, 0xff, 0xff, 0xff, 0xff,
    0xff, 0xff, 0xff, 0xf4, 0x0, 0x0, 0xe, 0xff,
    0xff, 0xff, 0xff, 0xff, 0xff, 0xff, 0xff, 0xf1,
    0x0, 0x0, 0xb, 0xff, 0xff, 0xff, 0xff, 0xff,
    0xff, 0xff, 0xff, 0xd0, 0x0, 0x0, 0x8, 0xff,
    0xff, 0xff, 0xff, 0xff, 0xff, 0xff, 0xff, 0x90,
    0x0, 0x0, 0x4, 0xff, 0xff, 0xff, 0xff, 0xff,
    0xff, 0xff, 0xff, 0x60, 0x0, 0x0, 0x1, 0xff,
    0xff, 0xff, 0xff, 0xff, 0xff, 0xff, 0xff, 0x20,
    0x0, 0x0, 0x0, 0xef, 0xff, 0xff, 0xff, 0xff,
    0xff, 0xff, 0xfe, 0x0, 0x0, 0x0, 0x0, 0xbf,
    0xff, 0xff, 0xff, 0xff, 0xff, 0xff, 0xfb, 0x0,
    0x0, 0x0, 0x0, 0x7f, 0xff, 0xff, 0xff, 0xff,
    0xff, 0xff, 0xf6, 0x0, 0x0, 0x0, 0x0, 0x4f,
    0xf4, 0x0, 0x0, 0x0, 0x0, 0x0, 0x0, 0x0,
    0x0, 0x0, 0x0, 0x1f, 0xfb, 0x88, 0x88, 0x88,
    0x88, 0x88, 0x40, 0x0, 0x0, 0x0, 0x0, 0xe,
    0xff, 0xff, 0xff, 0xff, 0xff, 0xff, 0xc0, 0x0,
    0x0, 0x0, 0x0, 0xc, 0xff, 0xff, 0xff, 0xff,
    0xff, 0xff, 0xc0, 0x0, 0x0, 0x0, 0x0, 0x7f,
    0xff, 0x40, 0x0, 0x0, 0x3, 0xff, 0xf9, 0x0,
    0x0, 0x0, 0x0, 0xbf, 0xff, 0x80, 0x0, 0x0,
    0x7, 0xff, 0xfd, 0x0, 0x0, 0x0, 0x0, 0x7f,
    0xff, 0x50, 0x0, 0x0, 0x3, 0xff, 0xf9, 0x0,
    0x0, 0x0, 0x0, 0x7, 0xa5, 0x0, 0x0, 0x0,
    0x0, 0x4a, 0x70, 0x0,

    /* U+F07B "" */
    0x5e, 0xff, 0xff, 0xff, 0x90, 0x0, 0x0, 0x0,
    0x0, 0x0, 0xef, 0xff, 0xff, 0xff, 0xf9, 0x0,
    0x0, 0x0, 0x0, 0x0, 0xff, 0xff, 0xff, 0xff,
    0xff, 0xa8, 0x88, 0x88, 0x88, 0x60, 0xff, 0xff,
    0xff, 0xff, 0xff, 0xff, 0xff, 0xff, 0xff, 0xfb,
    0xff, 0xff, 0xff, 0xff, 0xff, 0xff, 0xff, 0xff,
    0xff, 0xff, 0xff, 0xff, 0xff, 0xff, 0xff, 0xff,
    0xff, 0xff, 0xff, 0xff, 0xff, 0xff, 0xff, 0xff,
    0xff, 0xff, 0xff, 0xff, 0xff, 0xff, 0xff, 0xff,
    0xff, 0xff, 0xff, 0xff, 0xff, 0xff, 0xff, 0xff,
    0xff, 0xff, 0xff, 0xff, 0xff, 0xff, 0xff, 0xff,
    0xff, 0xff, 0xff, 0xff, 0xff, 0xff, 0xff, 0xff,
    0xff, 0xff, 0xff, 0xff, 0xff, 0xff, 0xff, 0xff,
    0xff, 0xff, 0xff, 0xff, 0xff, 0xff, 0xff, 0xff,
    0xff, 0xff, 0xff, 0xff, 0xff, 0xff, 0xff, 0xff,
    0xff, 0xff, 0xff, 0xff, 0xff, 0xff, 0xff, 0xff,
    0xff, 0xff, 0xef, 0xff, 0xff, 0xff, 0xff, 0xff,
    0xff, 0xff, 0xff, 0xfe, 0x5e, 0xff, 0xff, 0xff,
    0xff, 0xff, 0xff, 0xff, 0xff, 0xe5,

    /* U+F07C "" */
    0x1, 0x33, 0x33, 0x33, 0x0, 0x0, 0x0, 0x0,
    0x0, 0x0, 0x0, 0x7, 0xff, 0xff, 0xff, 0xfc,
    0x0, 0x0, 0x0, 0x0, 0x0, 0x0, 0x0, 0xff,
    0xff, 0xff, 0xff, 0xfc, 0x0, 0x0, 0x0, 0x0,
    0x0, 0x0, 0xf, 0xff, 0xff, 0xff, 0xff, 0xfd,
    0xbb, 0xbb, 0xbb, 0x80, 0x0, 0x0, 0xff, 0xff,
    0xff, 0xff, 0xff, 0xff, 0xff, 0xff, 0xff, 0x90,
    0x0, 0xf, 0xff, 0xff, 0xff, 0xff, 0xff, 0xff,
    0xff, 0xff, 0xfb, 0x0, 0x0, 0xff, 0xff, 0xff,
    0xff, 0xff, 0xff, 0xff, 0xff, 0xff, 0xc0, 0x0,
    0xf, 0xff, 0xe6, 0x20, 0x0, 0x0, 0x0, 0x0,
    0x0, 0x0, 0x0, 0x0, 0xff, 0xf2, 0x16, 0x88,
    0x88, 0x88, 0x88, 0x88, 0x88, 0x88, 0x87, 0x1f,
    0xf6, 0x1e, 0xff, 0xff, 0xff, 0xff, 0xff, 0xff,
    0xff, 0xff, 0xf7, 0xfd, 0xa, 0xff, 0xff, 0xff,
    0xff, 0xff, 0xff, 0xff, 0xff, 0xff, 0x1f, 0x43,
    0xff, 0xff, 0xff, 0xff, 0xff, 0xff, 0xff, 0xff,
    0xff, 0x70, 0xb0, 0xdf, 0xff, 0xff, 0xff, 0xff,
    0xff, 0xff, 0xff, 0xff, 0xd0, 0x2, 0x6f, 0xff,
    0xff, 0xff, 0xff, 0xff, 0xff, 0xff, 0xff, 0xf4,
    0x0, 0xe, 0xff, 0xff, 0xff, 0xff, 0xff, 0xff,
    0xff, 0xff, 0xfa, 0x0, 0x1, 0xef, 0xff, 0xff,
    0xff, 0xff, 0xff, 0xff, 0xff, 0xfa, 0x10, 0x0,

    /* U+F080 "" */
    0xef, 0x60, 0x0, 0x0, 0x0, 0x0, 0x0, 0x0,
    0xdf, 0x70, 0xff, 0x80, 0x0, 0x0, 0xb, 0xb3,
    0x0, 0x0, 0xef, 0x90, 0xff, 0x80, 0x0, 0x0,
    0x1f, 0xf6, 0x0, 0x0, 0xef, 0x90, 0xff, 0x80,
    0x0, 0x0, 0x1f, 0xf6, 0x3, 0x20, 0xef, 0x90,
    0xff, 0x80, 0x0, 0x0, 0x1f, 0xf6, 0x7f, 0xf0,
    0xef, 0x90, 0xff, 0x80, 0x0, 0x0, 0x1f, 0xf6,
    0x8f, 0xf0, 0xef, 0x90, 0xff, 0x80, 0xa, 0xc4,
    0x1f, 0xf6, 0x8f, 0xf0, 0xef, 0x90, 0xff, 0x80,
    0xf, 0xf8, 0x1f, 0xf6, 0x8f, 0xf0, 0xef, 0x90,
    0xff, 0x80, 0xf, 0xf8, 0x1f, 0xf6, 0x8f, 0xf0,
    0xef, 0x90, 0xff, 0x80, 0xe, 0xf6, 0xf, 0xf5,
    0x6f, 0xe0, 0xdf, 0x70, 0xff, 0x80, 0x0, 0x0,
    0x0, 0x0, 0x0, 0x0, 0x0, 0x0, 0xff, 0x80,
    0x0, 0x0, 0x0, 0x0, 0x0, 0x0, 0x0, 0x0,
    0xff, 0xc8, 0x88, 0x88, 0x88, 0x88, 0x88, 0x88,
    0x88, 0x86, 0xff, 0xff, 0xff, 0xff, 0xff, 0xff,
    0xff, 0xff, 0xff, 0xff, 0xaf, 0xff, 0xff, 0xff,
    0xff, 0xff, 0xff, 0xff, 0xff, 0xfe,

    /* U+F081 "" */
    0x0, 0x0, 0x0, 0x0, 0x0, 0x0, 0x0, 0x0,
    0x0, 0x6f, 0xff, 0xff, 0xff, 0xff, 0xff, 0xff,
    0xff, 0xd2, 0xff, 0xff, 0xff, 0xff, 0xff, 0xff,
    0xff, 0xff, 0xfa, 0xff, 0xff, 0xff, 0xff, 0xff,
    0xff, 0xff, 0xff, 0xfb, 0xff, 0xff, 0xff, 0xff,
    0xff, 0xca, 0xef, 0xff, 0xfb, 0xff, 0xf7, 0xff,
    0xff, 0xf6, 0x0, 0x5, 0x9f, 0xfb, 0xff, 0xf0,
    0x3d, 0xff, 0xd0, 0x0, 0x0, 0x8f, 0xfb, 0xff,
    0xf5, 0x0, 0x49, 0x80, 0x0, 0x1, 0xff, 0xfb,
    0xff, 0xf5, 0x0, 0x0, 0x0, 0x0, 0x3, 0xff,
    0xfb, 0xff, 0xf7, 0x0, 0x0, 0x0, 0x0, 0x7,
    0xff, 0xfb, 0xff, 0xff, 0x40, 0x0, 0x0, 0x0,
    0xd, 0xff, 0xfb, 0xff, 0xff, 0x90, 0x0, 0x0,
    0x0, 0x8f, 0xff, 0xfb, 0xff, 0xff, 0xfc, 0x10,
    0x0, 0x7, 0xff, 0xff, 0xfb, 0xff, 0xfb, 0x60,
    0x0, 0x3, 0xbf, 0xff, 0xff, 0xfb, 0xff, 0xff,
    0xdb, 0xab, 0xdf, 0xff, 0xff, 0xff, 0xfb, 0xff,
    0xff, 0xff, 0xff, 0xff, 0xff, 0xff, 0xff, 0xfb,
    0xff, 0xff, 0xff, 0xff, 0xff, 0xff, 0xff, 0xff,
    0xfa, 0x6f, 0xff, 0xff, 0xff, 0xff, 0xff, 0xff,
    0xff, 0xd2, 0x0, 0x0, 0x0, 0x0, 0x0, 0x0,
    0x0, 0x0, 0x0,

    /* U+F082 "" */
    0x0, 0x0, 0x0, 0x0, 0x0, 0x0, 0x0, 0x0,
    0x0, 0x6f, 0xff, 0xff, 0xff, 0xff, 0xff, 0xff,
    0xff, 0xc1, 0xff, 0xff, 0xff, 0xff, 0xff, 0xff,
    0xff, 0xff, 0xf7, 0xff, 0xff, 0xff, 0xff, 0xff,
    0xdd, 0xef, 0xff, 0xf8, 0xff, 0xff, 0xff, 0xff,
    0x80, 0x0, 0xf, 0xff, 0xf8, 0xff, 0xff, 0xff,
    0xfb, 0x0, 0x0, 0xf, 0xff, 0xf8, 0xff, 0xff,
    0xff, 0xf5, 0x0, 0x5e, 0xff, 0xff, 0xf8, 0xff,
    0xff, 0xff, 0xf3, 0x0, 0xbf, 0xff, 0xff, 0xf8,
    0xff, 0xff, 0xff, 0xf3, 0x0, 0xbf, 0xff, 0xff,
    0xf8, 0xff, 0xff, 0xd6, 0x61, 0x0, 0x46, 0x6f,
    0xff, 0xf8, 0xff, 0xff, 0xc0, 0x0, 0x0, 0x0,
    0x3f, 0xff, 0xf8, 0xff, 0xff, 0xc0, 0x0, 0x0,
    0x0, 0x5f, 0xff, 0xf8, 0xff, 0xff, 0xfe, 0xe3,
    0x0, 0xae, 0xff, 0xff, 0xf8, 0xff, 0xff, 0xff,
    0xf3, 0x0, 0xbf, 0xff, 0xff, 0xf8, 0xff, 0xff,
    0xff, 0xf3, 0x0, 0xbf, 0xff, 0xff, 0xf8, 0xff,
    0xff, 0xff, 0xf3, 0x0, 0xbf, 0xff, 0xff, 0xf8,
    0xff, 0xff, 0xff, 0xf3, 0x0, 0xbf, 0xff, 0xff,
    0xf7, 0x6f, 0xff, 0xff, 0xf3, 0x0, 0xbf, 0xff,
    0xff, 0xc1, 0x0, 0x0, 0x0, 0x0, 0x0, 0x0,
    0x0, 0x0, 0x0,

    /* U+F083 "" */
    0x2, 0x44, 0x44, 0x44, 0x44, 0x44, 0x44, 0x44,
    0x44, 0x20, 0x8f, 0xff, 0xff, 0xff, 0xff, 0xff,
    0xff, 0xff, 0xff, 0xf8, 0xf5, 0x0, 0x0, 0xcd,
    0x0, 0x0, 0x0, 0x0, 0x0, 0x5f, 0xfc, 0xaa,
    0xaa, 0xd4, 0x0, 0x0, 0x0, 0x0, 0x0, 0x4f,
    0xf4, 0x0, 0x0, 0x0, 0x0, 0x0, 0x0, 0x0,
    0x0, 0x4f, 0xf4, 0x0, 0x0, 0x0, 0x0, 0x0,
    0x0, 0x0, 0x0, 0x4f, 0xff, 0xff, 0xff, 0xff,
    0xff, 0xff, 0xff, 0xff, 0xff, 0xff, 0xff, 0xff,
    0xff, 0xfa, 0x20, 0x2, 0xaf, 0xff, 0xff, 0xff,
    0xff, 0xff, 0xff, 0x70, 0x9e, 0xfb, 0x17, 0xff,
    0xff, 0xff, 0xff, 0xff, 0xfc, 0x9, 0x90, 0x7f,
    0xc0, 0xcf, 0xff, 0xff, 0xff, 0xff, 0xf6, 0x1e,
    0xb, 0xff, 0xf4, 0x7f, 0xff, 0xff, 0xff, 0xff,
    0xf5, 0x2c, 0x5f, 0xff, 0xf6, 0x5f, 0xff, 0xff,
    0xff, 0xff, 0xf7, 0xf, 0xff, 0xff, 0xf3, 0x7f,
    0xff, 0xff, 0xff, 0xff, 0xfc, 0x7, 0xff, 0xff,
    0xa0, 0xcf, 0xff, 0xff, 0xff, 0xff, 0xff, 0x80,
    0x5b, 0xc7, 0x8, 0xff, 0xff, 0xff, 0xff, 0xff,
    0xff, 0xfa, 0x30, 0x3, 0xaf, 0xff, 0xff, 0xff,
    0xff, 0xff, 0xff, 0xff, 0xff, 0xff, 0xff, 0xff,
    0xff, 0xff, 0x8f, 0xff, 0xff, 0xff, 0xff, 0xff,
    0xff, 0xff, 0xff, 0xf8, 0x2, 0x33, 0x33, 0x33,
    0x33, 0x33, 0x33, 0x33, 0x33, 0x20,

    /* U+F084 "" */
    0x0, 0x0, 0x0, 0x0, 0x0, 0x1, 0x33, 0x20,
    0x0, 0x0, 0x0, 0x0, 0x0, 0x0, 0x3, 0xbf,
    0xff, 0xfd, 0x60, 0x0, 0x0, 0x0, 0x0, 0x0,
    0x7f, 0xff, 0xff, 0xff, 0xfb, 0x0, 0x0, 0x0,
    0x0, 0x6, 0xff, 0xff, 0xff, 0xee, 0xff, 0xa0,
    0x0, 0x0, 0x0, 0xf, 0xff, 0xff, 0xf9, 0x0,
    0x9f, 0xf4, 0x0, 0x0, 0x0, 0x6f, 0xff, 0xff,
    0xf2, 0x0, 0x2f, 0xfb, 0x0, 0x0, 0x0, 0x9f,
    0xff, 0xff, 0xf8, 0x0, 0x8f, 0xfe, 0x0, 0x0,
    0x0, 0xbf, 0xff, 0xff, 0xff, 0xdd, 0xff, 0xff,
    0x0, 0x0, 0x0, 0xaf, 0xff, 0xff, 0xff, 0xff,
    0xff, 0xfe, 0x0, 0x0, 0x0, 0x8f, 0xff, 0xff,
    0xff, 0xff, 0xff, 0xfa, 0x0, 0x0, 0x5, 0xff,
    0xff, 0xff, 0xff, 0xff, 0xff, 0xf3, 0x0, 0x0,
    0x5f, 0xff, 0xff, 0xff, 0xff, 0xff, 0xff, 0x80,
    0x0, 0x5, 0xff, 0xff, 0xff, 0xff, 0xff, 0xff,
    0xf9, 0x0, 0x0, 0x5f, 0xff, 0xff, 0xff, 0xff,
    0xff, 0xfb, 0x40, 0x0, 0x6, 0xff, 0xff, 0xff,
    0xff, 0xf6, 0x11, 0x0, 0x0, 0x0, 0x6f, 0xff,
    0xff, 0xff, 0xd6, 0x40, 0x0, 0x0, 0x0, 0x0,
    0xff, 0xff, 0xff, 0xff, 0xb0, 0x0, 0x0, 0x0,
    0x0, 0x0, 0xff, 0xff, 0xff, 0xee, 0x70, 0x0,
    0x0, 0x0, 0x0, 0x0, 0xff, 0xff, 0xff, 0x40,
    0x0, 0x0, 0x0, 0x0, 0x0, 0x0, 0xff, 0xff,
    0xff, 0x30, 0x0, 0x0, 0x0, 0x0, 0x0, 0x0,
    0x36, 0x66, 0x65, 0x0, 0x0, 0x0, 0x0, 0x0,
    0x0, 0x0,

    /* U+F085 "" */
    0x0, 0x0, 0x0, 0x0, 0x0, 0x0, 0x0, 0x0,
    0x0, 0x1, 0x30, 0x23, 0x0, 0x0, 0x0, 0x0,
    0x0, 0x2, 0x31, 0x0, 0x0, 0x0, 0x2, 0xef,
    0x9d, 0xf6, 0x0, 0x0, 0x0, 0x0, 0xa, 0xff,
    0xf9, 0x0, 0x0, 0x0, 0x1f, 0xff, 0xff, 0x50,
    0x0, 0x0, 0x0, 0x0, 0xdf, 0xff, 0xb0, 0x0,
    0x0, 0x3a, 0xfc, 0x49, 0xfc, 0x50, 0x0, 0x5,
    0x1, 0x8f, 0xff, 0xfe, 0x70, 0x16, 0xb, 0xff,
    0x40, 0xf, 0xff, 0x0, 0xb, 0xfe, 0xef, 0xff,
    0xff, 0xff, 0xdf, 0xf9, 0x8e, 0xf9, 0x5, 0xff,
    0xb0, 0x6, 0xff, 0xff, 0xff, 0xff, 0xff, 0xff,
    0xff, 0xf4, 0x3f, 0xff, 0xff, 0x70, 0x0, 0xef,
    0xff, 0xff, 0xfc, 0xad, 0xff, 0xff, 0xff, 0xb3,
    0xff, 0xff, 0xf7, 0x0, 0x9, 0xff, 0xff, 0xf6,
    0x0, 0x9, 0xff, 0xff, 0xf7, 0x7, 0x90, 0x69,
    0x10, 0x0, 0x5, 0xff, 0xfc, 0x0, 0x0, 0xe,
    0xff, 0xf2, 0x0, 0x0, 0x0, 0x0, 0x0, 0x0,
    0x5f, 0xff, 0xa0, 0x0, 0x0, 0xcf, 0xff, 0x20,
    0x0, 0x0, 0x0, 0x0, 0x0, 0x5, 0xff, 0xfd,
    0x0, 0x0, 0xf, 0xff, 0xf3, 0x0, 0x0, 0x0,
    0x0, 0x0, 0xa, 0xff, 0xff, 0xfa, 0x0, 0x9,
    0xff, 0xff, 0xf7, 0x7, 0xa0, 0x69, 0x10, 0x0,
    0xdf, 0xff, 0xff, 0xfe, 0xcf, 0xff, 0xff, 0xff,
    0xb3, 0xff, 0xff, 0xf7, 0x0, 0x5, 0xff, 0xff,
    0xff, 0xff, 0xff, 0xff, 0xff, 0xf3, 0x3f, 0xff,
    0xff, 0x70, 0x0, 0xa, 0xfd, 0xdf, 0xff, 0xff,
    0xff, 0xce, 0xf8, 0x8e, 0xf8, 0x4, 0xff, 0xc0,
    0x0, 0x3, 0x0, 0x7f, 0xff, 0xfe, 0x60, 0x3,
    0xb, 0xff, 0x50, 0xf, 0xff, 0x0, 0x0, 0x0,
    0x0, 0xdf, 0xff, 0xb0, 0x0, 0x0, 0x3a, 0xfc,
    0x5a, 0xfc, 0x50, 0x0, 0x0, 0x0, 0x9, 0xff,
    0xf7, 0x0, 0x0, 0x0, 0x1f, 0xff, 0xff, 0x50,
    0x0, 0x0, 0x0, 0x0, 0x1, 0x20, 0x0, 0x0,
    0x0, 0x2, 0xef, 0x9d, 0xf6, 0x0, 0x0, 0x0,
    0x0, 0x0, 0x0, 0x0, 0x0, 0x0, 0x0, 0x1,
    0x30, 0x22, 0x0, 0x0,

    /* U+F086 "" */
    0x0, 0x0, 0x0, 0x3, 0x55, 0x41, 0x0, 0x0,
    0x0, 0x0, 0x0, 0x0, 0x0, 0x0, 0x3a, 0xff,
    0xff, 0xff, 0xc5, 0x0, 0x0, 0x0, 0x0, 0x0,
    0x0, 0x9, 0xff, 0xff, 0xff, 0xff, 0xff, 0xb1,
    0x0, 0x0, 0x0, 0x0, 0x0, 0xaf, 0xff, 0xff,
    0xff, 0xff, 0xff, 0xfd, 0x0, 0x0, 0x0, 0x0,
    0x5, 0xff, 0xff, 0xff, 0xff, 0xff, 0xff, 0xff,
    0x90, 0x0, 0x0, 0x0, 0xc, 0xff, 0xff, 0xff,
    0xff, 0xff, 0xff, 0xff, 0xf0, 0x0, 0x0, 0x0,
    0xf, 0xff, 0xff, 0xff, 0xff, 0xff, 0xff, 0xff,
    0xf3, 0x66, 0x0, 0x0, 0xf, 0xff, 0xff, 0xff,
    0xff, 0xff, 0xff, 0xff, 0xf2, 0x9f, 0xd2, 0x0,
    0xb, 0xff, 0xff, 0xff, 0xff, 0xff, 0xff, 0xff,
    0xe0, 0xbf, 0xff, 0x30, 0x3, 0xff, 0xff, 0xff,
    0xff, 0xff, 0xff, 0xff, 0x71, 0xff, 0xff, 0xd0,
    0x0, 0xaf, 0xff, 0xff, 0xff, 0xff, 0xff, 0xfb,
    0xb, 0xff, 0xff, 0xf4, 0x1, 0xff, 0xff, 0xff,
    0xff, 0xff, 0xff, 0x80, 0x8f, 0xff, 0xff, 0xf7,
    0xc, 0xfb, 0x46, 0xcf, 0xff, 0xfd, 0x92, 0x1a,
    0xff, 0xff, 0xff, 0xf7, 0x1, 0x0, 0x0, 0x0,
    0x11, 0x0, 0x17, 0xef, 0xff, 0xff, 0xff, 0xf3,
    0x0, 0x0, 0x0, 0x0, 0x9a, 0xbd, 0xff, 0xff,
    0xff, 0xff, 0xff, 0xb0, 0x0, 0x0, 0x0, 0x0,
    0x4f, 0xff, 0xff, 0xff, 0xff, 0xff, 0xff, 0x20,
    0x0, 0x0, 0x0, 0x0, 0x3, 0xdf, 0xff, 0xff,
    0xff, 0xff, 0xff, 0x90, 0x0, 0x0, 0x0, 0x0,
    0x0, 0x6, 0xbf, 0xff, 0xfe, 0x94, 0x7e, 0xf4,
    0x0, 0x0, 0x0, 0x0, 0x0, 0x0, 0x0, 0x11,
    0x0, 0x0, 0x0, 0x0,

    /* U+F089 "" */
    0x0, 0x0, 0x0, 0x0, 0x0, 0x31, 0x0, 0x0,
    0x0, 0x0, 0x1, 0xf4, 0x0, 0x0, 0x0, 0x0,
    0x8, 0xf4, 0x0, 0x0, 0x0, 0x0, 0x1f, 0xf4,
    0x0, 0x0, 0x0, 0x0, 0x8f, 0xf4, 0x0, 0x0,
    0x0, 0x0, 0xff, 0xf4, 0x0, 0x0, 0x35, 0x7b,
    0xff, 0xf4, 0xa, 0xef, 0xff, 0xff, 0xff, 0xf4,
    0x2f, 0xff, 0xff, 0xff, 0xff, 0xf4, 0xa, 0xff,
    0xff, 0xff, 0xff, 0xf4, 0x0, 0x9f, 0xff, 0xff,
    0xff, 0xf4, 0x0, 0x9, 0xff, 0xff, 0xff, 0xf4,
    0x0, 0x0, 0x8f, 0xff, 0xff, 0xf4, 0x0, 0x0,
    0xc, 0xff, 0xff, 0xf4, 0x0, 0x0, 0xe, 0xff,
    0xff, 0xf4, 0x0, 0x0, 0xf, 0xff, 0xff, 0xf4,
    0x0, 0x0, 0x3f, 0xff, 0xff, 0xf4, 0x0, 0x0,
    0x6f, 0xff, 0xff, 0xf3, 0x0, 0x0, 0x9f, 0xff,
    0xf9, 0x10, 0x0, 0x0, 0x9f, 0xfa, 0x20, 0x0,
    0x0, 0x0, 0x16, 0x20, 0x0, 0x0,

    /* U+F08C "" */
    0x27, 0x77, 0x77, 0x77, 0x77, 0x77, 0x77, 0x77,
    0x60, 0xef, 0xff, 0xff, 0xff, 0xff, 0xff, 0xff,
    0xff, 0xf6, 0xff, 0xff, 0xff, 0xff, 0xff, 0xff,
    0xff, 0xff, 0xf8, 0xff, 0xe2, 0x3e, 0xff, 0xff,
    0xff, 0xff, 0xff, 0xf8, 0xff, 0x80, 0x8, 0xff,
    0xff, 0xff, 0xff, 0xff, 0xf8, 0xff, 0xd1, 0x1d,
    0xff, 0xff, 0xff, 0xff, 0xff, 0xf8, 0xff, 0xff,
    0xff, 0xff, 0xff, 0xff, 0xff, 0xff, 0xf8, 0xff,
    0xc3, 0x3b, 0xe3, 0x39, 0x50, 0x5, 0xef, 0xf8,
    0xff, 0xb0, 0xb, 0xe0, 0x0, 0x0, 0x0, 0x6f,
    0xf8, 0xff, 0xb0, 0xb, 0xe0, 0x2, 0xa7, 0x0,
    0x1f, 0xf8, 0xff, 0xb0, 0xb, 0xe0, 0x9, 0xff,
    0x10, 0xf, 0xf8, 0xff, 0xb0, 0xb, 0xe0, 0xa,
    0xff, 0x30, 0xf, 0xf8, 0xff, 0xb0, 0xb, 0xe0,
    0xb, 0xff, 0x30, 0xf, 0xf8, 0xff, 0xb0, 0xb,
    0xe0, 0xb, 0xff, 0x30, 0xf, 0xf8, 0xff, 0xb0,
    0xb, 0xe0, 0xb, 0xff, 0x30, 0xf, 0xf8, 0xff,
    0xd7, 0x7d, 0xf7, 0x7d, 0xff, 0x97, 0x7f, 0xf8,
    0xff, 0xff, 0xff, 0xff, 0xff, 0xff, 0xff, 0xff,
    0xf7, 0xbf, 0xff, 0xff, 0xff, 0xff, 0xff, 0xff,
    0xff, 0xf3, 0x0, 0x0, 0x0, 0x0, 0x0, 0x0,
    0x0, 0x0, 0x0,

    /* U+F08D "" */
    0x5, 0xbb, 0xbb, 0xbb, 0xbb, 0xbb, 0xb5, 0x0,
    0xbf, 0xff, 0xff, 0xff, 0xff, 0xff, 0xb0, 0xc,
    0xff, 0xff, 0xff, 0xff, 0xff, 0xfc, 0x0, 0x9f,
    0xff, 0xff, 0xff, 0xff, 0xff, 0x90, 0x0, 0x4,
    0xff, 0xff, 0xff, 0xf4, 0x0, 0x0, 0x0, 0x5f,
    0xff, 0xff, 0xff, 0x50, 0x0, 0x0, 0x6, 0xff,
    0xff, 0xff, 0xf6, 0x0, 0x0, 0x0, 0x8f, 0xff,
    0xff, 0xff, 0x80, 0x0, 0x0, 0xb, 0xff, 0xff,
    0xff, 0xfb, 0x0, 0x0, 0x2c, 0xff, 0xff, 0xff,
    0xff, 0xfc, 0x20, 0x1e, 0xff, 0xff, 0xff, 0xff,
    0xff, 0xfe, 0x19, 0xff, 0xff, 0xff, 0xff, 0xff,
    0xff, 0xfa, 0xef, 0xff, 0xff, 0xff, 0xff, 0xff,
    0xff, 0xed, 0xff, 0xff, 0xff, 0xff, 0xff, 0xff,
    0xfd, 0x0, 0x0, 0x0, 0xcf, 0xc0, 0x0, 0x0,
    0x0, 0x0, 0x0, 0xc, 0xfc, 0x0, 0x0, 0x0,
    0x0, 0x0, 0x0, 0xcf, 0xc0, 0x0, 0x0, 0x0,
    0x0, 0x0, 0xc, 0xfc, 0x0, 0x0, 0x0, 0x0,
    0x0, 0x0, 0x9f, 0x90, 0x0, 0x0, 0x0, 0x0,
    0x0, 0x1, 0xf1, 0x0, 0x0, 0x0, 0x0, 0x0,
    0x0, 0x2, 0x0, 0x0, 0x0, 0x0,

    /* U+F091 "" */
    0x0, 0x0, 0x5, 0x88, 0x88, 0x88, 0x88, 0x88,
    0x71, 0x0, 0x0, 0x0, 0x0, 0x0, 0xff, 0xff,
    0xff, 0xff, 0xff, 0xff, 0x70, 0x0, 0x0, 0x0,
    0x0, 0xf, 0xff, 0xff, 0xff, 0xff, 0xff, 0xf8,
    0x0, 0x0, 0xc, 0xff, 0xff, 0xff, 0xff, 0xff,
    0xff, 0xff, 0xff, 0xff, 0xff, 0xf5, 0xff, 0xff,
    0xff, 0xff, 0xff, 0xff, 0xff, 0xff, 0xff, 0xff,
    0xff, 0x8f, 0xfc, 0x88, 0xff, 0xff, 0xff, 0xff,
    0xff, 0xff, 0xb8, 0x8f, 0xf8, 0xff, 0x90, 0xe,
    0xff, 0xff, 0xff, 0xff, 0xff, 0xf6, 0x1, 0xff,
    0x6a, 0xff, 0x50, 0xcf, 0xff, 0xff, 0xff, 0xff,
    0xff, 0x40, 0xcf, 0xf2, 0x2f, 0xff, 0xbb, 0xff,
    0xff, 0xff, 0xff, 0xff, 0xf8, 0xef, 0xf9, 0x0,
    0x3e, 0xff, 0xff, 0xff, 0xff, 0xff, 0xff, 0xff,
    0xff, 0xf9, 0x0, 0x0, 0x19, 0xff, 0xff, 0xff,
    0xff, 0xff, 0xff, 0xff, 0xd4, 0x0, 0x0, 0x0,
    0x0, 0x58, 0xff, 0xff, 0xff, 0xff, 0xd6, 0x20,
    0x0, 0x0, 0x0, 0x0, 0x0, 0x9, 0xff, 0xff,
    0xff, 0xf2, 0x0, 0x0, 0x0, 0x0, 0x0, 0x0,
    0x0, 0xb, 0xff, 0xff, 0xf4, 0x0, 0x0, 0x0,
    0x0, 0x0, 0x0, 0x0, 0x0, 0xb, 0xff, 0xf3,
    0x0, 0x0, 0x0, 0x0, 0x0, 0x0, 0x0, 0x0,
    0x0, 0xaf, 0xff, 0x20, 0x0, 0x0, 0x0, 0x0,
    0x0, 0x0, 0x0, 0x0, 0xa, 0xff, 0xf2, 0x0,
    0x0, 0x0, 0x0, 0x0, 0x0, 0x0, 0x1a, 0xdd,
    0xff, 0xff, 0xdd, 0xc6, 0x0, 0x0, 0x0, 0x0,
    0x0, 0xc, 0xff, 0xff, 0xff, 0xff, 0xff, 0xf4,
    0x0, 0x0, 0x0, 0x0, 0x0, 0xff, 0xff, 0xff,
    0xff, 0xff, 0xff, 0x70, 0x0, 0x0, 0x0, 0x0,
    0x3, 0x44, 0x44, 0x44, 0x44, 0x44, 0x41, 0x0,
    0x0, 0x0,

    /* U+F092 "" */
    0x5, 0x77, 0x77, 0x77, 0x77, 0x77, 0x77, 0x76,
    0x20, 0xbf, 0xff, 0xff, 0xff, 0xff, 0xff, 0xff,
    0xff, 0xf2, 0xff, 0xff, 0xff, 0xff, 0xff, 0xff,
    0xff, 0xff, 0xf6, 0xff, 0xff, 0xfd, 0x62, 0x11,
    0x5b, 0xff, 0xff, 0xf6, 0xff, 0xff, 0x90, 0x0,
    0x0, 0x0, 0x5f, 0xff, 0xf6, 0xff, 0xfa, 0x2,
    0x0, 0x0, 0x2, 0x4, 0xff, 0xf6, 0xff, 0xf1,
    0xc, 0xea, 0xcb, 0xbf, 0x50, 0x9f, 0xf6, 0xff,
    0xa0, 0xc, 0xff, 0xff, 0xff, 0x50, 0x3f, 0xf6,
    0xff, 0x60, 0x3f, 0xff, 0xff, 0xff, 0xd0, 0xf,
    0xf6, 0xff, 0x50, 0x4f, 0xff, 0xff, 0xff, 0xe0,
    0xf, 0xf6, 0xff, 0x60, 0x1f, 0xff, 0xff, 0xff,
    0xa0, 0xf, 0xf6, 0xff, 0xa0, 0x53, 0xae, 0xff,
    0xc8, 0x0, 0x4f, 0xf6, 0xff, 0xf1, 0x48, 0x1c,
    0xff, 0x40, 0x0, 0xbf, 0xf6, 0xff, 0xfa, 0x9,
    0xdf, 0xff, 0x60, 0x5, 0xff, 0xf6, 0xff, 0xff,
    0x90, 0xd, 0xff, 0x60, 0x5f, 0xff, 0xf6, 0xff,
    0xff, 0xfd, 0x5e, 0xff, 0xbc, 0xff, 0xff, 0xf6,
    0xff, 0xff, 0xff, 0xff, 0xff, 0xff, 0xff, 0xff,
    0xf6, 0x8f, 0xff, 0xff, 0xff, 0xff, 0xff, 0xff,
    0xff, 0xe1, 0x2, 0x44, 0x44, 0x44, 0x44, 0x44,
    0x44, 0x43, 0x0,

    /* U+F093 "" */
    0x0, 0x0, 0x0, 0x0, 0x3, 0x10, 0x0, 0x0,
    0x0, 0x0, 0x0, 0x0, 0x0, 0x0, 0x6f, 0xd1,
    0x0, 0x0, 0x0, 0x0, 0x0, 0x0, 0x0, 0x6,
    0xff, 0xfd, 0x10, 0x0, 0x0, 0x0, 0x0, 0x0,
    0x0, 0x6f, 0xff, 0xff, 0xd1, 0x0, 0x0, 0x0,
    0x0, 0x0, 0x6, 0xff, 0xff, 0xff, 0xfd, 0x10,
    0x0, 0x0, 0x0, 0x0, 0x6f, 0xff, 0xff, 0xff,
    0xff, 0xd1, 0x0, 0x0, 0x0, 0x6, 0xff, 0xff,
    0xff, 0xff, 0xff, 0xfd, 0x10, 0x0, 0x0, 0xd,
    0xff, 0xff, 0xff, 0xff, 0xff, 0xff, 0x60, 0x0,
    0x0, 0x0, 0x11, 0x1b, 0xff, 0xff, 0x51, 0x11,
    0x0, 0x0, 0x0, 0x0, 0x0, 0xb, 0xff, 0xff,
    0x40, 0x0, 0x0, 0x0, 0x0, 0x0, 0x0, 0xb,
    0xff, 0xff, 0x40, 0x0, 0x0, 0x0, 0x0, 0x0,
    0x0, 0xb, 0xff, 0xff, 0x40, 0x0, 0x0, 0x0,
    0x0, 0x0, 0x0, 0xb, 0xff, 0xff, 0x40, 0x0,
    0x0, 0x0, 0x0, 0x0, 0x0, 0xb, 0xff, 0xff,
    0x40, 0x0, 0x0, 0x0, 0x7a, 0xaa, 0xaa, 0x2b,
    0xff, 0xff, 0x42, 0xaa, 0xaa, 0xa7, 0xff, 0xff,
    0xff, 0x82, 0x67, 0x76, 0x8, 0xff, 0xff, 0xff,
    0xff, 0xff, 0xff, 0xfb, 0x77, 0x77, 0xbf, 0xff,
    0xff, 0xff, 0xff, 0xff, 0xff, 0xff, 0xff, 0xff,
    0xff, 0xff, 0xff, 0xff, 0xff, 0xff, 0xff, 0xff,
    0xff, 0xff, 0xfb, 0xf, 0x48, 0xff, 0xff, 0xff,
    0xff, 0xff, 0xff, 0xff, 0xff, 0xef, 0xef, 0xff,
    0x14, 0x44, 0x44, 0x44, 0x44, 0x44, 0x44, 0x44,
    0x44, 0x41,

    /* U+F094 "" */
    0x0, 0x0, 0x0, 0x0, 0x0, 0x1, 0x10, 0x0,
    0x16, 0x60, 0x0, 0x0, 0x0, 0x0, 0x18, 0xdf,
    0xff, 0xff, 0xef, 0xff, 0xd1, 0x0, 0x0, 0x0,
    0x8f, 0xff, 0xff, 0xff, 0xff, 0xff, 0xff, 0xa0,
    0x0, 0x0, 0xbf, 0xfc, 0x42, 0xff, 0xff, 0xff,
    0xff, 0xfc, 0x0, 0x0, 0xcf, 0xf6, 0x5, 0xcf,
    0xff, 0xff, 0xff, 0xff, 0x80, 0x0, 0xbf, 0xf4,
    0x1c, 0xff, 0xff, 0xff, 0xff, 0xff, 0xf4, 0x0,
    0x6f, 0xf5, 0x2e, 0xff, 0xff, 0xff, 0xff, 0xff,
    0xff, 0x40, 0xe, 0xf9, 0xd, 0xff, 0xff, 0xff,
    0xff, 0xff, 0xff, 0xf5, 0x4, 0xfe, 0x9, 0xff,
    0xff, 0xff, 0xff, 0xff, 0xff, 0xff, 0x70, 0x8f,
    0x91, 0xff, 0xff, 0xff, 0xff, 0xff, 0xff, 0xff,
    0xf6, 0xa, 0xfd, 0xbf, 0xff, 0xff, 0xff, 0xff,
    0xff, 0xff, 0xff, 0x50, 0xbf, 0xff, 0xff, 0xff,
    0xff, 0xff, 0xff, 0xff, 0xff, 0xf3, 0xb, 0xff,
    0xff, 0xff, 0xff, 0xff, 0xff, 0xff, 0xff, 0xff,
    0x0, 0xaf, 0xff, 0xff, 0xff, 0xff, 0xff, 0xff,
    0xff, 0xff, 0x90, 0xa, 0xff, 0xff, 0xff, 0xff,
    0xff, 0xff, 0xff, 0xff, 0xf1, 0x0, 0x9f, 0xff,
    0xff, 0xff, 0xff, 0xff, 0xff, 0xff, 0xf6, 0x0,
    0xd, 0xff, 0xff, 0xff, 0xff, 0xff, 0xff, 0xff,
    0xf8, 0x0, 0x1, 0xff, 0xff, 0xff, 0xff, 0xff,
    0xff, 0xff, 0xf7, 0x0, 0x0, 0xe, 0xff, 0xff,
    0xff, 0xff, 0xff, 0xff, 0xe4, 0x0, 0x0, 0x0,
    0x5f, 0xff, 0xff, 0xff, 0xff, 0xfc, 0x60, 0x0,
    0x0, 0x0, 0x0, 0x27, 0x40, 0x0, 0x1, 0x0,
    0x0, 0x0, 0x0, 0x0, 0x0,

    /* U+F095 "" */
    0x0, 0x0, 0x0, 0x0, 0x0, 0x0, 0x0, 0x4,
    0x62, 0x0, 0x0, 0x0, 0x0, 0x0, 0x0, 0x0,
    0x0, 0x1, 0xff, 0xfe, 0xb5, 0x0, 0x0, 0x0,
    0x0, 0x0, 0x0, 0x0, 0x7f, 0xff, 0xff, 0xf0,
    0x0, 0x0, 0x0, 0x0, 0x0, 0x0, 0xe, 0xff,
    0xff, 0xff, 0x0, 0x0, 0x0, 0x0, 0x0, 0x0,
    0x5, 0xff, 0xff, 0xff, 0xd0, 0x0, 0x0, 0x0,
    0x0, 0x0, 0x0, 0xbf, 0xff, 0xff, 0xfb, 0x0,
    0x0, 0x0, 0x0, 0x0, 0x0, 0x6, 0xff, 0xff,
    0xff, 0x80, 0x0, 0x0, 0x0, 0x0, 0x0, 0x0,
    0x5, 0xff, 0xff, 0xf4, 0x0, 0x0, 0x0, 0x0,
    0x0, 0x0, 0x0, 0x5, 0xff, 0xfe, 0x0, 0x0,
    0x0, 0x0, 0x0, 0x0, 0x0, 0x0, 0xbf, 0xff,
    0x90, 0x0, 0x0, 0x0, 0x0, 0x0, 0x0, 0x0,
    0x4f, 0xff, 0xf2, 0x0, 0x0, 0x0, 0x0, 0x0,
    0x0, 0x0, 0x2e, 0xff, 0xf8, 0x0, 0x0, 0x0,
    0x1, 0x30, 0x0, 0x0, 0x1d, 0xff, 0xfd, 0x0,
    0x0, 0x0, 0x29, 0xff, 0x70, 0x0, 0x3e, 0xff,
    0xff, 0x30, 0x0, 0x4, 0xbf, 0xff, 0xff, 0x40,
    0x7f, 0xff, 0xff, 0x50, 0x0, 0x0, 0xef, 0xff,
    0xff, 0xfe, 0xef, 0xff, 0xff, 0x50, 0x0, 0x0,
    0xc, 0xff, 0xff, 0xff, 0xff, 0xff, 0xfe, 0x40,
    0x0, 0x0, 0x0, 0x8f, 0xff, 0xff, 0xff, 0xff,
    0xfb, 0x10, 0x0, 0x0, 0x0, 0x4, 0xff, 0xff,
    0xff, 0xff, 0xd5, 0x0, 0x0, 0x0, 0x0, 0x0,
    0x1f, 0xff, 0xff, 0xea, 0x40, 0x0, 0x0, 0x0,
    0x0, 0x0, 0x0, 0x57, 0x64, 0x20, 0x0, 0x0,
    0x0, 0x0, 0x0, 0x0, 0x0,

    /* U+F098 "" */
    0x5, 0x77, 0x77, 0x77, 0x77, 0x77, 0x77, 0x77,
    0x30, 0xbf, 0xff, 0xff, 0xff, 0xff, 0xff, 0xff,
    0xff, 0xf3, 0xff, 0xff, 0xff, 0xff, 0xff, 0xff,
    0xff, 0xff, 0xf7, 0xff, 0xff, 0xff, 0xff, 0xff,
    0xf5, 0x26, 0xaf, 0xf8, 0xff, 0xff, 0xff, 0xff,
    0xff, 0xd0, 0x0, 0xf, 0xf8, 0xff, 0xff, 0xff,
    0xff, 0xff, 0x60, 0x0, 0x1f, 0xf8, 0xff, 0xff,
    0xff, 0xff, 0xff, 0x30, 0x0, 0x3f, 0xf8, 0xff,
    0xff, 0xff, 0xff, 0xff, 0xe3, 0x0, 0x8f, 0xf8,
    0xff, 0xff, 0xff, 0xff, 0xff, 0xf8, 0x0, 0xdf,
    0xf8, 0xff, 0xff, 0xff, 0xff, 0xff, 0xd0, 0x5,
    0xff, 0xf8, 0xff, 0xff, 0xfc, 0xff, 0xfe, 0x20,
    0xd, 0xff, 0xf8, 0xff, 0xf9, 0x20, 0x3f, 0xc1,
    0x0, 0xbf, 0xff, 0xf8, 0xff, 0x80, 0x0, 0x2,
    0x0, 0xa, 0xff, 0xff, 0xf8, 0xff, 0xb0, 0x0,
    0x0, 0x1, 0xcf, 0xff, 0xff, 0xf8, 0xff, 0xf0,
    0x0, 0x2, 0x8f, 0xff, 0xff, 0xff, 0xf8, 0xff,
    0xf9, 0x89, 0xdf, 0xff, 0xff, 0xff, 0xff, 0xf8,
    0xef, 0xff, 0xff, 0xff, 0xff, 0xff, 0xff, 0xff,
    0xf6, 0x6f, 0xff, 0xff, 0xff, 0xff, 0xff, 0xff,
    0xff, 0xc1, 0x0, 0x0, 0x0, 0x0, 0x0, 0x0,
    0x0, 0x0, 0x0,

    /* U+F099 "" */
    0x0, 0x0, 0x0, 0x0, 0x0, 0x0, 0x58, 0x83,
    0x0, 0x0, 0x7, 0x0, 0x0, 0x0, 0x0, 0x1c,
    0xff, 0xff, 0x97, 0xc1, 0x1f, 0xb0, 0x0, 0x0,
    0x0, 0xbf, 0xff, 0xff, 0xff, 0x74, 0x2f, 0xfd,
    0x30, 0x0, 0x1, 0xff, 0xff, 0xff, 0xff, 0xd1,
    0xe, 0xff, 0xfa, 0x30, 0x3, 0xff, 0xff, 0xff,
    0xff, 0x10, 0x7, 0xff, 0xff, 0xfe, 0xba, 0xff,
    0xff, 0xff, 0xfe, 0x0, 0x19, 0xdf, 0xff, 0xff,
    0xff, 0xff, 0xff, 0xff, 0xfd, 0x0, 0xe, 0xff,
    0xff, 0xff, 0xff, 0xff, 0xff, 0xff, 0xfa, 0x0,
    0x6, 0xff, 0xff, 0xff, 0xff, 0xff, 0xff, 0xff,
    0xf5, 0x0, 0x0, 0x7f, 0xff, 0xff, 0xff, 0xff,
    0xff, 0xff, 0xe0, 0x0, 0x0, 0x6c, 0xff, 0xff,
    0xff, 0xff, 0xff, 0xff, 0x80, 0x0, 0x0, 0x2e,
    0xff, 0xff, 0xff, 0xff, 0xff, 0xfd, 0x0, 0x0,
    0x0, 0x2, 0xbf, 0xff, 0xff, 0xff, 0xff, 0xf3,
    0x0, 0x0, 0x0, 0x0, 0x8, 0xff, 0xff, 0xff,
    0xff, 0x50, 0x0, 0x0, 0x22, 0x48, 0xef, 0xff,
    0xff, 0xff, 0xd4, 0x0, 0x0, 0x0, 0x19, 0xff,
    0xff, 0xff, 0xff, 0xe7, 0x0, 0x0, 0x0, 0x0,
    0x0, 0x4, 0x89, 0xa9, 0x73, 0x0, 0x0, 0x0,
    0x0, 0x0,

    /* U+F09A "" */
    0x0, 0x0, 0x0, 0x0, 0x1, 0x10, 0x0, 0x0,
    0x0, 0x0, 0x0, 0x0, 0x1, 0x8d, 0xff, 0xff,
    0xc7, 0x0, 0x0, 0x0, 0x0, 0x0, 0x7f, 0xff,
    0xff, 0xff, 0xff, 0xe4, 0x0, 0x0, 0x0, 0xa,
    0xff, 0xff, 0xff, 0xff, 0xff, 0xff, 0x70, 0x0,
    0x0, 0x9f, 0xff, 0xff, 0xff, 0xeb, 0xac, 0xff,
    0xf5, 0x0, 0x4, 0xff, 0xff, 0xff, 0xf9, 0x0,
    0x0, 0xef, 0xff, 0x10, 0xd, 0xff, 0xff, 0xff,
    0xd0, 0x0, 0x0, 0xef, 0xff, 0x90, 0x3f, 0xff,
    0xff, 0xff, 0x90, 0x4, 0xef, 0xff, 0xff, 0xf0,
    0x7f, 0xff, 0xff, 0xff, 0x70, 0xa, 0xff, 0xff,
    0xff, 0xf4, 0x9f, 0xff, 0xff, 0xff, 0x70, 0xb,
    0xff, 0xff, 0xff, 0xf6, 0xaf, 0xff, 0xff, 0x66,
    0x20, 0x4, 0x66, 0xff, 0xff, 0xf7, 0x9f, 0xff,
    0xff, 0x0, 0x0, 0x0, 0x2, 0xff, 0xff, 0xf6,
    0x7f, 0xff, 0xff, 0x0, 0x0, 0x0, 0x5, 0xff,
    0xff, 0xf3, 0x2f, 0xff, 0xff, 0xdd, 0x60, 0x8,
    0xde, 0xff, 0xff, 0xf0, 0xc, 0xff, 0xff, 0xff,
    0x70, 0xb, 0xff, 0xff, 0xff, 0x80, 0x3, 0xff,
    0xff, 0xff, 0x70, 0xb, 0xff, 0xff, 0xfe, 0x10,
    0x0, 0x7f, 0xff, 0xff, 0x70, 0xb, 0xff, 0xff,
    0xf4, 0x0, 0x0, 0x8, 0xff, 0xff, 0x70, 0xb,
    0xff, 0xff, 0x50, 0x0, 0x0, 0x0, 0x5e, 0xff,
    0x70, 0xb, 0xff, 0xd3, 0x0, 0x0, 0x0, 0x0,
    0x0, 0x6b, 0x60, 0x9, 0xa5, 0x0, 0x0, 0x0,

    /* U+F09B "" */
    0x0, 0x0, 0x0, 0x0, 0x1, 0x10, 0x0, 0x0,
    0x0, 0x0, 0x0, 0x0, 0x4, 0xae, 0xff, 0xff,
    0xb5, 0x0, 0x0, 0x0, 0x0, 0x1, 0xbf, 0xff,
    0xff, 0xff, 0xff, 0xd2, 0x0, 0x0, 0x0, 0x3e,
    0xff, 0xff, 0xff, 0xff, 0xff, 0xff, 0x60, 0x0,
    0x1, 0xef, 0xff, 0xff, 0xff, 0xff, 0xff, 0xff,
    0xf4, 0x0, 0xb, 0xff, 0x61, 0x7e, 0xba, 0xad,
    0xb3, 0xf, 0xfe, 0x10, 0x3f, 0xff, 0x40, 0x0,
    0x0, 0x0, 0x0, 0xd, 0xff, 0x80, 0x8f, 0xff,
    0x50, 0x0, 0x0, 0x0, 0x0, 0xe, 0xff, 0xe0,
    0xdf, 0xfd, 0x0, 0x0, 0x0, 0x0, 0x0, 0x5,
    0xff, 0xf2, 0xef, 0xfa, 0x0, 0x0, 0x0, 0x0,
    0x0, 0x0, 0xff, 0xf5, 0xff, 0xf9, 0x0, 0x0,
    0x0, 0x0, 0x0, 0x1, 0xff, 0xf5, 0xef, 0xfc,
    0x0, 0x0, 0x0, 0x0, 0x0, 0x4, 0xff, 0xf4,
    0xcf, 0xff, 0x30, 0x0, 0x0, 0x0, 0x0, 0xa,
    0xff, 0xf2, 0x8f, 0xdd, 0xe5, 0x0, 0x0, 0x0,
    0x3, 0xaf, 0xff, 0xe0, 0x2f, 0xe4, 0xcf, 0xf9,
    0x0, 0x3, 0xff, 0xff, 0xff, 0x80, 0x9, 0xfd,
    0x29, 0xb3, 0x0, 0x0, 0xef, 0xff, 0xfe, 0x10,
    0x0, 0xdf, 0xa2, 0x20, 0x0, 0x0, 0xdf, 0xff,
    0xf4, 0x0, 0x0, 0x2d, 0xff, 0xf4, 0x0, 0x0,
    0xdf, 0xff, 0x60, 0x0, 0x0, 0x1, 0xbf, 0xf4,
    0x0, 0x0, 0xdf, 0xe4, 0x0, 0x0, 0x0, 0x0,
    0x4, 0xa2, 0x0, 0x0, 0x87, 0x0, 0x0, 0x0,

    /* U+F09C "" */
    0x0, 0x0, 0x0, 0x2, 0x43, 0x0, 0x0, 0x0,
    0x0, 0x0, 0x0, 0x4, 0xdf, 0xff, 0xf9, 0x0,
    0x0, 0x0, 0x0, 0x0, 0x6f, 0xff, 0xff, 0xff,
    0xd1, 0x0, 0x0, 0x0, 0x3, 0xff, 0xff, 0xef,
    0xff, 0xfb, 0x0, 0x0, 0x0, 0xc, 0xff, 0xd3,
    0x0, 0x8f, 0xff, 0x40, 0x0, 0x0, 0xf, 0xff,
    0x30, 0x0, 0xb, 0xff, 0x80, 0x0, 0x0, 0x2f,
    0xff, 0x0, 0x0, 0x7, 0xff, 0xa0, 0x0, 0x0,
    0x3f, 0xff, 0x0, 0x0, 0x5, 0xff, 0x90, 0x0,
    0x0, 0x3f, 0xff, 0x0, 0x0, 0x0, 0x33, 0x0,
    0x0, 0x0, 0x3f, 0xff, 0x0, 0x0, 0x0, 0x0,
    0x0, 0x0, 0x3, 0x6f, 0xff, 0x44, 0x44, 0x44,
    0x44, 0x44, 0x10, 0x9f, 0xff, 0xff, 0xff, 0xff,
    0xff, 0xff, 0xff, 0xe2, 0xff, 0xff, 0xff, 0xff,
    0xff, 0xff, 0xff, 0xff, 0xf7, 0xff, 0xff, 0xff,
    0xff, 0xff, 0xff, 0xff, 0xff, 0xf8, 0xff, 0xff,
    0xff, 0xff, 0xff, 0xff, 0xff, 0xff, 0xf8, 0xff,
    0xff, 0xff, 0xff, 0xff, 0xff, 0xff, 0xff, 0xf8,
    0xff, 0xff, 0xff, 0xff, 0xff, 0xff, 0xff, 0xff,
    0xf8, 0xff, 0xff, 0xff, 0xff, 0xff, 0xff, 0xff,
    0xff, 0xf8, 0xff, 0xff, 0xff, 0xff, 0xff, 0xff,
    0xff, 0xff, 0xf7, 0xdf, 0xff, 0xff, 0xff, 0xff,
    0xff, 0xff, 0xff, 0xf5, 0x2a, 0xbb, 0xbb, 0xbb,
    0xbb, 0xbb, 0xbb, 0xbb, 0x70,

    /* U+F09D "" */
    0x0, 0x0, 0x0, 0x0, 0x0, 0x0, 0x0, 0x0,
    0x0, 0x0, 0x0, 0x6, 0xff, 0xff, 0xff, 0xff,
    0xff, 0xff, 0xff, 0xff, 0xff, 0xff, 0xd2, 0xef,
    0xff, 0xff, 0xff, 0xff, 0xff, 0xff, 0xff, 0xff,
    0xff, 0xff, 0x9f, 0xff, 0xff, 0xff, 0xff, 0xff,
    0xff, 0xff, 0xff, 0xff, 0xff, 0xfa, 0xbb, 0xbb,
    0xbb, 0xbb, 0xbb, 0xbb, 0xbb, 0xbb, 0xbb, 0xbb,
    0xbb, 0x70, 0x0, 0x0, 0x0, 0x0, 0x0, 0x0,
    0x0, 0x0, 0x0, 0x0, 0x0, 0x0, 0x0, 0x0,
    0x0, 0x0, 0x0, 0x0, 0x0, 0x0, 0x0, 0x0,
    0x0, 0x0, 0x0, 0x0, 0x0, 0x0, 0x0, 0x0,
    0x0, 0x0, 0x0, 0x0, 0x0, 0x0, 0x0, 0x0,
    0x0, 0x0, 0x0, 0x0, 0x0, 0x0, 0x0, 0xb,
    0xbb, 0xbb, 0xbb, 0xbb, 0xbb, 0xbb, 0xbb, 0xbb,
    0xbb, 0xbb, 0xb7, 0xff, 0xff, 0xff, 0xff, 0xff,
    0xff, 0xff, 0xff, 0xff, 0xff, 0xff, 0xaf, 0xff,
    0xff, 0xff, 0xff, 0xff, 0xff, 0xff, 0xff, 0xff,
    0xff, 0xfa, 0xff, 0xff, 0xff, 0xff, 0xff, 0xff,
    0xff, 0xff, 0xff, 0xff, 0xff, 0xaf, 0xf9, 0x0,
    0x1f, 0x60, 0x0, 0x0, 0x2f, 0xff, 0xff, 0xff,
    0xfa, 0xff, 0x80, 0x0, 0xe5, 0x0, 0x0, 0x1,
    0xff, 0xff, 0xff, 0xff, 0xaf, 0xfc, 0x77, 0x7f,
    0xb7, 0x77, 0x77, 0x8f, 0xff, 0xff, 0xff, 0xfa,
    0xef, 0xff, 0xff, 0xff, 0xff, 0xff, 0xff, 0xff,
    0xff, 0xff, 0xff, 0x96, 0xff, 0xff, 0xff, 0xff,
    0xff, 0xff, 0xff, 0xff, 0xff, 0xff, 0xd2, 0x0,
    0x0, 0x0, 0x0, 0x0, 0x0, 0x0, 0x0, 0x0,
    0x0, 0x0, 0x0,

    /* U+F09E "" */
    0x22, 0x10, 0x0, 0x0, 0x0, 0x0, 0x0, 0x0,
    0x0, 0xff, 0xfe, 0xa5, 0x0, 0x0, 0x0, 0x0,
    0x0, 0x0, 0xff, 0xff, 0xff, 0xf8, 0x0, 0x0,
    0x0, 0x0, 0x0, 0xcf, 0xff, 0xff, 0xff, 0xe6,
    0x0, 0x0, 0x0, 0x0, 0x0, 0x14, 0x9e, 0xff,
    0xff, 0xb0, 0x0, 0x0, 0x0, 0x0, 0x0, 0x0,
    0x6e, 0xff, 0xfd, 0x20, 0x0, 0x0, 0x44, 0x20,
    0x0, 0x0, 0xaf, 0xff, 0xd1, 0x0, 0x0, 0xff,
    0xfe, 0x81, 0x0, 0x7, 0xff, 0xfc, 0x0, 0x0,
    0xff, 0xff, 0xff, 0x80, 0x0, 0x6f, 0xff, 0x80,
    0x0, 0xad, 0xff, 0xff, 0xfc, 0x10, 0x9, 0xff,
    0xf2, 0x0, 0x0, 0x16, 0xef, 0xff, 0xd0, 0x0,
    0xdf, 0xfa, 0x0, 0x0, 0x0, 0x9, 0xff, 0xfb,
    0x0, 0x4f, 0xff, 0x20, 0x0, 0x0, 0x0, 0x7f,
    0xff, 0x60, 0xc, 0xff, 0x80, 0x1b, 0xeb, 0x10,
    0xa, 0xff, 0xe0, 0x7, 0xff, 0xd0, 0xbf, 0xff,
    0xb0, 0x1, 0xff, 0xf4, 0x1, 0xff, 0xf1, 0xff,
    0xff, 0xf0, 0x0, 0xaf, 0xf9, 0x0, 0xef, 0xf4,
    0xcf, 0xff, 0xc0, 0x0, 0x6f, 0xfb, 0x0, 0xcf,
    0xf6, 0x2c, 0xfc, 0x20, 0x0, 0x2f, 0xfc, 0x0,
    0x9f, 0xf5, 0x0, 0x0, 0x0, 0x0, 0x0, 0x0,
    0x0, 0x0, 0x0,

    /* U+F0A0 "" */
    0x0, 0x0, 0x3d, 0xff, 0xff, 0xff, 0xff, 0xff,
    0xf9, 0x0, 0x0, 0x0, 0x0, 0x1e, 0xff, 0xff,
    0xff, 0xff, 0xff, 0xff, 0xf8, 0x0, 0x0, 0x0,
    0xa, 0xff, 0xff, 0xff, 0xff, 0xff, 0xff, 0xff,
    0xf3, 0x0, 0x0, 0x5, 0xff, 0xff, 0xff, 0xff,
    0xff, 0xff, 0xff, 0xff, 0xd0, 0x0, 0x1, 0xef,
    0xff, 0xff, 0xff, 0xff, 0xff, 0xff, 0xff, 0xff,
    0x80, 0x0, 0xaf, 0xff, 0xff, 0xff, 0xff, 0xff,
    0xff, 0xff, 0xff, 0xff, 0x30, 0x15, 0x44, 0x44,
    0x44, 0x44, 0x44, 0x44, 0x44, 0x44, 0x44, 0x44,
    0x0, 0x68, 0x88, 0x88, 0x88, 0x88, 0x88, 0x88,
    0x88, 0x88, 0x87, 0x30, 0xbf, 0xff, 0xff, 0xff,
    0xff, 0xff, 0xff, 0xff, 0xff, 0xff, 0xff, 0x3f,
    0xff, 0xff, 0xff, 0xff, 0xff, 0xff, 0xff, 0xff,
    0xff, 0xff, 0xf7, 0xff, 0xff, 0xff, 0xff, 0xff,
    0xff, 0xff, 0x22, 0xfc, 0x15, 0xff, 0x8f, 0xff,
    0xff, 0xff, 0xff, 0xff, 0xff, 0xd0, 0xd, 0x90,
    0x1f, 0xf8, 0xff, 0xff, 0xff, 0xff, 0xff, 0xff,
    0xff, 0xaa, 0xff, 0x9c, 0xff, 0x8e, 0xff, 0xff,
    0xff, 0xff, 0xff, 0xff, 0xff, 0xff, 0xff, 0xff,
    0xf6, 0x5e, 0xff, 0xff, 0xff, 0xff, 0xff, 0xff,
    0xff, 0xff, 0xff, 0xfb, 0x0,

    /* U+F0A1 "" */
    0x0, 0x0, 0x0, 0x0, 0x0, 0x0, 0x0, 0x0,
    0x0, 0x6, 0x80, 0x0, 0x0, 0x0, 0x0, 0x0,
    0x0, 0x0, 0x0, 0x0, 0xa, 0xff, 0x50, 0x0,
    0x0, 0x0, 0x0, 0x0, 0x0, 0x0, 0x0, 0x2d,
    0xff, 0xf6, 0x0, 0x0, 0x0, 0x0, 0x0, 0x0,
    0x0, 0x0, 0x5e, 0xff, 0xff, 0x60, 0x0, 0x0,
    0x0, 0x0, 0x0, 0x0, 0x3, 0xbf, 0xff, 0xaf,
    0xf6, 0x0, 0x59, 0x99, 0x99, 0x99, 0x9a, 0xbe,
    0xff, 0xfe, 0x51, 0xff, 0x60, 0x8f, 0xff, 0xff,
    0xff, 0xff, 0xff, 0xff, 0xf9, 0x10, 0x1f, 0xf6,
    0xe, 0xff, 0xff, 0xff, 0xff, 0xfd, 0xc9, 0x51,
    0x0, 0x1, 0xff, 0x80, 0xff, 0xff, 0xff, 0xff,
    0xff, 0x0, 0x0, 0x0, 0x0, 0x1f, 0xff, 0x4f,
    0xff, 0xff, 0xff, 0xff, 0xf0, 0x0, 0x0, 0x0,
    0x1, 0xff, 0xfa, 0xff, 0xff, 0xff, 0xff, 0xff,
    0x0, 0x0, 0x0, 0x0, 0x1f, 0xff, 0x8f, 0xff,
    0xff, 0xff, 0xff, 0xf5, 0x31, 0x0, 0x0, 0x1,
    0xff, 0xd1, 0xcf, 0xff, 0xff, 0xff, 0xff, 0xff,
    0xfd, 0x71, 0x0, 0x1f, 0xf6, 0x3, 0xef, 0xff,
    0xff, 0xff, 0xff, 0xff, 0xff, 0xf7, 0x1, 0xff,
    0x60, 0x0, 0x14, 0xff, 0xff, 0xd2, 0x24, 0x7c,
    0xff, 0xfc, 0x3f, 0xf6, 0x0, 0x0, 0x3f, 0xff,
    0xfc, 0x0, 0x0, 0x4, 0xdf, 0xff, 0xff, 0x60,
    0x0, 0x2, 0xff, 0xff, 0xe0, 0x0, 0x0, 0x0,
    0x9f, 0xff, 0xf6, 0x0, 0x0, 0xf, 0xff, 0xff,
    0x30, 0x0, 0x0, 0x0, 0x6f, 0xff, 0x60, 0x0,
    0x0, 0xbf, 0xff, 0xfb, 0x0, 0x0, 0x0, 0x0,
    0x3e, 0xf3, 0x0, 0x0, 0x5, 0xff, 0xff, 0xe0,
    0x0, 0x0, 0x0, 0x0, 0x1, 0x0, 0x0, 0x0,
    0x6, 0x88, 0x73, 0x0, 0x0, 0x0, 0x0, 0x0,
    0x0, 0x0,

    /* U+F0A3 "" */
    0x0, 0x0, 0x0, 0x0, 0x71, 0x0, 0x16, 0x0,
    0x0, 0x0, 0x0, 0x0, 0x0, 0x0, 0x6, 0xfd,
    0x11, 0xdf, 0x60, 0x0, 0x0, 0x0, 0x0, 0x0,
    0x0, 0xa, 0xff, 0xdd, 0xff, 0xa0, 0x0, 0x0,
    0x0, 0x0, 0x6, 0xfc, 0x8e, 0xff, 0xff, 0xff,
    0xe8, 0xcf, 0x60, 0x0, 0x0, 0x6, 0xff, 0xff,
    0xff, 0xff, 0xff, 0xff, 0xff, 0x60, 0x0, 0x0,
    0x2, 0xff, 0xff, 0xff, 0xff, 0xff, 0xff, 0xff,
    0x20, 0x0, 0x0, 0x4, 0xff, 0xff, 0xff, 0xff,
    0xff, 0xff, 0xff, 0x40, 0x0, 0xa, 0xff, 0xff,
    0xff, 0xff, 0xff, 0xff, 0xff, 0xff, 0xff, 0xa0,
    0xd, 0xff, 0xff, 0xff, 0xff, 0xff, 0xff, 0xff,
    0xff, 0xff, 0xd0, 0x1, 0xdf, 0xff, 0xff, 0xff,
    0xff, 0xff, 0xff, 0xff, 0xfd, 0x10, 0x0, 0x2f,
    0xff, 0xff, 0xff, 0xff, 0xff, 0xff, 0xff, 0xf3,
    0x0, 0x1, 0xdf, 0xff, 0xff, 0xff, 0xff, 0xff,
    0xff, 0xff, 0xfd, 0x10, 0xd, 0xff, 0xff, 0xff,
    0xff, 0xff, 0xff, 0xff, 0xff, 0xff, 0xd0, 0xa,
    0xff, 0xff, 0xff, 0xff, 0xff, 0xff, 0xff, 0xff,
    0xff, 0xa0, 0x0, 0x4, 0xff, 0xff, 0xff, 0xff,
    0xff, 0xff, 0xff, 0x40, 0x0, 0x0, 0x2, 0xff,
    0xff, 0xff, 0xff, 0xff, 0xff, 0xff, 0x20, 0x0,
    0x0, 0x6, 0xff, 0xff, 0xff, 0xff, 0xff, 0xff,
    0xff, 0x70, 0x0, 0x0, 0x6, 0xfc, 0x7e, 0xff,
    0xff, 0xff, 0xe7, 0xcf, 0x60, 0x0, 0x0, 0x0,
    0x0, 0xa, 0xff, 0xdd, 0xff, 0xa0, 0x0, 0x0,
    0x0, 0x0, 0x0, 0x0, 0x6, 0xfd, 0x11, 0xdf,
    0x60, 0x0, 0x0, 0x0, 0x0, 0x0, 0x0, 0x0,
    0x71, 0x0, 0x17, 0x0, 0x0, 0x0, 0x0,

    /* U+F0A4 "" */
    0x0, 0x0, 0x0, 0x0, 0x0, 0xbf, 0x80, 0x0,
    0x0, 0x0, 0x0, 0x0, 0x0, 0x0, 0x7, 0xff,
    0xf1, 0x0, 0x0, 0x0, 0x0, 0x0, 0x0, 0x0,
    0x8f, 0xff, 0xf0, 0x0, 0x0, 0x0, 0x0, 0x0,
    0x0, 0x4d, 0xff, 0xff, 0xc6, 0x66, 0x66, 0x50,
    0x6a, 0x95, 0xc, 0xff, 0xff, 0xff, 0xff, 0xff,
    0xff, 0xfb, 0xff, 0xfe, 0x6f, 0xff, 0xff, 0xff,
    0xff, 0xff, 0xff, 0xff, 0xff, 0xfe, 0x7f, 0xff,
    0xff, 0xff, 0xff, 0xff, 0xff, 0xe6, 0xff, 0xfe,
    0x7f, 0xff, 0xff, 0xff, 0xff, 0xa0, 0x0, 0x0,
    0xff, 0xfe, 0x7f, 0xff, 0xff, 0xff, 0xff, 0xd0,
    0x0, 0x0, 0xff, 0xfe, 0x7f, 0xff, 0xff, 0xff,
    0xff, 0x60, 0x0, 0x0, 0xff, 0xfe, 0x7f, 0xff,
    0xff, 0xff, 0xff, 0x50, 0x0, 0x0, 0xf6, 0x6e,
    0x7f, 0xff, 0xff, 0xff, 0xff, 0x20, 0x0, 0x0,
    0xf9, 0xae, 0x6f, 0xff, 0xff, 0xff, 0xf9, 0x0,
    0x0, 0x0, 0x8c, 0xb7, 0x8, 0xdf, 0xff, 0xff,
    0xf7, 0x0, 0x0, 0x0, 0x0, 0x0, 0x0, 0x5,
    0xbe, 0xfe, 0x90, 0x0, 0x0, 0x0,

    /* U+F0A5 "" */
    0x0, 0x0, 0x0, 0x0, 0x8f, 0xb0, 0x0, 0x0,
    0x0, 0x0, 0x0, 0x0, 0x0, 0x0, 0x1f, 0xff,
    0x70, 0x0, 0x0, 0x0, 0x0, 0x0, 0x0, 0x0,
    0x1, 0xff, 0xff, 0x80, 0x0, 0x0, 0x0, 0x0,
    0x5, 0x66, 0x66, 0x6c, 0xff, 0xff, 0xd5, 0x0,
    0x0, 0x0, 0xc, 0xff, 0xff, 0xff, 0xff, 0xff,
    0xff, 0xfc, 0x15, 0x99, 0x60, 0xff, 0xff, 0xff,
    0xff, 0xff, 0xff, 0xff, 0xf7, 0xdf, 0xfe, 0x7,
    0xff, 0xff, 0xff, 0xff, 0xff, 0xff, 0xff, 0x8d,
    0xff, 0xe0, 0x0, 0x0, 0xb, 0xff, 0xff, 0xff,
    0xff, 0xf8, 0xdf, 0xfe, 0x0, 0x0, 0x0, 0xdf,
    0xff, 0xff, 0xff, 0xff, 0x8d, 0xff, 0xe0, 0x0,
    0x0, 0x6, 0xff, 0xff, 0xff, 0xff, 0xf8, 0xdf,
    0xfe, 0x0, 0x0, 0x0, 0x5f, 0xff, 0xff, 0xff,
    0xff, 0x8d, 0xff, 0xe0, 0x0, 0x0, 0x2, 0xff,
    0xff, 0xff, 0xff, 0xf8, 0xd8, 0x6e, 0x0, 0x0,
    0x0, 0x9, 0xff, 0xff, 0xff, 0xff, 0x8d, 0xba,
    0xe0, 0x0, 0x0, 0x0, 0x7f, 0xff, 0xff, 0xfe,
    0x81, 0x6b, 0xc7, 0x0, 0x0, 0x0, 0x0, 0x9e,
    0xfe, 0xb5, 0x0, 0x0, 0x0, 0x0,

    /* U+F0A6 "" */
    0x0, 0x0, 0x37, 0x10, 0x0, 0x0, 0x0, 0x0,
    0x0, 0x2f, 0xfc, 0x0, 0x0, 0x0, 0x0, 0x0,
    0x6, 0xff, 0xf0, 0x0, 0x0, 0x0, 0x0, 0x0,
    0x6f, 0xff, 0x0, 0x0, 0x0, 0x0, 0x0, 0x6,
    0xff, 0xf0, 0x0, 0x0, 0x0, 0x0, 0x0, 0x6f,
    0xff, 0x13, 0x0, 0x0, 0x0, 0x0, 0x6, 0xff,
    0xff, 0xfc, 0xb8, 0x0, 0x1, 0x76, 0x7f, 0xff,
    0xff, 0xff, 0xff, 0xd3, 0xbf, 0xff, 0xff, 0xff,
    0xff, 0xff, 0xff, 0xbf, 0xff, 0xff, 0xff, 0xff,
    0xff, 0xff, 0xff, 0x6f, 0xff, 0xff, 0xff, 0xff,
    0xff, 0xff, 0xf0, 0x2e, 0xff, 0xff, 0xff, 0xff,
    0xff, 0xfe, 0x0, 0x4f, 0xff, 0xff, 0xff, 0xff,
    0xff, 0x90, 0x0, 0xaf, 0xff, 0xff, 0xff, 0xff,
    0xf3, 0x0, 0x2, 0xff, 0xff, 0xff, 0xff, 0xfc,
    0x0, 0x0, 0x9, 0xff, 0xff, 0xff, 0xff, 0x70,
    0x0, 0x0, 0x4, 0x66, 0x66, 0x66, 0x50, 0x0,
    0x0, 0x8, 0xff, 0xff, 0xff, 0xff, 0xa0, 0x0,
    0x0, 0xaf, 0xff, 0xff, 0xf4, 0x8c, 0x0, 0x0,
    0x9, 0xff, 0xff, 0xff, 0xef, 0xb0, 0x0, 0x0,
    0x4, 0x44, 0x44, 0x44, 0x40, 0x0,

    /* U+F0A7 "" */
    0x0, 0x0, 0x4, 0x44, 0x44, 0x44, 0x41, 0x0,
    0x0, 0x9, 0xff, 0xff, 0xff, 0xef, 0xb0, 0x0,
    0x0, 0xaf, 0xff, 0xff, 0xf3, 0x7c, 0x0, 0x0,
    0x9, 0xff, 0xff, 0xff, 0xef, 0xb0, 0x0, 0x0,
    0x5, 0x66, 0x66, 0x66, 0x61, 0x0, 0x0, 0x7,
    0xff, 0xff, 0xff, 0xff, 0x50, 0x0, 0x2, 0xff,
    0xff, 0xff, 0xff, 0xfb, 0x0, 0x0, 0xaf, 0xff,
    0xff, 0xff, 0xff, 0xf2, 0x0, 0x3f, 0xff, 0xff,
    0xff, 0xff, 0xff, 0x90, 0x1e, 0xff, 0xff, 0xff,
    0xff, 0xff, 0xfd, 0x5f, 0xff, 0xff, 0xff, 0xff,
    0xff, 0xff, 0xff, 0xff, 0xff, 0xff, 0xff, 0xff,
    0xff, 0xff, 0xcf, 0xff, 0xff, 0xff, 0xff, 0xff,
    0xff, 0xc1, 0x87, 0x7f, 0xff, 0xff, 0xff, 0xff,
    0xd3, 0x0, 0x6, 0xff, 0xff, 0xfd, 0xc9, 0x0,
    0x0, 0x0, 0x6f, 0xff, 0x24, 0x0, 0x0, 0x0,
    0x0, 0x6, 0xff, 0xf0, 0x0, 0x0, 0x0, 0x0,
    0x0, 0x6f, 0xff, 0x0, 0x0, 0x0, 0x0, 0x0,
    0x6, 0xff, 0xf0, 0x0, 0x0, 0x0, 0x0, 0x0,
    0x3f, 0xfc, 0x0, 0x0, 0x0, 0x0, 0x0, 0x0,
    0x37, 0x10, 0x0, 0x0, 0x0, 0x0,

    /* U+F0A8 "" */
    0x0, 0x0, 0x0, 0x0, 0x1, 0x10, 0x0, 0x0,
    0x0, 0x0, 0x0, 0x0, 0x1, 0x7c, 0xff, 0xff,
    0xc7, 0x10, 0x0, 0x0, 0x0, 0x0, 0x6f, 0xff,
    0xff, 0xff, 0xff, 0xf6, 0x0, 0x0, 0x0, 0x9,
    0xff, 0xff, 0xff, 0xff, 0xff, 0xff, 0x90, 0x0,
    0x0, 0x8f, 0xff, 0xff, 0xfa, 0x9f, 0xff, 0xff,
    0xf8, 0x0, 0x4, 0xff, 0xff, 0xff, 0x80, 0xb,
    0xff, 0xff, 0xff, 0x40, 0xd, 0xff, 0xff, 0xf8,
    0x0, 0x1d, 0xff, 0xff, 0xff, 0xc0, 0x3f, 0xff,
    0xff, 0x80, 0x1, 0xdf, 0xff, 0xff, 0xff, 0xf2,
    0x7f, 0xff, 0xf8, 0x0, 0x1d, 0xff, 0xff, 0xff,
    0xff, 0xf7, 0x9f, 0xff, 0x80, 0x0, 0x34, 0x44,
    0x44, 0x45, 0xff, 0xf9, 0xaf, 0xff, 0x0, 0x0,
    0x0, 0x0, 0x0, 0x0, 0xcf, 0xfa, 0x9f, 0xff,
    0x90, 0x0, 0x34, 0x44, 0x44, 0x45, 0xff, 0xf9,
    0x7f, 0xff, 0xf8, 0x0, 0x2d, 0xff, 0xff, 0xff,
    0xff, 0xf7, 0x3f, 0xff, 0xff, 0x80, 0x1, 0xdf,
    0xff, 0xff, 0xff, 0xf2, 0xd, 0xff, 0xff, 0xf8,
    0x0, 0x1d, 0xff, 0xff, 0xff, 0xc0, 0x4, 0xff,
    0xff, 0xff, 0x80, 0xb, 0xff, 0xff, 0xff, 0x40,
    0x0, 0x8f, 0xff, 0xff, 0xfa, 0x9f, 0xff, 0xff,
    0xf8, 0x0, 0x0, 0x9, 0xff, 0xff, 0xff, 0xff,
    0xff, 0xff, 0x90, 0x0, 0x0, 0x0, 0x6f, 0xff,
    0xff, 0xff, 0xff, 0xf6, 0x0, 0x0, 0x0, 0x0,
    0x1, 0x7c, 0xff, 0xff, 0xc7, 0x10, 0x0, 0x0,
    0x0, 0x0, 0x0, 0x0, 0x1, 0x10, 0x0, 0x0,
    0x0, 0x0,

    /* U+F0A9 "" */
    0x0, 0x0, 0x0, 0x0, 0x1, 0x10, 0x0, 0x0,
    0x0, 0x0, 0x0, 0x0, 0x1, 0x7c, 0xff, 0xff,
    0xc8, 0x10, 0x0, 0x0, 0x0, 0x0, 0x6f, 0xff,
    0xff, 0xff, 0xff, 0xf7, 0x0, 0x0, 0x0, 0x9,
    0xff, 0xff, 0xff, 0xff, 0xff, 0xff, 0xa0, 0x0,
    0x0, 0x8f, 0xff, 0xff, 0xf9, 0xaf, 0xff, 0xff,
    0xf8, 0x0, 0x4, 0xff, 0xff, 0xff, 0xb0, 0x8,
    0xff, 0xff, 0xff, 0x40, 0xc, 0xff, 0xff, 0xff,
    0xd1, 0x0, 0x8f, 0xff, 0xff, 0xd0, 0x2f, 0xff,
    0xff, 0xff, 0xfd, 0x10, 0x8, 0xff, 0xff, 0xf3,
    0x7f, 0xff, 0xff, 0xff, 0xff, 0xe2, 0x0, 0x8f,
    0xff, 0xf7, 0x9f, 0xff, 0x54, 0x44, 0x44, 0x43,
    0x0, 0x8, 0xff, 0xf9, 0xaf, 0xfc, 0x0, 0x0,
    0x0, 0x0, 0x0, 0x0, 0xff, 0xfa, 0x9f, 0xff,
    0x54, 0x44, 0x44, 0x43, 0x0, 0x8, 0xff, 0xf9,
    0x7f, 0xff, 0xff, 0xff, 0xff, 0xe2, 0x0, 0x8f,
    0xff, 0xf7, 0x2f, 0xff, 0xff, 0xff, 0xfd, 0x10,
    0x8, 0xff, 0xff, 0xf3, 0xc, 0xff, 0xff, 0xff,
    0xd1, 0x0, 0x8f, 0xff, 0xff, 0xd0, 0x4, 0xff,
    0xff, 0xff, 0xb0, 0x8, 0xff, 0xff, 0xff, 0x40,
    0x0, 0x8f, 0xff, 0xff, 0xf9, 0xaf, 0xff, 0xff,
    0xf8, 0x0, 0x0, 0x9, 0xff, 0xff, 0xff, 0xff,
    0xff, 0xff, 0xa0, 0x0, 0x0, 0x0, 0x6f, 0xff,
    0xff, 0xff, 0xff, 0xf7, 0x0, 0x0, 0x0, 0x0,
    0x1, 0x7c, 0xff, 0xff, 0xc8, 0x10, 0x0, 0x0,
    0x0, 0x0, 0x0, 0x0, 0x1, 0x10, 0x0, 0x0,
    0x0, 0x0,

    /* U+F0AA "" */
    0x0, 0x0, 0x0, 0x0, 0x1, 0x10, 0x0, 0x0,
    0x0, 0x0, 0x0, 0x0, 0x1, 0x7c, 0xff, 0xff,
    0xc7, 0x10, 0x0, 0x0, 0x0, 0x0, 0x6f, 0xff,
    0xff, 0xff, 0xff, 0xf6, 0x0, 0x0, 0x0, 0x9,
    0xff, 0xff, 0xff, 0xff, 0xff, 0xff, 0x90, 0x0,
    0x0, 0x8f, 0xff, 0xff, 0xfb, 0xbf, 0xff, 0xff,
    0xf8, 0x0, 0x4, 0xff, 0xff, 0xff, 0x90, 0x9,
    0xff, 0xff, 0xff, 0x40, 0xc, 0xff, 0xff, 0xf9,
    0x0, 0x0, 0x9f, 0xff, 0xff, 0xc0, 0x3f, 0xff,
    0xff, 0x90, 0x0, 0x0, 0x9, 0xff, 0xff, 0xf2,
    0x7f, 0xff, 0xf8, 0x0, 0x0, 0x0, 0x0, 0x8f,
    0xff, 0xf7, 0x9f, 0xff, 0x80, 0x2, 0xa0, 0xa,
    0x20, 0x8, 0xff, 0xf9, 0xaf, 0xfe, 0x0, 0x1d,
    0xc0, 0xc, 0xd1, 0x0, 0xef, 0xfa, 0x9f, 0xff,
    0x72, 0xdf, 0xc0, 0xc, 0xfd, 0x27, 0xff, 0xf9,
    0x7f, 0xff, 0xff, 0xff, 0xc0, 0xc, 0xff, 0xff,
    0xff, 0xf7, 0x3f, 0xff, 0xff, 0xff, 0xc0, 0xc,
    0xff, 0xff, 0xff, 0xf3, 0xd, 0xff, 0xff, 0xff,
    0xc0, 0xc, 0xff, 0xff, 0xff, 0xd0, 0x4, 0xff,
    0xff, 0xff, 0xc0, 0xc, 0xff, 0xff, 0xff, 0x40,
    0x0, 0x9f, 0xff, 0xff, 0xf5, 0x5f, 0xff, 0xff,
    0xf9, 0x0, 0x0, 0xa, 0xff, 0xff, 0xff, 0xff,
    0xff, 0xff, 0xa0, 0x0, 0x0, 0x0, 0x7f, 0xff,
    0xff, 0xff, 0xff, 0xf7, 0x0, 0x0, 0x0, 0x0,
    0x1, 0x8d, 0xff, 0xff, 0xd8, 0x10, 0x0, 0x0,
    0x0, 0x0, 0x0, 0x0, 0x2, 0x20, 0x0, 0x0,
    0x0, 0x0,

    /* U+F0AB "" */
    0x0, 0x0, 0x0, 0x0, 0x2, 0x20, 0x0, 0x0,
    0x0, 0x0, 0x0, 0x0, 0x1, 0x8d, 0xff, 0xff,
    0xd8, 0x10, 0x0, 0x0, 0x0, 0x0, 0x7f, 0xff,
    0xff, 0xff, 0xff, 0xf7, 0x0, 0x0, 0x0, 0xa,
    0xff, 0xff, 0xff, 0xff, 0xff, 0xff, 0xa0, 0x0,
    0x0, 0x9f, 0xff, 0xff, 0xf5, 0x5f, 0xff, 0xff,
    0xf9, 0x0, 0x4, 0xff, 0xff, 0xff, 0xc0, 0xc,
    0xff, 0xff, 0xff, 0x40, 0xd, 0xff, 0xff, 0xff,
    0xc0, 0xc, 0xff, 0xff, 0xff, 0xd0, 0x3f, 0xff,
    0xff, 0xff, 0xc0, 0xc, 0xff, 0xff, 0xff, 0xf3,
    0x7f, 0xff, 0xff, 0xff, 0xc0, 0xc, 0xff, 0xff,
    0xff, 0xf7, 0x9f, 0xff, 0x72, 0xdf, 0xc0, 0xc,
    0xfd, 0x27, 0xff, 0xf9, 0xaf, 0xfe, 0x0, 0x1d,
    0xc0, 0xc, 0xd1, 0x0, 0xef, 0xfa, 0x9f, 0xff,
    0x80, 0x1, 0xa0, 0xa, 0x10, 0x8, 0xff, 0xf9,
    0x7f, 0xff, 0xf8, 0x0, 0x0, 0x0, 0x0, 0x8f,
    0xff, 0xf7, 0x3f, 0xff, 0xff, 0x90, 0x0, 0x0,
    0x9, 0xff, 0xff, 0xf2, 0xc, 0xff, 0xff, 0xf9,
    0x0, 0x0, 0x9f, 0xff, 0xff, 0xc0, 0x4, 0xff,
    0xff, 0xff, 0x90, 0x9, 0xff, 0xff, 0xff, 0x40,
    0x0, 0x8f, 0xff, 0xff, 0xfb, 0xbf, 0xff, 0xff,
    0xf8, 0x0, 0x0, 0x9, 0xff, 0xff, 0xff, 0xff,
    0xff, 0xff, 0x90, 0x0, 0x0, 0x0, 0x6f, 0xff,
    0xff, 0xff, 0xff, 0xf6, 0x0, 0x0, 0x0, 0x0,
    0x1, 0x7c, 0xff, 0xff, 0xc7, 0x10, 0x0, 0x0,
    0x0, 0x0, 0x0, 0x0, 0x1, 0x10, 0x0, 0x0,
    0x0, 0x0,

    /* U+F0AC "" */
    0x0, 0x0, 0x0, 0x0, 0x0, 0x0, 0x0, 0x0,
    0x0, 0x0, 0x0, 0x0, 0x1, 0x40, 0x7f, 0xc1,
    0x23, 0x0, 0x0, 0x0, 0x0, 0x0, 0x7f, 0x44,
    0xff, 0xfa, 0xd, 0xc1, 0x0, 0x0, 0x0, 0xb,
    0xfd, 0xc, 0xff, 0xff, 0x36, 0xff, 0x40, 0x0,
    0x0, 0xbf, 0xf7, 0x2f, 0xff, 0xff, 0x91, 0xff,
    0xf3, 0x0, 0x7, 0xff, 0xf3, 0x7f, 0xff, 0xff,
    0xd0, 0xdf, 0xfe, 0x0, 0xd, 0xee, 0xe0, 0x9e,
    0xee, 0xee, 0xe0, 0x8e, 0xee, 0x60, 0x0, 0x0,
    0x0, 0x0, 0x0, 0x0, 0x0, 0x0, 0x0, 0x0,
    0xcf, 0xff, 0xc0, 0xff, 0xff, 0xff, 0xf5, 0x5f,
    0xff, 0xf3, 0xef, 0xff, 0xb0, 0xff, 0xff, 0xff,
    0xf6, 0x4f, 0xff, 0xf6, 0xff, 0xff, 0xb0, 0xff,
    0xff, 0xff, 0xf6, 0x3f, 0xff, 0xf6, 0xef, 0xff,
    0xb0, 0xff, 0xff, 0xff, 0xf6, 0x4f, 0xff, 0xf6,
    0xbf, 0xff, 0xc0, 0xff, 0xff, 0xff, 0xf5, 0x5f,
    0xff, 0xf3, 0x0, 0x0, 0x0, 0x0, 0x0, 0x0,
    0x0, 0x0, 0x0, 0x0, 0xd, 0xee, 0xe0, 0x9e,
    0xee, 0xee, 0xe0, 0x8e, 0xee, 0x60, 0x7, 0xff,
    0xf3, 0x7f, 0xff, 0xff, 0xd0, 0xcf, 0xfe, 0x0,
    0x0, 0xbf, 0xf8, 0x2f, 0xff, 0xff, 0x91, 0xff,
    0xf3, 0x0, 0x0, 0xb, 0xfd, 0xc, 0xff, 0xff,
    0x36, 0xff, 0x40, 0x0, 0x0, 0x0, 0x7f, 0x44,
    0xff, 0xfa, 0xd, 0xc2, 0x0, 0x0, 0x0, 0x0,
    0x1, 0x40, 0x7f, 0xc1, 0x23, 0x0, 0x0, 0x0,
    0x0, 0x0, 0x0, 0x0, 0x0, 0x0, 0x0, 0x0,
    0x0, 0x0,

    /* U+F0AD "" */
    0x0, 0x0, 0x0, 0x0, 0x0, 0x0, 0x26, 0x75,
    0x0, 0x0, 0x0, 0x0, 0x0, 0x0, 0x0, 0x1,
    0xaf, 0xff, 0xc0, 0x0, 0x0, 0x0, 0x0, 0x0,
    0x0, 0x0, 0xdf, 0xff, 0xd1, 0x0, 0x0, 0x0,
    0x0, 0x0, 0x0, 0x0, 0x8f, 0xff, 0xd1, 0x0,
    0x0, 0x0, 0x0, 0x0, 0x0, 0x0, 0xe, 0xff,
    0xf2, 0x0, 0x0, 0x16, 0x0, 0x0, 0x0, 0x0,
    0x2, 0xff, 0xff, 0x30, 0x0, 0x1c, 0xe0, 0x0,
    0x0, 0x0, 0x0, 0x2f, 0xff, 0xf6, 0x0, 0x1d,
    0xff, 0x0, 0x0, 0x0, 0x0, 0x0, 0xff, 0xff,
    0xfd, 0xad, 0xff, 0xc0, 0x0, 0x0, 0x0, 0x0,
    0x8f, 0xff, 0xff, 0xff, 0xff, 0xf6, 0x0, 0x0,
    0x0, 0x0, 0x8f, 0xff, 0xff, 0xff, 0xff, 0xfc,
    0x0, 0x0, 0x0, 0x0, 0x8f, 0xff, 0xff, 0xff,
    0xff, 0xfb, 0x10, 0x0, 0x0, 0x0, 0x8f, 0xff,
    0xff, 0xf9, 0x9b, 0x94, 0x0, 0x0, 0x0, 0x0,
    0x8f, 0xff, 0xff, 0xf8, 0x0, 0x0, 0x0, 0x0,
    0x0, 0x0, 0x8f, 0xff, 0xff, 0xf8, 0x0, 0x0,
    0x0, 0x0, 0x0, 0x0, 0x8f, 0xff, 0xff, 0xf8,
    0x0, 0x0, 0x0, 0x0, 0x0, 0x0, 0x8f, 0xff,
    0xff, 0xf8, 0x0, 0x0, 0x0, 0x0, 0x0, 0x0,
    0x6f, 0xff, 0xff, 0xf8, 0x0, 0x0, 0x0, 0x0,
    0x0, 0x0, 0xe, 0xc1, 0xcf, 0xf8, 0x0, 0x0,
    0x0, 0x0, 0x0, 0x0, 0x0, 0xec, 0x1c, 0xf8,
    0x0, 0x0, 0x0, 0x0, 0x0, 0x0, 0x0, 0x7,
    0xff, 0xf8, 0x0, 0x0, 0x0, 0x0, 0x0, 0x0,
    0x0, 0x0, 0x4, 0x73, 0x0, 0x0, 0x0, 0x0,
    0x0, 0x0, 0x0, 0x0, 0x0,

    /* U+F0AE "" */
    0x0, 0x0, 0x1, 0x0, 0x0, 0x0, 0x0, 0x0,
    0x0, 0x0, 0x0, 0x0, 0x1, 0xdd, 0x0, 0x0,
    0x0, 0x0, 0x0, 0x0, 0x0, 0x5, 0x41, 0xdf,
    0xa0, 0x8f, 0xff, 0xff, 0xff, 0xff, 0xff, 0xc0,
    0xff, 0xef, 0xa0, 0xa, 0xff, 0xff, 0xff, 0xff,
    0xff, 0xfd, 0x4, 0xff, 0xa0, 0x0, 0x38, 0x88,
    0x88, 0x88, 0x88, 0x88, 0x50, 0x5, 0x90, 0x0,
    0x0, 0x0, 0x0, 0x0, 0x0, 0x0, 0x0, 0x0,
    0x0, 0x0, 0x0, 0x0, 0x0, 0x0, 0x0, 0x0,
    0x0, 0x0, 0x0, 0x0, 0x88, 0x0, 0x0, 0x0,
    0x0, 0x0, 0x0, 0x0, 0x0, 0x0, 0x8f, 0xe0,
    0x38, 0x88, 0x88, 0x88, 0x88, 0x88, 0x50, 0xdc,
    0x9f, 0xe2, 0xa, 0xff, 0xff, 0xff, 0xff, 0xff,
    0xfd, 0xa, 0xff, 0xe2, 0x0, 0x8f, 0xff, 0xff,
    0xff, 0xff, 0xff, 0xb0, 0x9, 0xe2, 0x0, 0x0,
    0x0, 0x0, 0x0, 0x0, 0x0, 0x0, 0x0, 0x0,
    0x0, 0x0, 0x0, 0x0, 0x0, 0x0, 0x0, 0x0,
    0x0, 0x0, 0x10, 0x0, 0x0, 0x0, 0x0, 0x0,
    0x0, 0x0, 0x0, 0x1, 0xdf, 0xa0, 0x0, 0x38,
    0x88, 0x88, 0x88, 0x88, 0x88, 0x50, 0x7f, 0xff,
    0x20, 0xa, 0xff, 0xff, 0xff, 0xff, 0xff, 0xfd,
    0x5, 0xff, 0xf1, 0x0, 0x8f, 0xff, 0xff, 0xff,
    0xff, 0xff, 0xc0, 0x5, 0x93, 0x0, 0x0, 0x0,
    0x0, 0x0, 0x0, 0x0, 0x0,

    /* U+F0B0 "" */
    0x6, 0x88, 0x88, 0x88, 0x88, 0x88, 0x88, 0x88,
    0x88, 0x87, 0x32, 0xff, 0xff, 0xff, 0xff, 0xff,
    0xff, 0xff, 0xff, 0xff, 0xfb, 0x8, 0xff, 0xff,
    0xff, 0xff, 0xff, 0xff, 0xff, 0xff, 0xfe, 0x20,
    0x8, 0xff, 0xff, 0xff, 0xff, 0xff, 0xff, 0xff,
    0xfe, 0x20, 0x0, 0x8, 0xff, 0xff, 0xff, 0xff,
    0xff, 0xff, 0xfe, 0x20, 0x0, 0x0, 0x8, 0xff,
    0xff, 0xff, 0xff, 0xff, 0xfe, 0x20, 0x0, 0x0,
    0x0, 0x8, 0xff, 0xff, 0xff, 0xff, 0xfe, 0x20,
    0x0, 0x0, 0x0, 0x0, 0x8, 0xff, 0xff, 0xff,
    0xfe, 0x20, 0x0, 0x0, 0x0, 0x0, 0x0, 0x8,
    0xff, 0xff, 0xfe, 0x20, 0x0, 0x0, 0x0, 0x0,
    0x0, 0x0, 0xc, 0xff, 0xff, 0x50, 0x0, 0x0,
    0x0, 0x0, 0x0, 0x0, 0x0, 0xbf, 0xff, 0xf4,
    0x0, 0x0, 0x0, 0x0, 0x0, 0x0, 0x0, 0xb,
    0xff, 0xff, 0x40, 0x0, 0x0, 0x0, 0x0, 0x0,
    0x0, 0x0, 0xbf, 0xff, 0xf4, 0x0, 0x0, 0x0,
    0x0, 0x0, 0x0, 0x0, 0xb, 0xff, 0xff, 0x40,
    0x0, 0x0, 0x0, 0x0, 0x0, 0x0, 0x0, 0xbf,
    0xff, 0xf4, 0x0, 0x0, 0x0, 0x0, 0x0, 0x0,
    0x0, 0xb, 0xff, 0xff, 0x40, 0x0, 0x0, 0x0,
    0x0, 0x0, 0x0, 0x0, 0xbf, 0xff, 0xf4, 0x0,
    0x0, 0x0, 0x0, 0x0, 0x0, 0x0, 0xa, 0xff,
    0xff, 0x40, 0x0, 0x0, 0x0, 0x0, 0x0, 0x0,
    0x0, 0x1b, 0xff, 0xf4, 0x0, 0x0, 0x0, 0x0,
    0x0, 0x0, 0x0, 0x0, 0x7, 0xff, 0x40, 0x0,
    0x0, 0x0, 0x0, 0x0, 0x0, 0x0, 0x0, 0x2,
    0x60, 0x0, 0x0, 0x0, 0x0,

    /* U+F0B1 "" */
    0x0, 0x0, 0x0, 0x57, 0x77, 0x77, 0x75, 0x0,
    0x0, 0x0, 0x0, 0x0, 0xa, 0xff, 0xff, 0xff,
    0xff, 0xa0, 0x0, 0x0, 0x0, 0x0, 0xf, 0xff,
    0xff, 0xff, 0xff, 0xf0, 0x0, 0x0, 0x0, 0x0,
    0xf, 0xf8, 0x0, 0x0, 0x8f, 0xf0, 0x0, 0x0,
    0x3, 0x44, 0x4f, 0xfa, 0x44, 0x44, 0xaf, 0xf4,
    0x44, 0x30, 0x8f, 0xff, 0xff, 0xff, 0xff, 0xff,
    0xff, 0xff, 0xff, 0xf8, 0xff, 0xff, 0xff, 0xff,
    0xff, 0xff, 0xff, 0xff, 0xff, 0xff, 0xff, 0xff,
    0xff, 0xff, 0xff, 0xff, 0xff, 0xff, 0xff, 0xff,
    0xff, 0xff, 0xff, 0xff, 0xff, 0xff, 0xff, 0xff,
    0xff, 0xff, 0xbb, 0xbb, 0xbb, 0xbb, 0xbb, 0xbb,
    0xbb, 0xbb, 0xbb, 0xbb, 0x77, 0x77, 0x77, 0x73,
    0x0, 0x0, 0x37, 0x77, 0x77, 0x77, 0xff, 0xff,
    0xff, 0xf8, 0x0, 0x0, 0x8f, 0xff, 0xff, 0xff,
    0xff, 0xff, 0xff, 0xf9, 0x0, 0x0, 0x9f, 0xff,
    0xff, 0xff, 0xff, 0xff, 0xff, 0xff, 0xff, 0xff,
    0xff, 0xff, 0xff, 0xff, 0xff, 0xff, 0xff, 0xff,
    0xff, 0xff, 0xff, 0xff, 0xff, 0xff, 0xff, 0xff,
    0xff, 0xff, 0xff, 0xff, 0xff, 0xff, 0xff, 0xff,
    0xef, 0xff, 0xff, 0xff, 0xff, 0xff, 0xff, 0xff,
    0xff, 0xfe, 0x5f, 0xff, 0xff, 0xff, 0xff, 0xff,
    0xff, 0xff, 0xff, 0xf5, 0x0, 0x0, 0x0, 0x0,
    0x0, 0x0, 0x0, 0x0, 0x0, 0x0,

    /* U+F0B2 "" */
    0x0, 0x0, 0x0, 0x0, 0x1, 0x20, 0x0, 0x0,
    0x0, 0x0, 0x0, 0x0, 0x0, 0x0, 0x3f, 0xf3,
    0x0, 0x0, 0x0, 0x0, 0x0, 0x0, 0x0, 0x3,
    0xff, 0xff, 0x30, 0x0, 0x0, 0x0, 0x0, 0x0,
    0x0, 0x3f, 0xff, 0xff, 0xf3, 0x0, 0x0, 0x0,
    0x0, 0x0, 0x0, 0xef, 0xff, 0xff, 0xfe, 0x0,
    0x0, 0x0, 0x0, 0x0, 0x0, 0x7a, 0xbf, 0xfb,
    0xa7, 0x0, 0x0, 0x0, 0x0, 0x2, 0x20, 0x0,
    0x1f, 0xf1, 0x0, 0x2, 0x20, 0x0, 0x0, 0x3f,
    0xe0, 0x0, 0x1f, 0xf1, 0x0, 0xe, 0xf3, 0x0,
    0x3, 0xff, 0xf0, 0x0, 0x1f, 0xf1, 0x0, 0xf,
    0xff, 0x30, 0x3f, 0xff, 0xf6, 0x66, 0x6f, 0xf6,
    0x66, 0x6f, 0xff, 0xf3, 0xef, 0xff, 0xff, 0xff,
    0xff, 0xff, 0xff, 0xff, 0xff, 0xfe, 0x9f, 0xff,
    0xfd, 0xdd, 0xdf, 0xfd, 0xdd, 0xdf, 0xff, 0xf9,
    0x9, 0xff, 0xf0, 0x0, 0x1f, 0xf1, 0x0, 0xf,
    0xff, 0x90, 0x0, 0x9f, 0xf0, 0x0, 0x1f, 0xf1,
    0x0, 0xf, 0xf9, 0x0, 0x0, 0x8, 0x70, 0x0,
    0x1f, 0xf1, 0x0, 0x8, 0x80, 0x0, 0x0, 0x0,
    0x0, 0x14, 0x5f, 0xf5, 0x41, 0x0, 0x0, 0x0,
    0x0, 0x0, 0x0, 0xef, 0xff, 0xff, 0xff, 0x0,
    0x0, 0x0, 0x0, 0x0, 0x0, 0x9f, 0xff, 0xff,
    0xf9, 0x0, 0x0, 0x0, 0x0, 0x0, 0x0, 0x9,
    0xff, 0xff, 0x90, 0x0, 0x0, 0x0, 0x0, 0x0,
    0x0, 0x0, 0x9f, 0xf9, 0x0, 0x0, 0x0, 0x0,
    0x0, 0x0, 0x0, 0x0, 0x8, 0x80, 0x0, 0x0,
    0x0, 0x0,

    /* U+F0C0 "" */
    0x0, 0x0, 0x0, 0x0, 0x0, 0x0, 0x10, 0x0,
    0x0, 0x0, 0x0, 0x0, 0x0, 0x0, 0x0, 0x0,
    0x0, 0x1a, 0xff, 0xf9, 0x0, 0x0, 0x0, 0x0,
    0x0, 0x0, 0x0, 0x0, 0x0, 0xd, 0xff, 0xff,
    0xfc, 0x0, 0x0, 0x0, 0x0, 0x0, 0x4, 0x97,
    0x0, 0x8, 0xff, 0xff, 0xff, 0xf7, 0x0, 0x7,
    0x93, 0x0, 0x4, 0xff, 0xfb, 0x0, 0xcf, 0xff,
    0xff, 0xff, 0xc0, 0xc, 0xff, 0xf4, 0x0, 0xbf,
    0xff, 0xf2, 0xd, 0xff, 0xff, 0xff, 0xfd, 0x2,
    0xff, 0xff, 0xb0, 0xa, 0xff, 0xff, 0x10, 0xbf,
    0xff, 0xff, 0xff, 0xa0, 0x1f, 0xff, 0xfa, 0x0,
    0x2e, 0xff, 0x80, 0x3, 0xff, 0xff, 0xff, 0xf3,
    0x0, 0x8f, 0xfe, 0x20, 0x0, 0x14, 0x20, 0x0,
    0x6, 0xff, 0xff, 0xf5, 0x0, 0x0, 0x34, 0x10,
    0x0, 0x25, 0x66, 0x40, 0x0, 0x2, 0x79, 0x71,
    0x0, 0x0, 0x56, 0x65, 0x20, 0x6f, 0xff, 0xff,
    0x50, 0x56, 0x30, 0x0, 0x37, 0x50, 0x4f, 0xff,
    0xff, 0x5e, 0xff, 0xff, 0x45, 0xef, 0xff, 0xfd,
    0xff, 0xff, 0xe4, 0x3f, 0xff, 0xfe, 0xff, 0xff,
    0x73, 0xff, 0xff, 0xff, 0xff, 0xff, 0xff, 0xf3,
    0x6f, 0xff, 0xfd, 0xff, 0xf0, 0xbf, 0xff, 0xff,
    0xff, 0xff, 0xff, 0xff, 0xb0, 0xff, 0xfd, 0x14,
    0x44, 0xf, 0xff, 0xff, 0xff, 0xff, 0xff, 0xff,
    0xff, 0x4, 0x44, 0x10, 0x0, 0x0, 0xff, 0xff,
    0xff, 0xff, 0xff, 0xff, 0xff, 0xf0, 0x0, 0x0,
    0x0, 0x0, 0xf, 0xff, 0xff, 0xff, 0xff, 0xff,
    0xff, 0xff, 0x0, 0x0, 0x0, 0x0, 0x0, 0x6f,
    0xff, 0xff, 0xff, 0xff, 0xff, 0xff, 0x60, 0x0,
    0x0, 0x0, 0x0, 0x0, 0x0, 0x0, 0x0, 0x0,
    0x0, 0x0, 0x0, 0x0, 0x0, 0x0,

    /* U+F0C1 "" */
    0x0, 0x0, 0x0, 0x0, 0x0, 0x0, 0x3, 0x31,
    0x0, 0x0, 0x0, 0x0, 0x0, 0x0, 0x0, 0x1a,
    0xff, 0xff, 0xc3, 0x0, 0x0, 0x0, 0x0, 0x0,
    0x2, 0xef, 0xff, 0xff, 0xff, 0x50, 0x0, 0x0,
    0x0, 0x0, 0x2e, 0xff, 0xff, 0xef, 0xff, 0xf2,
    0x0, 0x0, 0x0, 0x2, 0xef, 0xff, 0x60, 0x4,
    0xef, 0xf9, 0x0, 0x0, 0x0, 0x1e, 0xff, 0xf5,
    0x0, 0x0, 0x6f, 0xfe, 0x0, 0x0, 0x0, 0xaf,
    0xff, 0x52, 0x0, 0x0, 0x3f, 0xff, 0x0, 0x0,
    0x1, 0xff, 0xf6, 0x7f, 0xa0, 0x0, 0x6f, 0xfe,
    0x0, 0x2, 0x4, 0xff, 0xe0, 0xff, 0xf6, 0x2,
    0xef, 0xfa, 0x0, 0x5f, 0x55, 0xff, 0xd0, 0xbf,
    0xfe, 0xa, 0xff, 0xf2, 0x5, 0xff, 0x73, 0xff,
    0xf1, 0x1f, 0xff, 0x37, 0xff, 0x50, 0x2f, 0xff,
    0xa0, 0xef, 0xfb, 0xd, 0xff, 0x55, 0xf5, 0x0,
    0xaf, 0xfe, 0x20, 0x6f, 0xff, 0x1e, 0xff, 0x40,
    0x20, 0x0, 0xef, 0xf6, 0x0, 0x9, 0xf7, 0x7f,
    0xff, 0x10, 0x0, 0x0, 0xff, 0xf3, 0x0, 0x0,
    0x25, 0xff, 0xfa, 0x0, 0x0, 0x0, 0xef, 0xf6,
    0x0, 0x0, 0x5f, 0xff, 0xe1, 0x0, 0x0, 0x0,
    0x9f, 0xff, 0x40, 0x6, 0xff, 0xfe, 0x20, 0x0,
    0x0, 0x0, 0x2f, 0xff, 0xfe, 0xff, 0xff, 0xe2,
    0x0, 0x0, 0x0, 0x0, 0x5, 0xff, 0xff, 0xff,
    0xfe, 0x20, 0x0, 0x0, 0x0, 0x0, 0x0, 0x3c,
    0xff, 0xff, 0xa1, 0x0, 0x0, 0x0, 0x0, 0x0,
    0x0, 0x0, 0x13, 0x31, 0x0, 0x0, 0x0, 0x0,
    0x0, 0x0,

    /* U+F0C2 "" */
    0x0, 0x0, 0x0, 0x0, 0x46, 0x63, 0x0, 0x0,
    0x0, 0x0, 0x0, 0x0, 0x0, 0x0, 0x0, 0x5,
    0xef, 0xff, 0xfd, 0x50, 0x0, 0x0, 0x0, 0x0,
    0x0, 0x0, 0x0, 0x7, 0xff, 0xff, 0xff, 0xff,
    0x70, 0x0, 0x0, 0x0, 0x0, 0x0, 0x0, 0x4,
    0xff, 0xff, 0xff, 0xff, 0xff, 0x8c, 0xec, 0x50,
    0x0, 0x0, 0x0, 0x0, 0xcf, 0xff, 0xff, 0xff,
    0xff, 0xff, 0xff, 0xff, 0x60, 0x0, 0x0, 0x0,
    0x1f, 0xff, 0xff, 0xff, 0xff, 0xff, 0xff, 0xff,
    0xff, 0x0, 0x0, 0x0, 0x3, 0xff, 0xff, 0xff,
    0xff, 0xff, 0xff, 0xff, 0xff, 0xf3, 0x0, 0x0,
    0x3, 0xcf, 0xff, 0xff, 0xff, 0xff, 0xff, 0xff,
    0xff, 0xff, 0x20, 0x0, 0x5, 0xff, 0xff, 0xff,
    0xff, 0xff, 0xff, 0xff, 0xff, 0xff, 0xfb, 0x40,
    0x3, 0xff, 0xff, 0xff, 0xff, 0xff, 0xff, 0xff,
    0xff, 0xff, 0xff, 0xff, 0x70, 0xaf, 0xff, 0xff,
    0xff, 0xff, 0xff, 0xff, 0xff, 0xff, 0xff, 0xff,
    0xff, 0x4e, 0xff, 0xff, 0xff, 0xff, 0xff, 0xff,
    0xff, 0xff, 0xff, 0xff, 0xff, 0xfb, 0xff, 0xff,
    0xff, 0xff, 0xff, 0xff, 0xff, 0xff, 0xff, 0xff,
    0xff, 0xff, 0xee, 0xff, 0xff, 0xff, 0xff, 0xff,
    0xff, 0xff, 0xff, 0xff, 0xff, 0xff, 0xff, 0x9f,
    0xff, 0xff, 0xff, 0xff, 0xff, 0xff, 0xff, 0xff,
    0xff, 0xff, 0xff, 0xc2, 0xff, 0xff, 0xff, 0xff,
    0xff, 0xff, 0xff, 0xff, 0xff, 0xff, 0xff, 0xf5,
    0x4, 0xff, 0xff, 0xff, 0xff, 0xff, 0xff, 0xff,
    0xff, 0xff, 0xff, 0xf9, 0x0, 0x2, 0xae, 0xff,
    0xff, 0xff, 0xff, 0xff, 0xff, 0xff, 0xff, 0xc5,
    0x0, 0x0, 0x0, 0x0, 0x0, 0x0, 0x0, 0x0,
    0x0, 0x0, 0x0, 0x0, 0x0, 0x0,

    /* U+F0C3 "" */
    0x0, 0x0, 0x6, 0x88, 0x88, 0x88, 0x87, 0x30,
    0x0, 0x0, 0x0, 0x3, 0xff, 0xff, 0xff, 0xff,
    0xfb, 0x0, 0x0, 0x0, 0x0, 0x1e, 0xff, 0xff,
    0xff, 0xff, 0x90, 0x0, 0x0, 0x0, 0x0, 0xf,
    0xf8, 0x0, 0xff, 0x80, 0x0, 0x0, 0x0, 0x0,
    0x0, 0xff, 0x80, 0xf, 0xf8, 0x0, 0x0, 0x0,
    0x0, 0x0, 0xf, 0xf8, 0x0, 0xff, 0x80, 0x0,
    0x0, 0x0, 0x0, 0x0, 0xff, 0x80, 0xf, 0xf8,
    0x0, 0x0, 0x0, 0x0, 0x0, 0xf, 0xf8, 0x0,
    0xff, 0x80, 0x0, 0x0, 0x0, 0x0, 0x0, 0xff,
    0x80, 0xf, 0xf8, 0x0, 0x0, 0x0, 0x0, 0x0,
    0x5f, 0xf6, 0x0, 0xef, 0xd0, 0x0, 0x0, 0x0,
    0x0, 0x1e, 0xfe, 0x0, 0x6, 0xff, 0x80, 0x0,
    0x0, 0x0, 0x9, 0xff, 0x50, 0x0, 0xc, 0xff,
    0x20, 0x0, 0x0, 0x3, 0xff, 0xb0, 0x0, 0x0,
    0x3f, 0xfb, 0x0, 0x0, 0x0, 0xdf, 0xff, 0xff,
    0xff, 0xff, 0xff, 0xf5, 0x0, 0x0, 0x7f, 0xff,
    0xff, 0xff, 0xff, 0xff, 0xff, 0xe1, 0x0, 0x1f,
    0xff, 0xff, 0xff, 0xff, 0xff, 0xff, 0xff, 0x90,
    0xa, 0xff, 0xff, 0xff, 0xff, 0xff, 0xff, 0xff,
    0xff, 0x30, 0xff, 0xff, 0xff, 0xff, 0xff, 0xff,
    0xff, 0xff, 0xf7, 0xd, 0xff, 0xff, 0xff, 0xff,
    0xff, 0xff, 0xff, 0xff, 0x60, 0x5f, 0xff, 0xff,
    0xff, 0xff, 0xff, 0xff, 0xff, 0xc0, 0x0, 0x37,
    0x88, 0x88, 0x88, 0x88, 0x88, 0x87, 0x60, 0x0,

    /* U+F0C4 "" */
    0x0, 0x25, 0x40, 0x0, 0x0, 0x0, 0x0, 0x0,
    0x0, 0x9, 0xff, 0xfe, 0x30, 0x0, 0x0, 0x4,
    0xaa, 0x50, 0x7f, 0xff, 0xff, 0xe0, 0x0, 0x0,
    0x8f, 0xff, 0xf5, 0xef, 0xd3, 0x7f, 0xf6, 0x0,
    0x8, 0xff, 0xff, 0xb0, 0xff, 0x80, 0xf, 0xf7,
    0x0, 0x8f, 0xff, 0xfb, 0x0, 0xdf, 0xe7, 0xaf,
    0xf5, 0x8, 0xff, 0xff, 0xb0, 0x0, 0x5f, 0xff,
    0xff, 0xfd, 0x9f, 0xff, 0xfb, 0x0, 0x0, 0x5,
    0xef, 0xff, 0xff, 0xff, 0xff, 0xb0, 0x0, 0x0,
    0x0, 0x1, 0x5f, 0xff, 0xff, 0xfb, 0x0, 0x0,
    0x0, 0x0, 0x0, 0xb, 0xff, 0xff, 0xf2, 0x0,
    0x0, 0x0, 0x0, 0x25, 0x9f, 0xff, 0xff, 0xfd,
    0x10, 0x0, 0x0, 0x9, 0xff, 0xff, 0xff, 0xff,
    0xff, 0xd1, 0x0, 0x0, 0x7f, 0xff, 0xff, 0xfb,
    0x6f, 0xff, 0xfd, 0x10, 0x0, 0xef, 0xd3, 0x7f,
    0xf5, 0x5, 0xff, 0xff, 0xd1, 0x0, 0xff, 0x80,
    0xf, 0xf7, 0x0, 0x5f, 0xff, 0xfd, 0x10, 0xdf,
    0xe7, 0xaf, 0xf5, 0x0, 0x5, 0xff, 0xff, 0xd1,
    0x5f, 0xff, 0xff, 0xc0, 0x0, 0x0, 0x4f, 0xff,
    0xf4, 0x5, 0xef, 0xfb, 0x10, 0x0, 0x0, 0x1,
    0x66, 0x20, 0x0, 0x1, 0x0, 0x0, 0x0, 0x0,
    0x0, 0x0, 0x0,

    /* U+F0C5 "" */
    0x0, 0x0, 0x8, 0xbb, 0xbb, 0xbb, 0x50, 0x90,
    0x0, 0x0, 0x0, 0xf, 0xff, 0xff, 0xff, 0x81,
    0xfb, 0x0, 0x0, 0x0, 0xf, 0xff, 0xff, 0xff,
    0x81, 0xff, 0xb0, 0x0, 0x0, 0xf, 0xff, 0xff,
    0xff, 0x81, 0xff, 0xf8, 0x8c, 0xc9, 0xf, 0xff,
    0xff, 0xff, 0x80, 0x0, 0x0, 0xff, 0xfc, 0xf,
    0xff, 0xff, 0xff, 0xd5, 0x44, 0x43, 0xff, 0xfc,
    0xf, 0xff, 0xff, 0xff, 0xff, 0xff, 0xfa, 0xff,
    0xfc, 0xf, 0xff, 0xff, 0xff, 0xff, 0xff, 0xfa,
    0xff, 0xfc, 0xf, 0xff, 0xff, 0xff, 0xff, 0xff,
    0xfa, 0xff, 0xfc, 0xf, 0xff, 0xff, 0xff, 0xff,
    0xff, 0xfa, 0xff, 0xfc, 0xf, 0xff, 0xff, 0xff,
    0xff, 0xff, 0xfa, 0xff, 0xfc, 0xf, 0xff, 0xff,
    0xff, 0xff, 0xff, 0xfa, 0xff, 0xfc, 0xf, 0xff,
    0xff, 0xff, 0xff, 0xff, 0xfa, 0xff, 0xfc, 0xf,
    0xff, 0xff, 0xff, 0xff, 0xff, 0xfa, 0xff, 0xfc,
    0xf, 0xff, 0xff, 0xff, 0xff, 0xff, 0xfa, 0xff,
    0xfc, 0xf, 0xff, 0xff, 0xff, 0xff, 0xff, 0xfa,
    0xff, 0xfe, 0xb, 0xff, 0xff, 0xff, 0xff, 0xff,
    0xf7, 0xff, 0xff, 0x91, 0x0, 0x0, 0x0, 0x0,
    0x0, 0x0, 0xff, 0xff, 0xff, 0xff, 0xff, 0xff,
    0x80, 0x0, 0x0, 0xff, 0xff, 0xff, 0xff, 0xff,
    0xff, 0x70, 0x0, 0x0, 0x58, 0x88, 0x88, 0x88,
    0x88, 0x87, 0x10, 0x0, 0x0,

    /* U+F0C6 "" */
    0x0, 0x0, 0x0, 0x0, 0x0, 0x3, 0x77, 0x30,
    0x0, 0x0, 0x0, 0x0, 0x0, 0x0, 0xaf, 0xff,
    0xfb, 0x10, 0x0, 0x0, 0x0, 0x0, 0xb, 0xff,
    0xff, 0xff, 0xb0, 0x0, 0x0, 0x0, 0x0, 0xaf,
    0xfc, 0x21, 0xbf, 0xf3, 0x0, 0x0, 0x0, 0xa,
    0xff, 0xc0, 0x0, 0x1f, 0xf7, 0x0, 0x0, 0x0,
    0xaf, 0xfc, 0x76, 0x0, 0x1f, 0xf7, 0x0, 0x0,
    0x9, 0xff, 0xc8, 0xff, 0x50, 0xaf, 0xf3, 0x0,
    0x0, 0x9f, 0xfc, 0x8f, 0xfe, 0x29, 0xff, 0xb0,
    0x0, 0x8, 0xff, 0xd7, 0xff, 0xe2, 0x9f, 0xfc,
    0x10, 0x0, 0x8f, 0xfd, 0x7f, 0xfe, 0x39, 0xff,
    0xd1, 0x0, 0x7, 0xff, 0xd7, 0xff, 0xe3, 0x9f,
    0xfd, 0x7f, 0x50, 0x2f, 0xfd, 0x5f, 0xff, 0x38,
    0xff, 0xd7, 0xff, 0xe0, 0xaf, 0xf2, 0xcf, 0xf3,
    0x8f, 0xfd, 0x7f, 0xff, 0x30, 0xef, 0xa0, 0xef,
    0xb8, 0xff, 0xd7, 0xff, 0xf3, 0x0, 0xff, 0x80,
    0xbf, 0xff, 0xfe, 0x6f, 0xff, 0x40, 0x0, 0xef,
    0xb0, 0x2d, 0xff, 0xd6, 0xff, 0xf4, 0x0, 0x0,
    0xaf, 0xf3, 0x0, 0x33, 0x4f, 0xff, 0x40, 0x0,
    0x0, 0x3f, 0xfe, 0x50, 0x16, 0xff, 0xf5, 0x0,
    0x0, 0x0, 0x7, 0xff, 0xff, 0xff, 0xff, 0x50,
    0x0, 0x0, 0x0, 0x0, 0x6e, 0xff, 0xff, 0xd3,
    0x0, 0x0, 0x0, 0x0, 0x0, 0x0, 0x57, 0x74,
    0x0, 0x0, 0x0, 0x0, 0x0,

    /* U+F0C7 "" */
    0x6, 0x77, 0x77, 0x77, 0x77, 0x77, 0x60, 0x0,
    0x0, 0xbf, 0xff, 0xff, 0xff, 0xff, 0xff, 0xfd,
    0x10, 0x0, 0xff, 0xff, 0xff, 0xff, 0xff, 0xff,
    0xff, 0xc1, 0x0, 0xff, 0x90, 0x0, 0x0, 0x0,
    0x1, 0xdf, 0xfc, 0x10, 0xff, 0x80, 0x0, 0x0,
    0x0, 0x0, 0xbf, 0xff, 0xc0, 0xff, 0x80, 0x0,
    0x0, 0x0, 0x0, 0xbf, 0xff, 0xf3, 0xff, 0x80,
    0x0, 0x0, 0x0, 0x0, 0xbf, 0xff, 0xf4, 0xff,
    0x80, 0x0, 0x0, 0x0, 0x0, 0xbf, 0xff, 0xf4,
    0xff, 0xd8, 0x88, 0x88, 0x88, 0x88, 0xef, 0xff,
    0xf4, 0xff, 0xff, 0xff, 0xff, 0xff, 0xff, 0xff,
    0xff, 0xf4, 0xff, 0xff, 0xff, 0xff, 0xff, 0xff,
    0xff, 0xff, 0xf4, 0xff, 0xff, 0xff, 0xe4, 0x2,
    0xcf, 0xff, 0xff, 0xf4, 0xff, 0xff, 0xff, 0x60,
    0x0, 0x2f, 0xff, 0xff, 0xf4, 0xff, 0xff, 0xff,
    0x40, 0x0, 0xf, 0xff, 0xff, 0xf4, 0xff, 0xff,
    0xff, 0xa0, 0x0, 0x6f, 0xff, 0xff, 0xf4, 0xff,
    0xff, 0xff, 0xfc, 0x8a, 0xff, 0xff, 0xff, 0xf4,
    0xef, 0xff, 0xff, 0xff, 0xff, 0xff, 0xff, 0xff,
    0xf3, 0x6f, 0xff, 0xff, 0xff, 0xff, 0xff, 0xff,
    0xff, 0xa0, 0x0, 0x0, 0x0, 0x0, 0x0, 0x0,
    0x0, 0x0, 0x0,

    /* U+F0C8 "" */
    0x5, 0x77, 0x77, 0x77, 0x77, 0x77, 0x77, 0x77,
    0x30, 0xbf, 0xff, 0xff, 0xff, 0xff, 0xff, 0xff,
    0xff, 0xf3, 0xff, 0xff, 0xff, 0xff, 0xff, 0xff,
    0xff, 0xff, 0xf7, 0xff, 0xff, 0xff, 0xff, 0xff,
    0xff, 0xff, 0xff, 0xf8, 0xff, 0xff, 0xff, 0xff,
    0xff, 0xff, 0xff, 0xff, 0xf8, 0xff, 0xff, 0xff,
    0xff, 0xff, 0xff, 0xff, 0xff, 0xf8, 0xff, 0xff,
    0xff, 0xff, 0xff, 0xff, 0xff, 0xff, 0xf8, 0xff,
    0xff, 0xff, 0xff, 0xff, 0xff, 0xff, 0xff, 0xf8,
    0xff, 0xff, 0xff, 0xff, 0xff, 0xff, 0xff, 0xff,
    0xf8, 0xff, 0xff, 0xff, 0xff, 0xff, 0xff, 0xff,
    0xff, 0xf8, 0xff, 0xff, 0xff, 0xff, 0xff, 0xff,
    0xff, 0xff, 0xf8, 0xff, 0xff, 0xff, 0xff, 0xff,
    0xff, 0xff, 0xff, 0xf8, 0xff, 0xff, 0xff, 0xff,
    0xff, 0xff, 0xff, 0xff, 0xf8, 0xff, 0xff, 0xff,
    0xff, 0xff, 0xff, 0xff, 0xff, 0xf8, 0xff, 0xff,
    0xff, 0xff, 0xff, 0xff, 0xff, 0xff, 0xf8, 0xff,
    0xff, 0xff, 0xff, 0xff, 0xff, 0xff, 0xff, 0xf8,
    0xef, 0xff, 0xff, 0xff, 0xff, 0xff, 0xff, 0xff,
    0xf6, 0x6f, 0xff, 0xff, 0xff, 0xff, 0xff, 0xff,
    0xff, 0xc1, 0x0, 0x0, 0x0, 0x0, 0x0, 0x0,
    0x0, 0x0, 0x0,

    /* U+F0C9 "" */
    0x0, 0x0, 0x0, 0x0, 0x0, 0x0, 0x0, 0x0,
    0x0, 0xef, 0xff, 0xff, 0xff, 0xff, 0xff, 0xff,
    0xff, 0xf6, 0xff, 0xff, 0xff, 0xff, 0xff, 0xff,
    0xff, 0xff, 0xf8, 0xac, 0xcc, 0xcc, 0xcc, 0xcc,
    0xcc, 0xcc, 0xcc, 0xc4, 0x0, 0x0, 0x0, 0x0,
    0x0, 0x0, 0x0, 0x0, 0x0, 0x0, 0x0, 0x0,
    0x0, 0x0, 0x0, 0x0, 0x0, 0x0, 0x0, 0x0,
    0x0, 0x0, 0x0, 0x0, 0x0, 0x0, 0x0, 0xcd,
    0xdd, 0xdd, 0xdd, 0xdd, 0xdd, 0xdd, 0xdd, 0xd5,
    0xff, 0xff, 0xff, 0xff, 0xff, 0xff, 0xff, 0xff,
    0xf8, 0xdf, 0xff, 0xff, 0xff, 0xff, 0xff, 0xff,
    0xff, 0xf5, 0x0, 0x0, 0x0, 0x0, 0x0, 0x0,
    0x0, 0x0, 0x0, 0x0, 0x0, 0x0, 0x0, 0x0,
    0x0, 0x0, 0x0, 0x0, 0x0, 0x0, 0x0, 0x0,
    0x0, 0x0, 0x0, 0x0, 0x0, 0xac, 0xcc, 0xcc,
    0xcc, 0xcc, 0xcc, 0xcc, 0xcc, 0xc4, 0xff, 0xff,
    0xff, 0xff, 0xff, 0xff, 0xff, 0xff, 0xf8, 0xef,
    0xff, 0xff, 0xff, 0xff, 0xff, 0xff, 0xff, 0xf6,
    0x0, 0x0, 0x0, 0x0, 0x0, 0x0, 0x0, 0x0,
    0x0,

    /* U+F0CA "" */
    0x18, 0x70, 0x0, 0x0, 0x0, 0x0, 0x0, 0x0,
    0x0, 0x0, 0xcf, 0xf8, 0x0, 0xaf, 0xff, 0xff,
    0xff, 0xff, 0xff, 0xfe, 0xff, 0xfb, 0x0, 0xbf,
    0xff, 0xff, 0xff, 0xff, 0xff, 0xff, 0x7f, 0xf3,
    0x0, 0x48, 0x88, 0x88, 0x88, 0x88, 0x88, 0x86,
    0x0, 0x0, 0x0, 0x0, 0x0, 0x0, 0x0, 0x0,
    0x0, 0x0, 0x0, 0x0, 0x0, 0x0, 0x0, 0x0,
    0x0, 0x0, 0x0, 0x0, 0x1, 0x0, 0x0, 0x0,
    0x0, 0x0, 0x0, 0x0, 0x0, 0x0, 0x7f, 0xf4,
    0x0, 0x48, 0x88, 0x88, 0x88, 0x88, 0x88, 0x87,
    0xff, 0xfb, 0x0, 0xbf, 0xff, 0xff, 0xff, 0xff,
    0xff, 0xff, 0xcf, 0xf8, 0x0, 0x9f, 0xff, 0xff,
    0xff, 0xff, 0xff, 0xfd, 0x17, 0x60, 0x0, 0x0,
    0x0, 0x0, 0x0, 0x0, 0x0, 0x0, 0x0, 0x0,
    0x0, 0x0, 0x0, 0x0, 0x0, 0x0, 0x0, 0x0,
    0x0, 0x0, 0x0, 0x0, 0x0, 0x0, 0x0, 0x0,
    0x0, 0x0, 0x7f, 0xf3, 0x0, 0x48, 0x88, 0x88,
    0x88, 0x88, 0x88, 0x86, 0xff, 0xfb, 0x0, 0xbf,
    0xff, 0xff, 0xff, 0xff, 0xff, 0xff, 0xcf, 0xf8,
    0x0, 0xaf, 0xff, 0xff, 0xff, 0xff, 0xff, 0xfe,
    0x18, 0x70, 0x0, 0x0, 0x0, 0x0, 0x0, 0x0,
    0x0, 0x0,

    /* U+F0CB "" */
    0x0, 0x31, 0x0, 0x0, 0x0, 0x0, 0x0, 0x0,
    0x0, 0x0, 0x0, 0x4f, 0x70, 0x0, 0x0, 0x0,
    0x0, 0x0, 0x0, 0x0, 0x0, 0x0, 0xc8, 0x0,
    0xa, 0xff, 0xff, 0xff, 0xff, 0xff, 0xff, 0xe0,
    0xc, 0x80, 0x0, 0xcf, 0xff, 0xff, 0xff, 0xff,
    0xff, 0xff, 0x2, 0xda, 0x10, 0x6, 0xbb, 0xbb,
    0xbb, 0xbb, 0xbb, 0xbb, 0x90, 0xaf, 0xf6, 0x0,
    0x0, 0x0, 0x0, 0x0, 0x0, 0x0, 0x0, 0x0,
    0x0, 0x0, 0x0, 0x0, 0x0, 0x0, 0x0, 0x0,
    0x0, 0x0, 0x7e, 0xd2, 0x0, 0x0, 0x0, 0x0,
    0x0, 0x0, 0x0, 0x0, 0x6, 0x8f, 0x70, 0x7,
    0xcc, 0xcc, 0xcc, 0xcc, 0xcc, 0xcc, 0xa0, 0x1c,
    0xf2, 0x0, 0xcf, 0xff, 0xff, 0xff, 0xff, 0xff,
    0xff, 0xc, 0xe6, 0x10, 0x7, 0xcc, 0xcc, 0xcc,
    0xcc, 0xcc, 0xcc, 0xa0, 0xff, 0xf6, 0x0, 0x0,
    0x0, 0x0, 0x0, 0x0, 0x0, 0x0, 0x0, 0x0,
    0x0, 0x0, 0x0, 0x0, 0x0, 0x0, 0x0, 0x0,
    0x0, 0xaf, 0xf3, 0x0, 0x0, 0x0, 0x0, 0x0,
    0x0, 0x0, 0x0, 0x2, 0xdd, 0x0, 0x6, 0xbb,
    0xbb, 0xbb, 0xbb, 0xbb, 0xbb, 0x90, 0x3f, 0xe2,
    0x0, 0xcf, 0xff, 0xff, 0xff, 0xff, 0xff, 0xff,
    0x2, 0x3f, 0x70, 0xa, 0xff, 0xff, 0xff, 0xff,
    0xff, 0xff, 0xe0, 0xef, 0xf2, 0x0, 0x0, 0x0,
    0x0, 0x0, 0x0, 0x0, 0x0, 0x0, 0x31, 0x0,
    0x0, 0x0, 0x0, 0x0, 0x0, 0x0, 0x0, 0x0,

    /* U+F0CC "" */
    0x0, 0x0, 0x0, 0x0, 0x22, 0x22, 0x0, 0x0,
    0x0, 0x0, 0x0, 0x0, 0x1, 0xaf, 0xff, 0xff,
    0xe7, 0x0, 0x0, 0x0, 0x0, 0x0, 0x1e, 0xff,
    0xff, 0xff, 0xff, 0xc0, 0x0, 0x0, 0x0, 0x0,
    0xbf, 0xff, 0xff, 0xff, 0xff, 0xf9, 0x0, 0x0,
    0x0, 0x1, 0xff, 0xf7, 0x0, 0x0, 0x9f, 0xe5,
    0x0, 0x0, 0x0, 0x3, 0xff, 0xe0, 0x0, 0x0,
    0x5, 0x0, 0x0, 0x0, 0x0, 0x2, 0xff, 0xf2,
    0x0, 0x0, 0x0, 0x0, 0x0, 0x0, 0x0, 0x0,
    0xdf, 0xfe, 0x82, 0x0, 0x0, 0x0, 0x0, 0x0,
    0x78, 0x88, 0xcf, 0xff, 0xff, 0xd9, 0x88, 0x88,
    0x88, 0x87, 0xff, 0xff, 0xff, 0xff, 0xff, 0xff,
    0xff, 0xff, 0xff, 0xff, 0xdf, 0xff, 0xff, 0xff,
    0xff, 0xff, 0xff, 0xff, 0xff, 0xfd, 0x0, 0x0,
    0x0, 0x0, 0x0, 0x0, 0x1, 0x11, 0x0, 0x0,
    0x0, 0x0, 0x0, 0x0, 0x0, 0x0, 0x3f, 0xff,
    0x20, 0x0, 0x0, 0x0, 0x0, 0x40, 0x0, 0x0,
    0xe, 0xff, 0x30, 0x0, 0x0, 0x0, 0x5e, 0xf8,
    0x0, 0x0, 0x7f, 0xff, 0x10, 0x0, 0x0, 0x0,
    0x9f, 0xff, 0xff, 0xff, 0xff, 0xfb, 0x0, 0x0,
    0x0, 0x0, 0xc, 0xff, 0xff, 0xff, 0xff, 0xe2,
    0x0, 0x0, 0x0, 0x0, 0x0, 0x8e, 0xff, 0xff,
    0xfb, 0x10, 0x0, 0x0, 0x0, 0x0, 0x0, 0x0,
    0x22, 0x22, 0x0, 0x0, 0x0, 0x0,

    /* U+F0CD "" */
    0x17, 0x88, 0x88, 0x72, 0x0, 0x68, 0x88, 0x88,
    0x50, 0x5f, 0xff, 0xff, 0xf7, 0x0, 0xff, 0xff,
    0xff, 0xd0, 0x4f, 0xff, 0xff, 0xf6, 0x0, 0xef,
    0xff, 0xff, 0xc0, 0x0, 0x8f, 0xfa, 0x0, 0x0,
    0x2, 0xff, 0xf0, 0x0, 0x0, 0x8f, 0xfa, 0x0,
    0x0, 0x2, 0xff, 0xf0, 0x0, 0x0, 0x8f, 0xfa,
    0x0, 0x0, 0x2, 0xff, 0xf0, 0x0, 0x0, 0x8f,
    0xfa, 0x0, 0x0, 0x2, 0xff, 0xf0, 0x0, 0x0,
    0x8f, 0xfa, 0x0, 0x0, 0x2, 0xff, 0xf0, 0x0,
    0x0, 0x8f, 0xfa, 0x0, 0x0, 0x2, 0xff, 0xf0,
    0x0, 0x0, 0x7f, 0xfb, 0x0, 0x0, 0x3, 0xff,
    0xf0, 0x0, 0x0, 0x5f, 0xff, 0x10, 0x0, 0x8,
    0xff, 0xd0, 0x0, 0x0, 0xf, 0xff, 0xc2, 0x0,
    0x6f, 0xff, 0x80, 0x0, 0x0, 0x7, 0xff, 0xff,
    0xef, 0xff, 0xfe, 0x0, 0x0, 0x0, 0x0, 0x9f,
    0xff, 0xff, 0xff, 0xe2, 0x0, 0x0, 0x0, 0x0,
    0x5, 0xdf, 0xff, 0xfa, 0x10, 0x0, 0x0, 0x0,
    0x0, 0x0, 0x2, 0x43, 0x0, 0x0, 0x0, 0x0,
    0x0, 0x0, 0x0, 0x0, 0x0, 0x0, 0x0, 0x0,
    0x0, 0x0, 0x0, 0x0, 0x0, 0x0, 0x0, 0x0,
    0x0, 0x0, 0xef, 0xff, 0xff, 0xff, 0xff, 0xff,
    0xff, 0xff, 0xf6, 0xff, 0xff, 0xff, 0xff, 0xff,
    0xff, 0xff, 0xff, 0xf7, 0x68, 0x88, 0x88, 0x88,
    0x88, 0x88, 0x88, 0x88, 0x72,

    /* U+F0CE "" */
    0x0, 0x0, 0x0, 0x0, 0x0, 0x0, 0x0, 0x0,
    0x0, 0x0, 0x6, 0xff, 0xff, 0xff, 0xff, 0xff,
    0xff, 0xff, 0xff, 0xff, 0xa0, 0xff, 0xff, 0xff,
    0xff, 0xff, 0xff, 0xff, 0xff, 0xff, 0xff, 0x4f,
    0xff, 0xff, 0xff, 0xff, 0xff, 0xff, 0xff, 0xff,
    0xff, 0xf5, 0xff, 0xff, 0xff, 0xff, 0xff, 0xff,
    0xff, 0xff, 0xff, 0xff, 0x5f, 0xff, 0xff, 0xff,
    0xff, 0xff, 0xff, 0xff, 0xff, 0xff, 0xf5, 0xff,
    0x80, 0x0, 0x0, 0x1f, 0xf6, 0x0, 0x0, 0x2,
    0xff, 0x5f, 0xf8, 0x0, 0x0, 0x1, 0xff, 0x60,
    0x0, 0x0, 0x2f, 0xf5, 0xff, 0x80, 0x0, 0x0,
    0x1f, 0xf6, 0x0, 0x0, 0x2, 0xff, 0x5f, 0xfc,
    0x88, 0x88, 0x88, 0xff, 0xb8, 0x88, 0x88, 0x9f,
    0xf5, 0xff, 0xff, 0xff, 0xff, 0xff, 0xff, 0xff,
    0xff, 0xff, 0xff, 0x5f, 0xff, 0xff, 0xff, 0xff,
    0xff, 0xff, 0xff, 0xff, 0xff, 0xf5, 0xff, 0x80,
    0x0, 0x0, 0x1f, 0xf6, 0x0, 0x0, 0x2, 0xff,
    0x5f, 0xf8, 0x0, 0x0, 0x1, 0xff, 0x60, 0x0,
    0x0, 0x2f, 0xf5, 0xff, 0x80, 0x0, 0x0, 0x1f,
    0xf6, 0x0, 0x0, 0x2, 0xff, 0x5f, 0xfb, 0x77,
    0x77, 0x77, 0xff, 0xa7, 0x77, 0x77, 0x8f, 0xf5,
    0xff, 0xff, 0xff, 0xff, 0xff, 0xff, 0xff, 0xff,
    0xff, 0xff, 0x46, 0xff, 0xff, 0xff, 0xff, 0xff,
    0xff, 0xff, 0xff, 0xff, 0xa0, 0x0, 0x0, 0x0,
    0x0, 0x0, 0x0, 0x0, 0x0, 0x0, 0x0, 0x0,

    /* U+F0D0 "" */
    0x0, 0x1, 0x0, 0x0, 0x20, 0x0, 0x0, 0x27,
    0x10, 0x0, 0x0, 0x6a, 0x0, 0x0, 0xc4, 0x0,
    0x2, 0xef, 0xd1, 0x0, 0x2, 0xdf, 0x40, 0x9,
    0xfe, 0x30, 0x2e, 0xff, 0xfd, 0x10, 0x7f, 0xff,
    0xfb, 0x0, 0x92, 0x2, 0xef, 0xe5, 0xef, 0xd1,
    0x6, 0xff, 0x81, 0x0, 0x0, 0x2e, 0xfe, 0x20,
    0x3e, 0xfd, 0x0, 0x8c, 0x0, 0x0, 0x2, 0xef,
    0xe2, 0x0, 0x2e, 0xfd, 0x0, 0x13, 0x0, 0x0,
    0x2e, 0xff, 0x50, 0x2, 0xef, 0xe2, 0x0, 0x0,
    0x0, 0x2, 0xef, 0xff, 0xe2, 0x2e, 0xfe, 0x20,
    0x0, 0x0, 0x0, 0x2e, 0xff, 0xff, 0xfe, 0xef,
    0xe2, 0x0, 0x0, 0x0, 0x2, 0xef, 0xff, 0xff,
    0xff, 0xfe, 0x20, 0x0, 0x0, 0x0, 0x2e, 0xff,
    0xff, 0xff, 0xff, 0xe2, 0x0, 0x0, 0x0, 0x2,
    0xef, 0xff, 0xff, 0xff, 0xfe, 0x20, 0x0, 0x0,
    0x0, 0x2e, 0xff, 0xff, 0xff, 0xff, 0xe2, 0x0,
    0x84, 0x0, 0x2, 0xef, 0xff, 0xff, 0xff, 0xfe,
    0x20, 0x1, 0xfc, 0x0, 0x2e, 0xff, 0xff, 0xff,
    0xff, 0xe2, 0x0, 0x8f, 0xff, 0xd5, 0xdf, 0xff,
    0xff, 0xff, 0xfe, 0x20, 0x0, 0x4c, 0xff, 0xa2,
    0xcf, 0xff, 0xff, 0xff, 0xe2, 0x0, 0x0, 0x0,
    0xda, 0x0, 0x1d, 0xff, 0xff, 0xfe, 0x20, 0x0,
    0x0, 0x0, 0x52, 0x0, 0x1, 0xdf, 0xff, 0xe2,
    0x0, 0x0, 0x0, 0x0, 0x0, 0x0, 0x0, 0x1d,
    0xfe, 0x20, 0x0, 0x0, 0x0, 0x0, 0x0, 0x0,
    0x0, 0x1, 0x72, 0x0, 0x0, 0x0, 0x0, 0x0,
    0x0, 0x0,

    /* U+F0D1 "" */
    0x17, 0x99, 0x99, 0x99, 0x99, 0x99, 0x99, 0x82,
    0x0, 0x0, 0x0, 0x0, 0x0, 0xcf, 0xff, 0xff,
    0xff, 0xff, 0xff, 0xff, 0xff, 0x10, 0x0, 0x0,
    0x0, 0x0, 0xff, 0xff, 0xff, 0xff, 0xff, 0xff,
    0xff, 0xff, 0x30, 0x0, 0x0, 0x0, 0x0, 0xff,
    0xff, 0xff, 0xff, 0xff, 0xff, 0xff, 0xff, 0x40,
    0x0, 0x0, 0x0, 0x0, 0xff, 0xff, 0xff, 0xff,
    0xff, 0xff, 0xff, 0xff, 0xdd, 0xb2, 0x0, 0x0,
    0x0, 0xff, 0xff, 0xff, 0xff, 0xff, 0xff, 0xff,
    0xff, 0xff, 0xfe, 0x30, 0x0, 0x0, 0xff, 0xff,
    0xff, 0xff, 0xff, 0xff, 0xff, 0xff, 0x40, 0x8f,
    0xe3, 0x0, 0x0, 0xff, 0xff, 0xff, 0xff, 0xff,
    0xff, 0xff, 0xff, 0x40, 0x8, 0xfe, 0x30, 0x0,
    0xff, 0xff, 0xff, 0xff, 0xff, 0xff, 0xff, 0xff,
    0x40, 0x0, 0x8f, 0xe2, 0x0, 0xff, 0xff, 0xff,
    0xff, 0xff, 0xff, 0xff, 0xff, 0x40, 0x0, 0x8,
    0xfc, 0x0, 0xff, 0xff, 0xff, 0xff, 0xff, 0xff,
    0xff, 0xff, 0x97, 0x77, 0x77, 0xfe, 0x0, 0xff,
    0xff, 0xff, 0xff, 0xff, 0xff, 0xff, 0xff, 0xff,
    0xff, 0xff, 0xfe, 0x0, 0xff, 0xff, 0xff, 0xff,
    0xff, 0xff, 0xff, 0xff, 0xff, 0xff, 0xff, 0xfe,
    0x0, 0xff, 0xff, 0xff, 0xff, 0xff, 0xff, 0xff,
    0xff, 0xff, 0xff, 0xff, 0xfe, 0x0, 0xff, 0xff,
    0xff, 0xff, 0xff, 0xff, 0xff, 0xff, 0xff, 0xff,
    0xff, 0xff, 0x90, 0xef, 0xff, 0xe3, 0x8, 0xff,
    0xff, 0xff, 0xff, 0xf9, 0x2, 0xdf, 0xff, 0xf2,
    0x3c, 0xef, 0x70, 0x0, 0xff, 0xdd, 0xdd, 0xdf,
    0xf0, 0x0, 0x5f, 0xfd, 0xd0, 0x0, 0x6f, 0x80,
    0x0, 0xfe, 0x0, 0x0, 0xe, 0xf0, 0x0, 0x5f,
    0x90, 0x0, 0x0, 0x2f, 0xf5, 0x3b, 0xfa, 0x0,
    0x0, 0xa, 0xfb, 0x35, 0xef, 0x40, 0x0, 0x0,
    0x7, 0xff, 0xff, 0xd1, 0x0, 0x0, 0x1, 0xdf,
    0xff, 0xf9, 0x0, 0x0, 0x0, 0x0, 0x49, 0xb7,
    0x10, 0x0, 0x0, 0x0, 0x7, 0xaa, 0x40, 0x0,
    0x0,

    /* U+F0D2 "" */
    0x0, 0x0, 0x0, 0x0, 0x1, 0x10, 0x0, 0x0,
    0x0, 0x0, 0x0, 0x0, 0x3, 0x9e, 0xff, 0xff,
    0xb5, 0x0, 0x0, 0x0, 0x0, 0x0, 0xaf, 0xff,
    0xff, 0xff, 0xff, 0xd3, 0x0, 0x0, 0x0, 0x1d,
    0xff, 0xff, 0xff, 0xff, 0xff, 0xff, 0x50, 0x0,
    0x0, 0xcf, 0xff, 0xfd, 0x97, 0x8a, 0xff, 0xff,
    0xf3, 0x0, 0x9, 0xff, 0xfd, 0x30, 0x0, 0x0,
    0x9, 0xff, 0xfe, 0x0, 0x2f, 0xff, 0xd1, 0x6,
    0xce, 0xd8, 0x0, 0x7f, 0xff, 0x70, 0x8f, 0xff,
    0x30, 0x9f, 0xff, 0xff, 0xc0, 0xc, 0xff, 0xd0,
    0xcf, 0xfc, 0x4, 0xfd, 0x37, 0xff, 0xf6, 0x5,
    0xff, 0xf2, 0xef, 0xf9, 0x9, 0xf3, 0x0, 0xff,
    0xfa, 0x3, 0xff, 0xf4, 0xff, 0xf8, 0xa, 0xf0,
    0x2, 0xff, 0xfa, 0x2, 0xff, 0xf5, 0xef, 0xfb,
    0x8, 0xf2, 0x6, 0xff, 0xf8, 0x4, 0xff, 0xf4,
    0xcf, 0xff, 0x11, 0xf3, 0xb, 0xff, 0xf3, 0x9,
    0xff, 0xf2, 0x8f, 0xff, 0xc2, 0xf0, 0xb, 0xff,
    0x80, 0x1f, 0xff, 0xe0, 0x2f, 0xff, 0xff, 0xb0,
    0x1, 0x64, 0x0, 0xcf, 0xff, 0x80, 0x9, 0xff,
    0xff, 0x70, 0x75, 0x1, 0x5d, 0xff, 0xfe, 0x0,
    0x0, 0xdf, 0xff, 0x30, 0xcf, 0xff, 0xff, 0xff,
    0xf4, 0x0, 0x0, 0x2d, 0xff, 0x11, 0xff, 0xff,
    0xff, 0xff, 0x50, 0x0, 0x0, 0x1, 0xaf, 0x17,
    0xff, 0xff, 0xff, 0xd3, 0x0, 0x0, 0x0, 0x0,
    0x3, 0x1d, 0xff, 0xff, 0xc6, 0x0, 0x0, 0x0,
    0x0, 0x0, 0x0, 0x0, 0x12, 0x10, 0x0, 0x0,
    0x0, 0x0,

    /* U+F0D3 "" */
    0x5, 0x77, 0x77, 0x77, 0x77, 0x77, 0x77, 0x77,
    0x30, 0xbf, 0xff, 0xff, 0xff, 0xff, 0xff, 0xff,
    0xff, 0xf3, 0xff, 0xff, 0xff, 0xff, 0xff, 0xff,
    0xff, 0xff, 0xf8, 0xff, 0xff, 0xfe, 0x73, 0x11,
    0x38, 0xff, 0xff, 0xf8, 0xff, 0xff, 0xb0, 0x0,
    0x0, 0x0, 0x2d, 0xff, 0xf8, 0xff, 0xfc, 0x0,
    0x8e, 0xff, 0xb2, 0x1, 0xff, 0xf8, 0xff, 0xf3,
    0xa, 0xff, 0xff, 0xfe, 0x10, 0x8f, 0xf8, 0xff,
    0xd0, 0x4f, 0xb0, 0x2f, 0xff, 0x80, 0x3f, 0xf8,
    0xff, 0xa0, 0x8f, 0x40, 0xf, 0xff, 0xb0, 0x1f,
    0xf8, 0xff, 0xa0, 0x9f, 0x20, 0x2f, 0xff, 0xa0,
    0x2f, 0xf8, 0xff, 0xe0, 0x5f, 0x40, 0x7f, 0xff,
    0x70, 0x5f, 0xf8, 0xff, 0xf5, 0xe, 0x30, 0xbf,
    0xff, 0x20, 0xbf, 0xf8, 0xff, 0xfe, 0x6f, 0x0,
    0x8f, 0xf5, 0x4, 0xff, 0xf8, 0xff, 0xff, 0xfb,
    0x1, 0x2, 0x0, 0x5f, 0xff, 0xf8, 0xff, 0xff,
    0xf7, 0x8, 0xc8, 0x8c, 0xff, 0xff, 0xf8, 0xff,
    0xff, 0xf4, 0xc, 0xff, 0xff, 0xff, 0xff, 0xf8,
    0xef, 0xff, 0xf2, 0x2f, 0xff, 0xff, 0xff, 0xff,
    0xf7, 0x6f, 0xff, 0xf3, 0xaf, 0xff, 0xff, 0xff,
    0xff, 0xc1, 0x0, 0x0, 0x0, 0x0, 0x0, 0x0,
    0x0, 0x0, 0x0,

    /* U+F0D4 "" */
    0x0, 0x0, 0x0, 0x0, 0x0, 0x0, 0x0, 0x0,
    0x0, 0x6f, 0xff, 0xff, 0xff, 0xff, 0xff, 0xff,
    0xff, 0xc1, 0xff, 0xff, 0xff, 0xff, 0xff, 0xff,
    0xff, 0xff, 0xf7, 0xff, 0xff, 0xff, 0xff, 0xff,
    0xff, 0xff, 0xff, 0xf8, 0xff, 0xff, 0xff, 0xff,
    0xff, 0xff, 0xff, 0xff, 0xf8, 0xff, 0xff, 0xfe,
    0xdf, 0xff, 0xff, 0xff, 0xff, 0xf8, 0xff, 0xfe,
    0x40, 0x0, 0x7f, 0xff, 0xff, 0xff, 0xf8, 0xff,
    0xf2, 0x2b, 0xe9, 0xcf, 0xff, 0xff, 0xff, 0xf8,
    0xff, 0xa0, 0xcf, 0xff, 0xff, 0xff, 0xb3, 0xff,
    0xf8, 0xff, 0x80, 0xff, 0x60, 0x0, 0xfa, 0x20,
    0x4f, 0xf8, 0xff, 0xa0, 0xcf, 0xdb, 0x50, 0xff,
    0xa2, 0xff, 0xf8, 0xff, 0xf2, 0x1b, 0xea, 0x7,
    0xff, 0xfe, 0xff, 0xf8, 0xff, 0xfe, 0x40, 0x0,
    0x7f, 0xff, 0xff, 0xff, 0xf8, 0xff, 0xff, 0xfe,
    0xdf, 0xff, 0xff, 0xff, 0xff, 0xf8, 0xff, 0xff,
    0xff, 0xff, 0xff, 0xff, 0xff, 0xff, 0xf8, 0xff,
    0xff, 0xff, 0xff, 0xff, 0xff, 0xff, 0xff, 0xf8,
    0xff, 0xff, 0xff, 0xff, 0xff, 0xff, 0xff, 0xff,
    0xf7, 0x6f, 0xff, 0xff, 0xff, 0xff, 0xff, 0xff,
    0xff, 0xc1, 0x0, 0x0, 0x0, 0x0, 0x0, 0x0,
    0x0, 0x0, 0x0,

    /* U+F0D5 "" */
    0x0, 0x0, 0x39, 0xdf, 0xfc, 0x81, 0x0, 0x0,
    0x0, 0x0, 0x0, 0x0, 0x0, 0x0, 0x9f, 0xff,
    0xff, 0xff, 0xf5, 0x0, 0x0, 0x0, 0x0, 0x0,
    0x0, 0x0, 0xaf, 0xff, 0xfd, 0xdf, 0xff, 0x50,
    0x0, 0x0, 0x0, 0x0, 0x0, 0x0, 0x7f, 0xff,
    0x70, 0x0, 0x19, 0x40, 0x0, 0x0, 0x0, 0x0,
    0x0, 0x0, 0xe, 0xff, 0x50, 0x0, 0x0, 0x0,
    0x0, 0x0, 0x0, 0x0, 0x78, 0x20, 0x5, 0xff,
    0xb0, 0x0, 0x0, 0x0, 0x0, 0x0, 0x0, 0x0,
    0xe, 0xf4, 0x0, 0x8f, 0xf5, 0x0, 0x1, 0x99,
    0x99, 0x99, 0x90, 0x0, 0x55, 0xff, 0x85, 0x29,
    0xff, 0x40, 0x0, 0x1f, 0xff, 0xff, 0xff, 0x0,
    0x1f, 0xff, 0xff, 0xf7, 0x8f, 0xf5, 0x0, 0x1,
    0xff, 0xff, 0xff, 0xf0, 0x1, 0xdd, 0xff, 0xed,
    0x65, 0xff, 0xa0, 0x0, 0x0, 0x0, 0x1f, 0xfd,
    0x0, 0x0, 0xe, 0xf4, 0x0, 0xe, 0xff, 0x50,
    0x0, 0x0, 0x9, 0xff, 0x90, 0x0, 0x0, 0xef,
    0x40, 0x0, 0x7f, 0xff, 0x70, 0x0, 0x8, 0xff,
    0xf2, 0x0, 0x0, 0x0, 0x0, 0x0, 0x0, 0xaf,
    0xff, 0xfd, 0xdf, 0xff, 0xf6, 0x0, 0x0, 0x0,
    0x0, 0x0, 0x0, 0x0, 0x9f, 0xff, 0xff, 0xff,
    0xf7, 0x0, 0x0, 0x0, 0x0, 0x0, 0x0, 0x0,
    0x0, 0x39, 0xdf, 0xfd, 0x92, 0x0, 0x0, 0x0,
    0x0, 0x0, 0x0, 0x0,

    /* U+F0D6 "" */
    0xaf, 0xff, 0xff, 0xff, 0xff, 0xff, 0xff, 0xff,
    0xff, 0xff, 0xff, 0xff, 0xaf, 0xfe, 0xef, 0xff,
    0xff, 0xff, 0xff, 0xff, 0xff, 0xff, 0xfe, 0xee,
    0xff, 0xfe, 0x0, 0xdf, 0xff, 0xff, 0xff, 0xff,
    0xff, 0xff, 0xff, 0x90, 0xe, 0xff, 0xe0, 0x4f,
    0xff, 0xff, 0xff, 0xec, 0xef, 0xff, 0xff, 0xff,
    0x10, 0xef, 0xfe, 0x8f, 0xff, 0xff, 0xff, 0xa0,
    0x0, 0xaf, 0xff, 0xff, 0xfe, 0x8e, 0xff, 0xff,
    0xff, 0xff, 0xff, 0xe0, 0x0, 0x0, 0xef, 0xff,
    0xff, 0xff, 0xff, 0xff, 0xff, 0xff, 0xff, 0xf8,
    0x0, 0x0, 0x8, 0xff, 0xff, 0xff, 0xff, 0xff,
    0xff, 0xff, 0xff, 0xff, 0x60, 0x0, 0x0, 0x6f,
    0xff, 0xff, 0xff, 0xff, 0xff, 0xff, 0xff, 0xff,
    0xf8, 0x0, 0x0, 0x8, 0xff, 0xff, 0xff, 0xff,
    0xff, 0xff, 0xff, 0xff, 0xff, 0xe0, 0x0, 0x0,
    0xef, 0xff, 0xff, 0xff, 0xff, 0xff, 0xff, 0xff,
    0xff, 0xff, 0xa0, 0x0, 0xaf, 0xff, 0xff, 0xff,
    0xff, 0xff, 0xe0, 0x8f, 0xff, 0xff, 0xff, 0xec,
    0xef, 0xff, 0xff, 0xff, 0x60, 0xef, 0xfe, 0x0,
    0xef, 0xff, 0xff, 0xff, 0xff, 0xff, 0xff, 0xff,
    0xa0, 0xe, 0xff, 0xfe, 0xef, 0xff, 0xff, 0xff,
    0xff, 0xff, 0xff, 0xff, 0xfe, 0xee, 0xff, 0xaf,
    0xff, 0xff, 0xff, 0xff, 0xff, 0xff, 0xff, 0xff,
    0xff, 0xff, 0xff, 0xa0,

    /* U+F0D7 "" */
    0x6f, 0xff, 0xff, 0xff, 0xff, 0xfe, 0x3, 0xff,
    0xff, 0xff, 0xff, 0xff, 0xa0, 0x3, 0xff, 0xff,
    0xff, 0xff, 0xa0, 0x0, 0x3, 0xff, 0xff, 0xff,
    0xa0, 0x0, 0x0, 0x3, 0xff, 0xff, 0xa0, 0x0,
    0x0, 0x0, 0x3, 0xff, 0xa0, 0x0, 0x0, 0x0,
    0x0, 0x3, 0x70, 0x0, 0x0, 0x0,

    /* U+F0D8 "" */
    0x0, 0x0, 0x2, 0x60, 0x0, 0x0, 0x0, 0x0,
    0x3, 0xef, 0x90, 0x0, 0x0, 0x0, 0x3, 0xef,
    0xff, 0x90, 0x0, 0x0, 0x3, 0xef, 0xff, 0xff,
    0x90, 0x0, 0x3, 0xef, 0xff, 0xff, 0xff, 0x90,
    0x2, 0xef, 0xff, 0xff, 0xff, 0xff, 0x90, 0x6f,
    0xff, 0xff, 0xff, 0xff, 0xfe, 0x0, 0x0, 0x0,
    0x0, 0x0, 0x0, 0x0,

    /* U+F0D9 "" */
    0x0, 0x0, 0x0, 0x30, 0x0, 0x0, 0x6, 0xf7,
    0x0, 0x0, 0x6f, 0xf8, 0x0, 0x6, 0xff, 0xf8,
    0x0, 0x6f, 0xff, 0xf8, 0x6, 0xff, 0xff, 0xf8,
    0xf, 0xff, 0xff, 0xf8, 0x6, 0xff, 0xff, 0xf8,
    0x0, 0x6f, 0xff, 0xf8, 0x0, 0x6, 0xff, 0xf8,
    0x0, 0x0, 0x6f, 0xf8, 0x0, 0x0, 0x6, 0xf7,
    0x0, 0x0, 0x0, 0x30,

    /* U+F0DA "" */
    0x21, 0x0, 0x0, 0xf, 0xd1, 0x0, 0x0, 0xff,
    0xd1, 0x0, 0xf, 0xff, 0xd1, 0x0, 0xff, 0xff,
    0xd1, 0xf, 0xff, 0xff, 0xd1, 0xff, 0xff, 0xff,
    0x8f, 0xff, 0xff, 0xd1, 0xff, 0xff, 0xd1, 0xf,
    0xff, 0xd1, 0x0, 0xff, 0xd1, 0x0, 0xf, 0xd1,
    0x0, 0x0, 0x20, 0x0, 0x0, 0x0,

    /* U+F0DB "" */
    0x0, 0x0, 0x0, 0x0, 0x0, 0x0, 0x0, 0x0,
    0x0, 0x0, 0x6, 0xff, 0xff, 0xff, 0xff, 0xff,
    0xff, 0xff, 0xff, 0xff, 0xa0, 0xff, 0xff, 0xff,
    0xff, 0xff, 0xff, 0xff, 0xff, 0xff, 0xff, 0x4f,
    0xff, 0xff, 0xff, 0xff, 0xff, 0xff, 0xff, 0xff,
    0xff, 0xf5, 0xff, 0xff, 0xff, 0xff, 0xff, 0xff,
    0xff, 0xff, 0xff, 0xff, 0x5f, 0xff, 0xff, 0xff,
    0xff, 0xff, 0xff, 0xff, 0xff, 0xff, 0xf5, 0xff,
    0x80, 0x0, 0x0, 0x1f, 0xf6, 0x0, 0x0, 0x2,
    0xff, 0x5f, 0xf8, 0x0, 0x0, 0x1, 0xff, 0x60,
    0x0, 0x0, 0x2f, 0xf5, 0xff, 0x80, 0x0, 0x0,
    0x1f, 0xf6, 0x0, 0x0, 0x2, 0xff, 0x5f, 0xf8,
    0x0, 0x0, 0x1, 0xff, 0x60, 0x0, 0x0, 0x2f,
    0xf5, 0xff, 0x80, 0x0, 0x0, 0x1f, 0xf6, 0x0,
    0x0, 0x2, 0xff, 0x5f, 0xf8, 0x0, 0x0, 0x1,
    0xff, 0x60, 0x0, 0x0, 0x2f, 0xf5, 0xff, 0x80,
    0x0, 0x0, 0x1f, 0xf6, 0x0, 0x0, 0x2, 0xff,
    0x5f, 0xf8, 0x0, 0x0, 0x1, 0xff, 0x60, 0x0,
    0x0, 0x2f, 0xf5, 0xff, 0x80, 0x0, 0x0, 0x1f,
    0xf6, 0x0, 0x0, 0x2, 0xff, 0x5f, 0xfb, 0x77,
    0x77, 0x77, 0xff, 0xa7, 0x77, 0x77, 0x8f, 0xf5,
    0xff, 0xff, 0xff, 0xff, 0xff, 0xff, 0xff, 0xff,
    0xff, 0xff, 0x46, 0xff, 0xff, 0xff, 0xff, 0xff,
    0xff, 0xff, 0xff, 0xff, 0xa0, 0x0, 0x0, 0x0,
    0x0, 0x0, 0x0, 0x0, 0x0, 0x0, 0x0, 0x0,

    /* U+F0DC "" */
    0x0, 0x0, 0x2, 0x60, 0x0, 0x0, 0x0, 0x0,
    0x3e, 0xf9, 0x0, 0x0, 0x0, 0x3, 0xef, 0xff,
    0x90, 0x0, 0x0, 0x3e, 0xff, 0xff, 0xf9, 0x0,
    0x3, 0xef, 0xff, 0xff, 0xff, 0x90, 0x1e, 0xff,
    0xff, 0xff, 0xff, 0xf8, 0x2f, 0xff, 0xff, 0xff,
    0xff, 0xfa, 0x0, 0x0, 0x0, 0x0, 0x0, 0x0,
    0x0, 0x0, 0x0, 0x0, 0x0, 0x0, 0x0, 0x0,
    0x0, 0x0, 0x0, 0x0, 0x2f, 0xff, 0xff, 0xff,
    0xff, 0xfa, 0x1e, 0xff, 0xff, 0xff, 0xff, 0xf8,
    0x3, 0xef, 0xff, 0xff, 0xff, 0x90, 0x0, 0x3e,
    0xff, 0xff, 0xf9, 0x0, 0x0, 0x3, 0xef, 0xff,
    0x90, 0x0, 0x0, 0x0, 0x3e, 0xf9, 0x0, 0x0,
    0x0, 0x0, 0x2, 0x60, 0x0, 0x0,

    /* U+F0DD "" */
    0x0, 0x0, 0x0, 0x0, 0x0, 0x0, 0x2f, 0xff,
    0xff, 0xff, 0xff, 0xfa, 0x1e, 0xff, 0xff, 0xff,
    0xff, 0xf8, 0x3, 0xef, 0xff, 0xff, 0xff, 0x90,
    0x0, 0x3e, 0xff, 0xff, 0xf9, 0x0, 0x0, 0x3,
    0xef, 0xff, 0x90, 0x0, 0x0, 0x0, 0x3e, 0xf9,
    0x0, 0x0, 0x0, 0x0, 0x2, 0x60, 0x0, 0x0,

    /* U+F0DE "" */
    0x0, 0x0, 0x2, 0x60, 0x0, 0x0, 0x0, 0x0,
    0x3e, 0xf9, 0x0, 0x0, 0x0, 0x3, 0xef, 0xff,
    0x90, 0x0, 0x0, 0x3e, 0xff, 0xff, 0xf9, 0x0,
    0x3, 0xef, 0xff, 0xff, 0xff, 0x90, 0x1e, 0xff,
    0xff, 0xff, 0xff, 0xf8, 0x2f, 0xff, 0xff, 0xff,
    0xff, 0xfa, 0x0, 0x0, 0x0, 0x0, 0x0, 0x0,

    /* U+F0E0 "" */
    0x5e, 0xff, 0xff, 0xff, 0xff, 0xff, 0xff, 0xff,
    0xff, 0xe5, 0xef, 0xff, 0xff, 0xff, 0xff, 0xff,
    0xff, 0xff, 0xff, 0xfe, 0xff, 0xff, 0xff, 0xff,
    0xff, 0xff, 0xff, 0xff, 0xff, 0xff, 0x7f, 0xff,
    0xff, 0xff, 0xff, 0xff, 0xff, 0xff, 0xff, 0xf7,
    0x3, 0xef, 0xff, 0xff, 0xff, 0xff, 0xff, 0xff,
    0xfe, 0x30, 0xe3, 0x1b, 0xff, 0xff, 0xff, 0xff,
    0xff, 0xff, 0xb1, 0x3e, 0xff, 0x70, 0x7f, 0xff,
    0xff, 0xff, 0xff, 0xf7, 0x7, 0xff, 0xff, 0xfb,
    0x13, 0xdf, 0xff, 0xff, 0xfd, 0x31, 0xbf, 0xff,
    0xff, 0xff, 0xe4, 0xa, 0xff, 0xff, 0xa0, 0x4e,
    0xff, 0xff, 0xff, 0xff, 0xff, 0x80, 0x5d, 0xd5,
    0x8, 0xff, 0xff, 0xff, 0xff, 0xff, 0xff, 0xfc,
    0x20, 0x2, 0xcf, 0xff, 0xff, 0xff, 0xff, 0xff,
    0xff, 0xff, 0xfd, 0xdf, 0xff, 0xff, 0xff, 0xff,
    0xff, 0xff, 0xff, 0xff, 0xff, 0xff, 0xff, 0xff,
    0xff, 0xff, 0xef, 0xff, 0xff, 0xff, 0xff, 0xff,
    0xff, 0xff, 0xff, 0xfe, 0x5e, 0xff, 0xff, 0xff,
    0xff, 0xff, 0xff, 0xff, 0xff, 0xe5,

    /* U+F0E1 "" */
    0x3, 0x40, 0x0, 0x0, 0x0, 0x0, 0x0, 0x0,
    0x0, 0x8f, 0xfb, 0x0, 0x0, 0x0, 0x0, 0x0,
    0x0, 0x0, 0xff, 0xff, 0x20, 0x0, 0x0, 0x0,
    0x0, 0x0, 0x0, 0xcf, 0xff, 0x10, 0x0, 0x0,
    0x0, 0x0, 0x0, 0x0, 0x2b, 0xc3, 0x0, 0x0,
    0x0, 0x0, 0x0, 0x0, 0x0, 0x0, 0x0, 0x0,
    0x0, 0x0, 0x0, 0x0, 0x0, 0x0, 0x7b, 0xb9,
    0x0, 0xab, 0xb6, 0x2a, 0xee, 0xc7, 0x0, 0xbf,
    0xfe, 0x0, 0xef, 0xfb, 0xef, 0xff, 0xff, 0x90,
    0xbf, 0xfe, 0x0, 0xef, 0xff, 0xff, 0xff, 0xff,
    0xf1, 0xbf, 0xfe, 0x0, 0xef, 0xff, 0xb4, 0x4d,
    0xff, 0xf6, 0xbf, 0xfe, 0x0, 0xef, 0xff, 0x0,
    0x4, 0xff, 0xf7, 0xbf, 0xfe, 0x0, 0xef, 0xfc,
    0x0, 0x1, 0xff, 0xf8, 0xbf, 0xfe, 0x0, 0xef,
    0xfb, 0x0, 0x1, 0xff, 0xf8, 0xbf, 0xfe, 0x0,
    0xef, 0xfb, 0x0, 0x1, 0xff, 0xf8, 0xbf, 0xfe,
    0x0, 0xef, 0xfb, 0x0, 0x1, 0xff, 0xf8, 0xbf,
    0xfe, 0x0, 0xef, 0xfb, 0x0, 0x1, 0xff, 0xf8,
    0xbf, 0xfe, 0x0, 0xef, 0xfb, 0x0, 0x1, 0xff,
    0xf8, 0xbf, 0xfe, 0x0, 0xef, 0xfb, 0x0, 0x1,
    0xff, 0xf8,

    /* U+F0E2 "" */
    0xab, 0x80, 0x0, 0x0, 0x1, 0x20, 0x0, 0x0,
    0x0, 0x0, 0xff, 0xd0, 0x1, 0x7c, 0xff, 0xff,
    0xd8, 0x10, 0x0, 0x0, 0xff, 0xd0, 0x6e, 0xff,
    0xff, 0xff, 0xff, 0xf7, 0x0, 0x0, 0xff, 0xd9,
    0xff, 0xff, 0xdb, 0xbd, 0xff, 0xff, 0xa0, 0x0,
    0xff, 0xff, 0xff, 0x92, 0x0, 0x0, 0x19, 0xff,
    0xf9, 0x0, 0xff, 0xff, 0xf4, 0x0, 0x0, 0x0,
    0x0, 0x5f, 0xff, 0x50, 0xff, 0xff, 0xec, 0xcc,
    0x80, 0x0, 0x0, 0x7, 0xff, 0xd0, 0xff, 0xff,
    0xff, 0xff, 0xc0, 0x0, 0x0, 0x0, 0xdf, 0xf3,
    0xff, 0xff, 0xff, 0xff, 0xb0, 0x0, 0x0, 0x0,
    0x7f, 0xf7, 0x0, 0x0, 0x0, 0x0, 0x0, 0x0,
    0x0, 0x0, 0x3f, 0xf9, 0x0, 0x0, 0x0, 0x0,
    0x0, 0x0, 0x0, 0x0, 0x2f, 0xfa, 0x0, 0x0,
    0x0, 0x0, 0x0, 0x0, 0x0, 0x0, 0x3f, 0xf9,
    0x0, 0x0, 0x0, 0x0, 0x0, 0x0, 0x0, 0x0,
    0x7f, 0xf7, 0x0, 0x0, 0x0, 0x0, 0x0, 0x0,
    0x0, 0x0, 0xdf, 0xf3, 0x0, 0x0, 0x0, 0x0,
    0x0, 0x0, 0x0, 0x7, 0xff, 0xc0, 0x0, 0x0,
    0x25, 0x0, 0x0, 0x0, 0x0, 0x6f, 0xff, 0x40,
    0x0, 0x2, 0xef, 0xa2, 0x0, 0x0, 0x2a, 0xff,
    0xf8, 0x0, 0x0, 0x7, 0xff, 0xff, 0xdb, 0xbd,
    0xff, 0xff, 0x90, 0x0, 0x0, 0x0, 0x6f, 0xff,
    0xff, 0xff, 0xff, 0xf6, 0x0, 0x0, 0x0, 0x0,
    0x1, 0x7c, 0xff, 0xff, 0xc7, 0x10, 0x0, 0x0,
    0x0, 0x0, 0x0, 0x0, 0x1, 0x10, 0x0, 0x0,
    0x0, 0x0,

    /* U+F0E3 "" */
    0x0, 0x0, 0x0, 0x0, 0x0, 0x7, 0x10, 0x0,
    0x0, 0x0, 0x0, 0x0, 0x0, 0x0, 0x0, 0xcf,
    0xd1, 0x0, 0x0, 0x0, 0x0, 0x0, 0x0, 0x0,
    0xc, 0xff, 0xf4, 0x0, 0x0, 0x0, 0x0, 0x0,
    0x0, 0x1, 0xcf, 0xff, 0xf3, 0x0, 0x0, 0x0,
    0x0, 0x0, 0x0, 0x1c, 0xff, 0xff, 0xff, 0x30,
    0x0, 0x0, 0x0, 0x0, 0x0, 0xcf, 0xff, 0xff,
    0xff, 0xf3, 0x0, 0x0, 0x0, 0x0, 0x2, 0xff,
    0xff, 0xff, 0xff, 0xff, 0x30, 0x0, 0x0, 0x0,
    0x0, 0x6f, 0xdf, 0xff, 0xff, 0xff, 0xfa, 0xb1,
    0x0, 0x0, 0x0, 0x0, 0xa, 0xff, 0xff, 0xff,
    0xff, 0xfd, 0x0, 0x0, 0x0, 0x0, 0x5, 0xff,
    0xff, 0xff, 0xff, 0xfb, 0x0, 0x0, 0x0, 0x0,
    0x5f, 0xfc, 0xff, 0xff, 0xff, 0xc0, 0x0, 0x0,
    0x2, 0x5, 0xff, 0x50, 0xaf, 0xff, 0xfc, 0x0,
    0x0, 0x0, 0x8f, 0xef, 0xf5, 0x0, 0x7f, 0xff,
    0xc0, 0x0, 0x0, 0x8, 0xff, 0xff, 0x70, 0x0,
    0x5f, 0xfc, 0x10, 0x0, 0x0, 0x8f, 0xff, 0xff,
    0xa0, 0x0, 0x6, 0xa1, 0x0, 0x0, 0x8, 0xff,
    0xff, 0xff, 0x70, 0x0, 0x0, 0x0, 0x0, 0x0,
    0x8f, 0xff, 0xff, 0xf8, 0x0, 0x0, 0x0, 0x0,
    0x0, 0x0, 0xff, 0xff, 0xff, 0x80, 0x0, 0x0,
    0x0, 0x0, 0x0, 0x0, 0x7f, 0xff, 0xf8, 0x0,
    0x0, 0x0, 0x0, 0x0, 0x0, 0x0, 0x8, 0xff,
    0x80, 0x0, 0x0, 0x0, 0x0, 0x0, 0x0, 0x0,
    0x0, 0x55, 0x0, 0x0, 0x0, 0x0, 0x0, 0x0,
    0x0, 0x0,

    /* U+F0E7 "" */
    0x0, 0x14, 0x44, 0x44, 0x41, 0x0, 0x0, 0x0,
    0xbf, 0xff, 0xff, 0xfa, 0x0, 0x0, 0x0, 0xef,
    0xff, 0xff, 0xf8, 0x0, 0x0, 0x0, 0xff, 0xff,
    0xff, 0xf3, 0x0, 0x0, 0x2, 0xff, 0xff, 0xff,
    0xd0, 0x0, 0x0, 0x4, 0xff, 0xff, 0xff, 0x80,
    0x0, 0x0, 0x6, 0xff, 0xff, 0xff, 0x40, 0x0,
    0x0, 0x8, 0xff, 0xff, 0xff, 0xff, 0xff, 0xf5,
    0xa, 0xff, 0xff, 0xff, 0xff, 0xff, 0xf4, 0xd,
    0xff, 0xff, 0xff, 0xff, 0xff, 0xb0, 0xf, 0xff,
    0xff, 0xff, 0xff, 0xff, 0x20, 0xb, 0xff, 0xff,
    0xff, 0xff, 0xf9, 0x0, 0x0, 0x0, 0x0, 0x8f,
    0xff, 0xe1, 0x0, 0x0, 0x0, 0x0, 0xcf, 0xff,
    0x60, 0x0, 0x0, 0x0, 0x0, 0xff, 0xfd, 0x0,
    0x0, 0x0, 0x0, 0x3, 0xff, 0xf4, 0x0, 0x0,
    0x0, 0x0, 0x7, 0xff, 0xa0, 0x0, 0x0, 0x0,
    0x0, 0xb, 0xff, 0x20, 0x0, 0x0, 0x0, 0x0,
    0xf, 0xf8, 0x0, 0x0, 0x0, 0x0, 0x0, 0x2f,
    0xe0, 0x0, 0x0, 0x0, 0x0, 0x0, 0x9, 0x40,
    0x0, 0x0, 0x0,

    /* U+F0E8 "" */
    0x0, 0x0, 0x0, 0x0, 0x1, 0x44, 0x44, 0x43,
    0x0, 0x0, 0x0, 0x0, 0x0, 0x0, 0x0, 0x0,
    0x0, 0xef, 0xff, 0xff, 0xf4, 0x0, 0x0, 0x0,
    0x0, 0x0, 0x0, 0x0, 0x0, 0x1f, 0xff, 0xff,
    0xff, 0x60, 0x0, 0x0, 0x0, 0x0, 0x0, 0x0,
    0x0, 0x1, 0xff, 0xff, 0xff, 0xf6, 0x0, 0x0,
    0x0, 0x0, 0x0, 0x0, 0x0, 0x0, 0x1f, 0xff,
    0xff, 0xff, 0x60, 0x0, 0x0, 0x0, 0x0, 0x0,
    0x0, 0x0, 0x1, 0xff, 0xff, 0xff, 0xf6, 0x0,
    0x0, 0x0, 0x0, 0x0, 0x0, 0x0, 0x0, 0xa,
    0xff, 0xff, 0xfd, 0x20, 0x0, 0x0, 0x0, 0x0,
    0x0, 0x0, 0x0, 0x0, 0x0, 0x4f, 0x90, 0x0,
    0x0, 0x0, 0x0, 0x0, 0x0, 0x0, 0x0, 0x0,
    0x0, 0x4, 0xf9, 0x0, 0x0, 0x0, 0x0, 0x0,
    0x0, 0x3, 0xcd, 0xdd, 0xdd, 0xdd, 0xdf, 0xed,
    0xdd, 0xdd, 0xdd, 0xc3, 0x0, 0x0, 0xcf, 0xff,
    0xff, 0xff, 0xff, 0xff, 0xff, 0xff, 0xff, 0xff,
    0xc0, 0x0, 0xd, 0xf1, 0x0, 0x0, 0x0, 0x4f,
    0xa0, 0x0, 0x0, 0x1, 0xfd, 0x0, 0x0, 0xbe,
    0x0, 0x0, 0x0, 0x3, 0xe8, 0x0, 0x0, 0x0,
    0xe, 0xb0, 0x0, 0x0, 0x0, 0x0, 0x0, 0x0,
    0x0, 0x0, 0x0, 0x0, 0x0, 0x0, 0x0, 0x9f,
    0xff, 0xfc, 0x0, 0x2, 0xdf, 0xff, 0xe6, 0x0,
    0xc, 0xff, 0xff, 0x9f, 0xff, 0xff, 0xf3, 0x0,
    0x7f, 0xff, 0xff, 0xc0, 0x3, 0xff, 0xff, 0xff,
    0xff, 0xff, 0xff, 0x40, 0x7, 0xff, 0xff, 0xfc,
    0x0, 0x4f, 0xff, 0xff, 0xff, 0xff, 0xff, 0xf4,
    0x0, 0x7f, 0xff, 0xff, 0xc0, 0x4, 0xff, 0xff,
    0xff, 0xff, 0xff, 0xff, 0x40, 0x7, 0xff, 0xff,
    0xfc, 0x0, 0x4f, 0xff, 0xff, 0xfd, 0xff, 0xff,
    0xf2, 0x0, 0x4f, 0xff, 0xff, 0xa0, 0x2, 0xff,
    0xff, 0xfd, 0x14, 0x44, 0x42, 0x0, 0x0, 0x34,
    0x44, 0x40, 0x0, 0x2, 0x44, 0x44, 0x10,

    /* U+F0E9 "" */
    0x0, 0x0, 0x0, 0x0, 0x0, 0x1, 0x30, 0x0,
    0x0, 0x0, 0x0, 0x0, 0x0, 0x0, 0x0, 0x0,
    0x0, 0xd, 0xf5, 0x0, 0x0, 0x0, 0x0, 0x0,
    0x0, 0x0, 0x0, 0x0, 0x0, 0x3f, 0xfa, 0x20,
    0x0, 0x0, 0x0, 0x0, 0x0, 0x0, 0x0, 0x6,
    0xcf, 0xff, 0xff, 0xfe, 0x92, 0x0, 0x0, 0x0,
    0x0, 0x0, 0x3, 0xdf, 0xff, 0xff, 0xff, 0xff,
    0xff, 0x90, 0x0, 0x0, 0x0, 0x0, 0x7f, 0xff,
    0xff, 0xff, 0xff, 0xff, 0xff, 0xfd, 0x10, 0x0,
    0x0, 0x7, 0xff, 0xff, 0xff, 0xff, 0xff, 0xff,
    0xff, 0xff, 0xd1, 0x0, 0x0, 0x4f, 0xff, 0xff,
    0xff, 0xff, 0xff, 0xff, 0xff, 0xff, 0xfc, 0x0,
    0x0, 0xdf, 0xff, 0xff, 0xff, 0xff, 0xff, 0xff,
    0xff, 0xff, 0xff, 0x60, 0x5, 0xff, 0xff, 0xff,
    0xff, 0xff, 0xff, 0xff, 0xff, 0xff, 0xff, 0xd0,
    0xb, 0xfc, 0x9d, 0xff, 0xff, 0xfd, 0xcf, 0xff,
    0xff, 0xfa, 0xae, 0xf3, 0xe, 0x50, 0x0, 0x8f,
    0xff, 0x41, 0x21, 0xaf, 0xfe, 0x20, 0x0, 0xb6,
    0x0, 0x0, 0x0, 0xa, 0xf5, 0xe, 0xf6, 0xb,
    0xf2, 0x0, 0x0, 0x0, 0x0, 0x0, 0x0, 0x0,
    0x60, 0xf, 0xf8, 0x2, 0x50, 0x0, 0x0, 0x0,
    0x0, 0x0, 0x0, 0x0, 0x0, 0xf, 0xf8, 0x0,
    0x0, 0x0, 0x0, 0x0, 0x0, 0x0, 0x0, 0x0,
    0x0, 0xf, 0xf8, 0x0, 0x0, 0x0, 0x0, 0x0,
    0x0, 0x0, 0x0, 0x0, 0x30, 0xf, 0xf8, 0x0,
    0x0, 0x0, 0x0, 0x0, 0x0, 0x0, 0x0, 0x7,
    0xfb, 0x2f, 0xf7, 0x0, 0x0, 0x0, 0x0, 0x0,
    0x0, 0x0, 0x0, 0x7, 0xff, 0xff, 0xf3, 0x0,
    0x0, 0x0, 0x0, 0x0, 0x0, 0x0, 0x0, 0x0,
    0xcf, 0xff, 0x90, 0x0, 0x0, 0x0, 0x0, 0x0,
    0x0, 0x0, 0x0, 0x0, 0x5, 0x73, 0x0, 0x0,
    0x0, 0x0, 0x0, 0x0,

    /* U+F0EA "" */
    0x0, 0x0, 0x6, 0x71, 0x0, 0x0, 0x0, 0x0,
    0x0, 0x14, 0x44, 0xbf, 0xfe, 0x44, 0x43, 0x0,
    0x0, 0x0, 0xef, 0xff, 0xf9, 0x4f, 0xff, 0xff,
    0x40, 0x0, 0x0, 0xff, 0xff, 0xf8, 0x3f, 0xff,
    0xff, 0x50, 0x0, 0x0, 0xff, 0xff, 0xff, 0xff,
    0xff, 0xff, 0x50, 0x0, 0x0, 0xff, 0xff, 0xff,
    0xa8, 0x88, 0x88, 0x20, 0x0, 0x0, 0xff, 0xff,
    0xf6, 0x0, 0x0, 0x0, 0x0, 0x0, 0x0, 0xff,
    0xff, 0xf0, 0xcf, 0xff, 0xff, 0x51, 0xe2, 0x0,
    0xff, 0xff, 0xf0, 0xef, 0xff, 0xff, 0x51, 0xfe,
    0x20, 0xff, 0xff, 0xf0, 0xef, 0xff, 0xff, 0x51,
    0xff, 0xe2, 0xff, 0xff, 0xf0, 0xef, 0xff, 0xff,
    0x50, 0xbb, 0xb7, 0xff, 0xff, 0xf0, 0xef, 0xff,
    0xff, 0x80, 0x0, 0x0, 0xff, 0xff, 0xf0, 0xef,
    0xff, 0xff, 0xff, 0xff, 0xfa, 0xff, 0xff, 0xf0,
    0xef, 0xff, 0xff, 0xff, 0xff, 0xfa, 0xff, 0xff,
    0xf0, 0xef, 0xff, 0xff, 0xff, 0xff, 0xfa, 0xff,
    0xff, 0xf0, 0xef, 0xff, 0xff, 0xff, 0xff, 0xfa,
    0xcf, 0xff, 0xf0, 0xef, 0xff, 0xff, 0xff, 0xff,
    0xfa, 0x0, 0x0, 0x0, 0xef, 0xff, 0xff, 0xff,
    0xff, 0xfa, 0x0, 0x0, 0x0, 0xef, 0xff, 0xff,
    0xff, 0xff, 0xfa, 0x0, 0x0, 0x0, 0xef, 0xff,
    0xff, 0xff, 0xff, 0xfa, 0x0, 0x0, 0x0, 0x7b,
    0xbb, 0xbb, 0xbb, 0xbb, 0xb4,

    /* U+F0EB "" */
    0x0, 0x0, 0x15, 0x77, 0x40, 0x0, 0x0, 0x0,
    0x1a, 0xff, 0xff, 0xff, 0x70, 0x0, 0x1, 0xdf,
    0xff, 0xff, 0xff, 0xfa, 0x0, 0xc, 0xff, 0xb3,
    0xa, 0xff, 0xff, 0x80, 0x6f, 0xf8, 0x9, 0xef,
    0xff, 0xff, 0xf2, 0xbf, 0xd0, 0xbf, 0xff, 0xff,
    0xff, 0xf7, 0xef, 0x91, 0xff, 0xff, 0xff, 0xff,
    0xfa, 0xff, 0xb8, 0xff, 0xff, 0xff, 0xff, 0xfb,
    0xdf, 0xff, 0xff, 0xff, 0xff, 0xff, 0xf9, 0x9f,
    0xff, 0xff, 0xff, 0xff, 0xff, 0xf5, 0x2f, 0xff,
    0xff, 0xff, 0xff, 0xff, 0xd0, 0x7, 0xff, 0xff,
    0xff, 0xff, 0xff, 0x30, 0x0, 0xbf, 0xff, 0xff,
    0xff, 0xf7, 0x0, 0x0, 0x1f, 0xff, 0xff, 0xff,
    0xc0, 0x0, 0x0, 0x9, 0xff, 0xff, 0xff, 0x50,
    0x0, 0x0, 0x1, 0x44, 0x44, 0x44, 0x0, 0x0,
    0x0, 0x0, 0x0, 0x0, 0x0, 0x0, 0x0, 0x0,
    0x4, 0xff, 0xff, 0xff, 0x0, 0x0, 0x0, 0x3,
    0xff, 0xff, 0xff, 0x0, 0x0, 0x0, 0x0, 0xcf,
    0xff, 0xf9, 0x0, 0x0, 0x0, 0x0, 0x1a, 0xbb,
    0x90, 0x0, 0x0,

    /* U+F0F0 "" */
    0x0, 0x0, 0x0, 0x1, 0x43, 0x0, 0x0, 0x0,
    0x0, 0x0, 0x0, 0x2, 0xbf, 0xff, 0xe6, 0x0,
    0x0, 0x0, 0x0, 0x0, 0x2e, 0xff, 0xff, 0xff,
    0x80, 0x0, 0x0, 0x0, 0x0, 0xbf, 0xff, 0xff,
    0xff, 0xf3, 0x0, 0x0, 0x0, 0x1, 0xff, 0xff,
    0xff, 0xff, 0xf9, 0x0, 0x0, 0x0, 0x3, 0xff,
    0xff, 0xff, 0xff, 0xfb, 0x0, 0x0, 0x0, 0x2,
    0xff, 0xff, 0xff, 0xff, 0xfa, 0x0, 0x0, 0x0,
    0x0, 0xef, 0xff, 0xff, 0xff, 0xf6, 0x0, 0x0,
    0x0, 0x0, 0x6f, 0xff, 0xff, 0xff, 0xd0, 0x0,
    0x0, 0x0, 0x0, 0x7, 0xff, 0xff, 0xfd, 0x20,
    0x0, 0x0, 0x0, 0x0, 0x0, 0x28, 0xba, 0x60,
    0x0, 0x0, 0x0, 0x0, 0x2, 0x12, 0x30, 0x0,
    0x10, 0x34, 0x0, 0x0, 0x0, 0xaf, 0x66, 0xff,
    0xde, 0xf4, 0x8f, 0xe4, 0x0, 0xc, 0xff, 0x66,
    0xff, 0xff, 0xd2, 0x5e, 0xff, 0x40, 0x7f, 0xff,
    0x55, 0xff, 0xfa, 0x1, 0x1, 0xdf, 0xe0, 0xdf,
    0xf8, 0x0, 0x7f, 0xf1, 0x7f, 0xf4, 0x4f, 0xf5,
    0xff, 0xe0, 0x99, 0xe, 0xc0, 0xef, 0xfa, 0xf,
    0xf7, 0xff, 0xe0, 0xbb, 0xe, 0xc0, 0xff, 0xfb,
    0xf, 0xf8, 0xff, 0xf9, 0x0, 0x9f, 0xc0, 0xf,
    0xc0, 0x1f, 0xf7, 0xaf, 0xff, 0xff, 0xff, 0xfe,
    0xdf, 0xfd, 0xff, 0xf3, 0x3, 0x44, 0x44, 0x44,
    0x44, 0x44, 0x44, 0x44, 0x10,

    /* U+F0F1 "" */
    0x2, 0x56, 0x0, 0x0, 0x37, 0x40, 0x0, 0x0,
    0x0, 0x0, 0xcf, 0xff, 0x50, 0x0, 0xdf, 0xff,
    0x40, 0x0, 0x0, 0x0, 0xff, 0xff, 0x30, 0x0,
    0xbf, 0xff, 0x80, 0x0, 0x0, 0x0, 0xff, 0x90,
    0x0, 0x0, 0x1, 0xff, 0x80, 0x0, 0x0, 0x0,
    0xff, 0x80, 0x0, 0x0, 0x0, 0xff, 0x80, 0x0,
    0x1, 0x0, 0xff, 0x80, 0x0, 0x0, 0x0, 0xff,
    0x80, 0x2, 0xdf, 0xd3, 0xff, 0x80, 0x0, 0x0,
    0x0, 0xff, 0x80, 0xc, 0xfd, 0xfd, 0xff, 0x80,
    0x0, 0x0, 0x0, 0xff, 0x80, 0xf, 0xf1, 0xff,
    0xff, 0x80, 0x0, 0x0, 0x0, 0xff, 0x70, 0xb,
    0xff, 0xfb, 0xcf, 0xd0, 0x0, 0x0, 0x5, 0xff,
    0x40, 0x1, 0xdf, 0xd1, 0x7f, 0xf7, 0x0, 0x0,
    0x1e, 0xfe, 0x0, 0x0, 0xcf, 0xc0, 0xd, 0xff,
    0xb5, 0x47, 0xef, 0xf6, 0x0, 0x0, 0xcf, 0xc0,
    0x2, 0xef, 0xff, 0xff, 0xff, 0x80, 0x0, 0x0,
    0xcf, 0xc0, 0x0, 0x19, 0xff, 0xff, 0xc4, 0x0,
    0x0, 0x0, 0xcf, 0xb0, 0x0, 0x0, 0xf, 0xf9,
    0x0, 0x0, 0x0, 0x0, 0xdf, 0xb0, 0x0, 0x0,
    0xc, 0xfd, 0x0, 0x0, 0x0, 0x1, 0xff, 0x80,
    0x0, 0x0, 0x7, 0xff, 0x80, 0x0, 0x0, 0xb,
    0xff, 0x30, 0x0, 0x0, 0x0, 0xdf, 0xfa, 0x30,
    0x4, 0xdf, 0xf9, 0x0, 0x0, 0x0, 0x0, 0x2e,
    0xff, 0xff, 0xff, 0xff, 0xb0, 0x0, 0x0, 0x0,
    0x0, 0x1, 0xaf, 0xff, 0xff, 0xf7, 0x0, 0x0,
    0x0, 0x0, 0x0, 0x0, 0x1, 0x57, 0x74, 0x0,
    0x0, 0x0,

    /* U+F0F2 "" */
    0x0, 0x0, 0x0, 0x57, 0x77, 0x77, 0x75, 0x0,
    0x0, 0x0, 0x0, 0x0, 0xb, 0xff, 0xff, 0xff,
    0xff, 0xb0, 0x0, 0x0, 0x0, 0x0, 0xf, 0xff,
    0xff, 0xff, 0xff, 0xf0, 0x0, 0x0, 0x0, 0x0,
    0xf, 0xf8, 0x0, 0x0, 0x8f, 0xf0, 0x0, 0x0,
    0x29, 0xb8, 0xf, 0xfd, 0xbb, 0xbb, 0xdf, 0xf0,
    0x8b, 0x92, 0xdf, 0xfc, 0xf, 0xff, 0xff, 0xff,
    0xff, 0xf0, 0xcf, 0xfd, 0xff, 0xfc, 0xf, 0xff,
    0xff, 0xff, 0xff, 0xf0, 0xcf, 0xff, 0xff, 0xfc,
    0xf, 0xff, 0xff, 0xff, 0xff, 0xf0, 0xcf, 0xff,
    0xff, 0xfc, 0xf, 0xff, 0xff, 0xff, 0xff, 0xf0,
    0xcf, 0xff, 0xff, 0xfc, 0xf, 0xff, 0xff, 0xff,
    0xff, 0xf0, 0xcf, 0xff, 0xff, 0xfc, 0xf, 0xff,
    0xff, 0xff, 0xff, 0xf0, 0xcf, 0xff, 0xff, 0xfc,
    0xf, 0xff, 0xff, 0xff, 0xff, 0xf0, 0xcf, 0xff,
    0xff, 0xfc, 0xf, 0xff, 0xff, 0xff, 0xff, 0xf0,
    0xcf, 0xff, 0xff, 0xfc, 0xf, 0xff, 0xff, 0xff,
    0xff, 0xf0, 0xcf, 0xff, 0xff, 0xfc, 0xf, 0xff,
    0xff, 0xff, 0xff, 0xf0, 0xcf, 0xff, 0xff, 0xfc,
    0xf, 0xff, 0xff, 0xff, 0xff, 0xf0, 0xcf, 0xff,
    0xef, 0xfc, 0xf, 0xff, 0xff, 0xff, 0xff, 0xf0,
    0xcf, 0xfe, 0x6f, 0xfc, 0xf, 0xff, 0xff, 0xff,
    0xff, 0xf0, 0xcf, 0xf6, 0x0, 0x0, 0x0, 0x0,
    0x0, 0x0, 0x0, 0x0, 0x0, 0x0,

    /* U+F0F3 "" */
    0x0, 0x0, 0x0, 0x0, 0x31, 0x0, 0x0, 0x0,
    0x0, 0x0, 0x0, 0x0, 0x5, 0xfd, 0x0, 0x0,
    0x0, 0x0, 0x0, 0x0, 0x0, 0x9, 0xff, 0x10,
    0x0, 0x0, 0x0, 0x0, 0x0, 0x7, 0xef, 0xff,
    0xfb, 0x20, 0x0, 0x0, 0x0, 0x0, 0xaf, 0xff,
    0xff, 0xff, 0xf3, 0x0, 0x0, 0x0, 0x8, 0xff,
    0xff, 0xff, 0xff, 0xfe, 0x10, 0x0, 0x0, 0x1f,
    0xff, 0xff, 0xff, 0xff, 0xff, 0x80, 0x0, 0x0,
    0x5f, 0xff, 0xff, 0xff, 0xff, 0xff, 0xd0, 0x0,
    0x0, 0x7f, 0xff, 0xff, 0xff, 0xff, 0xff, 0xf0,
    0x0, 0x0, 0x8f, 0xff, 0xff, 0xff, 0xff, 0xff,
    0xf0, 0x0, 0x0, 0x9f, 0xff, 0xff, 0xff, 0xff,
    0xff, 0xf1, 0x0, 0x0, 0xdf, 0xff, 0xff, 0xff,
    0xff, 0xff, 0xf5, 0x0, 0x1, 0xff, 0xff, 0xff,
    0xff, 0xff, 0xff, 0xf9, 0x0, 0x9, 0xff, 0xff,
    0xff, 0xff, 0xff, 0xff, 0xff, 0x10, 0x5f, 0xff,
    0xff, 0xff, 0xff, 0xff, 0xff, 0xff, 0xd0, 0xef,
    0xff, 0xff, 0xff, 0xff, 0xff, 0xff, 0xff, 0xf6,
    0x9f, 0xff, 0xff, 0xff, 0xff, 0xff, 0xff, 0xff,
    0xe3, 0x0, 0x0, 0x0, 0x0, 0x0, 0x0, 0x0,
    0x0, 0x0, 0x0, 0x0, 0x0, 0xaf, 0xff, 0xf2,
    0x0, 0x0, 0x0, 0x0, 0x0, 0x0, 0x3f, 0xff,
    0xa0, 0x0, 0x0, 0x0, 0x0, 0x0, 0x0, 0x2,
    0x75, 0x0, 0x0, 0x0, 0x0,

    /* U+F0F4 "" */
    0x0, 0x0, 0x4, 0x77, 0x77, 0x77, 0x77, 0x77,
    0x77, 0x77, 0x76, 0x40, 0x0, 0x0, 0x0, 0x0,
    0xff, 0xff, 0xff, 0xff, 0xff, 0xff, 0xff, 0xff,
    0xff, 0xd2, 0x0, 0x0, 0x0, 0x1f, 0xff, 0xff,
    0xff, 0xff, 0xff, 0xff, 0xff, 0xff, 0xff, 0xe2,
    0x0, 0x0, 0x1, 0xff, 0xff, 0xff, 0xff, 0xff,
    0xff, 0xff, 0xe0, 0x18, 0xff, 0xa0, 0x0, 0x0,
    0x1f, 0xff, 0xff, 0xff, 0xff, 0xff, 0xff, 0xfe,
    0x0, 0xa, 0xff, 0x0, 0x0, 0x1, 0xff, 0xff,
    0xff, 0xff, 0xff, 0xff, 0xff, 0xe0, 0x0, 0x6f,
    0xf2, 0x0, 0x0, 0x1f, 0xff, 0xff, 0xff, 0xff,
    0xff, 0xff, 0xfe, 0x0, 0x7, 0xff, 0x10, 0x0,
    0x1, 0xff, 0xff, 0xff, 0xff, 0xff, 0xff, 0xff,
    0xe0, 0x2, 0xef, 0xd0, 0x0, 0x0, 0x1f, 0xff,
    0xff, 0xff, 0xff, 0xff, 0xff, 0xff, 0xab, 0xff,
    0xf5, 0x0, 0x0, 0x1, 0xff, 0xff, 0xff, 0xff,
    0xff, 0xff, 0xff, 0xff, 0xff, 0xf8, 0x0, 0x0,
    0x0, 0x1f, 0xff, 0xff, 0xff, 0xff, 0xff, 0xff,
    0xff, 0xdd, 0xa4, 0x0, 0x0, 0x0, 0x0, 0xef,
    0xff, 0xff, 0xff, 0xff, 0xff, 0xff, 0xd0, 0x0,
    0x0, 0x0, 0x0, 0x0, 0x8, 0xff, 0xff, 0xff,
    0xff, 0xff, 0xff, 0xf7, 0x0, 0x0, 0x0, 0x0,
    0x0, 0x0, 0x9, 0xff, 0xff, 0xff, 0xff, 0xff,
    0xf7, 0x0, 0x0, 0x0, 0x0, 0x0, 0x0, 0x0,
    0x1, 0x44, 0x44, 0x44, 0x44, 0x31, 0x0, 0x0,
    0x0, 0x0, 0x0, 0x47, 0x77, 0x77, 0x77, 0x77,
    0x77, 0x77, 0x77, 0x77, 0x77, 0x77, 0x75, 0x0,
    0xb, 0xff, 0xff, 0xff, 0xff, 0xff, 0xff, 0xff,
    0xff, 0xff, 0xff, 0xff, 0xd0, 0x0, 0x4e, 0xff,
    0xff, 0xff, 0xff, 0xff, 0xff, 0xff, 0xff, 0xff,
    0xff, 0xe4, 0x0, 0x0, 0x0, 0x0, 0x0, 0x0,
    0x0, 0x0, 0x0, 0x0, 0x0, 0x0, 0x0, 0x0,
    0x0,

    /* U+F0F8 "" */
    0x0, 0x0, 0x0, 0x44, 0x44, 0x41, 0x0, 0x0,
    0x0, 0x0, 0x0, 0x5, 0xff, 0xff, 0xfd, 0x0,
    0x0, 0x0, 0x0, 0x0, 0x6, 0xff, 0x2a, 0xfe,
    0x0, 0x0, 0x0, 0x0, 0x0, 0x6, 0xe3, 0x2,
    0x8e, 0x0, 0x0, 0x0, 0x3, 0x88, 0x8b, 0xf8,
    0x15, 0xbf, 0x88, 0x87, 0x0, 0xb, 0xff, 0xff,
    0xff, 0x6c, 0xff, 0xff, 0xff, 0x30, 0xc, 0xff,
    0xff, 0xff, 0xff, 0xff, 0xff, 0xff, 0x40, 0xc,
    0xff, 0xff, 0xff, 0xff, 0xff, 0xff, 0xff, 0x40,
    0xc, 0xff, 0xf2, 0x19, 0xff, 0x21, 0x9f, 0xff,
    0x40, 0xc, 0xff, 0xf0, 0x8, 0xff, 0x0, 0x8f,
    0xff, 0x40, 0xc, 0xff, 0xf9, 0x8c, 0xff, 0x98,
    0xcf, 0xff, 0x40, 0xc, 0xff, 0xfb, 0xae, 0xff,
    0xba, 0xef, 0xff, 0x40, 0xc, 0xff, 0xf0, 0x8,
    0xff, 0x0, 0x8f, 0xff, 0x40, 0xc, 0xff, 0xf0,
    0x8, 0xff, 0x0, 0x8f, 0xff, 0x40, 0xc, 0xff,
    0xff, 0xff, 0xff, 0xff, 0xff, 0xff, 0x40, 0xc,
    0xff, 0xff, 0xfe, 0xbc, 0xff, 0xff, 0xff, 0x40,
    0xc, 0xff, 0xff, 0xf8, 0x0, 0xff, 0xff, 0xff,
    0x40, 0xc, 0xff, 0xff, 0xf8, 0x0, 0xff, 0xff,
    0xff, 0x40, 0xc, 0xff, 0xff, 0xf8, 0x0, 0xff,
    0xff, 0xff, 0x40, 0xef, 0xff, 0xff, 0xff, 0xff,
    0xff, 0xff, 0xff, 0xf6, 0x44, 0x44, 0x44, 0x44,
    0x44, 0x44, 0x44, 0x44, 0x42,

    /* U+F0F9 "" */
    0x17, 0x99, 0x99, 0x99, 0x99, 0x99, 0x99, 0x82,
    0x0, 0x0, 0x0, 0x0, 0x0, 0xcf, 0xff, 0xff,
    0xff, 0xff, 0xff, 0xff, 0xff, 0x10, 0x0, 0x0,
    0x0, 0x0, 0xff, 0xff, 0xff, 0xff, 0xff, 0xff,
    0xff, 0xff, 0x30, 0x0, 0x0, 0x0, 0x0, 0xff,
    0xff, 0xff, 0xff, 0xff, 0xff, 0xff, 0xff, 0x40,
    0x0, 0x0, 0x0, 0x0, 0xff, 0xff, 0xff, 0xe2,
    0x2b, 0xff, 0xff, 0xff, 0xdd, 0xb2, 0x0, 0x0,
    0x0, 0xff, 0xff, 0xff, 0xe0, 0xa, 0xff, 0xff,
    0xff, 0xff, 0xfe, 0x30, 0x0, 0x0, 0xff, 0xff,
    0xdc, 0xa0, 0x7, 0xcc, 0xff, 0xff, 0x40, 0x8f,
    0xe2, 0x0, 0x0, 0xff, 0xff, 0x60, 0x0, 0x0,
    0x2, 0xff, 0xff, 0x40, 0x9, 0xfe, 0x20, 0x0,
    0xff, 0xff, 0x60, 0x0, 0x0, 0x2, 0xff, 0xff,
    0x40, 0x0, 0xaf, 0xe2, 0x0, 0xff, 0xff, 0xb8,
    0x70, 0x5, 0x8a, 0xff, 0xff, 0x40, 0x0, 0xa,
    0xfb, 0x0, 0xff, 0xff, 0xff, 0xe0, 0xa, 0xff,
    0xff, 0xff, 0x74, 0x44, 0x45, 0xfe, 0x0, 0xff,
    0xff, 0xff, 0xe0, 0xa, 0xff, 0xff, 0xff, 0xff,
    0xff, 0xff, 0xfe, 0x0, 0xff, 0xff, 0xff, 0xff,
    0xff, 0xff, 0xff, 0xff, 0xff, 0xff, 0xff, 0xfe,
    0x0, 0xff, 0xff, 0xff, 0xff, 0xff, 0xff, 0xff,
    0xff, 0xff, 0xff, 0xff, 0xfe, 0x0, 0xff, 0xff,
    0xff, 0xff, 0xff, 0xff, 0xff, 0xff, 0xff, 0xff,
    0xff, 0xff, 0x80, 0xef, 0xff, 0xe4, 0x29, 0xff,
    0xff, 0xff, 0xff, 0xfa, 0x23, 0xdf, 0xff, 0xf2,
    0x4e, 0xff, 0x70, 0x0, 0xff, 0xff, 0xff, 0xff,
    0xf0, 0x0, 0x5f, 0xff, 0xe1, 0x0, 0x7f, 0x70,
    0x0, 0xff, 0x0, 0x0, 0xf, 0xf0, 0x0, 0x5f,
    0x90, 0x0, 0x0, 0x2f, 0xf5, 0x3a, 0xfa, 0x0,
    0x0, 0xa, 0xfb, 0x35, 0xef, 0x40, 0x0, 0x0,
    0x7, 0xff, 0xff, 0xd1, 0x0, 0x0, 0x1, 0xdf,
    0xff, 0xf9, 0x0, 0x0, 0x0, 0x0, 0x4a, 0xb7,
    0x10, 0x0, 0x0, 0x0, 0x17, 0xba, 0x50, 0x0,
    0x0,

    /* U+F0FA "" */
    0x0, 0x0, 0x0, 0x57, 0x77, 0x77, 0x76, 0x0,
    0x0, 0x0, 0x0, 0x0, 0x8, 0xff, 0xff, 0xff,
    0xff, 0xa0, 0x0, 0x0, 0x0, 0x0, 0xc, 0xff,
    0xff, 0xff, 0xff, 0xf0, 0x0, 0x0, 0x0, 0x0,
    0xd, 0xfa, 0x0, 0x0, 0x8f, 0xf0, 0x0, 0x0,
    0x6, 0x40, 0x8e, 0xfd, 0x88, 0x88, 0xcf, 0xf8,
    0x24, 0x60, 0xbf, 0x81, 0xff, 0xff, 0xff, 0xff,
    0xff, 0xff, 0x48, 0xfb, 0xff, 0x81, 0xff, 0xff,
    0xff, 0xff, 0xff, 0xff, 0x48, 0xff, 0xff, 0x81,
    0xff, 0xff, 0xf0, 0xd, 0xff, 0xff, 0x48, 0xff,
    0xff, 0x81, 0xff, 0xff, 0xe0, 0xc, 0xff, 0xff,
    0x48, 0xff, 0xff, 0x81, 0xff, 0xc8, 0x70, 0x6,
    0x8b, 0xff, 0x48, 0xff, 0xff, 0x81, 0xff, 0x60,
    0x0, 0x0, 0x4, 0xff, 0x48, 0xff, 0xff, 0x81,
    0xff, 0xa3, 0x20, 0x2, 0x38, 0xff, 0x48, 0xff,
    0xff, 0x81, 0xff, 0xff, 0xe0, 0xc, 0xff, 0xff,
    0x48, 0xff, 0xff, 0x81, 0xff, 0xff, 0xf0, 0xc,
    0xff, 0xff, 0x48, 0xff, 0xff, 0x81, 0xff, 0xff,
    0xfc, 0xbf, 0xff, 0xff, 0x48, 0xff, 0xff, 0x81,
    0xff, 0xff, 0xff, 0xff, 0xff, 0xff, 0x48, 0xff,
    0xef, 0x81, 0xff, 0xff, 0xff, 0xff, 0xff, 0xff,
    0x48, 0xfe, 0x6f, 0x81, 0xff, 0xff, 0xff, 0xff,
    0xff, 0xff, 0x48, 0xf6, 0x0, 0x0, 0x0, 0x0,
    0x0, 0x0, 0x0, 0x0, 0x0, 0x0,

    /* U+F0FB "" */
    0x0, 0x0, 0x0, 0x77, 0x77, 0x70, 0x0, 0x0,
    0x0, 0x0, 0x0, 0x0, 0x0, 0x0, 0x0, 0x7,
    0xff, 0x40, 0x0, 0x0, 0x0, 0x0, 0x0, 0x0,
    0x0, 0x0, 0x0, 0x0, 0x7f, 0xfe, 0x20, 0x0,
    0x0, 0x0, 0x0, 0x0, 0x0, 0x0, 0x0, 0x0,
    0x7, 0xff, 0xfc, 0x0, 0x0, 0x0, 0x0, 0x0,
    0x0, 0x0, 0x6b, 0x40, 0x0, 0x7f, 0xff, 0xfa,
    0x0, 0x0, 0x0, 0x0, 0x0, 0x0, 0xb, 0xfe,
    0x20, 0x7, 0xff, 0xff, 0xf6, 0x0, 0x0, 0x0,
    0x0, 0x0, 0x0, 0xbf, 0xfd, 0x10, 0x7f, 0xff,
    0xff, 0xf5, 0x20, 0x0, 0x0, 0x0, 0x0, 0x8,
    0xff, 0xfc, 0x9c, 0xff, 0xff, 0xff, 0xff, 0xd8,
    0x53, 0x10, 0x0, 0x0, 0x9b, 0xef, 0xff, 0xff,
    0xff, 0xff, 0xff, 0xff, 0xff, 0xff, 0xfc, 0x84,
    0xf, 0xff, 0xff, 0xff, 0xff, 0xff, 0xff, 0xff,
    0xff, 0xff, 0xff, 0xff, 0xfb, 0x8b, 0xef, 0xff,
    0xff, 0xff, 0xff, 0xff, 0xff, 0xff, 0xff, 0xfc,
    0x83, 0x8, 0xff, 0xfc, 0x9c, 0xff, 0xff, 0xff,
    0xff, 0xc8, 0x53, 0x10, 0x0, 0x0, 0xbf, 0xfd,
    0x10, 0x7f, 0xff, 0xff, 0xf5, 0x20, 0x0, 0x0,
    0x0, 0x0, 0xb, 0xfe, 0x20, 0x7, 0xff, 0xff,
    0xf6, 0x0, 0x0, 0x0, 0x0, 0x0, 0x0, 0x6b,
    0x40, 0x0, 0x7f, 0xff, 0xfa, 0x0, 0x0, 0x0,
    0x0, 0x0, 0x0, 0x0, 0x0, 0x0, 0x7, 0xff,
    0xfc, 0x0, 0x0, 0x0, 0x0, 0x0, 0x0, 0x0,
    0x0, 0x0, 0x0, 0x7f, 0xfe, 0x20, 0x0, 0x0,
    0x0, 0x0, 0x0, 0x0, 0x0, 0x0, 0x0, 0x7,
    0xff, 0x40, 0x0, 0x0, 0x0, 0x0, 0x0, 0x0,
    0x0, 0x0, 0x0, 0x0, 0x77, 0x77, 0x70, 0x0,
    0x0, 0x0, 0x0, 0x0, 0x0, 0x0,

    /* U+F0FC "" */
    0x0, 0x0, 0x0, 0x0, 0x0, 0x0, 0x0, 0x0,
    0x0, 0xdf, 0xff, 0xff, 0xff, 0xff, 0xff, 0x80,
    0x0, 0x0, 0xff, 0xff, 0xff, 0xff, 0xff, 0xff,
    0xa0, 0x0, 0x0, 0xff, 0xff, 0xff, 0xff, 0xff,
    0xff, 0xd8, 0x85, 0x0, 0xff, 0xff, 0xdf, 0xff,
    0xdf, 0xff, 0xff, 0xff, 0xa0, 0xff, 0xfc, 0xf,
    0xf8, 0x1f, 0xff, 0xff, 0xff, 0xf4, 0xff, 0xfc,
    0xf, 0xf8, 0x1f, 0xff, 0xa0, 0x1f, 0xf7, 0xff,
    0xfc, 0xf, 0xf8, 0x1f, 0xff, 0xa0, 0xf, 0xf8,
    0xff, 0xfc, 0xf, 0xf8, 0x1f, 0xff, 0xa0, 0xf,
    0xf8, 0xff, 0xfc, 0xf, 0xf8, 0x1f, 0xff, 0xa0,
    0xf, 0xf8, 0xff, 0xfc, 0xf, 0xf8, 0x1f, 0xff,
    0xa0, 0xf, 0xf8, 0xff, 0xfc, 0xf, 0xf8, 0x1f,
    0xff, 0xa0, 0x1f, 0xf7, 0xff, 0xfc, 0xf, 0xf8,
    0x1f, 0xff, 0xc9, 0xff, 0xf3, 0xff, 0xfc, 0xf,
    0xf8, 0x1f, 0xff, 0xff, 0xff, 0x80, 0xff, 0xff,
    0xdf, 0xff, 0xdf, 0xff, 0xff, 0xa3, 0x0, 0xff,
    0xff, 0xff, 0xff, 0xff, 0xff, 0xc1, 0x0, 0x0,
    0xff, 0xff, 0xff, 0xff, 0xff, 0xff, 0xa0, 0x0,
    0x0, 0xdf, 0xff, 0xff, 0xff, 0xff, 0xff, 0x80,
    0x0, 0x0, 0x0, 0x0, 0x0, 0x0, 0x0, 0x0,
    0x0, 0x0, 0x0,

    /* U+F0FD "" */
    0x0, 0x0, 0x0, 0x0, 0x0, 0x0, 0x0, 0x0,
    0x0, 0x6f, 0xff, 0xff, 0xff, 0xff, 0xff, 0xff,
    0xff, 0xd2, 0xff, 0xff, 0xff, 0xff, 0xff, 0xff,
    0xff, 0xff, 0xf9, 0xff, 0xff, 0xff, 0xff, 0xff,
    0xff, 0xff, 0xff, 0xfa, 0xff, 0xff, 0xbc, 0xff,
    0xff, 0xfd, 0xbd, 0xff, 0xfa, 0xff, 0xfc, 0x0,
    0xff, 0xff, 0xf1, 0x1, 0xff, 0xfa, 0xff, 0xfc,
    0x0, 0xef, 0xff, 0xf1, 0x1, 0xff, 0xfa, 0xff,
    0xfc, 0x0, 0xef, 0xff, 0xf1, 0x1, 0xff, 0xfa,
    0xff, 0xfc, 0x0, 0x67, 0x77, 0x70, 0x1, 0xff,
    0xfa, 0xff, 0xfc, 0x0, 0x0, 0x0, 0x0, 0x1,
    0xff, 0xfa, 0xff, 0xfc, 0x0, 0x67, 0x77, 0x70,
    0x1, 0xff, 0xfa, 0xff, 0xfc, 0x0, 0xef, 0xff,
    0xf1, 0x1, 0xff, 0xfa, 0xff, 0xfc, 0x0, 0xef,
    0xff, 0xf1, 0x1, 0xff, 0xfa, 0xff, 0xfc, 0x0,
    0xff, 0xff, 0xf1, 0x1, 0xff, 0xfa, 0xff, 0xff,
    0xbc, 0xff, 0xff, 0xfd, 0xbd, 0xff, 0xfa, 0xff,
    0xff, 0xff, 0xff, 0xff, 0xff, 0xff, 0xff, 0xfa,
    0xff, 0xff, 0xff, 0xff, 0xff, 0xff, 0xff, 0xff,
    0xf9, 0x6f, 0xff, 0xff, 0xff, 0xff, 0xff, 0xff,
    0xff, 0xd2, 0x0, 0x0, 0x0, 0x0, 0x0, 0x0,
    0x0, 0x0, 0x0,

    /* U+F0FE "" */
    0x1, 0x22, 0x22, 0x22, 0x22, 0x22, 0x22, 0x22,
    0x0, 0x7f, 0xff, 0xff, 0xff, 0xff, 0xff, 0xff,
    0xff, 0xb0, 0xff, 0xff, 0xff, 0xff, 0xff, 0xff,
    0xff, 0xff, 0xf3, 0xff, 0xff, 0xff, 0xff, 0xff,
    0xff, 0xff, 0xff, 0xf4, 0xff, 0xff, 0xff, 0xf3,
    0x0, 0xef, 0xff, 0xff, 0xf4, 0xff, 0xff, 0xff,
    0xf3, 0x0, 0xef, 0xff, 0xff, 0xf4, 0xff, 0xff,
    0xff, 0xf3, 0x0, 0xef, 0xff, 0xff, 0xf4, 0xff,
    0xff, 0xff, 0xf3, 0x0, 0xef, 0xff, 0xff, 0xf4,
    0xff, 0xf3, 0x0, 0x0, 0x0, 0x0, 0x0, 0xef,
    0xf4, 0xff, 0xf2, 0x0, 0x0, 0x0, 0x0, 0x0,
    0xdf, 0xf4, 0xff, 0xf3, 0x0, 0x0, 0x0, 0x0,
    0x0, 0xef, 0xf4, 0xff, 0xff, 0xff, 0xf3, 0x0,
    0xef, 0xff, 0xff, 0xf4, 0xff, 0xff, 0xff, 0xf3,
    0x0, 0xef, 0xff, 0xff, 0xf4, 0xff, 0xff, 0xff,
    0xf3, 0x0, 0xef, 0xff, 0xff, 0xf4, 0xff, 0xff,
    0xff, 0xf3, 0x0, 0xef, 0xff, 0xff, 0xf4, 0xff,
    0xff, 0xff, 0xff, 0xff, 0xff, 0xff, 0xff, 0xf4,
    0xff, 0xff, 0xff, 0xff, 0xff, 0xff, 0xff, 0xff,
    0xf3, 0x8f, 0xff, 0xff, 0xff, 0xff, 0xff, 0xff,
    0xff, 0xc0, 0x1, 0x22, 0x22, 0x22, 0x22, 0x22,
    0x22, 0x22, 0x0,

    /* U+F100 "" */
    0x0, 0x0, 0x0, 0x48, 0x0, 0x0, 0x0, 0x84,
    0x0, 0x0, 0x0, 0x5f, 0xfa, 0x0, 0x0, 0xcf,
    0xf3, 0x0, 0x0, 0x5f, 0xff, 0xe0, 0x0, 0xcf,
    0xff, 0x60, 0x0, 0x5f, 0xff, 0xe2, 0x0, 0xcf,
    0xff, 0x90, 0x0, 0x5f, 0xff, 0xe3, 0x0, 0xcf,
    0xff, 0x90, 0x0, 0x5f, 0xff, 0xe3, 0x0, 0xcf,
    0xff, 0x90, 0x0, 0xf, 0xff, 0xf4, 0x0, 0x7f,
    0xff, 0xc0, 0x0, 0x0, 0x8f, 0xff, 0xd1, 0x1,
    0xef, 0xff, 0x60, 0x0, 0x0, 0x8f, 0xff, 0xd1,
    0x2, 0xef, 0xff, 0x60, 0x0, 0x0, 0x8f, 0xff,
    0xd1, 0x2, 0xef, 0xff, 0x60, 0x0, 0x0, 0x8f,
    0xff, 0xc0, 0x2, 0xef, 0xff, 0x40, 0x0, 0x0,
    0x8f, 0xfd, 0x0, 0x2, 0xef, 0xf5, 0x0, 0x0,
    0x0, 0x7c, 0x10, 0x0, 0x2, 0xc7, 0x0,

    /* U+F101 "" */
    0x0, 0x84, 0x0, 0x0, 0x4, 0x80, 0x0, 0x0,
    0x0, 0xaf, 0xf5, 0x0, 0x3, 0xff, 0xc0, 0x0,
    0x0, 0xe, 0xff, 0xf5, 0x0, 0x6f, 0xff, 0xc0,
    0x0, 0x0, 0x2e, 0xff, 0xf5, 0x0, 0x9f, 0xff,
    0xc0, 0x0, 0x0, 0x2e, 0xff, 0xf5, 0x0, 0x9f,
    0xff, 0xc0, 0x0, 0x0, 0x2e, 0xff, 0xf5, 0x0,
    0x9f, 0xff, 0xc0, 0x0, 0x0, 0x3f, 0xff, 0xf0,
    0x0, 0xbf, 0xff, 0x70, 0x0, 0x1c, 0xff, 0xf8,
    0x0, 0x6f, 0xff, 0xe1, 0x0, 0x1c, 0xff, 0xf8,
    0x0, 0x6f, 0xff, 0xe2, 0x0, 0x1c, 0xff, 0xf8,
    0x0, 0x6f, 0xff, 0xe2, 0x0, 0xc, 0xff, 0xf8,
    0x0, 0x4f, 0xff, 0xe2, 0x0, 0x0, 0xdf, 0xf8,
    0x0, 0x5, 0xff, 0xe2, 0x0, 0x0, 0x1, 0xc7,
    0x0, 0x0, 0x7, 0xc2, 0x0, 0x0, 0x0,

    /* U+F102 "" */
    0x0, 0x0, 0x0, 0x20, 0x0, 0x0, 0x0, 0x0,
    0x1, 0xdf, 0x60, 0x0, 0x0, 0x0, 0x1, 0xdf,
    0xff, 0x60, 0x0, 0x0, 0x1, 0xdf, 0xff, 0xff,
    0x60, 0x0, 0x1, 0xdf, 0xff, 0xef, 0xff, 0x60,
    0x1, 0xdf, 0xff, 0x71, 0xdf, 0xff, 0x60, 0xcf,
    0xff, 0x70, 0x1, 0xdf, 0xff, 0x4c, 0xff, 0x70,
    0x0, 0x1, 0xdf, 0xf4, 0xa, 0x70, 0x6, 0xa1,
    0x2, 0xb5, 0x0, 0x0, 0x6, 0xff, 0xd1, 0x0,
    0x0, 0x0, 0x6, 0xff, 0xff, 0xd1, 0x0, 0x0,
    0x6, 0xff, 0xff, 0xff, 0xd1, 0x0, 0x6, 0xff,
    0xfe, 0x9f, 0xff, 0xd1, 0x6, 0xff, 0xfe, 0x10,
    0x8f, 0xff, 0xd1, 0xff, 0xfe, 0x10, 0x0, 0x8f,
    0xff, 0x75, 0xfe, 0x10, 0x0, 0x0, 0x8f, 0xc1,
    0x2, 0x10, 0x0, 0x0, 0x0, 0x30, 0x0,

    /* U+F103 "" */
    0x2, 0x10, 0x0, 0x0, 0x0, 0x30, 0x5, 0xfd,
    0x20, 0x0, 0x0, 0x8f, 0xc1, 0xff, 0xfe, 0x20,
    0x0, 0x8f, 0xff, 0x76, 0xff, 0xfe, 0x20, 0x8f,
    0xff, 0xd1, 0x6, 0xff, 0xfe, 0x9f, 0xff, 0xd1,
    0x0, 0x6, 0xff, 0xff, 0xff, 0xd1, 0x0, 0x0,
    0x6, 0xff, 0xff, 0xd1, 0x0, 0x0, 0x0, 0x6,
    0xff, 0xd1, 0x0, 0x0, 0xa, 0x70, 0x6, 0xa1,
    0x1, 0xb5, 0xc, 0xff, 0x80, 0x0, 0x1, 0xef,
    0xf4, 0xcf, 0xff, 0x80, 0x1, 0xef, 0xff, 0x41,
    0xdf, 0xff, 0x81, 0xef, 0xff, 0x60, 0x1, 0xdf,
    0xff, 0xff, 0xff, 0x60, 0x0, 0x1, 0xdf, 0xff,
    0xff, 0x60, 0x0, 0x0, 0x1, 0xdf, 0xff, 0x60,
    0x0, 0x0, 0x0, 0x1, 0xdf, 0x60, 0x0, 0x0,
    0x0, 0x0, 0x0, 0x20, 0x0, 0x0, 0x0,

    /* U+F104 "" */
    0x0, 0x0, 0x0, 0x48, 0x0, 0x0, 0x0, 0x5,
    0xff, 0xa0, 0x0, 0x0, 0x5f, 0xff, 0xe0, 0x0,
    0x5, 0xff, 0xfe, 0x20, 0x0, 0x5f, 0xff, 0xe3,
    0x0, 0x5, 0xff, 0xfe, 0x30, 0x0, 0xf, 0xff,
    0xf4, 0x0, 0x0, 0x8, 0xff, 0xfd, 0x10, 0x0,
    0x0, 0x8f, 0xff, 0xd1, 0x0, 0x0, 0x8, 0xff,
    0xfd, 0x10, 0x0, 0x0, 0x8f, 0xff, 0xc0, 0x0,
    0x0, 0x8, 0xff, 0xd0, 0x0, 0x0, 0x0, 0x7c,
    0x10,

    /* U+F105 "" */
    0x0, 0x84, 0x0, 0x0, 0x0, 0xa, 0xff, 0x50,
    0x0, 0x0, 0xe, 0xff, 0xf5, 0x0, 0x0, 0x2,
    0xef, 0xff, 0x50, 0x0, 0x0, 0x2e, 0xff, 0xf5,
    0x0, 0x0, 0x2, 0xef, 0xff, 0x50, 0x0, 0x0,
    0x3f, 0xff, 0xf0, 0x0, 0x1, 0xcf, 0xff, 0x80,
    0x0, 0x1c, 0xff, 0xf8, 0x0, 0x1, 0xcf, 0xff,
    0x80, 0x0, 0xc, 0xff, 0xf8, 0x0, 0x0, 0xd,
    0xff, 0x80, 0x0, 0x0, 0x1, 0xc7, 0x0, 0x0,
    0x0,

    /* U+F106 "" */
    0x0, 0x0, 0x3, 0x60, 0x0, 0x0, 0x0, 0x0,
    0x3, 0xff, 0xa0, 0x0, 0x0, 0x0, 0x3, 0xff,
    0xff, 0xa0, 0x0, 0x0, 0x3, 0xff, 0xff, 0xff,
    0xa0, 0x0, 0x3, 0xff, 0xff, 0xcf, 0xff, 0xa0,
    0x3, 0xff, 0xff, 0x40, 0xbf, 0xff, 0xa0, 0xef,
    0xff, 0x40, 0x0, 0xbf, 0xff, 0x69, 0xff, 0x40,
    0x0, 0x0, 0xbf, 0xe2, 0x6, 0x30, 0x0, 0x0,
    0x0, 0x72, 0x0,

    /* U+F107 "" */
    0x6, 0x30, 0x0, 0x0, 0x0, 0x72, 0x9, 0xff,
    0x40, 0x0, 0x0, 0xbf, 0xe2, 0xef, 0xff, 0x40,
    0x0, 0xbf, 0xff, 0x63, 0xff, 0xff, 0x40, 0xbf,
    0xff, 0xa0, 0x3, 0xff, 0xff, 0xcf, 0xff, 0xa0,
    0x0, 0x3, 0xff, 0xff, 0xff, 0xa0, 0x0, 0x0,
    0x3, 0xff, 0xff, 0xa0, 0x0, 0x0, 0x0, 0x3,
    0xff, 0xa0, 0x0, 0x0, 0x0, 0x0, 0x2, 0x60,
    0x0, 0x0, 0x0,

    /* U+F108 "" */
    0x6, 0x88, 0x88, 0x88, 0x88, 0x88, 0x88, 0x88,
    0x88, 0x88, 0x73, 0xb, 0xff, 0xff, 0xff, 0xff,
    0xff, 0xff, 0xff, 0xff, 0xff, 0xff, 0xf3, 0xff,
    0xff, 0xff, 0xff, 0xff, 0xff, 0xff, 0xff, 0xff,
    0xff, 0xff, 0x7f, 0xf8, 0x0, 0x0, 0x0, 0x0,
    0x0, 0x0, 0x0, 0x0, 0xf, 0xf8, 0xff, 0x80,
    0x0, 0x0, 0x0, 0x0, 0x0, 0x0, 0x0, 0x0,
    0xff, 0x8f, 0xf8, 0x0, 0x0, 0x0, 0x0, 0x0,
    0x0, 0x0, 0x0, 0xf, 0xf8, 0xff, 0x80, 0x0,
    0x0, 0x0, 0x0, 0x0, 0x0, 0x0, 0x0, 0xff,
    0x8f, 0xf8, 0x0, 0x0, 0x0, 0x0, 0x0, 0x0,
    0x0, 0x0, 0xf, 0xf8, 0xff, 0x80, 0x0, 0x0,
    0x0, 0x0, 0x0, 0x0, 0x0, 0x0, 0xff, 0x8f,
    0xf8, 0x0, 0x0, 0x0, 0x0, 0x0, 0x0, 0x0,
    0x0, 0xf, 0xf8, 0xff, 0x80, 0x0, 0x0, 0x0,
    0x0, 0x0, 0x0, 0x0, 0x0, 0xff, 0x8f, 0xf8,
    0x0, 0x0, 0x0, 0x0, 0x0, 0x0, 0x0, 0x0,
    0xf, 0xf8, 0xff, 0x80, 0x0, 0x0, 0x0, 0x0,
    0x0, 0x0, 0x0, 0x0, 0xff, 0x8f, 0xf8, 0x0,
    0x0, 0x0, 0x0, 0x0, 0x0, 0x0, 0x0, 0xf,
    0xf8, 0xff, 0xc8, 0x88, 0x88, 0x88, 0x88, 0x88,
    0x88, 0x88, 0x88, 0xff, 0x8e, 0xff, 0xff, 0xff,
    0xff, 0xff, 0xff, 0xff, 0xff, 0xff, 0xff, 0xf6,
    0x4e, 0xff, 0xff, 0xff, 0xff, 0xff, 0xff, 0xff,
    0xff, 0xff, 0xfa, 0x0, 0x0, 0x0, 0x0, 0x0,
    0xcf, 0xff, 0x40, 0x0, 0x0, 0x0, 0x0, 0x0,
    0x0, 0x0, 0x22, 0x4f, 0xff, 0xfa, 0x22, 0x20,
    0x0, 0x0, 0x0, 0x0, 0x0, 0xef, 0xff, 0xff,
    0xff, 0xff, 0xff, 0x60, 0x0, 0x0, 0x0, 0x0,
    0x8, 0xbb, 0xbb, 0xbb, 0xbb, 0xbb, 0xb2, 0x0,
    0x0, 0x0,

    /* U+F109 "" */
    0x0, 0x3, 0x78, 0x88, 0x88, 0x88, 0x88, 0x88,
    0x88, 0x88, 0x73, 0x0, 0x0, 0x3, 0xff, 0xff,
    0xff, 0xff, 0xff, 0xff, 0xff, 0xff, 0xff, 0xf3,
    0x0, 0x0, 0x7f, 0xff, 0xff, 0xff, 0xff, 0xff,
    0xff, 0xff, 0xff, 0xff, 0x70, 0x0, 0x8, 0xff,
    0x0, 0x0, 0x0, 0x0, 0x0, 0x0, 0x0, 0xf,
    0xf8, 0x0, 0x0, 0x8f, 0xf0, 0x0, 0x0, 0x0,
    0x0, 0x0, 0x0, 0x0, 0xff, 0x80, 0x0, 0x8,
    0xff, 0x0, 0x0, 0x0, 0x0, 0x0, 0x0, 0x0,
    0xf, 0xf8, 0x0, 0x0, 0x8f, 0xf0, 0x0, 0x0,
    0x0, 0x0, 0x0, 0x0, 0x0, 0xff, 0x80, 0x0,
    0x8, 0xff, 0x0, 0x0, 0x0, 0x0, 0x0, 0x0,
    0x0, 0xf, 0xf8, 0x0, 0x0, 0x8f, 0xf0, 0x0,
    0x0, 0x0, 0x0, 0x0, 0x0, 0x0, 0xff, 0x80,
    0x0, 0x8, 0xff, 0x0, 0x0, 0x0, 0x0, 0x0,
    0x0, 0x0, 0xf, 0xf8, 0x0, 0x0, 0x8f, 0xf0,
    0x0, 0x0, 0x0, 0x0, 0x0, 0x0, 0x0, 0xff,
    0x80, 0x0, 0x8, 0xff, 0x0, 0x0, 0x0, 0x0,
    0x0, 0x0, 0x0, 0xf, 0xf8, 0x0, 0x0, 0x8f,
    0xf0, 0x0, 0x0, 0x0, 0x0, 0x0, 0x0, 0x0,
    0xff, 0x80, 0x0, 0x8, 0xff, 0xff, 0xff, 0xff,
    0xff, 0xff, 0xff, 0xff, 0xff, 0xf8, 0x0, 0x0,
    0x8f, 0xff, 0xff, 0xff, 0xff, 0xff, 0xff, 0xff,
    0xff, 0xff, 0x80, 0x0, 0x4, 0x88, 0x88, 0x88,
    0x88, 0x88, 0x88, 0x88, 0x88, 0x88, 0x84, 0x0,
    0x24, 0x44, 0x44, 0x44, 0x43, 0x0, 0x0, 0x4,
    0x44, 0x44, 0x44, 0x44, 0x2f, 0xff, 0xff, 0xff,
    0xff, 0xf5, 0x0, 0x6, 0xff, 0xff, 0xff, 0xff,
    0xff, 0xef, 0xff, 0xff, 0xff, 0xff, 0xff, 0xff,
    0xff, 0xff, 0xff, 0xff, 0xff, 0xe6, 0xff, 0xff,
    0xff, 0xff, 0xff, 0xff, 0xff, 0xff, 0xff, 0xff,
    0xff, 0xf6, 0x3, 0x78, 0x88, 0x88, 0x88, 0x88,
    0x88, 0x88, 0x88, 0x88, 0x88, 0x73, 0x0,

    /* U+F10A "" */
    0x3, 0x44, 0x44, 0x44, 0x44, 0x44, 0x44, 0x44,
    0x10, 0x9f, 0xff, 0xff, 0xff, 0xff, 0xff, 0xff,
    0xff, 0xf2, 0xff, 0xff, 0xff, 0xff, 0xff, 0xff,
    0xff, 0xff, 0xf7, 0xff, 0xff, 0xff, 0xff, 0xff,
    0xff, 0xff, 0xff, 0xf8, 0xff, 0xff, 0xff, 0xff,
    0xff, 0xff, 0xff, 0xff, 0xf8, 0xff, 0xff, 0xff,
    0xff, 0xff, 0xff, 0xff, 0xff, 0xf8, 0xff, 0xff,
    0xff, 0xff, 0xff, 0xff, 0xff, 0xff, 0xf8, 0xff,
    0xff, 0xff, 0xff, 0xff, 0xff, 0xff, 0xff, 0xf8,
    0xff, 0xff, 0xff, 0xff, 0xff, 0xff, 0xff, 0xff,
    0xf8, 0xff, 0xff, 0xff, 0xff, 0xff, 0xff, 0xff,
    0xff, 0xf8, 0xff, 0xff, 0xff, 0xff, 0xff, 0xff,
    0xff, 0xff, 0xf8, 0xff, 0xff, 0xff, 0xff, 0xff,
    0xff, 0xff, 0xff, 0xf8, 0xff, 0xff, 0xff, 0xff,
    0xff, 0xff, 0xff, 0xff, 0xf8, 0xff, 0xff, 0xff,
    0xff, 0xff, 0xff, 0xff, 0xff, 0xf8, 0xff, 0xff,
    0xff, 0xff, 0xff, 0xff, 0xff, 0xff, 0xf8, 0xff,
    0xff, 0xff, 0xff, 0xff, 0xff, 0xff, 0xff, 0xf8,
    0xff, 0xff, 0xff, 0xff, 0xff, 0xff, 0xff, 0xff,
    0xf8, 0xff, 0xff, 0xff, 0xfb, 0x4, 0xff, 0xff,
    0xff, 0xf8, 0xff, 0xff, 0xff, 0xfb, 0x4, 0xff,
    0xff, 0xff, 0xf7, 0x9f, 0xff, 0xff, 0xff, 0xff,
    0xff, 0xff, 0xff, 0xf2, 0x3, 0x44, 0x44, 0x44,
    0x44, 0x44, 0x44, 0x44, 0x10,

    /* U+F10B "" */
    0x3, 0x44, 0x44, 0x44, 0x44, 0x40, 0x9, 0xff,
    0xff, 0xff, 0xff, 0xff, 0xd0, 0xff, 0xff, 0xff,
    0xff, 0xff, 0xff, 0x4f, 0xff, 0xff, 0xff, 0xff,
    0xff, 0xf4, 0xff, 0xff, 0xff, 0xff, 0xff, 0xff,
    0x4f, 0xff, 0xff, 0xff, 0xff, 0xff, 0xf4, 0xff,
    0xff, 0xff, 0xff, 0xff, 0xff, 0x4f, 0xff, 0xff,
    0xff, 0xff, 0xff, 0xf4, 0xff, 0xff, 0xff, 0xff,
    0xff, 0xff, 0x4f, 0xff, 0xff, 0xff, 0xff, 0xff,
    0xf4, 0xff, 0xff, 0xff, 0xff, 0xff, 0xff, 0x4f,
    0xff, 0xff, 0xff, 0xff, 0xff, 0xf4, 0xff, 0xff,
    0xff, 0xff, 0xff, 0xff, 0x4f, 0xff, 0xff, 0xff,
    0xff, 0xff, 0xf4, 0xff, 0xff, 0xff, 0xff, 0xff,
    0xff, 0x4f, 0xff, 0xff, 0xff, 0xff, 0xff, 0xf4,
    0xff, 0xff, 0xff, 0xff, 0xff, 0xff, 0x4f, 0xff,
    0xff, 0x31, 0xef, 0xff, 0xf4, 0xff, 0xff, 0xf3,
    0x1e, 0xff, 0xff, 0x49, 0xff, 0xff, 0xff, 0xff,
    0xff, 0xd0, 0x3, 0x44, 0x44, 0x44, 0x44, 0x40,
    0x0,

    /* U+F10D "" */
    0x0, 0x0, 0x1, 0x10, 0x0, 0x0, 0x0, 0x0,
    0x2, 0x0, 0x0, 0x7, 0xef, 0xf6, 0x0, 0x0,
    0x0, 0x5c, 0xff, 0xa0, 0x1, 0xdf, 0xff, 0xf8,
    0x0, 0x0, 0xa, 0xff, 0xff, 0xc0, 0xd, 0xff,
    0xff, 0xf7, 0x0, 0x0, 0x9f, 0xff, 0xff, 0xb0,
    0x7f, 0xff, 0xfc, 0x92, 0x0, 0x3, 0xff, 0xff,
    0xda, 0x40, 0xcf, 0xff, 0x60, 0x0, 0x0, 0x8,
    0xff, 0xf9, 0x0, 0x0, 0xff, 0xfd, 0x0, 0x0,
    0x0, 0xb, 0xff, 0xf1, 0x0, 0x0, 0xff, 0xfc,
    0x0, 0x0, 0x0, 0xc, 0xff, 0xf0, 0x0, 0x0,
    0xff, 0xfc, 0x0, 0x0, 0x0, 0xc, 0xff, 0xf0,
    0x0, 0x0, 0xff, 0xfe, 0xbb, 0xb8, 0x0, 0xc,
    0xff, 0xfb, 0xbb, 0x92, 0xff, 0xff, 0xff, 0xff,
    0x90, 0xc, 0xff, 0xff, 0xff, 0xfd, 0xff, 0xff,
    0xff, 0xff, 0xb0, 0xc, 0xff, 0xff, 0xff, 0xff,
    0xff, 0xff, 0xff, 0xff, 0xc0, 0xc, 0xff, 0xff,
    0xff, 0xff, 0xff, 0xff, 0xff, 0xff, 0xc0, 0xc,
    0xff, 0xff, 0xff, 0xff, 0xff, 0xff, 0xff, 0xff,
    0xc0, 0xc, 0xff, 0xff, 0xff, 0xff, 0xff, 0xff,
    0xff, 0xff, 0xc0, 0xc, 0xff, 0xff, 0xff, 0xff,
    0xef, 0xff, 0xff, 0xff, 0xa0, 0xa, 0xff, 0xff,
    0xff, 0xfe, 0x6f, 0xff, 0xff, 0xfe, 0x30, 0x3,
    0xef, 0xff, 0xff, 0xf6, 0x0, 0x0, 0x0, 0x0,
    0x0, 0x0, 0x0, 0x0, 0x0, 0x0,

    /* U+F10E "" */
    0x0, 0x0, 0x0, 0x0, 0x0, 0x0, 0x0, 0x0,
    0x0, 0x0, 0x6f, 0xff, 0xff, 0xfe, 0x30, 0x3,
    0xef, 0xff, 0xff, 0xf6, 0xef, 0xff, 0xff, 0xff,
    0xa0, 0xa, 0xff, 0xff, 0xff, 0xfe, 0xff, 0xff,
    0xff, 0xff, 0xc0, 0xc, 0xff, 0xff, 0xff, 0xff,
    0xff, 0xff, 0xff, 0xff, 0xc0, 0xc, 0xff, 0xff,
    0xff, 0xff, 0xff, 0xff, 0xff, 0xff, 0xc0, 0xc,
    0xff, 0xff, 0xff, 0xff, 0xff, 0xff, 0xff, 0xff,
    0xc0, 0xc, 0xff, 0xff, 0xff, 0xff, 0xff, 0xff,
    0xff, 0xff, 0xc0, 0xb, 0xff, 0xff, 0xff, 0xff,
    0xdf, 0xff, 0xff, 0xff, 0xc0, 0x9, 0xff, 0xff,
    0xff, 0xff, 0x2a, 0xbb, 0xbf, 0xff, 0xc0, 0x0,
    0x8b, 0xbb, 0xef, 0xff, 0x0, 0x0, 0xf, 0xff,
    0xc0, 0x0, 0x0, 0x0, 0xcf, 0xff, 0x0, 0x0,
    0xf, 0xff, 0xc0, 0x0, 0x0, 0x0, 0xcf, 0xff,
    0x0, 0x0, 0x1f, 0xff, 0xb0, 0x0, 0x0, 0x0,
    0xdf, 0xff, 0x0, 0x0, 0x9f, 0xff, 0x80, 0x0,
    0x0, 0x6, 0xff, 0xfc, 0x4, 0xad, 0xff, 0xff,
    0x30, 0x0, 0x29, 0xcf, 0xff, 0xf7, 0xb, 0xff,
    0xff, 0xf9, 0x0, 0x0, 0x7f, 0xff, 0xff, 0xd0,
    0xc, 0xff, 0xff, 0xa0, 0x0, 0x0, 0x8f, 0xff,
    0xfd, 0x10, 0xa, 0xff, 0xc5, 0x0, 0x0, 0x0,
    0x6f, 0xfe, 0x70, 0x0, 0x0, 0x20, 0x0, 0x0,
    0x0, 0x0, 0x1, 0x10, 0x0, 0x0,

    /* U+F110 "" */
    0x0, 0x0, 0x0, 0x0, 0x6, 0x60, 0x0, 0x0,
    0x0, 0x0, 0x0, 0x0, 0x0, 0x0, 0x9f, 0xf9,
    0x0, 0x0, 0x0, 0x0, 0x0, 0x0, 0x10, 0x0,
    0xdf, 0xfd, 0x0, 0x0, 0x0, 0x0, 0x0, 0x2e,
    0xf9, 0x0, 0x6f, 0xf6, 0x0, 0x0, 0x0, 0x0,
    0x0, 0x8f, 0xff, 0x10, 0x2, 0x20, 0x0, 0x0,
    0x0, 0x0, 0x0, 0x6f, 0xfe, 0x0, 0x0, 0x0,
    0x0, 0x0, 0x0, 0x0, 0x0, 0x6, 0x92, 0x0,
    0x0, 0x0, 0x0, 0x0, 0x0, 0x0, 0x0, 0x0,
    0x0, 0x0, 0x0, 0x0, 0x0, 0x0, 0x0, 0x0,
    0x18, 0x60, 0x0, 0x0, 0x0, 0x0, 0x0, 0x0,
    0x6, 0x81, 0xcf, 0xf8, 0x0, 0x0, 0x0, 0x0,
    0x0, 0x0, 0x8f, 0xfc, 0xff, 0xfb, 0x0, 0x0,
    0x0, 0x0, 0x0, 0x0, 0xaf, 0xff, 0x7f, 0xf4,
    0x0, 0x0, 0x0, 0x0, 0x0, 0x0, 0x4f, 0xf7,
    0x1, 0x0, 0x0, 0x0, 0x0, 0x0, 0x0, 0x0,
    0x0, 0x10, 0x0, 0x0, 0x0, 0x0, 0x0, 0x0,
    0x0, 0x0, 0x0, 0x0, 0x0, 0x7, 0xa3, 0x0,
    0x0, 0x0, 0x0, 0x3a, 0x70, 0x0, 0x0, 0x6f,
    0xfe, 0x0, 0x0, 0x0, 0x0, 0xef, 0xf6, 0x0,
    0x0, 0x8f, 0xff, 0x10, 0x0, 0x0, 0x1, 0xff,
    0xf9, 0x0, 0x0, 0x2e, 0xfa, 0x0, 0x5f, 0xf5,
    0x0, 0x9f, 0xe2, 0x0, 0x0, 0x0, 0x20, 0x0,
    0xdf, 0xfd, 0x0, 0x2, 0x0, 0x0, 0x0, 0x0,
    0x0, 0x0, 0xaf, 0xfa, 0x0, 0x0, 0x0, 0x0,
    0x0, 0x0, 0x0, 0x0, 0x7, 0x70, 0x0, 0x0,
    0x0, 0x0,

    /* U+F111 "" */
    0x0, 0x0, 0x0, 0x0, 0x2, 0x20, 0x0, 0x0,
    0x0, 0x0, 0x0, 0x0, 0x2, 0x9d, 0xff, 0xff,
    0xd8, 0x10, 0x0, 0x0, 0x0, 0x0, 0x8f, 0xff,
    0xff, 0xff, 0xff, 0xf6, 0x0, 0x0, 0x0, 0xb,
    0xff, 0xff, 0xff, 0xff, 0xff, 0xff, 0x90, 0x0,
    0x0, 0xaf, 0xff, 0xff, 0xff, 0xff, 0xff, 0xff,
    0xf7, 0x0, 0x5, 0xff, 0xff, 0xff, 0xff, 0xff,
    0xff, 0xff, 0xff, 0x30, 0xe, 0xff, 0xff, 0xff,
    0xff, 0xff, 0xff, 0xff, 0xff, 0xb0, 0x4f, 0xff,
    0xff, 0xff, 0xff, 0xff, 0xff, 0xff, 0xff, 0xf1,
    0x8f, 0xff, 0xff, 0xff, 0xff, 0xff, 0xff, 0xff,
    0xff, 0xf6, 0xaf, 0xff, 0xff, 0xff, 0xff, 0xff,
    0xff, 0xff, 0xff, 0xf8, 0xbf, 0xff, 0xff, 0xff,
    0xff, 0xff, 0xff, 0xff, 0xff, 0xf9, 0xaf, 0xff,
    0xff, 0xff, 0xff, 0xff, 0xff, 0xff, 0xff, 0xf8,
    0x8f, 0xff, 0xff, 0xff, 0xff, 0xff, 0xff, 0xff,
    0xff, 0xf6, 0x4f, 0xff, 0xff, 0xff, 0xff, 0xff,
    0xff, 0xff, 0xff, 0xf1, 0xe, 0xff, 0xff, 0xff,
    0xff, 0xff, 0xff, 0xff, 0xff, 0xb0, 0x5, 0xff,
    0xff, 0xff, 0xff, 0xff, 0xff, 0xff, 0xff, 0x30,
    0x0, 0xaf, 0xff, 0xff, 0xff, 0xff, 0xff, 0xff,
    0xf7, 0x0, 0x0, 0xb, 0xff, 0xff, 0xff, 0xff,
    0xff, 0xff, 0x90, 0x0, 0x0, 0x0, 0x8f, 0xff,
    0xff, 0xff, 0xff, 0xf6, 0x0, 0x0, 0x0, 0x0,
    0x2, 0x9d, 0xff, 0xff, 0xd8, 0x10, 0x0, 0x0,
    0x0, 0x0, 0x0, 0x0, 0x2, 0x20, 0x0, 0x0,
    0x0, 0x0,

    /* U+F113 "" */
    0x0, 0x0, 0x0, 0x0, 0x0, 0x0, 0x0, 0x0,
    0x0, 0x0, 0x5f, 0xe9, 0x10, 0x0, 0x0, 0x0,
    0x2a, 0xef, 0x20, 0x9, 0xff, 0xff, 0xbe, 0xff,
    0xfe, 0xcf, 0xff, 0xf7, 0x0, 0xaf, 0xff, 0xff,
    0xff, 0xff, 0xff, 0xff, 0xff, 0x70, 0x7, 0xff,
    0xff, 0xff, 0xff, 0xff, 0xff, 0xff, 0xf5, 0x0,
    0xcf, 0xff, 0xff, 0xff, 0xff, 0xff, 0xff, 0xff,
    0xa0, 0x6f, 0xff, 0xff, 0xff, 0xff, 0xff, 0xff,
    0xff, 0xff, 0x3b, 0xff, 0xff, 0xff, 0xff, 0xff,
    0xff, 0xff, 0xff, 0xf8, 0xef, 0xfd, 0x41, 0x24,
    0x56, 0x53, 0x11, 0x5e, 0xff, 0xaf, 0xff, 0x11,
    0xb8, 0x0, 0x0, 0x7, 0xc1, 0x4f, 0xfb, 0xef,
    0xb0, 0x7f, 0xf1, 0x0, 0x1, 0xff, 0x80, 0xef,
    0xab, 0xf9, 0x9, 0xff, 0x30, 0x0, 0x3f, 0xf9,
    0xc, 0xf8, 0x6f, 0xc0, 0x4f, 0xe0, 0x0, 0x0,
    0xef, 0x50, 0xef, 0x30, 0xdf, 0x40, 0x52, 0x0,
    0x0, 0x2, 0x50, 0x6f, 0xb0, 0x2, 0xdf, 0x61,
    0x0, 0x0, 0x0, 0x2, 0x8f, 0xc1, 0x0, 0x0,
    0x59, 0xcc, 0xbb, 0xbb, 0xbc, 0xda, 0x40, 0x0,

    /* U+F118 "" */
    0x0, 0x0, 0x0, 0x0, 0x1, 0x10, 0x0, 0x0,
    0x0, 0x0, 0x0, 0x0, 0x3, 0x9e, 0xff, 0xff,
    0xb5, 0x0, 0x0, 0x0, 0x0, 0x0, 0xaf, 0xff,
    0xff, 0xff, 0xff, 0xd3, 0x0, 0x0, 0x0, 0x1d,
    0xff, 0xff, 0xff, 0xff, 0xff, 0xff, 0x50, 0x0,
    0x0, 0xcf, 0xff, 0xff, 0xff, 0xff, 0xff, 0xff,
    0xf3, 0x0, 0x9, 0xff, 0xff, 0xff, 0xff, 0xff,
    0xff, 0xff, 0xfe, 0x0, 0x2f, 0xff, 0xff, 0xff,
    0xff, 0xff, 0xff, 0xff, 0xff, 0x70, 0x8f, 0xff,
    0xfe, 0x7d, 0xff, 0xff, 0x8b, 0xff, 0xff, 0xd0,
    0xcf, 0xff, 0xf5, 0x4, 0xff, 0xf9, 0x0, 0xff,
    0xff, 0xf2, 0xef, 0xff, 0xfb, 0x29, 0xff, 0xfe,
    0x36, 0xff, 0xff, 0xf4, 0xff, 0xff, 0xff, 0xff,
    0xff, 0xff, 0xff, 0xff, 0xff, 0xf5, 0xef, 0xff,
    0xff, 0xff, 0xff, 0xff, 0xff, 0xff, 0xff, 0xf4,
    0xcf, 0xff, 0xff, 0xff, 0xff, 0xff, 0xff, 0xff,
    0xff, 0xf2, 0x8f, 0xff, 0xf3, 0x9f, 0xff, 0xff,
    0xd2, 0xcf, 0xff, 0xe0, 0x2f, 0xff, 0xfa, 0x5,
    0xce, 0xd8, 0x14, 0xff, 0xff, 0x80, 0x9, 0xff,
    0xff, 0xc4, 0x0, 0x2, 0x9f, 0xff, 0xfe, 0x0,
    0x0, 0xdf, 0xff, 0xff, 0xfe, 0xff, 0xff, 0xff,
    0xf4, 0x0, 0x0, 0x2d, 0xff, 0xff, 0xff, 0xff,
    0xff, 0xff, 0x50, 0x0, 0x0, 0x1, 0xaf, 0xff,
    0xff, 0xff, 0xff, 0xd3, 0x0, 0x0, 0x0, 0x0,
    0x3, 0xae, 0xff, 0xff, 0xc6, 0x0, 0x0, 0x0,
    0x0, 0x0, 0x0, 0x0, 0x12, 0x10, 0x0, 0x0,
    0x0, 0x0,

    /* U+F119 "" */
    0x0, 0x0, 0x0, 0x0, 0x1, 0x10, 0x0, 0x0,
    0x0, 0x0, 0x0, 0x0, 0x3, 0x9e, 0xff, 0xff,
    0xb5, 0x0, 0x0, 0x0, 0x0, 0x0, 0xaf, 0xff,
    0xff, 0xff, 0xff, 0xd3, 0x0, 0x0, 0x0, 0x1d,
    0xff, 0xff, 0xff, 0xff, 0xff, 0xff, 0x50, 0x0,
    0x0, 0xdf, 0xff, 0xff, 0xff, 0xff, 0xff, 0xff,
    0xf4, 0x0, 0x9, 0xff, 0xff, 0xff, 0xff, 0xff,
    0xff, 0xff, 0xfe, 0x0, 0x2f, 0xff, 0xff, 0xff,
    0xff, 0xff, 0xff, 0xff, 0xff, 0x80, 0x8f, 0xff,
    0xfe, 0x7d, 0xff, 0xff, 0x8b, 0xff, 0xff, 0xe0,
    0xcf, 0xff, 0xf5, 0x4, 0xff, 0xf9, 0x0, 0xff,
    0xff, 0xf2, 0xef, 0xff, 0xfb, 0x29, 0xff, 0xfe,
    0x36, 0xff, 0xff, 0xf4, 0xff, 0xff, 0xff, 0xff,
    0xff, 0xff, 0xff, 0xff, 0xff, 0xf5, 0xef, 0xff,
    0xff, 0xff, 0xff, 0xff, 0xff, 0xff, 0xff, 0xf4,
    0xcf, 0xff, 0xff, 0xff, 0xff, 0xff, 0xff, 0xff,
    0xff, 0xf2, 0x8f, 0xff, 0xff, 0xe6, 0x20, 0x14,
    0xbf, 0xff, 0xff, 0xe0, 0x2f, 0xff, 0xfb, 0x3,
    0x9c, 0xb6, 0x6, 0xff, 0xff, 0x80, 0x9, 0xff,
    0xf2, 0x7f, 0xff, 0xff, 0xc1, 0xcf, 0xfe, 0x0,
    0x0, 0xdf, 0xff, 0xff, 0xff, 0xff, 0xff, 0xff,
    0xf4, 0x0, 0x0, 0x1d, 0xff, 0xff, 0xff, 0xff,
    0xff, 0xff, 0x50, 0x0, 0x0, 0x0, 0xaf, 0xff,
    0xff, 0xff, 0xff, 0xd3, 0x0, 0x0, 0x0, 0x0,
    0x3, 0x9e, 0xff, 0xff, 0xb5, 0x0, 0x0, 0x0,
    0x0, 0x0, 0x0, 0x0, 0x1, 0x10, 0x0, 0x0,
    0x0, 0x0,

    /* U+F11A "" */
    0x0, 0x0, 0x0, 0x0, 0x1, 0x10, 0x0, 0x0,
    0x0, 0x0, 0x0, 0x0, 0x3, 0x9e, 0xff, 0xff,
    0xb5, 0x0, 0x0, 0x0, 0x0, 0x0, 0xaf, 0xff,
    0xff, 0xff, 0xff, 0xd3, 0x0, 0x0, 0x0, 0x1d,
    0xff, 0xff, 0xff, 0xff, 0xff, 0xff, 0x50, 0x0,
    0x0, 0xcf, 0xff, 0xff, 0xff, 0xff, 0xff, 0xff,
    0xf3, 0x0, 0x9, 0xff, 0xff, 0xff, 0xff, 0xff,
    0xff, 0xff, 0xfe, 0x0, 0x2f, 0xff, 0xff, 0xff,
    0xff, 0xff, 0xff, 0xff, 0xff, 0x70, 0x8f, 0xff,
    0xfe, 0x7d, 0xff, 0xff, 0x8b, 0xff, 0xff, 0xd0,
    0xcf, 0xff, 0xf6, 0x4, 0xff, 0xfa, 0x0, 0xff,
    0xff, 0xf2, 0xef, 0xff, 0xfa, 0x19, 0xff, 0xfd,
    0x25, 0xff, 0xff, 0xf4, 0xff, 0xff, 0xff, 0xff,
    0xff, 0xff, 0xff, 0xff, 0xff, 0xf5, 0xef, 0xff,
    0xff, 0xff, 0xff, 0xff, 0xff, 0xff, 0xff, 0xf4,
    0xcf, 0xff, 0xff, 0xff, 0xff, 0xff, 0xff, 0xff,
    0xff, 0xf2, 0x8f, 0xff, 0xfd, 0xbb, 0xbb, 0xbb,
    0xbc, 0xff, 0xff, 0xe0, 0x2f, 0xff, 0xf8, 0x22,
    0x22, 0x22, 0x22, 0xff, 0xff, 0x80, 0x9, 0xff,
    0xff, 0xff, 0xff, 0xff, 0xff, 0xff, 0xfe, 0x0,
    0x0, 0xdf, 0xff, 0xff, 0xff, 0xff, 0xff, 0xff,
    0xf4, 0x0, 0x0, 0x2d, 0xff, 0xff, 0xff, 0xff,
    0xff, 0xff, 0x50, 0x0, 0x0, 0x1, 0xaf, 0xff,
    0xff, 0xff, 0xff, 0xd3, 0x0, 0x0, 0x0, 0x0,
    0x3, 0xae, 0xff, 0xff, 0xc6, 0x0, 0x0, 0x0,
    0x0, 0x0, 0x0, 0x0, 0x12, 0x10, 0x0, 0x0,
    0x0, 0x0,

    /* U+F11B "" */
    0x0, 0x0, 0x47, 0x88, 0x88, 0x88, 0x88, 0x88,
    0x88, 0x87, 0x40, 0x0, 0x0, 0x4, 0xef, 0xff,
    0xff, 0xff, 0xff, 0xff, 0xff, 0xff, 0xff, 0xd4,
    0x0, 0x5, 0xff, 0xff, 0xff, 0xff, 0xff, 0xff,
    0xff, 0xff, 0xff, 0xff, 0xf5, 0x2, 0xff, 0xff,
    0x0, 0x8f, 0xff, 0xff, 0xff, 0xff, 0xff, 0x75,
    0xbf, 0xf2, 0x9f, 0xff, 0xf0, 0x8, 0xff, 0xff,
    0xff, 0xff, 0xff, 0x90, 0x0, 0xef, 0x9e, 0xfc,
    0x77, 0x0, 0x37, 0x8f, 0xff, 0xff, 0xff, 0xf8,
    0x0, 0xe, 0xfe, 0xff, 0x80, 0x0, 0x0, 0x0,
    0xff, 0xff, 0xff, 0x97, 0xd6, 0x3a, 0xff, 0xfe,
    0xfa, 0x44, 0x0, 0x24, 0x4f, 0xff, 0xff, 0x80,
    0x2, 0xff, 0xff, 0xfe, 0xaf, 0xff, 0xf0, 0x8,
    0xff, 0xff, 0xff, 0xf6, 0x0, 0xf, 0xff, 0xff,
    0xa4, 0xff, 0xff, 0x0, 0x8f, 0xff, 0xff, 0xff,
    0xd3, 0x2a, 0xff, 0xff, 0xf3, 0x8, 0xff, 0xfb,
    0xbe, 0xff, 0xff, 0xff, 0xff, 0xff, 0xff, 0xff,
    0xf8, 0x0, 0x7, 0xff, 0xff, 0xff, 0xe4, 0x11,
    0x14, 0xef, 0xff, 0xff, 0xf7, 0x0, 0x0, 0x2,
    0x7a, 0xba, 0x50, 0x0, 0x0, 0x0, 0x5a, 0xba,
    0x72, 0x0, 0x0,

    /* U+F11C "" */
    0x5e, 0xff, 0xff, 0xff, 0xff, 0xff, 0xff, 0xff,
    0xff, 0xff, 0xfb, 0xe, 0xff, 0xff, 0xff, 0xff,
    0xff, 0xff, 0xff, 0xff, 0xff, 0xff, 0xf6, 0xff,
    0xc8, 0x8f, 0xa8, 0xaf, 0x88, 0xbf, 0x88, 0xfb,
    0x88, 0xff, 0x8f, 0xf8, 0x0, 0xf4, 0x4, 0xf0,
    0x5, 0xe0, 0xe, 0x50, 0xf, 0xf8, 0xff, 0x80,
    0xf, 0x40, 0x4f, 0x0, 0x6f, 0x0, 0xf6, 0x0,
    0xff, 0x8f, 0xff, 0xff, 0xff, 0xff, 0xff, 0xff,
    0xff, 0xff, 0xff, 0xff, 0xf8, 0xff, 0xff, 0x94,
    0x6f, 0x64, 0x8f, 0x44, 0xbb, 0x44, 0xff, 0xff,
    0x8f, 0xff, 0xf6, 0x2, 0xf2, 0x5, 0xf0, 0x8,
    0x80, 0xe, 0xff, 0xf8, 0xff, 0xff, 0x94, 0x6f,
    0x64, 0x8f, 0x44, 0xbb, 0x44, 0xff, 0xff, 0x8f,
    0xff, 0xff, 0xff, 0xff, 0xff, 0xff, 0xff, 0xff,
    0xff, 0xff, 0xf8, 0xff, 0x80, 0xf, 0x40, 0x0,
    0x0, 0x0, 0x0, 0xf6, 0x0, 0xff, 0x8f, 0xf8,
    0x0, 0xf4, 0x0, 0x0, 0x0, 0x0, 0xe, 0x50,
    0xf, 0xf8, 0xff, 0xc8, 0x8f, 0xa8, 0x88, 0x88,
    0x88, 0x88, 0xfb, 0x88, 0xff, 0x8e, 0xff, 0xff,
    0xff, 0xff, 0xff, 0xff, 0xff, 0xff, 0xff, 0xff,
    0xf6, 0x5e, 0xff, 0xff, 0xff, 0xff, 0xff, 0xff,
    0xff, 0xff, 0xff, 0xfb, 0x0,

    /* U+F11E "" */
    0x1, 0x30, 0x0, 0x0, 0x0, 0x0, 0x0, 0x0,
    0x0, 0x0, 0x5f, 0xfd, 0x10, 0x0, 0x0, 0x0,
    0x0, 0x0, 0x0, 0x0, 0xcf, 0xff, 0x70, 0x0,
    0x0, 0x0, 0x0, 0x0, 0x0, 0x0, 0xbf, 0xff,
    0xaa, 0xcc, 0xa6, 0x10, 0x0, 0x0, 0x17, 0xc5,
    0x2f, 0xff, 0xff, 0xff, 0xff, 0xfd, 0x97, 0x9c,
    0xff, 0xfc, 0xe, 0xfe, 0x93, 0xcf, 0xf9, 0xdf,
    0xff, 0xff, 0xd8, 0xfd, 0xe, 0xf9, 0x0, 0xcf,
    0xf1, 0x1, 0xdf, 0xf2, 0x0, 0xfd, 0xe, 0xf9,
    0x0, 0xac, 0xe1, 0x0, 0xcf, 0xf1, 0x0, 0xfd,
    0xe, 0xfc, 0xbf, 0x70, 0xc, 0x94, 0xcf, 0xf2,
    0x6c, 0xfd, 0xe, 0xff, 0xff, 0x70, 0xe, 0xff,
    0x30, 0xf, 0xff, 0xfd, 0xe, 0xff, 0xea, 0x98,
    0x7b, 0xff, 0x30, 0xf, 0xfe, 0xfd, 0xe, 0xfa,
    0x0, 0xcf, 0xf1, 0x4, 0x74, 0x49, 0x51, 0xfd,
    0xe, 0xf9, 0x0, 0xcf, 0xf1, 0x0, 0xcf, 0xf1,
    0x0, 0xfd, 0xe, 0xfa, 0x69, 0xef, 0xfa, 0x61,
    0xcf, 0xf1, 0x5, 0xfd, 0xe, 0xff, 0xff, 0xff,
    0xff, 0xff, 0xff, 0xfa, 0xdf, 0xf8, 0xe, 0xff,
    0xa5, 0x21, 0x14, 0x8d, 0xff, 0xff, 0xfc, 0x40,
    0xe, 0xf9, 0x0, 0x0, 0x0, 0x0, 0x14, 0x65,
    0x10, 0x0, 0xe, 0xf9, 0x0, 0x0, 0x0, 0x0,
    0x0, 0x0, 0x0, 0x0, 0xe, 0xf9, 0x0, 0x0,
    0x0, 0x0, 0x0, 0x0, 0x0, 0x0, 0xe, 0xf9,
    0x0, 0x0, 0x0, 0x0, 0x0, 0x0, 0x0, 0x0,
    0x7, 0xb3, 0x0, 0x0, 0x0, 0x0, 0x0, 0x0,
    0x0, 0x0,

    /* U+F120 "" */
    0x0, 0x0, 0x0, 0x0, 0x0, 0x0, 0x0, 0x0,
    0x0, 0x0, 0x0, 0x0, 0x3, 0xec, 0x0, 0x0,
    0x0, 0x0, 0x0, 0x0, 0x0, 0x0, 0x0, 0x0,
    0x0, 0xef, 0xfc, 0x0, 0x0, 0x0, 0x0, 0x0,
    0x0, 0x0, 0x0, 0x0, 0x0, 0x8, 0xff, 0xfc,
    0x0, 0x0, 0x0, 0x0, 0x0, 0x0, 0x0, 0x0,
    0x0, 0x0, 0x9, 0xff, 0xfc, 0x0, 0x0, 0x0,
    0x0, 0x0, 0x0, 0x0, 0x0, 0x0, 0x0, 0x9,
    0xff, 0xfc, 0x0, 0x0, 0x0, 0x0, 0x0, 0x0,
    0x0, 0x0, 0x0, 0x0, 0x9, 0xff, 0xfc, 0x0,
    0x0, 0x0, 0x0, 0x0, 0x0, 0x0, 0x0, 0x0,
    0x0, 0x9, 0xff, 0xfc, 0x0, 0x0, 0x0, 0x0,
    0x0, 0x0, 0x0, 0x0, 0x0, 0x0, 0x9, 0xff,
    0xfc, 0x0, 0x0, 0x0, 0x0, 0x0, 0x0, 0x0,
    0x0, 0x0, 0x0, 0xe, 0xff, 0xf4, 0x0, 0x0,
    0x0, 0x0, 0x0, 0x0, 0x0, 0x0, 0x0, 0xb,
    0xff, 0xfa, 0x0, 0x0, 0x0, 0x0, 0x0, 0x0,
    0x0, 0x0, 0x0, 0xb, 0xff, 0xfa, 0x0, 0x0,
    0x0, 0x0, 0x0, 0x0, 0x0, 0x0, 0x0, 0xb,
    0xff, 0xfa, 0x0, 0x0, 0x0, 0x0, 0x0, 0x0,
    0x0, 0x0, 0x0, 0xb, 0xff, 0xfa, 0x0, 0x0,
    0x0, 0x0, 0x0, 0x0, 0x0, 0x0, 0x0, 0xb,
    0xff, 0xfa, 0x0, 0x0, 0x0, 0x0, 0x0, 0x0,
    0x0, 0x0, 0x0, 0xb, 0xff, 0xfa, 0x0, 0x0,
    0x0, 0x8f, 0xff, 0xff, 0xff, 0xff, 0xff, 0xfb,
    0xdf, 0xfa, 0x0, 0x0, 0x0, 0xc, 0xff, 0xff,
    0xff, 0xff, 0xff, 0xff, 0xf2, 0xc9, 0x0, 0x0,
    0x0, 0x0, 0xaf, 0xff, 0xff, 0xff, 0xff, 0xff,
    0xfe, 0x0, 0x0, 0x0, 0x0, 0x0, 0x0, 0x22,
    0x22, 0x22, 0x22, 0x22, 0x22, 0x10,

    /* U+F121 "" */
    0x0, 0x0, 0x0, 0x0, 0x0, 0x0, 0x0, 0x36,
    0x10, 0x0, 0x0, 0x0, 0x0, 0x0, 0x0, 0x0,
    0x0, 0x0, 0x0, 0x0, 0xa, 0xff, 0xa0, 0x0,
    0x0, 0x0, 0x0, 0x0, 0x0, 0x0, 0x0, 0x0,
    0x0, 0x0, 0xff, 0xf9, 0x0, 0x0, 0x0, 0x0,
    0x0, 0x0, 0x0, 0x0, 0x0, 0x0, 0x0, 0x4f,
    0xff, 0x40, 0x0, 0x0, 0x0, 0x0, 0x0, 0x0,
    0x0, 0x1, 0x0, 0x0, 0x8, 0xff, 0xf0, 0x1,
    0x0, 0x0, 0x0, 0x0, 0x0, 0x0, 0x1c, 0xe1,
    0x0, 0x0, 0xdf, 0xfb, 0x1, 0xec, 0x10, 0x0,
    0x0, 0x0, 0x0, 0x1d, 0xff, 0xd1, 0x0, 0x1f,
    0xff, 0x61, 0xdf, 0xfd, 0x10, 0x0, 0x0, 0x0,
    0x2e, 0xff, 0xfd, 0x10, 0x6, 0xff, 0xf2, 0x1d,
    0xff, 0xfe, 0x20, 0x0, 0x0, 0x2e, 0xff, 0xfc,
    0x10, 0x0, 0xbf, 0xfd, 0x0, 0x1c, 0xff, 0xfe,
    0x20, 0x0, 0x3e, 0xff, 0xfa, 0x0, 0x0, 0xf,
    0xff, 0x90, 0x0, 0xa, 0xff, 0xfe, 0x30, 0xe,
    0xff, 0xfd, 0x0, 0x0, 0x4, 0xff, 0xf4, 0x0,
    0x0, 0xd, 0xff, 0xfe, 0x0, 0x3e, 0xff, 0xfa,
    0x0, 0x0, 0x9f, 0xff, 0x0, 0x0, 0xa, 0xff,
    0xfe, 0x30, 0x0, 0x2e, 0xff, 0xfc, 0x10, 0xd,
    0xff, 0xb0, 0x0, 0x1c, 0xff, 0xfe, 0x20, 0x0,
    0x0, 0x2e, 0xff, 0xfd, 0x12, 0xff, 0xf6, 0x0,
    0x1d, 0xff, 0xfd, 0x20, 0x0, 0x0, 0x0, 0x1d,
    0xff, 0xd1, 0x6f, 0xff, 0x10, 0x1, 0xdf, 0xfd,
    0x10, 0x0, 0x0, 0x0, 0x0, 0x1c, 0xe1, 0xb,
    0xff, 0xd0, 0x0, 0x1, 0xdc, 0x10, 0x0, 0x0,
    0x0, 0x0, 0x0, 0x1, 0x0, 0xff, 0xf8, 0x0,
    0x0, 0x1, 0x0, 0x0, 0x0, 0x0, 0x0, 0x0,
    0x0, 0x0, 0x4f, 0xff, 0x40, 0x0, 0x0, 0x0,
    0x0, 0x0, 0x0, 0x0, 0x0, 0x0, 0x0, 0x9,
    0xff, 0xf0, 0x0, 0x0, 0x0, 0x0, 0x0, 0x0,
    0x0, 0x0, 0x0, 0x0, 0x0, 0xaf, 0xfa, 0x0,
    0x0, 0x0, 0x0, 0x0, 0x0, 0x0, 0x0, 0x0,
    0x0, 0x0, 0x0, 0x16, 0x30, 0x0, 0x0, 0x0,
    0x0, 0x0, 0x0, 0x0,

    /* U+F122 "" */
    0x0, 0x0, 0x0, 0x2, 0x0, 0x0, 0x20, 0x0,
    0x0, 0x0, 0x0, 0x0, 0x0, 0x0, 0x6, 0xfa,
    0x0, 0x6f, 0xa0, 0x0, 0x0, 0x0, 0x0, 0x0,
    0x0, 0x8, 0xff, 0x70, 0x8f, 0xfc, 0x0, 0x0,
    0x0, 0x0, 0x0, 0x0, 0xa, 0xff, 0x60, 0xaf,
    0xff, 0xc0, 0x0, 0x0, 0x0, 0x0, 0x0, 0x1c,
    0xff, 0x41, 0xcf, 0xff, 0xfc, 0x0, 0x0, 0x0,
    0x0, 0x0, 0x2e, 0xfe, 0x22, 0xef, 0xff, 0xff,
    0xff, 0xda, 0x61, 0x0, 0x0, 0x4e, 0xff, 0x24,
    0xef, 0xff, 0xff, 0xff, 0xff, 0xff, 0xf9, 0x0,
    0xe, 0xff, 0xd0, 0xef, 0xff, 0xff, 0xff, 0xff,
    0xff, 0xff, 0xfc, 0x10, 0x7f, 0xff, 0x17, 0xff,
    0xff, 0xff, 0xff, 0xff, 0xff, 0xff, 0xf9, 0x0,
    0x5f, 0xfb, 0x5, 0xff, 0xff, 0xff, 0xff, 0xff,
    0xff, 0xff, 0xf1, 0x0, 0x3e, 0xfd, 0x13, 0xef,
    0xff, 0xfd, 0x6a, 0xff, 0xff, 0xff, 0x50, 0x0,
    0x2d, 0xfe, 0x32, 0xdf, 0xff, 0xc0, 0x1, 0xaf,
    0xff, 0xf7, 0x0, 0x0, 0x1c, 0xff, 0x41, 0xcf,
    0xfc, 0x0, 0x0, 0xcf, 0xff, 0x70, 0x0, 0x0,
    0xa, 0xfb, 0x0, 0xaf, 0xb0, 0x0, 0x6, 0xff,
    0xf4, 0x0, 0x0, 0x0, 0x5, 0x20, 0x0, 0x52,
    0x0, 0x0, 0x5f, 0xfe, 0x0, 0x0, 0x0, 0x0,
    0x0, 0x0, 0x0, 0x0, 0x0, 0x6, 0xff, 0x80,
    0x0, 0x0, 0x0, 0x0, 0x0, 0x0, 0x0, 0x0,
    0x0, 0x9f, 0xc0, 0x0, 0x0, 0x0, 0x0, 0x0,
    0x0, 0x0, 0x0, 0x0, 0xc, 0xd1, 0x0, 0x0,
    0x0, 0x0, 0x0, 0x0, 0x0, 0x0, 0x0, 0x0,
    0x20, 0x0, 0x0,

    /* U+F124 "" */
    0x0, 0x0, 0x0, 0x0, 0x0, 0x0, 0x0, 0x0,
    0x0, 0x56, 0x0, 0x0, 0x0, 0x0, 0x0, 0x0,
    0x0, 0x0, 0x1, 0x7e, 0xff, 0xa0, 0x0, 0x0,
    0x0, 0x0, 0x0, 0x0, 0x1, 0x8f, 0xff, 0xff,
    0xf0, 0x0, 0x0, 0x0, 0x0, 0x0, 0x2, 0xaf,
    0xff, 0xff, 0xff, 0xa0, 0x0, 0x0, 0x0, 0x0,
    0x4, 0xbf, 0xff, 0xff, 0xff, 0xff, 0x30, 0x0,
    0x0, 0x0, 0x5, 0xcf, 0xff, 0xff, 0xff, 0xff,
    0xfb, 0x0, 0x0, 0x0, 0x6, 0xdf, 0xff, 0xff,
    0xff, 0xff, 0xff, 0xf4, 0x0, 0x0, 0x18, 0xef,
    0xff, 0xff, 0xff, 0xff, 0xff, 0xff, 0xd0, 0x0,
    0x5, 0xff, 0xff, 0xff, 0xff, 0xff, 0xff, 0xff,
    0xff, 0x50, 0x0, 0xe, 0xff, 0xff, 0xff, 0xff,
    0xff, 0xff, 0xff, 0xfe, 0x0, 0x0, 0xd, 0xff,
    0xff, 0xff, 0xff, 0xff, 0xff, 0xff, 0xf7, 0x0,
    0x0, 0x2, 0xac, 0xcc, 0xcc, 0xcd, 0xff, 0xff,
    0xff, 0xf0, 0x0, 0x0, 0x0, 0x0, 0x0, 0x0,
    0x4, 0xff, 0xff, 0xff, 0x80, 0x0, 0x0, 0x0,
    0x0, 0x0, 0x0, 0x4, 0xff, 0xff, 0xff, 0x10,
    0x0, 0x0, 0x0, 0x0, 0x0, 0x0, 0x4, 0xff,
    0xff, 0xf9, 0x0, 0x0, 0x0, 0x0, 0x0, 0x0,
    0x0, 0x4, 0xff, 0xff, 0xf2, 0x0, 0x0, 0x0,
    0x0, 0x0, 0x0, 0x0, 0x4, 0xff, 0xff, 0xb0,
    0x0, 0x0, 0x0, 0x0, 0x0, 0x0, 0x0, 0x4,
    0xff, 0xff, 0x30, 0x0, 0x0, 0x0, 0x0, 0x0,
    0x0, 0x0, 0x3, 0xff, 0xfc, 0x0, 0x0, 0x0,
    0x0, 0x0, 0x0, 0x0, 0x0, 0x0, 0xef, 0xf4,
    0x0, 0x0, 0x0, 0x0, 0x0, 0x0, 0x0, 0x0,
    0x0, 0x27, 0x30, 0x0, 0x0, 0x0, 0x0,

    /* U+F125 "" */
    0x0, 0x2, 0x78, 0x50, 0x0, 0x0, 0x0, 0x0,
    0x0, 0x24, 0x0, 0x0, 0xaf, 0xff, 0x0, 0x0,
    0x0, 0x0, 0x0, 0x3f, 0xf5, 0x0, 0xa, 0xff,
    0xf1, 0x0, 0x0, 0x0, 0x0, 0x3f, 0xff, 0x51,
    0xef, 0xff, 0xff, 0x1e, 0xff, 0xff, 0xff, 0xff,
    0xff, 0x60, 0x2f, 0xff, 0xff, 0xf1, 0xef, 0xff,
    0xff, 0xff, 0xff, 0x60, 0x2, 0xff, 0xff, 0xff,
    0x1e, 0xff, 0xff, 0xff, 0xff, 0xf1, 0x0, 0xa,
    0xce, 0xff, 0xf1, 0xac, 0xcc, 0xdf, 0xff, 0xff,
    0x10, 0x0, 0x0, 0xaf, 0xff, 0x10, 0x0, 0x1d,
    0xff, 0xff, 0xf1, 0x0, 0x0, 0xa, 0xff, 0xf1,
    0x0, 0x1d, 0xff, 0xef, 0xff, 0x10, 0x0, 0x0,
    0xaf, 0xff, 0x10, 0x1d, 0xff, 0x5a, 0xff, 0xf1,
    0x0, 0x0, 0xa, 0xff, 0xf1, 0x1d, 0xff, 0x60,
    0xaf, 0xff, 0x10, 0x0, 0x0, 0xaf, 0xff, 0x2d,
    0xff, 0x60, 0xa, 0xff, 0xf1, 0x0, 0x0, 0xa,
    0xff, 0xfe, 0xff, 0x60, 0x0, 0xaf, 0xff, 0x10,
    0x0, 0x0, 0xaf, 0xff, 0xff, 0x60, 0x0, 0xa,
    0xff, 0xf1, 0x0, 0x0, 0xa, 0xff, 0xff, 0xfc,
    0xcc, 0xc3, 0xaf, 0xff, 0xcb, 0x40, 0x0, 0xaf,
    0xff, 0xff, 0xff, 0xff, 0x5a, 0xff, 0xff, 0xf9,
    0x0, 0xa, 0xff, 0xff, 0xff, 0xff, 0xf5, 0xaf,
    0xff, 0xff, 0x90, 0x0, 0x7f, 0xff, 0xff, 0xff,
    0xff, 0x5a, 0xff, 0xff, 0xf6, 0x0, 0x0, 0x0,
    0x0, 0x0, 0x0, 0x0, 0xaf, 0xff, 0x10, 0x0,
    0x0, 0x0, 0x0, 0x0, 0x0, 0x0, 0x9, 0xff,
    0xf1, 0x0, 0x0, 0x0, 0x0, 0x0, 0x0, 0x0,
    0x0, 0x27, 0x85, 0x0, 0x0,

    /* U+F126 "" */
    0x1, 0x56, 0x20, 0x0, 0x0, 0x0, 0x0, 0x2,
    0xef, 0xff, 0x50, 0x0, 0x0, 0x0, 0x0, 0xbf,
    0xff, 0xff, 0x0, 0x0, 0x0, 0x0, 0xf, 0xfa,
    0x5f, 0xf3, 0x0, 0x9, 0xee, 0x70, 0xdf, 0xed,
    0xff, 0x20, 0xb, 0xff, 0xff, 0x76, 0xff, 0xff,
    0xa0, 0x1, 0xff, 0xce, 0xfd, 0x5, 0xef, 0x80,
    0x0, 0x3f, 0xf7, 0xaf, 0xf0, 0xd, 0xf1, 0x0,
    0x0, 0xef, 0xff, 0xfa, 0x0, 0xdf, 0x10, 0x0,
    0x3, 0xef, 0xfd, 0x10, 0xd, 0xf1, 0x0, 0x0,
    0x1, 0xfd, 0x0, 0x0, 0xdf, 0x10, 0x0, 0x0,
    0x5f, 0xa0, 0x0, 0xd, 0xf1, 0x13, 0x57, 0xbf,
    0xf3, 0x0, 0x0, 0xdf, 0xdf, 0xff, 0xff, 0xe5,
    0x0, 0x0, 0xd, 0xff, 0xda, 0x86, 0x30, 0x0,
    0x0, 0x2, 0xef, 0xa0, 0x0, 0x0, 0x0, 0x0,
    0x4, 0xff, 0xff, 0x80, 0x0, 0x0, 0x0, 0x0,
    0xdf, 0xff, 0xff, 0x10, 0x0, 0x0, 0x0, 0xf,
    0xfa, 0x5f, 0xf3, 0x0, 0x0, 0x0, 0x0, 0xcf,
    0xff, 0xff, 0x0, 0x0, 0x0, 0x0, 0x2, 0xef,
    0xff, 0x60, 0x0, 0x0, 0x0, 0x0, 0x1, 0x66,
    0x20, 0x0, 0x0, 0x0, 0x0, 0x0,

    /* U+F127 "" */
    0x2, 0x10, 0x0, 0x0, 0x0, 0x0, 0x13, 0x31,
    0x0, 0x0, 0x5f, 0xe2, 0x0, 0x0, 0x0, 0x2a,
    0xff, 0xff, 0xb3, 0x0, 0xff, 0xfe, 0x20, 0x0,
    0x3, 0xef, 0xff, 0xff, 0xff, 0x40, 0x6f, 0xff,
    0xe2, 0x0, 0x3f, 0xff, 0xff, 0xef, 0xff, 0xf1,
    0x5, 0xff, 0xfe, 0x20, 0xef, 0xff, 0x50, 0x4,
    0xff, 0xf9, 0x0, 0x5f, 0xff, 0xe3, 0x4f, 0xf4,
    0x0, 0x0, 0x6f, 0xfd, 0x0, 0x5, 0xff, 0xfe,
    0x33, 0x30, 0x0, 0x0, 0x2f, 0xff, 0x0, 0x0,
    0x5f, 0xff, 0xf3, 0x0, 0x0, 0x0, 0x4f, 0xfe,
    0x0, 0x8, 0x44, 0xff, 0xff, 0x30, 0x0, 0x0,
    0xdf, 0xfb, 0x0, 0x9f, 0xf4, 0x4f, 0xff, 0xf3,
    0x0, 0xc, 0xff, 0xf4, 0x9, 0xff, 0xfa, 0x4,
    0xff, 0xff, 0x40, 0xaf, 0xff, 0x80, 0x4f, 0xff,
    0xc0, 0x0, 0x4f, 0xff, 0xf4, 0x4f, 0xf9, 0x0,
    0xbf, 0xfd, 0x0, 0x0, 0x3, 0xff, 0xff, 0x44,
    0x80, 0x0, 0xef, 0xf4, 0x0, 0x0, 0x0, 0x3f,
    0xff, 0xf5, 0x0, 0x0, 0xff, 0xf2, 0x0, 0x0,
    0x3, 0x33, 0xef, 0xff, 0x50, 0x0, 0xdf, 0xf6,
    0x0, 0x0, 0x4f, 0xf4, 0x3e, 0xff, 0xf5, 0x0,
    0x9f, 0xff, 0x40, 0x6, 0xff, 0xfe, 0x2, 0xef,
    0xff, 0x50, 0x1f, 0xff, 0xfe, 0xff, 0xff, 0xf3,
    0x0, 0x2e, 0xff, 0xf6, 0x4, 0xff, 0xff, 0xff,
    0xfe, 0x30, 0x0, 0x2, 0xef, 0xff, 0x0, 0x3b,
    0xff, 0xff, 0xb2, 0x0, 0x0, 0x0, 0x2e, 0xf5,
    0x0, 0x0, 0x13, 0x31, 0x0, 0x0, 0x0, 0x0,
    0x1, 0x20,

    /* U+F128 "" */
    0x0, 0x0, 0x0, 0x23, 0x31, 0x0, 0x0, 0x0,
    0x0, 0x18, 0xef, 0xff, 0xfc, 0x40, 0x0, 0x0,
    0x4e, 0xff, 0xff, 0xff, 0xff, 0x90, 0x0, 0x3f,
    0xff, 0xff, 0xff, 0xff, 0xff, 0x90, 0xe, 0xff,
    0xff, 0xec, 0xef, 0xff, 0xff, 0x30, 0x9f, 0xff,
    0x80, 0x0, 0x6f, 0xff, 0xf9, 0x0, 0x6f, 0x70,
    0x0, 0x0, 0xcf, 0xff, 0xb0, 0x0, 0x0, 0x0,
    0x0, 0x2e, 0xff, 0xfa, 0x0, 0x0, 0x0, 0x0,
    0x6e, 0xff, 0xff, 0x60, 0x0, 0x0, 0x2, 0xcf,
    0xff, 0xff, 0xd0, 0x0, 0x0, 0x2, 0xef, 0xff,
    0xff, 0xc1, 0x0, 0x0, 0x0, 0x9f, 0xff, 0xff,
    0x60, 0x0, 0x0, 0x0, 0xc, 0xff, 0xff, 0x20,
    0x0, 0x0, 0x0, 0x0, 0xbf, 0xff, 0xc0, 0x0,
    0x0, 0x0, 0x0, 0x0, 0x22, 0x20, 0x0, 0x0,
    0x0, 0x0, 0x0, 0x1a, 0xeb, 0x10, 0x0, 0x0,
    0x0, 0x0, 0xc, 0xff, 0xfd, 0x0, 0x0, 0x0,
    0x0, 0x1, 0xff, 0xff, 0xf2, 0x0, 0x0, 0x0,
    0x0, 0xf, 0xff, 0xff, 0x10, 0x0, 0x0, 0x0,
    0x0, 0x8f, 0xff, 0x80, 0x0, 0x0, 0x0, 0x0,
    0x0, 0x47, 0x40, 0x0, 0x0, 0x0,

    /* U+F129 "" */
    0x0, 0x27, 0x50, 0x0, 0x5, 0xff, 0xfc, 0x0,
    0xe, 0xff, 0xff, 0x60, 0xf, 0xff, 0xff, 0x80,
    0xc, 0xff, 0xff, 0x30, 0x2, 0xcf, 0xf7, 0x0,
    0x0, 0x1, 0x0, 0x0, 0x0, 0x0, 0x0, 0x0,
    0xdf, 0xff, 0xfc, 0x0, 0xff, 0xff, 0xff, 0x0,
    0xff, 0xff, 0xff, 0x0, 0x4a, 0xff, 0xff, 0x0,
    0x7, 0xff, 0xff, 0x0, 0x7, 0xff, 0xff, 0x0,
    0x7, 0xff, 0xff, 0x0, 0x7, 0xff, 0xff, 0x0,
    0x7, 0xff, 0xff, 0x0, 0xcf, 0xff, 0xff, 0xe4,
    0xff, 0xff, 0xff, 0xf8, 0xff, 0xff, 0xff, 0xf7,
    0x57, 0x77, 0x77, 0x71,

    /* U+F12A "" */
    0x5, 0x88, 0x87, 0x10, 0xff, 0xff, 0xf7, 0xf,
    0xff, 0xff, 0x70, 0xef, 0xff, 0xf6, 0xd, 0xff,
    0xff, 0x50, 0xcf, 0xff, 0xf5, 0xc, 0xff, 0xff,
    0x40, 0xbf, 0xff, 0xf3, 0xa, 0xff, 0xff, 0x20,
    0x9f, 0xff, 0xf1, 0x8, 0xff, 0xff, 0x10, 0x8f,
    0xff, 0xf0, 0x4, 0xff, 0xfc, 0x0, 0x0, 0x0,
    0x0, 0x0, 0x8c, 0xb4, 0x0, 0xbf, 0xff, 0xf4,
    0x3f, 0xff, 0xff, 0xb5, 0xff, 0xff, 0xfd, 0x1f,
    0xff, 0xff, 0x90, 0x5f, 0xff, 0xc0, 0x0, 0x15,
    0x30, 0x0,

    /* U+F12B "" */
    0x0, 0x0, 0x0, 0x0, 0x0, 0x0, 0x0, 0x1,
    0x78, 0x40, 0x0, 0x0, 0x0, 0x0, 0x0, 0x0,
    0x0, 0xa, 0xff, 0xb0, 0x0, 0x0, 0x0, 0x0,
    0x0, 0x0, 0x0, 0xd, 0xff, 0xc0, 0xef, 0xfd,
    0x0, 0x0, 0x3, 0xef, 0xfa, 0x0, 0xcf, 0xc0,
    0xff, 0xff, 0xa0, 0x0, 0xd, 0xff, 0xfc, 0x0,
    0xcf, 0xc0, 0xdf, 0xff, 0xf6, 0x0, 0xaf, 0xff,
    0xf9, 0x0, 0xcf, 0xc0, 0x0, 0xbf, 0xff, 0x25,
    0xff, 0xf7, 0x0, 0x5, 0xdf, 0xd5, 0x0, 0x1e,
    0xff, 0xdf, 0xff, 0xc0, 0x0, 0xf, 0xff, 0xff,
    0x0, 0x5, 0xff, 0xff, 0xff, 0x20, 0x0, 0xe,
    0xff, 0xfe, 0x0, 0x0, 0x9f, 0xff, 0xf6, 0x0,
    0x0, 0x0, 0x0, 0x0, 0x0, 0x0, 0x3f, 0xff,
    0xf0, 0x0, 0x0, 0x0, 0x0, 0x0, 0x0, 0x0,
    0xcf, 0xff, 0xf9, 0x0, 0x0, 0x0, 0x0, 0x0,
    0x0, 0x7, 0xff, 0xff, 0xff, 0x40, 0x0, 0x0,
    0x0, 0x0, 0x0, 0x2f, 0xff, 0xad, 0xff, 0xd0,
    0x0, 0x0, 0x0, 0x0, 0x12, 0xcf, 0xfe, 0x13,
    0xff, 0xf9, 0x20, 0x0, 0x0, 0x0, 0xff, 0xff,
    0xf4, 0x0, 0x8f, 0xff, 0xfb, 0x0, 0x0, 0x0,
    0xff, 0xff, 0x90, 0x0, 0xd, 0xff, 0xfc, 0x0,
    0x0, 0x0, 0xef, 0xfd, 0x0, 0x0, 0x2, 0xff,
    0xfa, 0x0, 0x0, 0x0,

    /* U+F12C "" */
    0xef, 0xfd, 0x0, 0x0, 0x3, 0xff, 0xfa, 0x0,
    0x0, 0x0, 0xff, 0xff, 0x90, 0x0, 0xd, 0xff,
    0xfc, 0x0, 0x0, 0x0, 0xff, 0xff, 0xf5, 0x0,
    0x9f, 0xff, 0xfb, 0x0, 0x0, 0x0, 0x12, 0xcf,
    0xfe, 0x14, 0xff, 0xf9, 0x20, 0x0, 0x0, 0x0,
    0x0, 0x2f, 0xff, 0xbe, 0xff, 0xd0, 0x0, 0x0,
    0x0, 0x0, 0x0, 0x5, 0xff, 0xff, 0xff, 0x20,
    0x0, 0x0, 0x0, 0x0, 0x0, 0x0, 0xaf, 0xff,
    0xf6, 0x0, 0x0, 0x0, 0x0, 0x0, 0x0, 0x0,
    0x3f, 0xff, 0xf0, 0x0, 0x0, 0x0, 0x0, 0x0,
    0x0, 0x0, 0xdf, 0xff, 0xf9, 0x0, 0x0, 0x1,
    0x77, 0x30, 0x0, 0x8, 0xff, 0xff, 0xff, 0x40,
    0x0, 0x9, 0xff, 0xb0, 0x0, 0x3f, 0xff, 0x9c,
    0xff, 0xe1, 0x0, 0xe, 0xff, 0xc0, 0x34, 0xef,
    0xfd, 0x2, 0xff, 0xfb, 0x42, 0x0, 0xcf, 0xc0,
    0xff, 0xff, 0xf3, 0x0, 0x7f, 0xff, 0xfb, 0x0,
    0xcf, 0xc0, 0xff, 0xff, 0x80, 0x0, 0xc, 0xff,
    0xfc, 0x0, 0xcf, 0xc0, 0xef, 0xfd, 0x0, 0x0,
    0x2, 0xff, 0xfa, 0x0, 0xcf, 0xc0, 0x0, 0x0,
    0x0, 0x0, 0x0, 0x0, 0x0, 0xe, 0xff, 0xfe,
    0x0, 0x0, 0x0, 0x0, 0x0, 0x0, 0x0, 0xf,
    0xff, 0xff, 0x0, 0x0, 0x0, 0x0, 0x0, 0x0,
    0x0, 0x6, 0x88, 0x86,

    /* U+F12D "" */
    0x0, 0x0, 0x0, 0x0, 0x0, 0x5, 0x40, 0x0,
    0x0, 0x0, 0x0, 0x0, 0x0, 0x0, 0x1, 0xcf,
    0xf9, 0x0, 0x0, 0x0, 0x0, 0x0, 0x0, 0x0,
    0x1c, 0xff, 0xff, 0x90, 0x0, 0x0, 0x0, 0x0,
    0x0, 0x1, 0xcf, 0xff, 0xff, 0xf9, 0x0, 0x0,
    0x0, 0x0, 0x0, 0x1c, 0xff, 0xff, 0xff, 0xff,
    0x90, 0x0, 0x0, 0x0, 0x1, 0xcf, 0xff, 0xff,
    0xff, 0xff, 0xf9, 0x0, 0x0, 0x0, 0x1c, 0xff,
    0xff, 0xff, 0xff, 0xff, 0xff, 0x90, 0x0, 0x1,
    0xcf, 0xfc, 0xff, 0xff, 0xff, 0xff, 0xff, 0xf8,
    0x0, 0x1c, 0xff, 0xa0, 0x6f, 0xff, 0xff, 0xff,
    0xff, 0xff, 0x1, 0xcf, 0xfa, 0x0, 0x6, 0xff,
    0xff, 0xff, 0xff, 0xfc, 0x1c, 0xff, 0xa0, 0x0,
    0x0, 0x6f, 0xff, 0xff, 0xff, 0xd1, 0xbf, 0xfa,
    0x0, 0x0, 0x0, 0x6, 0xff, 0xff, 0xfd, 0x10,
    0xff, 0xf1, 0x0, 0x0, 0x0, 0x0, 0x6f, 0xff,
    0xd1, 0x0, 0x9f, 0xfc, 0x10, 0x0, 0x0, 0x0,
    0x9f, 0xfd, 0x10, 0x0, 0xa, 0xff, 0xc1, 0x0,
    0x0, 0x9, 0xff, 0xd1, 0x0, 0x0, 0x0, 0xaf,
    0xfc, 0x77, 0x77, 0xaf, 0xff, 0x87, 0x77, 0x76,
    0x0, 0xa, 0xff, 0xff, 0xff, 0xff, 0xff, 0xff,
    0xff, 0xff, 0x0, 0x0, 0x9f, 0xff, 0xff, 0xff,
    0xff, 0xff, 0xff, 0xff, 0x0, 0x0, 0x0, 0x0,
    0x0, 0x0, 0x0, 0x0, 0x0, 0x0,

    /* U+F12E "" */
    0x0, 0x0, 0x0, 0x4, 0x51, 0x0, 0x0, 0x0,
    0x0, 0x0, 0x0, 0x0, 0x0, 0x0, 0xc, 0xff,
    0xf2, 0x0, 0x0, 0x0, 0x0, 0x0, 0x0, 0x0,
    0x0, 0x4, 0xff, 0xff, 0x70, 0x0, 0x0, 0x0,
    0x0, 0x0, 0x0, 0x0, 0x0, 0x3f, 0xff, 0xf5,
    0x0, 0x0, 0x0, 0x0, 0x0, 0x0, 0x0, 0x0,
    0x0, 0xcf, 0xfc, 0x0, 0x0, 0x0, 0x0, 0x0,
    0x0, 0x0, 0x0, 0x0, 0x4, 0xff, 0x50, 0x0,
    0x0, 0x0, 0x0, 0x0, 0x0, 0x0, 0x0, 0x0,
    0x4f, 0xf4, 0x0, 0x0, 0x5, 0x70, 0x0, 0x0,
    0xd, 0xa8, 0x77, 0x9f, 0xff, 0xe8, 0x89, 0xcf,
    0xf7, 0x0, 0x0, 0x0, 0xff, 0xff, 0xff, 0xff,
    0xff, 0xff, 0xff, 0xff, 0x30, 0x0, 0x0, 0xf,
    0xff, 0xff, 0xff, 0xff, 0xff, 0xff, 0xff, 0xf0,
    0x0, 0x0, 0x0, 0xff, 0xff, 0xff, 0xff, 0xff,
    0xff, 0xff, 0xfe, 0x0, 0x0, 0x0, 0xf, 0xff,
    0xff, 0xff, 0xff, 0xff, 0xff, 0xff, 0xe0, 0x0,
    0x1, 0x0, 0xff, 0xff, 0xff, 0xff, 0xff, 0xff,
    0xff, 0xff, 0x21, 0x9f, 0xfa, 0xf, 0xff, 0xff,
    0xfe, 0xbb, 0xff, 0xff, 0xff, 0xff, 0xff, 0xff,
    0xf3, 0xff, 0xff, 0xfd, 0x0, 0x3, 0xff, 0xff,
    0xff, 0xff, 0xff, 0xff, 0x6f, 0xff, 0xff, 0x70,
    0x0, 0xd, 0xff, 0xff, 0xf8, 0x9f, 0xff, 0xf2,
    0xff, 0xff, 0xf9, 0x0, 0x0, 0xef, 0xff, 0xfa,
    0x0, 0x2a, 0xc6, 0xf, 0xff, 0xff, 0xf2, 0x0,
    0x7f, 0xff, 0xff, 0x80, 0x0, 0x0, 0x0, 0xff,
    0xff, 0xff, 0xc0, 0xf, 0xff, 0xff, 0xf9, 0x0,
    0x0, 0x0, 0xf, 0xff, 0xff, 0xfd, 0x1, 0xff,
    0xff, 0xff, 0xc0, 0x0, 0x0, 0x0, 0x36, 0x78,
    0x86, 0x10, 0x2, 0x77, 0x75, 0x31, 0x0, 0x0,
    0x0, 0x0,

    /* U+F130 "" */
    0x0, 0x0, 0x5, 0x98, 0x30, 0x0, 0x0, 0x0,
    0x0, 0xbf, 0xff, 0xf7, 0x0, 0x0, 0x0, 0x7,
    0xff, 0xff, 0xff, 0x30, 0x0, 0x0, 0xc, 0xff,
    0xff, 0xff, 0x80, 0x0, 0x0, 0xd, 0xff, 0xff,
    0xff, 0x90, 0x0, 0x0, 0xe, 0xff, 0xff, 0xff,
    0xa0, 0x0, 0x0, 0xe, 0xff, 0xff, 0xff, 0xa0,
    0x0, 0x0, 0xe, 0xff, 0xff, 0xff, 0xa0, 0x10,
    0xfd, 0xe, 0xff, 0xff, 0xff, 0xa0, 0xfb, 0xfe,
    0xe, 0xff, 0xff, 0xff, 0xa1, 0xfc, 0xfe, 0xd,
    0xff, 0xff, 0xff, 0x91, 0xfc, 0xdf, 0x1b, 0xff,
    0xff, 0xff, 0x73, 0xfb, 0x9f, 0x63, 0xff, 0xff,
    0xfe, 0x19, 0xf7, 0x3f, 0xe2, 0x4d, 0xff, 0xc2,
    0x3f, 0xf1, 0x9, 0xfe, 0x40, 0x11, 0x5, 0xff,
    0x70, 0x0, 0xbf, 0xfd, 0xaa, 0xef, 0xfa, 0x0,
    0x0, 0x8, 0xff, 0xff, 0xfe, 0x60, 0x0, 0x0,
    0x0, 0x15, 0xfe, 0x40, 0x0, 0x0, 0x0, 0x1,
    0x23, 0xfd, 0x22, 0x0, 0x0, 0x0, 0xd, 0xff,
    0xff, 0xff, 0x90, 0x0, 0x0, 0x8, 0xbb, 0xbb,
    0xbb, 0x50, 0x0,

    /* U+F131 "" */
    0x0, 0x30, 0x0, 0x0, 0x0, 0x0, 0x24, 0x10,
    0x0, 0x0, 0x0, 0x0, 0x0, 0x0, 0x8f, 0x90,
    0x0, 0x0, 0x0, 0xaf, 0xff, 0xa0, 0x0, 0x0,
    0x0, 0x0, 0x0, 0xd, 0xff, 0xc2, 0x0, 0x0,
    0xaf, 0xff, 0xff, 0xa0, 0x0, 0x0, 0x0, 0x0,
    0x0, 0x1c, 0xff, 0xe4, 0x0, 0x1f, 0xff, 0xff,
    0xff, 0x10, 0x0, 0x0, 0x0, 0x0, 0x0, 0x9,
    0xff, 0xf8, 0x3, 0xff, 0xff, 0xff, 0xf4, 0x0,
    0x0, 0x0, 0x0, 0x0, 0x0, 0x5, 0xff, 0xfb,
    0x5f, 0xff, 0xff, 0xff, 0x40, 0x0, 0x0, 0x0,
    0x0, 0x0, 0x0, 0x2, 0xdf, 0xff, 0xff, 0xff,
    0xff, 0xf4, 0x0, 0x0, 0x0, 0x0, 0x0, 0x0,
    0x0, 0x1, 0xbf, 0xff, 0xff, 0xff, 0xff, 0x40,
    0x0, 0x0, 0x0, 0x0, 0x0, 0x0, 0x0, 0x0,
    0x7f, 0xff, 0xff, 0xff, 0xf4, 0x7b, 0x10, 0x0,
    0x0, 0x0, 0x0, 0x0, 0x0, 0x0, 0x4e, 0xff,
    0xff, 0xff, 0x4b, 0xf2, 0x0, 0x0, 0x0, 0x0,
    0x0, 0x0, 0x33, 0x0, 0x1c, 0xff, 0xff, 0xf4,
    0xbf, 0x20, 0x0, 0x0, 0x0, 0x0, 0x0, 0x4,
    0xf5, 0x0, 0x9, 0xff, 0xff, 0x2c, 0xf1, 0x0,
    0x0, 0x0, 0x0, 0x0, 0x0, 0xf, 0xe0, 0x0,
    0x6, 0xff, 0xfb, 0xfe, 0x0, 0x0, 0x0, 0x0,
    0x0, 0x0, 0x0, 0xaf, 0x70, 0x0, 0x3, 0xdf,
    0xff, 0x80, 0x0, 0x0, 0x0, 0x0, 0x0, 0x0,
    0x2, 0xff, 0x60, 0x0, 0x1, 0xbf, 0xfe, 0x40,
    0x0, 0x0, 0x0, 0x0, 0x0, 0x0, 0x4, 0xff,
    0xc6, 0x40, 0x0, 0x8f, 0xff, 0x80, 0x0, 0x0,
    0x0, 0x0, 0x0, 0x0, 0x3, 0xdf, 0xff, 0xc1,
    0x0, 0x4e, 0xff, 0xb1, 0x0, 0x0, 0x0, 0x0,
    0x0, 0x0, 0x0, 0x3a, 0xfb, 0x30, 0x0, 0x2c,
    0xff, 0xe3, 0x0, 0x0, 0x0, 0x0, 0x0, 0x0,
    0x12, 0x8f, 0x82, 0x20, 0x0, 0x9, 0xff, 0xf6,
    0x0, 0x0, 0x0, 0x0, 0x0, 0x3f, 0xff, 0xff,
    0xff, 0x30, 0x0, 0x6, 0xff, 0xa0, 0x0, 0x0,
    0x0, 0x0, 0x1, 0xbb, 0xbb, 0xbb, 0xb1, 0x0,
    0x0, 0x3, 0xa0, 0x0,

    /* U+F133 "" */
    0x0, 0x1, 0x77, 0x10, 0x0, 0x5, 0x85, 0x0,
    0x0, 0x0, 0x4, 0xff, 0x40, 0x0, 0xc, 0xfc,
    0x0, 0x0, 0x0, 0x4, 0xff, 0x40, 0x0, 0xc,
    0xfc, 0x0, 0x0, 0x5e, 0xff, 0xff, 0xff, 0xff,
    0xff, 0xff, 0xff, 0xb0, 0xef, 0xff, 0xff, 0xff,
    0xff, 0xff, 0xff, 0xff, 0xf6, 0xff, 0xff, 0xff,
    0xff, 0xff, 0xff, 0xff, 0xff, 0xf8, 0xbc, 0xcc,
    0xcc, 0xcc, 0xcc, 0xcc, 0xcc, 0xcc, 0xc5, 0x0,
    0x0, 0x0, 0x0, 0x0, 0x0, 0x0, 0x0, 0x0,
    0xff, 0xff, 0xff, 0xff, 0xff, 0xff, 0xff, 0xff,
    0xf7, 0xff, 0xff, 0xff, 0xff, 0xff, 0xff, 0xff,
    0xff, 0xf8, 0xff, 0xff, 0xff, 0xff, 0xff, 0xff,
    0xff, 0xff, 0xf8, 0xff, 0xff, 0xff, 0xff, 0xff,
    0xff, 0xff, 0xff, 0xf8, 0xff, 0xff, 0xff, 0xff,
    0xff, 0xff, 0xff, 0xff, 0xf8, 0xff, 0xff, 0xff,
    0xff, 0xff, 0xff, 0xff, 0xff, 0xf8, 0xff, 0xff,
    0xff, 0xff, 0xff, 0xff, 0xff, 0xff, 0xf8, 0xff,
    0xff, 0xff, 0xff, 0xff, 0xff, 0xff, 0xff, 0xf8,
    0xff, 0xff, 0xff, 0xff, 0xff, 0xff, 0xff, 0xff,
    0xf8, 0xff, 0xff, 0xff, 0xff, 0xff, 0xff, 0xff,
    0xff, 0xf8, 0xff, 0xff, 0xff, 0xff, 0xff, 0xff,
    0xff, 0xff, 0xf7, 0xbf, 0xff, 0xff, 0xff, 0xff,
    0xff, 0xff, 0xff, 0xf3, 0x6, 0x88, 0x88, 0x88,
    0x88, 0x88, 0x88, 0x87, 0x30,

    /* U+F134 "" */
    0x0, 0x0, 0x2, 0x74, 0x0, 0x0, 0x0, 0x0,
    0x0, 0x0, 0x0, 0x2, 0xff, 0xf6, 0x0, 0x0,
    0x0, 0x14, 0x64, 0x0, 0x0, 0x8f, 0x4d, 0xc0,
    0x5, 0x9c, 0xef, 0xff, 0xa0, 0x0, 0x1a, 0xfd,
    0xff, 0xbb, 0xff, 0xff, 0xff, 0xfa, 0x0, 0x4f,
    0xff, 0xff, 0xff, 0xff, 0xff, 0xff, 0xff, 0xa0,
    0x2f, 0xf7, 0x32, 0x8f, 0x92, 0xbf, 0xff, 0xff,
    0xfa, 0xa, 0xf6, 0x0, 0x3c, 0xfd, 0x50, 0x2,
    0x58, 0xad, 0x80, 0xed, 0x0, 0x4f, 0xff, 0xff,
    0x80, 0x0, 0x0, 0x0, 0x1, 0x10, 0xc, 0xff,
    0xff, 0xff, 0x20, 0x0, 0x0, 0x0, 0x0, 0x0,
    0xff, 0xff, 0xff, 0xf5, 0x0, 0x0, 0x0, 0x0,
    0x0, 0x1f, 0xff, 0xff, 0xff, 0x60, 0x0, 0x0,
    0x0, 0x0, 0x1, 0xff, 0xff, 0xff, 0xf6, 0x0,
    0x0, 0x0, 0x0, 0x0, 0x1f, 0xff, 0xff, 0xff,
    0x60, 0x0, 0x0, 0x0, 0x0, 0x1, 0xff, 0xff,
    0xff, 0xf6, 0x0, 0x0, 0x0, 0x0, 0x0, 0x1f,
    0xff, 0xff, 0xff, 0x60, 0x0, 0x0, 0x0, 0x0,
    0x1, 0xff, 0xff, 0xff, 0xf6, 0x0, 0x0, 0x0,
    0x0, 0x0, 0x1f, 0xff, 0xff, 0xff, 0x60, 0x0,
    0x0, 0x0, 0x0, 0x1, 0xff, 0xff, 0xff, 0xf6,
    0x0, 0x0, 0x0, 0x0, 0x0, 0x1f, 0xff, 0xff,
    0xff, 0x60, 0x0, 0x0, 0x0, 0x0, 0x0, 0xff,
    0xff, 0xff, 0xf6, 0x0, 0x0, 0x0, 0x0, 0x0,
    0x5, 0x77, 0x77, 0x76, 0x0, 0x0, 0x0, 0x0,

    /* U+F135 "" */
    0x0, 0x0, 0x0, 0x0, 0x0, 0x0, 0x2, 0x57,
    0x77, 0x51, 0x0, 0x0, 0x0, 0x0, 0x0, 0x4,
    0xdf, 0xff, 0xff, 0xfc, 0x0, 0x0, 0x0, 0x0,
    0x0, 0x8f, 0xff, 0xff, 0xff, 0xfe, 0x0, 0x0,
    0x0, 0x0, 0x9, 0xff, 0xff, 0xff, 0xff, 0xff,
    0x0, 0x0, 0x0, 0x0, 0x6f, 0xff, 0xfd, 0x11,
    0xdf, 0xff, 0x0, 0x3, 0x44, 0x45, 0xff, 0xff,
    0xf7, 0x0, 0x7f, 0xff, 0x0, 0xcf, 0xff, 0xff,
    0xff, 0xff, 0xfb, 0x0, 0xbf, 0xfc, 0x5, 0xff,
    0xff, 0xff, 0xff, 0xff, 0xff, 0xdd, 0xff, 0xf8,
    0xd, 0xff, 0xff, 0xff, 0xff, 0xff, 0xff, 0xff,
    0xff, 0xf2, 0x5f, 0xff, 0xff, 0xff, 0xff, 0xff,
    0xff, 0xff, 0xff, 0x90, 0xdf, 0xff, 0xff, 0xff,
    0xff, 0xff, 0xff, 0xff, 0xfc, 0x0, 0xcf, 0xff,
    0xff, 0xff, 0xff, 0xff, 0xff, 0xff, 0xc0, 0x0,
    0x0, 0x0, 0x8f, 0xff, 0xff, 0xff, 0xff, 0xf8,
    0x0, 0x0, 0x0, 0x2, 0xff, 0xff, 0xff, 0xff,
    0xff, 0xf0, 0x0, 0x0, 0x0, 0x0, 0xdf, 0xff,
    0xff, 0xff, 0xff, 0xf0, 0x0, 0x0, 0x0, 0x0,
    0x2e, 0xff, 0xff, 0xff, 0xff, 0xf0, 0x0, 0x0,
    0x0, 0x0, 0x2, 0xcc, 0x5f, 0xff, 0xff, 0xf0,
    0x0, 0x0, 0x0, 0x0, 0x0, 0x0, 0x4f, 0xff,
    0xff, 0xe0, 0x0, 0x0, 0x0, 0x0, 0x0, 0x0,
    0x4f, 0xff, 0xfe, 0x40, 0x0, 0x0, 0x0, 0x0,
    0x0, 0x0, 0x3f, 0xfe, 0x60, 0x0, 0x0, 0x0,
    0x0, 0x0, 0x0, 0x0, 0x9, 0x60, 0x0, 0x0,
    0x0, 0x0,

    /* U+F136 "" */
    0x2c, 0xcc, 0xcc, 0xcc, 0xcc, 0xcc, 0xcc, 0xcc,
    0x93, 0x0, 0x0, 0xcf, 0xff, 0xff, 0xff, 0xff,
    0xff, 0xff, 0xff, 0xf7, 0x0, 0x5, 0xff, 0xff,
    0xff, 0xff, 0xff, 0xff, 0xff, 0xff, 0xf4, 0x0,
    0xd, 0xff, 0xff, 0xff, 0xff, 0xff, 0xff, 0xff,
    0xff, 0xc0, 0x0, 0xcf, 0xff, 0x0, 0xb, 0xff,
    0xf1, 0x0, 0xdf, 0xff, 0x0, 0xf, 0xff, 0xc0,
    0x0, 0xff, 0xfd, 0x0, 0xc, 0xff, 0xf0, 0x3,
    0xff, 0xf9, 0x0, 0x2f, 0xff, 0xa0, 0x0, 0xff,
    0xfc, 0x0, 0x6f, 0xff, 0x50, 0x6, 0xff, 0xf6,
    0x0, 0x3f, 0xff, 0x90, 0xa, 0xff, 0xf2, 0x0,
    0x9f, 0xff, 0x30, 0x6, 0xff, 0xf5, 0x0, 0xdf,
    0xfe, 0x0, 0xc, 0xff, 0xf0, 0x0, 0xaf, 0xff,
    0x20, 0x1f, 0xff, 0xb0, 0x0, 0xff, 0xfc, 0x0,
    0xd, 0xff, 0xf0, 0x4, 0xff, 0xf8, 0x0, 0x3f,
    0xff, 0x90, 0x1, 0xff, 0xfb, 0x0, 0x8f, 0xff,
    0x40, 0x6, 0xff, 0xf5, 0x0, 0x4f, 0xff, 0x80,
    0xb, 0xff, 0xf1, 0x0, 0xaf, 0xff, 0x20, 0x8,
    0xff, 0xf4, 0x0, 0xbd, 0xdb, 0x0, 0xa, 0xdd,
    0xc0, 0x0, 0x9d, 0xdd, 0x10, 0x0,

    /* U+F137 "" */
    0x0, 0x0, 0x0, 0x0, 0x2, 0x20, 0x0, 0x0,
    0x0, 0x0, 0x0, 0x0, 0x1, 0x8d, 0xff, 0xff,
    0xd8, 0x10, 0x0, 0x0, 0x0, 0x0, 0x7f, 0xff,
    0xff, 0xff, 0xff, 0xf6, 0x0, 0x0, 0x0, 0xa,
    0xff, 0xff, 0xff, 0xff, 0xff, 0xff, 0x90, 0x0,
    0x0, 0x9f, 0xff, 0xff, 0xff, 0xc5, 0xdf, 0xff,
    0xf8, 0x0, 0x5, 0xff, 0xff, 0xff, 0xfc, 0x10,
    0x1f, 0xff, 0xff, 0x30, 0xd, 0xff, 0xff, 0xff,
    0xc1, 0x0, 0x4f, 0xff, 0xff, 0xc0, 0x3f, 0xff,
    0xff, 0xfc, 0x0, 0x3, 0xff, 0xff, 0xff, 0xf2,
    0x8f, 0xff, 0xff, 0xc0, 0x0, 0x3f, 0xff, 0xff,
    0xff, 0xf6, 0xaf, 0xff, 0xfc, 0x0, 0x3, 0xff,
    0xff, 0xff, 0xff, 0xf8, 0xbf, 0xff, 0xf4, 0x0,
    0xe, 0xff, 0xff, 0xff, 0xff, 0xf9, 0xaf, 0xff,
    0xfc, 0x0, 0x3, 0xff, 0xff, 0xff, 0xff, 0xf8,
    0x8f, 0xff, 0xff, 0xc0, 0x0, 0x3f, 0xff, 0xff,
    0xff, 0xf6, 0x3f, 0xff, 0xff, 0xfc, 0x10, 0x3,
    0xff, 0xff, 0xff, 0xf2, 0xd, 0xff, 0xff, 0xff,
    0xc1, 0x0, 0x4f, 0xff, 0xff, 0xc0, 0x5, 0xff,
    0xff, 0xff, 0xfc, 0x10, 0x1f, 0xff, 0xff, 0x30,
    0x0, 0x9f, 0xff, 0xff, 0xff, 0xc5, 0xdf, 0xff,
    0xf8, 0x0, 0x0, 0xb, 0xff, 0xff, 0xff, 0xff,
    0xff, 0xff, 0x90, 0x0, 0x0, 0x0, 0x8f, 0xff,
    0xff, 0xff, 0xff, 0xf6, 0x0, 0x0, 0x0, 0x0,
    0x1, 0x8d, 0xff, 0xff, 0xd8, 0x10, 0x0, 0x0,
    0x0, 0x0, 0x0, 0x0, 0x2, 0x20, 0x0, 0x0,
    0x0, 0x0,

    /* U+F138 "" */
    0x0, 0x0, 0x0, 0x0, 0x2, 0x20, 0x0, 0x0,
    0x0, 0x0, 0x0, 0x0, 0x1, 0x8d, 0xff, 0xff,
    0xd8, 0x10, 0x0, 0x0, 0x0, 0x0, 0x7f, 0xff,
    0xff, 0xff, 0xff, 0xf7, 0x0, 0x0, 0x0, 0x9,
    0xff, 0xff, 0xff, 0xff, 0xff, 0xff, 0xa0, 0x0,
    0x0, 0x8f, 0xff, 0xfd, 0x5d, 0xff, 0xff, 0xff,
    0xf9, 0x0, 0x4, 0xff, 0xff, 0xf1, 0x1, 0xcf,
    0xff, 0xff, 0xff, 0x50, 0xc, 0xff, 0xff, 0xf4,
    0x0, 0x1c, 0xff, 0xff, 0xff, 0xd0, 0x2f, 0xff,
    0xff, 0xff, 0x30, 0x1, 0xcf, 0xff, 0xff, 0xf3,
    0x7f, 0xff, 0xff, 0xff, 0xf3, 0x0, 0x1c, 0xff,
    0xff, 0xf8, 0x9f, 0xff, 0xff, 0xff, 0xff, 0x30,
    0x0, 0xcf, 0xff, 0xfa, 0xaf, 0xff, 0xff, 0xff,
    0xff, 0xe0, 0x0, 0x4f, 0xff, 0xfb, 0x9f, 0xff,
    0xff, 0xff, 0xff, 0x30, 0x1, 0xcf, 0xff, 0xfa,
    0x7f, 0xff, 0xff, 0xff, 0xf3, 0x0, 0x1c, 0xff,
    0xff, 0xf8, 0x2f, 0xff, 0xff, 0xff, 0x30, 0x1,
    0xcf, 0xff, 0xff, 0xf3, 0xc, 0xff, 0xff, 0xf4,
    0x0, 0x1c, 0xff, 0xff, 0xff, 0xd0, 0x4, 0xff,
    0xff, 0xf1, 0x1, 0xcf, 0xff, 0xff, 0xff, 0x50,
    0x0, 0x8f, 0xff, 0xfd, 0x5d, 0xff, 0xff, 0xff,
    0xf9, 0x0, 0x0, 0xa, 0xff, 0xff, 0xff, 0xff,
    0xff, 0xff, 0xa0, 0x0, 0x0, 0x0, 0x7f, 0xff,
    0xff, 0xff, 0xff, 0xf7, 0x0, 0x0, 0x0, 0x0,
    0x1, 0x8d, 0xff, 0xff, 0xd8, 0x10, 0x0, 0x0,
    0x0, 0x0, 0x0, 0x0, 0x2, 0x20, 0x0, 0x0,
    0x0, 0x0,

    /* U+F139 "" */
    0x0, 0x0, 0x0, 0x0, 0x1, 0x10, 0x0, 0x0,
    0x0, 0x0, 0x0, 0x0, 0x1, 0x7c, 0xff, 0xff,
    0xc7, 0x10, 0x0, 0x0, 0x0, 0x0, 0x6e, 0xff,
    0xff, 0xff, 0xff, 0xf6, 0x0, 0x0, 0x0, 0x9,
    0xff, 0xff, 0xff, 0xff, 0xff, 0xff, 0x90, 0x0,
    0x0, 0x8f, 0xff, 0xff, 0xff, 0xff, 0xff, 0xff,
    0xf8, 0x0, 0x4, 0xff, 0xff, 0xff, 0xfe, 0xef,
    0xff, 0xff, 0xff, 0x30, 0xc, 0xff, 0xff, 0xff,
    0xd1, 0x1d, 0xff, 0xff, 0xff, 0xc0, 0x2f, 0xff,
    0xff, 0xfd, 0x10, 0x1, 0xdf, 0xff, 0xff, 0xf2,
    0x7f, 0xff, 0xff, 0xd1, 0x0, 0x0, 0x1d, 0xff,
    0xff, 0xf7, 0x9f, 0xff, 0xfd, 0x10, 0x2, 0x20,
    0x1, 0xdf, 0xff, 0xf9, 0xaf, 0xff, 0xd1, 0x0,
    0x2e, 0xe2, 0x0, 0x1d, 0xff, 0xfa, 0x9f, 0xfe,
    0x10, 0x2, 0xef, 0xfe, 0x20, 0x1, 0xef, 0xf9,
    0x7f, 0xfe, 0x0, 0x2e, 0xff, 0xff, 0xe2, 0x0,
    0xef, 0xf7, 0x3f, 0xff, 0xc6, 0xef, 0xff, 0xff,
    0xfe, 0x6c, 0xff, 0xf3, 0xd, 0xff, 0xff, 0xff,
    0xff, 0xff, 0xff, 0xff, 0xff, 0xd0, 0x4, 0xff,
    0xff, 0xff, 0xff, 0xff, 0xff, 0xff, 0xff, 0x40,
    0x0, 0x9f, 0xff, 0xff, 0xff, 0xff, 0xff, 0xff,
    0xf9, 0x0, 0x0, 0xa, 0xff, 0xff, 0xff, 0xff,
    0xff, 0xff, 0xa0, 0x0, 0x0, 0x0, 0x8f, 0xff,
    0xff, 0xff, 0xff, 0xf8, 0x0, 0x0, 0x0, 0x0,
    0x2, 0x9e, 0xff, 0xff, 0xe9, 0x20, 0x0, 0x0,
    0x0, 0x0, 0x0, 0x0, 0x13, 0x31, 0x0, 0x0,
    0x0, 0x0,

    /* U+F13A "" */
    0x0, 0x0, 0x0, 0x0, 0x12, 0x31, 0x0, 0x0,
    0x0, 0x0, 0x0, 0x0, 0x2, 0x9e, 0xff, 0xff,
    0xe9, 0x20, 0x0, 0x0, 0x0, 0x0, 0x8f, 0xff,
    0xff, 0xff, 0xff, 0xf8, 0x0, 0x0, 0x0, 0xa,
    0xff, 0xff, 0xff, 0xff, 0xff, 0xff, 0xa0, 0x0,
    0x0, 0x9f, 0xff, 0xff, 0xff, 0xff, 0xff, 0xff,
    0xf9, 0x0, 0x4, 0xff, 0xff, 0xff, 0xff, 0xff,
    0xff, 0xff, 0xff, 0x40, 0xd, 0xff, 0xff, 0xff,
    0xff, 0xff, 0xff, 0xff, 0xff, 0xd0, 0x3f, 0xff,
    0xc6, 0xef, 0xff, 0xff, 0xfe, 0x6c, 0xff, 0xf3,
    0x7f, 0xfe, 0x0, 0x2e, 0xff, 0xff, 0xe2, 0x0,
    0xef, 0xf7, 0x9f, 0xfe, 0x10, 0x2, 0xef, 0xfe,
    0x20, 0x1, 0xef, 0xf9, 0xaf, 0xff, 0xd1, 0x0,
    0x2e, 0xe2, 0x0, 0x1d, 0xff, 0xfa, 0x9f, 0xff,
    0xfd, 0x10, 0x2, 0x20, 0x1, 0xdf, 0xff, 0xf9,
    0x7f, 0xff, 0xff, 0xd1, 0x0, 0x0, 0x1d, 0xff,
    0xff, 0xf7, 0x2f, 0xff, 0xff, 0xfd, 0x10, 0x1,
    0xdf, 0xff, 0xff, 0xf2, 0xc, 0xff, 0xff, 0xff,
    0xd1, 0x1d, 0xff, 0xff, 0xff, 0xc0, 0x4, 0xff,
    0xff, 0xff, 0xff, 0xff, 0xff, 0xff, 0xff, 0x30,
    0x0, 0x8f, 0xff, 0xff, 0xff, 0xff, 0xff, 0xff,
    0xf8, 0x0, 0x0, 0x9, 0xff, 0xff, 0xff, 0xff,
    0xff, 0xff, 0x90, 0x0, 0x0, 0x0, 0x6f, 0xff,
    0xff, 0xff, 0xff, 0xf6, 0x0, 0x0, 0x0, 0x0,
    0x1, 0x7c, 0xff, 0xff, 0xc7, 0x10, 0x0, 0x0,
    0x0, 0x0, 0x0, 0x0, 0x1, 0x10, 0x0, 0x0,
    0x0, 0x0,

    /* U+F13B "" */
    0x22, 0x22, 0x22, 0x22, 0x22, 0x22, 0x22, 0x2f,
    0xff, 0xff, 0xff, 0xff, 0xff, 0xff, 0xff, 0xdf,
    0xff, 0xff, 0xff, 0xff, 0xff, 0xff, 0xdc, 0xff,
    0xff, 0xff, 0xff, 0xff, 0xff, 0xfc, 0xaf, 0xd0,
    0x0, 0x0, 0x0, 0x0, 0xdf, 0xa9, 0xfe, 0x0,
    0x0, 0x0, 0x0, 0xe, 0xf9, 0x8f, 0xf0, 0x1f,
    0xff, 0xff, 0xff, 0xff, 0x86, 0xff, 0x10, 0xdd,
    0xdd, 0xdd, 0xef, 0xf6, 0x5f, 0xf2, 0x0, 0x0,
    0x0, 0x3, 0xff, 0x53, 0xff, 0x63, 0x33, 0x33,
    0x20, 0x4f, 0xf3, 0x2f, 0xfd, 0xbe, 0xff, 0xfb,
    0x6, 0xff, 0x20, 0xff, 0x70, 0xaf, 0xff, 0xa0,
    0x7f, 0xf1, 0xf, 0xf8, 0x2, 0x8b, 0x82, 0x9,
    0xff, 0x0, 0xef, 0xb1, 0x0, 0x0, 0x1, 0xbf,
    0xe0, 0xc, 0xff, 0xfc, 0x84, 0x8c, 0xff, 0xfc,
    0x0, 0xbf, 0xff, 0xff, 0xff, 0xff, 0xff, 0xb0,
    0x5, 0xcf, 0xff, 0xff, 0xff, 0xff, 0xc5, 0x0,
    0x0, 0x27, 0xcf, 0xff, 0xc7, 0x20, 0x0, 0x0,
    0x0, 0x0, 0x26, 0x20, 0x0, 0x0, 0x0,

    /* U+F13C "" */
    0x0, 0x4, 0x44, 0x44, 0x44, 0x44, 0x44, 0x44,
    0x44, 0x20, 0x4, 0xff, 0xff, 0xff, 0xff, 0xff,
    0xff, 0xff, 0xf9, 0x0, 0x8f, 0xff, 0xff, 0xff,
    0xff, 0xff, 0xff, 0xff, 0x70, 0xa, 0xff, 0xff,
    0xff, 0xff, 0xff, 0xff, 0xff, 0xf4, 0x0, 0x0,
    0x0, 0x0, 0x0, 0x0, 0x0, 0xe, 0xff, 0x10,
    0x0, 0x0, 0x0, 0x0, 0x0, 0x0, 0x1, 0xff,
    0xe0, 0x4, 0xff, 0xff, 0xff, 0xff, 0xff, 0xff,
    0xff, 0xfb, 0x0, 0x7f, 0xff, 0xff, 0xff, 0xff,
    0xff, 0xff, 0xff, 0x90, 0xb, 0xff, 0xff, 0xff,
    0xff, 0xff, 0xff, 0xff, 0xf6, 0x0, 0x23, 0x33,
    0x33, 0x33, 0x33, 0x33, 0x3e, 0xff, 0x30, 0x0,
    0x0, 0x0, 0x0, 0x0, 0x0, 0x1, 0xff, 0xf0,
    0x2, 0x99, 0x80, 0x0, 0x0, 0x0, 0x0, 0x4f,
    0xfe, 0x0, 0x7f, 0xfc, 0x0, 0x0, 0x0, 0x0,
    0x7, 0xff, 0xb0, 0xa, 0xff, 0xfa, 0x40, 0x0,
    0x0, 0x5a, 0xff, 0xf8, 0x0, 0xdf, 0xff, 0xff,
    0xe8, 0x6b, 0xff, 0xff, 0xff, 0x50, 0x5, 0xcf,
    0xff, 0xff, 0xff, 0xff, 0xff, 0xfc, 0x60, 0x0,
    0x0, 0x29, 0xff, 0xff, 0xff, 0xfd, 0x71, 0x0,
    0x0, 0x0, 0x0, 0x0, 0x6d, 0xfe, 0x83, 0x0,
    0x0, 0x0, 0x0, 0x0, 0x0, 0x0, 0x2, 0x0,
    0x0, 0x0, 0x0, 0x0, 0x0,

    /* U+F13D "" */
    0x0, 0x0, 0x0, 0x0, 0x0, 0x16, 0x74, 0x0,
    0x0, 0x0, 0x0, 0x0, 0x0, 0x0, 0x0, 0x0,
    0x4, 0xff, 0xff, 0xb0, 0x0, 0x0, 0x0, 0x0,
    0x0, 0x0, 0x0, 0x0, 0x1f, 0xff, 0xff, 0xf8,
    0x0, 0x0, 0x0, 0x0, 0x0, 0x0, 0x0, 0x0,
    0x6f, 0xf5, 0x1c, 0xfe, 0x0, 0x0, 0x0, 0x0,
    0x0, 0x0, 0x0, 0x0, 0x7f, 0xf1, 0x9, 0xff,
    0x0, 0x0, 0x0, 0x0, 0x0, 0x0, 0x0, 0x0,
    0x3f, 0xfc, 0x9f, 0xfb, 0x0, 0x0, 0x0, 0x0,
    0x0, 0x0, 0x0, 0x0, 0xb, 0xff, 0xff, 0xf3,
    0x0, 0x0, 0x0, 0x0, 0x0, 0x0, 0x0, 0x0,
    0x0, 0x8f, 0xfd, 0x30, 0x0, 0x0, 0x0, 0x0,
    0x0, 0x0, 0x0, 0x0, 0x7f, 0xff, 0xff, 0xfe,
    0x0, 0x0, 0x0, 0x0, 0x0, 0x0, 0x0, 0x0,
    0x8f, 0xff, 0xff, 0xff, 0x0, 0x0, 0x0, 0x0,
    0x0, 0x0, 0x20, 0x0, 0x38, 0x8f, 0xfc, 0x86,
    0x0, 0x0, 0x30, 0x0, 0x0, 0x1c, 0xe3, 0x0,
    0x0, 0xf, 0xf8, 0x0, 0x0, 0x9, 0xf6, 0x0,
    0x1, 0xcf, 0xfe, 0x30, 0x0, 0xf, 0xf8, 0x0,
    0x0, 0x9f, 0xff, 0x60, 0xc, 0xff, 0xff, 0xe1,
    0x0, 0xf, 0xf8, 0x0, 0x8, 0xff, 0xff, 0xf4,
    0x3, 0x5f, 0xfa, 0x30, 0x0, 0xf, 0xf8, 0x0,
    0x2, 0x4f, 0xfb, 0x41, 0x0, 0xc, 0xff, 0x20,
    0x0, 0xf, 0xf8, 0x0, 0x0, 0x9f, 0xf5, 0x0,
    0x0, 0x4, 0xff, 0xe4, 0x0, 0xf, 0xf8, 0x0,
    0x1a, 0xff, 0xc0, 0x0, 0x0, 0x0, 0x6f, 0xff,
    0xc6, 0x3f, 0xf9, 0x49, 0xff, 0xfd, 0x10, 0x0,
    0x0, 0x0, 0x5, 0xef, 0xff, 0xff, 0xff, 0xff,
    0xff, 0xa1, 0x0, 0x0, 0x0, 0x0, 0x0, 0x7,
    0xdf, 0xff, 0xff, 0xff, 0xb3, 0x0, 0x0, 0x0,
    0x0, 0x0, 0x0, 0x0, 0x2, 0x57, 0x76, 0x40,
    0x0, 0x0, 0x0, 0x0,

    /* U+F13E "" */
    0x0, 0x0, 0x0, 0x2, 0x43, 0x0, 0x0, 0x0,
    0x0, 0x0, 0x0, 0x5, 0xdf, 0xff, 0xe7, 0x0,
    0x0, 0x0, 0x0, 0x0, 0x8f, 0xff, 0xff, 0xff,
    0xb0, 0x0, 0x0, 0x0, 0x4, 0xff, 0xff, 0xef,
    0xff, 0xf9, 0x0, 0x0, 0x0, 0xc, 0xff, 0xd2,
    0x0, 0xaf, 0xff, 0x10, 0x0, 0x0, 0x1f, 0xff,
    0x30, 0x0, 0xe, 0xff, 0x50, 0x0, 0x0, 0x2f,
    0xff, 0x0, 0x0, 0xb, 0xff, 0x70, 0x0, 0x0,
    0x3f, 0xff, 0x0, 0x0, 0x8, 0xff, 0x50, 0x0,
    0x0, 0x3f, 0xff, 0x0, 0x0, 0x0, 0x10, 0x0,
    0x0, 0x0, 0x3f, 0xff, 0x0, 0x0, 0x0, 0x0,
    0x0, 0x0, 0x6, 0x9f, 0xff, 0x88, 0x88, 0x88,
    0x88, 0x87, 0x20, 0xbf, 0xff, 0xff, 0xff, 0xff,
    0xff, 0xff, 0xff, 0xe1, 0xff, 0xff, 0xff, 0xff,
    0xff, 0xff, 0xff, 0xff, 0xf4, 0xff, 0xff, 0xff,
    0xfa, 0x6, 0xff, 0xff, 0xff, 0xf4, 0xff, 0xff,
    0xff, 0xf3, 0x0, 0xef, 0xff, 0xff, 0xf4, 0xff,
    0xff, 0xff, 0xf3, 0x0, 0xef, 0xff, 0xff, 0xf4,
    0xff, 0xff, 0xff, 0xf3, 0x0, 0xef, 0xff, 0xff,
    0xf4, 0xff, 0xff, 0xff, 0xfa, 0x6, 0xff, 0xff,
    0xff, 0xf4, 0xff, 0xff, 0xff, 0xff, 0xff, 0xff,
    0xff, 0xff, 0xf4, 0xbf, 0xff, 0xff, 0xff, 0xff,
    0xff, 0xff, 0xff, 0xe1, 0x6, 0x88, 0x88, 0x88,
    0x88, 0x88, 0x88, 0x87, 0x20,

    /* U+F140 "" */
    0x0, 0x0, 0x0, 0x0, 0x1, 0x10, 0x0, 0x0,
    0x0, 0x0, 0x0, 0x0, 0x3, 0x9e, 0xff, 0xff,
    0xb5, 0x0, 0x0, 0x0, 0x0, 0x0, 0xaf, 0xff,
    0xff, 0xff, 0xff, 0xd3, 0x0, 0x0, 0x0, 0x1d,
    0xff, 0xfb, 0x76, 0x79, 0xef, 0xff, 0x50, 0x0,
    0x0, 0xdf, 0xfb, 0x20, 0x0, 0x0, 0x7, 0xff,
    0xf4, 0x0, 0x9, 0xff, 0x90, 0x0, 0x57, 0x62,
    0x0, 0x4f, 0xfe, 0x0, 0x2f, 0xfb, 0x0, 0x5e,
    0xff, 0xff, 0x90, 0x6, 0xff, 0x80, 0x8f, 0xf2,
    0x4, 0xff, 0xff, 0xff, 0xfa, 0x0, 0xcf, 0xe0,
    0xcf, 0xc0, 0xd, 0xff, 0x50, 0x3c, 0xff, 0x40,
    0x6f, 0xf2, 0xef, 0x90, 0x3f, 0xf7, 0x0, 0x1,
    0xff, 0x90, 0x3f, 0xf4, 0xff, 0x80, 0x4f, 0xf3,
    0x0, 0x0, 0xdf, 0xa0, 0x2f, 0xf5, 0xef, 0x90,
    0x3f, 0xf7, 0x0, 0x1, 0xff, 0x90, 0x3f, 0xf4,
    0xcf, 0xc0, 0xd, 0xff, 0x50, 0x3c, 0xff, 0x40,
    0x6f, 0xf2, 0x8f, 0xf2, 0x4, 0xff, 0xff, 0xff,
    0xfa, 0x0, 0xcf, 0xe0, 0x2f, 0xfb, 0x0, 0x5e,
    0xff, 0xff, 0x90, 0x6, 0xff, 0x80, 0x9, 0xff,
    0x90, 0x0, 0x57, 0x62, 0x0, 0x4f, 0xfe, 0x0,
    0x0, 0xdf, 0xfb, 0x20, 0x0, 0x0, 0x7, 0xff,
    0xf4, 0x0, 0x0, 0x1d, 0xff, 0xfb, 0x76, 0x69,
    0xef, 0xff, 0x50, 0x0, 0x0, 0x0, 0xaf, 0xff,
    0xff, 0xff, 0xff, 0xd3, 0x0, 0x0, 0x0, 0x0,
    0x3, 0x9e, 0xff, 0xff, 0xb5, 0x0, 0x0, 0x0,
    0x0, 0x0, 0x0, 0x0, 0x1, 0x10, 0x0, 0x0,
    0x0, 0x0,

    /* U+F141 "" */
    0x0, 0x56, 0x10, 0x0, 0x16, 0x61, 0x0, 0x1,
    0x65, 0x0, 0x1d, 0xff, 0xf3, 0x2, 0xef, 0xfe,
    0x20, 0x3f, 0xff, 0xd1, 0x8f, 0xff, 0xfc, 0xa,
    0xff, 0xff, 0xa0, 0xcf, 0xff, 0xf8, 0xaf, 0xff,
    0xfe, 0xc, 0xff, 0xff, 0xc0, 0xef, 0xff, 0xfa,
    0x6f, 0xff, 0xfa, 0x8, 0xff, 0xff, 0x80, 0xaf,
    0xff, 0xf6, 0x9, 0xff, 0xb1, 0x0, 0xaf, 0xfa,
    0x0, 0x1b, 0xff, 0x90, 0x0, 0x1, 0x0, 0x0,
    0x0, 0x0, 0x0, 0x0, 0x10, 0x0,

    /* U+F142 "" */
    0x0, 0x1, 0x0, 0x0, 0x2c, 0xff, 0x70, 0xc,
    0xff, 0xff, 0x40, 0xff, 0xff, 0xf8, 0xe, 0xff,
    0xff, 0x60, 0x5f, 0xff, 0xc0, 0x0, 0x26, 0x50,
    0x0, 0x2, 0x65, 0x0, 0x5, 0xff, 0xfc, 0x0,
    0xef, 0xff, 0xf6, 0xf, 0xff, 0xff, 0x80, 0xcf,
    0xff, 0xf4, 0x2, 0xcf, 0xf7, 0x0, 0x0, 0x10,
    0x0, 0x0, 0x26, 0x50, 0x0, 0x5f, 0xff, 0xc0,
    0xe, 0xff, 0xff, 0x60, 0xff, 0xff, 0xf8, 0xc,
    0xff, 0xff, 0x40, 0x2c, 0xff, 0x70, 0x0, 0x1,
    0x0, 0x0,

    /* U+F143 "" */
    0x0, 0x0, 0x0, 0x0, 0x0, 0x0, 0x0, 0x0,
    0x0, 0x6f, 0xff, 0xff, 0xff, 0xff, 0xff, 0xff,
    0xff, 0xc1, 0xff, 0xff, 0xff, 0xff, 0xff, 0xff,
    0xff, 0xff, 0xf7, 0xff, 0xc8, 0xac, 0xff, 0xff,
    0xff, 0xff, 0xff, 0xf8, 0xff, 0x80, 0x0, 0x17,
    0xef, 0xff, 0xff, 0xff, 0xf8, 0xff, 0xea, 0x84,
    0x0, 0x8, 0xff, 0xff, 0xff, 0xf8, 0xff, 0xff,
    0xff, 0xe6, 0x0, 0x4f, 0xff, 0xff, 0xf8, 0xff,
    0x92, 0x49, 0xff, 0xc1, 0x3, 0xff, 0xff, 0xf8,
    0xff, 0x80, 0x0, 0x1b, 0xfd, 0x10, 0x5f, 0xff,
    0xf8, 0xff, 0xc6, 0x20, 0x0, 0x9f, 0xc0, 0xa,
    0xff, 0xf8, 0xff, 0xff, 0xfc, 0x20, 0xb, 0xf6,
    0x2, 0xff, 0xf8, 0xff, 0xff, 0xff, 0xe2, 0x1,
    0xfe, 0x0, 0xbf, 0xf8, 0xff, 0xe4, 0x6, 0xfd,
    0x0, 0x9f, 0x40, 0x6f, 0xf8, 0xff, 0x90, 0x0,
    0xdf, 0x50, 0x4f, 0x90, 0x2f, 0xf8, 0xff, 0xb0,
    0x0, 0xef, 0xa0, 0x1f, 0xb0, 0xf, 0xf8, 0xff,
    0xfb, 0x8d, 0xff, 0xe7, 0x8f, 0xe7, 0x7f, 0xf8,
    0xff, 0xff, 0xff, 0xff, 0xff, 0xff, 0xff, 0xff,
    0xf7, 0x6f, 0xff, 0xff, 0xff, 0xff, 0xff, 0xff,
    0xff, 0xc1, 0x0, 0x0, 0x0, 0x0, 0x0, 0x0,
    0x0, 0x0, 0x0,

    /* U+F144 "" */
    0x0, 0x0, 0x0, 0x0, 0x12, 0x10, 0x0, 0x0,
    0x0, 0x0, 0x0, 0x0, 0x2, 0x9e, 0xff, 0xff,
    0xc7, 0x0, 0x0, 0x0, 0x0, 0x0, 0x9f, 0xff,
    0xff, 0xff, 0xff, 0xe5, 0x0, 0x0, 0x0, 0x1c,
    0xff, 0xff, 0xff, 0xff, 0xff, 0xff, 0x70, 0x0,
    0x0, 0xbf, 0xff, 0xff, 0xff, 0xff, 0xff, 0xff,
    0xf6, 0x0, 0x7, 0xff, 0xff, 0xba, 0xff, 0xff,
    0xff, 0xff, 0xff, 0x20, 0x1e, 0xff, 0xff, 0x10,
    0x3d, 0xff, 0xff, 0xff, 0xff, 0xa0, 0x5f, 0xff,
    0xff, 0x10, 0x0, 0x7f, 0xff, 0xff, 0xff, 0xf0,
    0xaf, 0xff, 0xff, 0x10, 0x0, 0x1, 0xaf, 0xff,
    0xff, 0xf4, 0xcf, 0xff, 0xff, 0x10, 0x0, 0x0,
    0x4, 0xdf, 0xff, 0xf6, 0xdf, 0xff, 0xff, 0x10,
    0x0, 0x0, 0x0, 0x3f, 0xff, 0xf7, 0xcf, 0xff,
    0xff, 0x10, 0x0, 0x0, 0x1, 0xbf, 0xff, 0xf6,
    0xaf, 0xff, 0xff, 0x10, 0x0, 0x0, 0x7f, 0xff,
    0xff, 0xf4, 0x5f, 0xff, 0xff, 0x10, 0x0, 0x5e,
    0xff, 0xff, 0xff, 0xf0, 0x1e, 0xff, 0xff, 0x10,
    0x3c, 0xff, 0xff, 0xff, 0xff, 0xa0, 0x7, 0xff,
    0xff, 0xba, 0xff, 0xff, 0xff, 0xff, 0xff, 0x20,
    0x0, 0xbf, 0xff, 0xff, 0xff, 0xff, 0xff, 0xff,
    0xf6, 0x0, 0x0, 0x1c, 0xff, 0xff, 0xff, 0xff,
    0xff, 0xff, 0x70, 0x0, 0x0, 0x0, 0x9f, 0xff,
    0xff, 0xff, 0xff, 0xe5, 0x0, 0x0, 0x0, 0x0,
    0x2, 0x9e, 0xff, 0xff, 0xc7, 0x0, 0x0, 0x0,
    0x0, 0x0, 0x0, 0x0, 0x12, 0x20, 0x0, 0x0,
    0x0, 0x0,

    /* U+F146 "" */
    0x2, 0x33, 0x33, 0x33, 0x33, 0x33, 0x33, 0x33,
    0x0, 0x8f, 0xff, 0xff, 0xff, 0xff, 0xff, 0xff,
    0xff, 0xc0, 0xff, 0xff, 0xff, 0xff, 0xff, 0xff,
    0xff, 0xff, 0xf3, 0xff, 0xff, 0xff, 0xff, 0xff,
    0xff, 0xff, 0xff, 0xf4, 0xff, 0xff, 0xff, 0xff,
    0xff, 0xff, 0xff, 0xff, 0xf4, 0xff, 0xff, 0xff,
    0xff, 0xff, 0xff, 0xff, 0xff, 0xf4, 0xff, 0xff,
    0xff, 0xff, 0xff, 0xff, 0xff, 0xff, 0xf4, 0xff,
    0xff, 0xff, 0xff, 0xff, 0xff, 0xff, 0xff, 0xf4,
    0xff, 0xf2, 0x0, 0x0, 0x0, 0x0, 0x0, 0xdf,
    0xf4, 0xff, 0xf2, 0x0, 0x0, 0x0, 0x0, 0x0,
    0xdf, 0xf4, 0xff, 0xf2, 0x0, 0x0, 0x0, 0x0,
    0x0, 0xdf, 0xf4, 0xff, 0xff, 0xff, 0xff, 0xff,
    0xff, 0xff, 0xff, 0xf4, 0xff, 0xff, 0xff, 0xff,
    0xff, 0xff, 0xff, 0xff, 0xf4, 0xff, 0xff, 0xff,
    0xff, 0xff, 0xff, 0xff, 0xff, 0xf4, 0xff, 0xff,
    0xff, 0xff, 0xff, 0xff, 0xff, 0xff, 0xf4, 0xff,
    0xff, 0xff, 0xff, 0xff, 0xff, 0xff, 0xff, 0xf4,
    0xff, 0xff, 0xff, 0xff, 0xff, 0xff, 0xff, 0xff,
    0xf3, 0x8f, 0xff, 0xff, 0xff, 0xff, 0xff, 0xff,
    0xff, 0xc0, 0x2, 0x33, 0x33, 0x33, 0x33, 0x33,
    0x33, 0x33, 0x0,

    /* U+F14A "" */
    0x5, 0x77, 0x77, 0x77, 0x77, 0x77, 0x77, 0x77,
    0x30, 0xbf, 0xff, 0xff, 0xff, 0xff, 0xff, 0xff,
    0xff, 0xf3, 0xff, 0xff, 0xff, 0xff, 0xff, 0xff,
    0xff, 0xff, 0xf7, 0xff, 0xff, 0xff, 0xff, 0xff,
    0xff, 0xff, 0xff, 0xf8, 0xff, 0xff, 0xff, 0xff,
    0xff, 0xff, 0xff, 0xff, 0xf8, 0xff, 0xff, 0xff,
    0xff, 0xff, 0xff, 0xc2, 0xcf, 0xf8, 0xff, 0xff,
    0xff, 0xff, 0xff, 0xfc, 0x0, 0x1f, 0xf8, 0xff,
    0xff, 0xff, 0xff, 0xff, 0xc0, 0x0, 0xaf, 0xf8,
    0xff, 0xf8, 0x7f, 0xff, 0xfc, 0x0, 0xa, 0xff,
    0xf8, 0xff, 0xa0, 0x7, 0xff, 0xc0, 0x0, 0xaf,
    0xff, 0xf8, 0xff, 0xe2, 0x0, 0x7c, 0x0, 0xa,
    0xff, 0xff, 0xf8, 0xff, 0xfe, 0x20, 0x0, 0x0,
    0xaf, 0xff, 0xff, 0xf8, 0xff, 0xff, 0xe2, 0x0,
    0xa, 0xff, 0xff, 0xff, 0xf8, 0xff, 0xff, 0xfe,
    0x20, 0xaf, 0xff, 0xff, 0xff, 0xf8, 0xff, 0xff,
    0xff, 0xec, 0xff, 0xff, 0xff, 0xff, 0xf8, 0xff,
    0xff, 0xff, 0xff, 0xff, 0xff, 0xff, 0xff, 0xf8,
    0xef, 0xff, 0xff, 0xff, 0xff, 0xff, 0xff, 0xff,
    0xf6, 0x6f, 0xff, 0xff, 0xff, 0xff, 0xff, 0xff,
    0xff, 0xc1, 0x0, 0x0, 0x0, 0x0, 0x0, 0x0,
    0x0, 0x0, 0x0,

    /* U+F14B "" */
    0x0, 0x0, 0x0, 0x0, 0x0, 0x0, 0x0, 0x0,
    0x0, 0x4e, 0xff, 0xff, 0xff, 0xff, 0xff, 0xff,
    0xff, 0xd2, 0xcf, 0xff, 0xff, 0xff, 0xff, 0xff,
    0xff, 0xff, 0xf9, 0xdf, 0xff, 0xff, 0xff, 0xff,
    0xff, 0xff, 0xff, 0xfa, 0xdf, 0xff, 0xff, 0xff,
    0xff, 0xfd, 0xef, 0xff, 0xfa, 0xdf, 0xff, 0xff,
    0xff, 0xff, 0x90, 0x1d, 0xff, 0xfa, 0xdf, 0xff,
    0xff, 0xff, 0xf8, 0x80, 0x3, 0xff, 0xfa, 0xdf,
    0xff, 0xff, 0xff, 0x40, 0x58, 0x6, 0xff, 0xfa,
    0xdf, 0xff, 0xff, 0xf4, 0x0, 0x6, 0xbf, 0xff,
    0xfa, 0xdf, 0xff, 0xff, 0x40, 0x0, 0xb, 0xff,
    0xff, 0xfa, 0xdf, 0xff, 0xf4, 0x0, 0x0, 0xbf,
    0xff, 0xff, 0xfa, 0xdf, 0xff, 0x40, 0x0, 0xb,
    0xff, 0xff, 0xff, 0xfa, 0xdf, 0xfe, 0x0, 0x0,
    0xbf, 0xff, 0xff, 0xff, 0xfa, 0xdf, 0xfc, 0x0,
    0xb, 0xff, 0xff, 0xff, 0xff, 0xfa, 0xdf, 0xfe,
    0x8a, 0xdf, 0xff, 0xff, 0xff, 0xff, 0xfa, 0xdf,
    0xff, 0xff, 0xff, 0xff, 0xff, 0xff, 0xff, 0xfa,
    0xcf, 0xff, 0xff, 0xff, 0xff, 0xff, 0xff, 0xff,
    0xfa, 0x8f, 0xff, 0xff, 0xff, 0xff, 0xff, 0xff,
    0xff, 0xf5, 0x5, 0x77, 0x77, 0x77, 0x77, 0x77,
    0x77, 0x77, 0x40,

    /* U+F14D "" */
    0x0, 0x0, 0x0, 0x0, 0x0, 0x0, 0x0, 0x6,
    0x50, 0x0, 0x0, 0x0, 0x0, 0x0, 0x0, 0x0,
    0x0, 0x0, 0x0, 0xff, 0x70, 0x0, 0x0, 0x0,
    0x11, 0x11, 0x10, 0x0, 0x0, 0x0, 0xf, 0xff,
    0x80, 0x0, 0x6, 0xff, 0xff, 0xfe, 0x0, 0x0,
    0x0, 0x0, 0xff, 0xff, 0x90, 0x0, 0xff, 0xff,
    0xfa, 0x10, 0x3, 0x7a, 0xcd, 0xdf, 0xff, 0xff,
    0x90, 0xf, 0xfb, 0x65, 0x0, 0x7e, 0xff, 0xff,
    0xff, 0xff, 0xff, 0xff, 0xa0, 0xff, 0x80, 0x0,
    0xbf, 0xff, 0xff, 0xff, 0xff, 0xff, 0xff, 0xff,
    0x6f, 0xf8, 0x0, 0x7f, 0xff, 0xff, 0xff, 0xff,
    0xff, 0xff, 0xff, 0xd1, 0xff, 0x80, 0xe, 0xff,
    0xff, 0xff, 0xff, 0xff, 0xff, 0xff, 0xd1, 0xf,
    0xf8, 0x2, 0xff, 0xff, 0xfb, 0x74, 0x32, 0xff,
    0xff, 0xc1, 0x0, 0xff, 0x80, 0x4f, 0xff, 0xe3,
    0x0, 0x0, 0xf, 0xff, 0xb0, 0x0, 0xf, 0xf8,
    0x3, 0xff, 0xf6, 0x0, 0x0, 0x0, 0xff, 0xb0,
    0x0, 0x0, 0xff, 0x80, 0x1f, 0xff, 0x20, 0x0,
    0x0, 0xa, 0x90, 0x0, 0x0, 0xf, 0xf8, 0x0,
    0xbf, 0xf2, 0x0, 0x0, 0x0, 0x0, 0x0, 0x0,
    0x0, 0xff, 0x80, 0x2, 0xff, 0x40, 0x0, 0x0,
    0x1, 0x31, 0x0, 0x0, 0xf, 0xf8, 0x0, 0x6,
    0xf7, 0x0, 0x0, 0x0, 0xff, 0x70, 0x0, 0x0,
    0xff, 0x80, 0x0, 0x6, 0x40, 0x0, 0x0, 0xf,
    0xf8, 0x0, 0x0, 0xf, 0xf8, 0x0, 0x0, 0x0,
    0x0, 0x0, 0x0, 0xff, 0x80, 0x0, 0x0, 0xff,
    0xff, 0xff, 0xff, 0xff, 0xff, 0xff, 0xff, 0xf7,
    0x0, 0x0, 0xb, 0xff, 0xff, 0xff, 0xff, 0xff,
    0xff, 0xff, 0xff, 0x30, 0x0, 0x0, 0x6, 0x88,
    0x88, 0x88, 0x88, 0x88, 0x88, 0x87, 0x30, 0x0,
    0x0, 0x0,

    /* U+F14E "" */
    0x0, 0x0, 0x0, 0x0, 0x0, 0x0, 0x0, 0x0,
    0x0, 0x0, 0x0, 0x0, 0x2, 0x8d, 0xff, 0xfe,
    0xa4, 0x0, 0x0, 0x0, 0x0, 0x0, 0x9f, 0xff,
    0xff, 0xff, 0xff, 0xc2, 0x0, 0x0, 0x0, 0x1c,
    0xff, 0xff, 0xff, 0xff, 0xff, 0xff, 0x40, 0x0,
    0x0, 0xcf, 0xff, 0xff, 0xff, 0xff, 0xff, 0xff,
    0xf3, 0x0, 0x8, 0xff, 0xff, 0xff, 0xff, 0xff,
    0xfa, 0xcf, 0xfe, 0x0, 0x1f, 0xff, 0xff, 0xff,
    0xff, 0xf8, 0x10, 0x6f, 0xff, 0x70, 0x7f, 0xff,
    0xff, 0xff, 0xe7, 0x0, 0x0, 0xcf, 0xff, 0xd0,
    0xcf, 0xff, 0xff, 0xfa, 0x0, 0x0, 0x4, 0xff,
    0xff, 0xf2, 0xef, 0xff, 0xff, 0xf1, 0x19, 0x40,
    0xb, 0xff, 0xff, 0xf4, 0xff, 0xff, 0xff, 0x80,
    0x8f, 0xe0, 0x2f, 0xff, 0xff, 0xf5, 0xef, 0xff,
    0xff, 0x10, 0x2c, 0x70, 0xaf, 0xff, 0xff, 0xf4,
    0xcf, 0xff, 0xfa, 0x0, 0x0, 0x4, 0xff, 0xff,
    0xff, 0xf2, 0x8f, 0xff, 0xf2, 0x0, 0x4, 0xbf,
    0xff, 0xff, 0xff, 0xe0, 0x3f, 0xff, 0xc0, 0x5,
    0xdf, 0xff, 0xff, 0xff, 0xff, 0x90, 0xa, 0xff,
    0xf9, 0xef, 0xff, 0xff, 0xff, 0xff, 0xff, 0x10,
    0x1, 0xef, 0xff, 0xff, 0xff, 0xff, 0xff, 0xff,
    0xf5, 0x0, 0x0, 0x2e, 0xff, 0xff, 0xff, 0xff,
    0xff, 0xff, 0x70, 0x0, 0x0, 0x1, 0xcf, 0xff,
    0xff, 0xff, 0xff, 0xe5, 0x0, 0x0, 0x0, 0x0,
    0x5, 0xcf, 0xff, 0xff, 0xd8, 0x10, 0x0, 0x0,
    0x0, 0x0, 0x0, 0x0, 0x34, 0x31, 0x0, 0x0,
    0x0, 0x0,

    /* U+F150 "" */
    0x0, 0x0, 0x0, 0x0, 0x0, 0x0, 0x0, 0x0,
    0x0, 0x6f, 0xff, 0xff, 0xff, 0xff, 0xff, 0xff,
    0xff, 0xc0, 0xef, 0xff, 0xff, 0xff, 0xff, 0xff,
    0xff, 0xff, 0xf6, 0xff, 0xff, 0xff, 0xff, 0xff,
    0xff, 0xff, 0xff, 0xf8, 0xff, 0xff, 0xff, 0xff,
    0xff, 0xff, 0xff, 0xff, 0xf8, 0xff, 0xff, 0xff,
    0xff, 0xff, 0xff, 0xff, 0xff, 0xf8, 0xff, 0xff,
    0xff, 0xff, 0xff, 0xff, 0xff, 0xff, 0xf8, 0xff,
    0xfc, 0x88, 0x88, 0x88, 0x88, 0x88, 0xff, 0xf8,
    0xff, 0xfc, 0x0, 0x0, 0x0, 0x0, 0x5, 0xff,
    0xf8, 0xff, 0xff, 0xc0, 0x0, 0x0, 0x0, 0x5f,
    0xff, 0xf8, 0xff, 0xff, 0xfc, 0x0, 0x0, 0x5,
    0xff, 0xff, 0xf8, 0xff, 0xff, 0xff, 0xc0, 0x0,
    0x5f, 0xff, 0xff, 0xf8, 0xff, 0xff, 0xff, 0xfc,
    0x5, 0xff, 0xff, 0xff, 0xf8, 0xff, 0xff, 0xff,
    0xff, 0xdf, 0xff, 0xff, 0xff, 0xf8, 0xff, 0xff,
    0xff, 0xff, 0xff, 0xff, 0xff, 0xff, 0xf8, 0xff,
    0xff, 0xff, 0xff, 0xff, 0xff, 0xff, 0xff, 0xf8,
    0xff, 0xff, 0xff, 0xff, 0xff, 0xff, 0xff, 0xff,
    0xf7, 0xbf, 0xff, 0xff, 0xff, 0xff, 0xff, 0xff,
    0xff, 0xf3, 0x6, 0x77, 0x77, 0x77, 0x77, 0x77,
    0x77, 0x77, 0x30,

    /* U+F151 "" */
    0x5, 0x77, 0x77, 0x77, 0x77, 0x77, 0x77, 0x77,
    0x30, 0xbf, 0xff, 0xff, 0xff, 0xff, 0xff, 0xff,
    0xff, 0xf3, 0xff, 0xff, 0xff, 0xff, 0xff, 0xff,
    0xff, 0xff, 0xf7, 0xff, 0xff, 0xff, 0xff, 0xff,
    0xff, 0xff, 0xff, 0xf8, 0xff, 0xff, 0xff, 0xff,
    0xff, 0xff, 0xff, 0xff, 0xf8, 0xff, 0xff, 0xff,
    0xff, 0xdf, 0xff, 0xff, 0xff, 0xf8, 0xff, 0xff,
    0xff, 0xfc, 0x5, 0xff, 0xff, 0xff, 0xf8, 0xff,
    0xff, 0xff, 0xc0, 0x0, 0x5f, 0xff, 0xff, 0xf8,
    0xff, 0xff, 0xfc, 0x0, 0x0, 0x5, 0xff, 0xff,
    0xf8, 0xff, 0xff, 0xc0, 0x0, 0x0, 0x0, 0x5f,
    0xff, 0xf8, 0xff, 0xfc, 0x0, 0x0, 0x0, 0x0,
    0x5, 0xff, 0xf8, 0xff, 0xfc, 0x88, 0x88, 0x88,
    0x88, 0x88, 0xff, 0xf8, 0xff, 0xff, 0xff, 0xff,
    0xff, 0xff, 0xff, 0xff, 0xf8, 0xff, 0xff, 0xff,
    0xff, 0xff, 0xff, 0xff, 0xff, 0xf8, 0xff, 0xff,
    0xff, 0xff, 0xff, 0xff, 0xff, 0xff, 0xf8, 0xff,
    0xff, 0xff, 0xff, 0xff, 0xff, 0xff, 0xff, 0xf8,
    0xef, 0xff, 0xff, 0xff, 0xff, 0xff, 0xff, 0xff,
    0xf6, 0x6f, 0xff, 0xff, 0xff, 0xff, 0xff, 0xff,
    0xff, 0xc1, 0x0, 0x0, 0x0, 0x0, 0x0, 0x0,
    0x0, 0x0, 0x0,

    /* U+F152 "" */
    0x5, 0x77, 0x77, 0x77, 0x77, 0x77, 0x77, 0x77,
    0x30, 0xbf, 0xff, 0xff, 0xff, 0xff, 0xff, 0xff,
    0xff, 0xf3, 0xff, 0xff, 0xff, 0xff, 0xff, 0xff,
    0xff, 0xff, 0xf7, 0xff, 0xff, 0xff, 0xff, 0xff,
    0xff, 0xff, 0xff, 0xf8, 0xff, 0xff, 0xff, 0xb8,
    0xff, 0xff, 0xff, 0xff, 0xf8, 0xff, 0xff, 0xff,
    0x90, 0x8f, 0xff, 0xff, 0xff, 0xf8, 0xff, 0xff,
    0xff, 0x90, 0x8, 0xff, 0xff, 0xff, 0xf8, 0xff,
    0xff, 0xff, 0x90, 0x0, 0x8f, 0xff, 0xff, 0xf8,
    0xff, 0xff, 0xff, 0x90, 0x0, 0x8, 0xff, 0xff,
    0xf8, 0xff, 0xff, 0xff, 0x90, 0x0, 0x0, 0xcf,
    0xff, 0xf8, 0xff, 0xff, 0xff, 0x90, 0x0, 0x7,
    0xff, 0xff, 0xf8, 0xff, 0xff, 0xff, 0x90, 0x0,
    0x7f, 0xff, 0xff, 0xf8, 0xff, 0xff, 0xff, 0x90,
    0x7, 0xff, 0xff, 0xff, 0xf8, 0xff, 0xff, 0xff,
    0x90, 0x7f, 0xff, 0xff, 0xff, 0xf8, 0xff, 0xff,
    0xff, 0xb8, 0xff, 0xff, 0xff, 0xff, 0xf8, 0xff,
    0xff, 0xff, 0xff, 0xff, 0xff, 0xff, 0xff, 0xf8,
    0xef, 0xff, 0xff, 0xff, 0xff, 0xff, 0xff, 0xff,
    0xf6, 0x6f, 0xff, 0xff, 0xff, 0xff, 0xff, 0xff,
    0xff, 0xc1, 0x0, 0x0, 0x0, 0x0, 0x0, 0x0,
    0x0, 0x0, 0x0,

    /* U+F153 "" */
    0x0, 0x0, 0x0, 0x0, 0x1, 0x10, 0x0, 0x0,
    0x0, 0x18, 0xdf, 0xff, 0xf1, 0x0, 0x0, 0x7f,
    0xff, 0xff, 0xff, 0x0, 0x0, 0x9f, 0xff, 0xfb,
    0x9a, 0x70, 0x0, 0x5f, 0xff, 0x90, 0x0, 0x0,
    0x0, 0xe, 0xff, 0x80, 0x0, 0x0, 0x0, 0xcd,
    0xff, 0xfd, 0xdd, 0xdd, 0xb0, 0xf, 0xff, 0xff,
    0xff, 0xff, 0xfc, 0x0, 0x3c, 0xff, 0xa4, 0x44,
    0x44, 0x20, 0x0, 0xbf, 0xf8, 0x0, 0x0, 0x0,
    0x0, 0xdf, 0xff, 0xfe, 0xee, 0xed, 0x10, 0xf,
    0xff, 0xff, 0xff, 0xff, 0xf0, 0x0, 0x15, 0xff,
    0xf6, 0x22, 0x21, 0x0, 0x0, 0xd, 0xff, 0xd1,
    0x0, 0x0, 0x0, 0x0, 0x4f, 0xff, 0xd3, 0x0,
    0x0, 0x0, 0x0, 0x7f, 0xff, 0xfc, 0xaa, 0xc1,
    0x0, 0x0, 0x6f, 0xff, 0xff, 0xff, 0x50, 0x0,
    0x0, 0x18, 0xdf, 0xff, 0xf5, 0x0, 0x0, 0x0,
    0x0, 0x1, 0x10, 0x0,

    /* U+F154 "" */
    0x0, 0x0, 0x0, 0x1, 0x0, 0x0, 0x0, 0x0,
    0x5, 0xdf, 0xff, 0xc6, 0x0, 0x0, 0x9, 0xff,
    0xff, 0xff, 0xf8, 0x0, 0x6, 0xff, 0xfd, 0xac,
    0xff, 0x20, 0x0, 0xcf, 0xfa, 0x0, 0x3, 0x30,
    0x0, 0xe, 0xff, 0x30, 0x0, 0x0, 0x0, 0x0,
    0xff, 0xf2, 0x0, 0x0, 0x0, 0x0, 0xf, 0xff,
    0x20, 0x0, 0x0, 0x0, 0x4a, 0xff, 0xfb, 0xaa,
    0x80, 0x0, 0x8, 0xff, 0xff, 0xff, 0xfe, 0x0,
    0x0, 0x6d, 0xff, 0xfe, 0xdd, 0xb0, 0x0, 0x0,
    0xf, 0xff, 0x20, 0x0, 0x0, 0x0, 0x0, 0xff,
    0xf2, 0x0, 0x0, 0x0, 0x0, 0xf, 0xff, 0x20,
    0x0, 0xe, 0xf9, 0x0, 0xff, 0xf2, 0x0, 0x0,
    0xff, 0xa6, 0x7f, 0xff, 0x98, 0x88, 0x8f, 0xfa,
    0xff, 0xff, 0xff, 0xff, 0xff, 0xff, 0xaf, 0xff,
    0xff, 0xff, 0xff, 0xff, 0xfa, 0x0, 0x0, 0x0,
    0x0, 0x0, 0x0, 0x0,

    /* U+F155 "" */
    0x0, 0x0, 0x2, 0x75, 0x0, 0x0, 0x0, 0x0,
    0x0, 0x9f, 0xe0, 0x0, 0x0, 0x0, 0x0, 0x9,
    0xfe, 0x0, 0x0, 0x0, 0x1, 0x9e, 0xff, 0xff,
    0xb5, 0x0, 0x0, 0xdf, 0xff, 0xff, 0xff, 0xf6,
    0x0, 0x9f, 0xff, 0xff, 0xff, 0xfd, 0x10, 0xe,
    0xff, 0x82, 0x22, 0x38, 0x10, 0x0, 0xff, 0xf4,
    0x0, 0x0, 0x0, 0x0, 0xb, 0xff, 0xe7, 0x20,
    0x0, 0x0, 0x0, 0x4f, 0xff, 0xff, 0xe9, 0x40,
    0x0, 0x0, 0x6f, 0xff, 0xff, 0xff, 0xb0, 0x0,
    0x0, 0x17, 0xcf, 0xff, 0xff, 0xa0, 0x0, 0x0,
    0x0, 0x15, 0xbf, 0xff, 0x10, 0x0, 0x0, 0x0,
    0x0, 0xef, 0xf4, 0x0, 0x7, 0x52, 0x22, 0x4f,
    0xff, 0x30, 0x9, 0xff, 0xff, 0xff, 0xff, 0xd0,
    0x1, 0xff, 0xff, 0xff, 0xff, 0xf3, 0x0, 0x2,
    0xae, 0xff, 0xfe, 0xa2, 0x0, 0x0, 0x0, 0x9,
    0xfe, 0x0, 0x0, 0x0, 0x0, 0x0, 0x9f, 0xe0,
    0x0, 0x0, 0x0, 0x0, 0x2, 0x75, 0x0, 0x0,
    0x0,

    /* U+F156 "" */
    0x0, 0x0, 0x0, 0x0, 0x0, 0x0, 0xf, 0xff,
    0xff, 0xff, 0xff, 0xff, 0xf7, 0xff, 0xff, 0xff,
    0xff, 0xff, 0xff, 0x79, 0xaa, 0xac, 0xff, 0xff,
    0xa7, 0x72, 0x78, 0x88, 0x89, 0xff, 0xfc, 0x88,
    0x3f, 0xff, 0xff, 0xff, 0xff, 0xff, 0xf8, 0xff,
    0xff, 0xff, 0xff, 0xff, 0xff, 0x70, 0x0, 0x0,
    0x7, 0xff, 0xe0, 0x0, 0x0, 0x0, 0x3, 0xff,
    0xf9, 0x0, 0xa, 0xbb, 0xbd, 0xff, 0xff, 0x20,
    0x0, 0xff, 0xff, 0xff, 0xff, 0x50, 0x0, 0xf,
    0xff, 0xff, 0xe9, 0x20, 0x0, 0x0, 0x7f, 0xff,
    0xe3, 0x0, 0x0, 0x0, 0x0, 0x6f, 0xff, 0xf4,
    0x0, 0x0, 0x0, 0x0, 0x5f, 0xff, 0xf5, 0x0,
    0x0, 0x0, 0x0, 0x4f, 0xff, 0xf6, 0x0, 0x0,
    0x0, 0x0, 0x3e, 0xff, 0xf7, 0x0, 0x0, 0x0,
    0x0, 0x2e, 0xff, 0xf6, 0x0, 0x0, 0x0, 0x0,
    0x14, 0x44, 0x10, 0x0,

    /* U+F157 "" */
    0x7, 0x77, 0x10, 0x0, 0x0, 0x17, 0x77, 0x0,
    0xff, 0xf9, 0x0, 0x0, 0x9, 0xff, 0xe0, 0x7,
    0xff, 0xf1, 0x0, 0x1, 0xff, 0xf7, 0x0, 0xe,
    0xff, 0x80, 0x0, 0x9f, 0xfe, 0x0, 0x0, 0x6f,
    0xff, 0x10, 0x1f, 0xff, 0x60, 0x0, 0x0, 0xdf,
    0xf7, 0x8, 0xff, 0xd0, 0x0, 0x0, 0x5, 0xff,
    0xd0, 0xef, 0xf5, 0x0, 0x0, 0xae, 0xef, 0xff,
    0x8f, 0xff, 0xee, 0x90, 0xc, 0xff, 0xff, 0xff,
    0xff, 0xff, 0xfb, 0x0, 0x24, 0x44, 0xcf, 0xff,
    0xb4, 0x44, 0x20, 0x0, 0x0, 0x4, 0xff, 0xf3,
    0x0, 0x0, 0x0, 0x0, 0x0, 0x1f, 0xff, 0x0,
    0x0, 0x0, 0xb, 0xff, 0xff, 0xff, 0xff, 0xff,
    0xfa, 0x0, 0xcf, 0xff, 0xff, 0xff, 0xff, 0xff,
    0xb0, 0x1, 0x33, 0x34, 0xff, 0xf3, 0x33, 0x31,
    0x0, 0x0, 0x0, 0x1f, 0xff, 0x0, 0x0, 0x0,
    0x0, 0x0, 0x1, 0xff, 0xf0, 0x0, 0x0, 0x0,
    0x0, 0x0, 0x1f, 0xff, 0x0, 0x0, 0x0, 0x0,
    0x0, 0x0, 0x34, 0x30, 0x0, 0x0, 0x0,

    /* U+F158 "" */
    0x0, 0x0, 0x0, 0x0, 0x0, 0x0, 0x0, 0x0,
    0x7, 0xff, 0xff, 0xff, 0xfe, 0xa3, 0x0, 0x0,
    0x8f, 0xff, 0xff, 0xff, 0xff, 0xf6, 0x0, 0x8,
    0xff, 0xea, 0xaa, 0xcf, 0xff, 0xf3, 0x0, 0x8f,
    0xfc, 0x0, 0x0, 0x2e, 0xff, 0xa0, 0x8, 0xff,
    0xc0, 0x0, 0x0, 0x7f, 0xfe, 0x0, 0x8f, 0xfc,
    0x0, 0x0, 0x5, 0xff, 0xf0, 0x8, 0xff, 0xc0,
    0x0, 0x0, 0x7f, 0xfe, 0x0, 0x8f, 0xfc, 0x0,
    0x0, 0x3f, 0xff, 0xaa, 0xbd, 0xff, 0xeb, 0xbb,
    0xdf, 0xff, 0xf2, 0xff, 0xff, 0xff, 0xff, 0xff,
    0xff, 0xf5, 0xf, 0xff, 0xff, 0xff, 0xff, 0xfe,
    0xa2, 0x0, 0x0, 0x8f, 0xfc, 0x0, 0x0, 0x0,
    0x0, 0x7, 0x8c, 0xff, 0xe8, 0x88, 0x88, 0x83,
    0x0, 0xff, 0xff, 0xff, 0xff, 0xff, 0xff, 0x80,
    0xe, 0xff, 0xff, 0xff, 0xff, 0xff, 0xf6, 0x0,
    0x0, 0x8f, 0xfc, 0x0, 0x0, 0x0, 0x0, 0x0,
    0x7, 0xff, 0xb0, 0x0, 0x0, 0x0, 0x0, 0x0,
    0x27, 0x74, 0x0, 0x0, 0x0, 0x0, 0x0,

    /* U+F159 "" */
    0x0, 0x33, 0x0, 0x0, 0x0, 0x33, 0x10, 0x0,
    0x0, 0x23, 0x20, 0x0, 0x4f, 0xf4, 0x0, 0x0,
    0x2f, 0xfa, 0x0, 0x0, 0xe, 0xfd, 0x0, 0x1,
    0xff, 0x70, 0x0, 0x6, 0xff, 0xd0, 0x0, 0x0,
    0xff, 0xa0, 0x0, 0xe, 0xfb, 0x0, 0x0, 0xaf,
    0xff, 0x10, 0x0, 0x3f, 0xf6, 0x0, 0x78, 0xdf,
    0xe8, 0x88, 0x8e, 0xff, 0xfa, 0x88, 0x8a, 0xff,
    0x98, 0x3f, 0xff, 0xff, 0xff, 0xff, 0xff, 0xff,
    0xff, 0xff, 0xff, 0xff, 0xf8, 0xff, 0xff, 0xff,
    0xff, 0xff, 0xff, 0xff, 0xff, 0xff, 0xff, 0xff,
    0x70, 0x0, 0xff, 0x70, 0x8, 0xfe, 0x7f, 0xf0,
    0x0, 0xff, 0x70, 0x0, 0x78, 0x8e, 0xfd, 0x88,
    0xdf, 0xeb, 0xff, 0x98, 0x9f, 0xfb, 0x88, 0x3f,
    0xff, 0xff, 0xff, 0xff, 0xff, 0xff, 0xff, 0xff,
    0xff, 0xff, 0xf8, 0xef, 0xff, 0xff, 0xff, 0xff,
    0xff, 0xff, 0xff, 0xff, 0xff, 0xff, 0x60, 0x0,
    0x2f, 0xf4, 0x7f, 0xf0, 0x9, 0xfe, 0xd, 0xf9,
    0x0, 0x0, 0x0, 0x0, 0xef, 0x7b, 0xfc, 0x0,
    0x5f, 0xf2, 0xff, 0x50, 0x0, 0x0, 0x0, 0xa,
    0xfa, 0xef, 0x80, 0x2, 0xff, 0x8f, 0xf2, 0x0,
    0x0, 0x0, 0x0, 0x7f, 0xdf, 0xf4, 0x0, 0xe,
    0xfd, 0xfe, 0x0, 0x0, 0x0, 0x0, 0x3, 0xff,
    0xff, 0x10, 0x0, 0xaf, 0xff, 0xa0, 0x0, 0x0,
    0x0, 0x0, 0xf, 0xff, 0xd0, 0x0, 0x6, 0xff,
    0xf7, 0x0, 0x0, 0x0, 0x0, 0x0, 0xcf, 0xf9,
    0x0, 0x0, 0x3f, 0xff, 0x30, 0x0, 0x0, 0x0,
    0x0, 0x3, 0x77, 0x20, 0x0, 0x0, 0x67, 0x60,
    0x0, 0x0, 0x0,

    /* U+F15A "" */
    0x0, 0x0, 0x44, 0x4, 0x50, 0x0, 0x0, 0x0,
    0x0, 0x0, 0xfe, 0xd, 0xf1, 0x0, 0x0, 0x0,
    0x0, 0x0, 0xfe, 0xd, 0xf1, 0x0, 0x0, 0x0,
    0x23, 0x33, 0xff, 0x4d, 0xf4, 0x0, 0x0, 0x0,
    0xcf, 0xff, 0xff, 0xff, 0xff, 0xfb, 0x30, 0x0,
    0x9d, 0xff, 0xff, 0xff, 0xff, 0xff, 0xf3, 0x0,
    0x0, 0x6f, 0xff, 0x0, 0x18, 0xff, 0xfa, 0x0,
    0x0, 0x5f, 0xff, 0x0, 0x0, 0xdf, 0xfc, 0x0,
    0x0, 0x5f, 0xff, 0x0, 0x0, 0xef, 0xf9, 0x0,
    0x0, 0x5f, 0xff, 0x34, 0x6c, 0xff, 0xd1, 0x0,
    0x0, 0x5f, 0xff, 0xff, 0xff, 0xff, 0xb3, 0x0,
    0x0, 0x5f, 0xff, 0xaa, 0xbe, 0xff, 0xff, 0x40,
    0x0, 0x5f, 0xff, 0x0, 0x0, 0x8f, 0xff, 0xb0,
    0x0, 0x5f, 0xff, 0x0, 0x0, 0xf, 0xff, 0xe0,
    0x0, 0x5f, 0xff, 0x0, 0x0, 0x3f, 0xff, 0xd0,
    0x13, 0x9f, 0xff, 0x33, 0x48, 0xff, 0xff, 0x80,
    0x8f, 0xff, 0xff, 0xff, 0xff, 0xff, 0xfc, 0x0,
    0xaf, 0xff, 0xff, 0xff, 0xff, 0xeb, 0x50, 0x0,
    0x0, 0x0, 0xfe, 0x1d, 0xf1, 0x0, 0x0, 0x0,
    0x0, 0x0, 0xfe, 0xd, 0xf1, 0x0, 0x0, 0x0,
    0x0, 0x0, 0xba, 0x9, 0xb1, 0x0, 0x0, 0x0,

    /* U+F15B "" */
    0x24, 0x44, 0x44, 0x44, 0x30, 0x30, 0x0, 0xf,
    0xff, 0xff, 0xff, 0xfc, 0xf, 0x60, 0x0, 0xff,
    0xff, 0xff, 0xff, 0xc0, 0xff, 0x60, 0xf, 0xff,
    0xff, 0xff, 0xfc, 0xf, 0xff, 0x60, 0xff, 0xff,
    0xff, 0xff, 0xc0, 0xff, 0xff, 0x6f, 0xff, 0xff,
    0xff, 0xfc, 0xb, 0xbb, 0xbb, 0xff, 0xff, 0xff,
    0xff, 0xe1, 0x0, 0x0, 0xf, 0xff, 0xff, 0xff,
    0xff, 0xff, 0xff, 0xff, 0xff, 0xff, 0xff, 0xff,
    0xff, 0xff, 0xff, 0xff, 0xff, 0xff, 0xff, 0xff,
    0xff, 0xff, 0xff, 0xff, 0xff, 0xff, 0xff, 0xff,
    0xff, 0xff, 0xff, 0xff, 0xff, 0xff, 0xff, 0xff,
    0xff, 0xff, 0xff, 0xff, 0xff, 0xff, 0xff, 0xff,
    0xff, 0xff, 0xff, 0xff, 0xff, 0xff, 0xff, 0xff,
    0xff, 0xff, 0xff, 0xff, 0xff, 0xff, 0xff, 0xff,
    0xff, 0xff, 0xff, 0xff, 0xff, 0xff, 0xff, 0xff,
    0xff, 0xff, 0xff, 0xff, 0xff, 0xff, 0xff, 0xff,
    0xff, 0xff, 0xff, 0xff, 0xff, 0xff, 0xff, 0xff,
    0xff, 0xff, 0xff, 0xff, 0xff, 0xff, 0xff, 0xff,
    0xff, 0xff, 0xff, 0xff, 0xff, 0xff, 0x8b, 0xbb,
    0xbb, 0xbb, 0xbb, 0xbb, 0xbb, 0x80,

    /* U+F15C "" */
    0x24, 0x44, 0x44, 0x44, 0x30, 0x30, 0x0, 0xf,
    0xff, 0xff, 0xff, 0xfc, 0xf, 0x60, 0x0, 0xff,
    0xff, 0xff, 0xff, 0xc0, 0xff, 0x60, 0xf, 0xff,
    0xff, 0xff, 0xfc, 0xf, 0xff, 0x60, 0xff, 0xff,
    0xff, 0xff, 0xc0, 0xff, 0xff, 0x6f, 0xff, 0xff,
    0xff, 0xfc, 0xb, 0xbb, 0xbb, 0xff, 0xff, 0xff,
    0xff, 0xf8, 0x77, 0x77, 0x7f, 0xff, 0xff, 0xff,
    0xff, 0xff, 0xff, 0xff, 0xff, 0xff, 0xff, 0xff,
    0xff, 0xff, 0xff, 0xff, 0xff, 0xd0, 0x0, 0x0,
    0x0, 0xdf, 0xff, 0xff, 0xfe, 0x44, 0x44, 0x44,
    0x4e, 0xff, 0xff, 0xff, 0xff, 0xff, 0xff, 0xff,
    0xff, 0xff, 0xff, 0xfd, 0x0, 0x0, 0x0, 0xd,
    0xff, 0xff, 0xff, 0xff, 0xff, 0xff, 0xff, 0xff,
    0xff, 0xff, 0xfd, 0x44, 0x44, 0x44, 0x4d, 0xff,
    0xff, 0xff, 0xd4, 0x44, 0x44, 0x44, 0xdf, 0xff,
    0xff, 0xff, 0xff, 0xff, 0xff, 0xff, 0xff, 0xff,
    0xff, 0xff, 0xff, 0xff, 0xff, 0xff, 0xff, 0xff,
    0xff, 0xff, 0xff, 0xff, 0xff, 0xff, 0xff, 0xff,
    0xff, 0xff, 0xff, 0xff, 0xff, 0xff, 0x8b, 0xbb,
    0xbb, 0xbb, 0xbb, 0xbb, 0xbb, 0x80,

    /* U+F15D "" */
    0x0, 0x1, 0x54, 0x0, 0x0, 0x0, 0x2, 0x55,
    0x0, 0x0, 0x0, 0x7f, 0xf0, 0x0, 0x0, 0x0,
    0xdf, 0xf5, 0x0, 0x0, 0x8, 0xff, 0x0, 0x0,
    0x0, 0x3f, 0xff, 0xa0, 0x0, 0x0, 0x8f, 0xf0,
    0x0, 0x0, 0x8, 0xfc, 0xff, 0x10, 0x0, 0x8,
    0xff, 0x0, 0x0, 0x0, 0xef, 0x4c, 0xf6, 0x0,
    0x0, 0x8f, 0xf0, 0x0, 0x0, 0x4f, 0xff, 0xff,
    0xc0, 0x0, 0x8, 0xff, 0x0, 0x0, 0xa, 0xff,
    0xff, 0xff, 0x20, 0x0, 0x8f, 0xf0, 0x0, 0x0,
    0xef, 0x53, 0x3c, 0xf6, 0x0, 0x8, 0xff, 0x0,
    0x0, 0x1, 0x10, 0x0, 0x2, 0x0, 0x0, 0x8f,
    0xf0, 0x0, 0x0, 0x0, 0x0, 0x0, 0x0, 0x0,
    0x8, 0xff, 0x0, 0x0, 0x0, 0x55, 0x55, 0x53,
    0x0, 0x0, 0x8f, 0xf0, 0x0, 0x0, 0x5f, 0xff,
    0xff, 0xd0, 0x0, 0x8, 0xff, 0x0, 0x0, 0x5,
    0xff, 0xff, 0xfb, 0x0, 0xcd, 0xef, 0xfd, 0xd5,
    0x0, 0x2, 0x3e, 0xfd, 0x10, 0x8, 0xff, 0xff,
    0xfe, 0x20, 0x0, 0xb, 0xfe, 0x20, 0x0, 0xb,
    0xff, 0xff, 0x30, 0x0, 0x9, 0xff, 0x95, 0x30,
    0x0, 0xd, 0xff, 0x60, 0x0, 0x4, 0xff, 0xff,
    0xfd, 0x0, 0x0, 0x2e, 0x80, 0x0, 0x0, 0x5f,
    0xff, 0xff, 0xd0, 0x0, 0x0, 0x0, 0x0, 0x0,
    0x0, 0x22, 0x22, 0x20, 0x0,

    /* U+F15E "" */
    0x0, 0x0, 0x30, 0x0, 0x0, 0x0, 0x2, 0x55,
    0x0, 0x0, 0x0, 0x4f, 0xb0, 0x0, 0x0, 0x0,
    0xdf, 0xf5, 0x0, 0x0, 0x2e, 0xff, 0x90, 0x0,
    0x0, 0x3f, 0xff, 0xa0, 0x0, 0xd, 0xff, 0xff,
    0x60, 0x0, 0x8, 0xfc, 0xff, 0x10, 0xb, 0xff,
    0xff, 0xff, 0x30, 0x0, 0xef, 0x4c, 0xf6, 0x0,
    0x8a, 0xdf, 0xfa, 0xa3, 0x0, 0x4f, 0xff, 0xff,
    0xc0, 0x0, 0x8, 0xff, 0x0, 0x0, 0xa, 0xff,
    0xff, 0xff, 0x20, 0x0, 0x8f, 0xf0, 0x0, 0x0,
    0xef, 0x53, 0x3c, 0xf6, 0x0, 0x8, 0xff, 0x0,
    0x0, 0x1, 0x10, 0x0, 0x2, 0x0, 0x0, 0x8f,
    0xf0, 0x0, 0x0, 0x0, 0x0, 0x0, 0x0, 0x0,
    0x8, 0xff, 0x0, 0x0, 0x0, 0x55, 0x55, 0x53,
    0x0, 0x0, 0x8f, 0xf0, 0x0, 0x0, 0x5f, 0xff,
    0xff, 0xd0, 0x0, 0x8, 0xff, 0x0, 0x0, 0x5,
    0xff, 0xff, 0xfb, 0x0, 0x0, 0x8f, 0xf0, 0x0,
    0x0, 0x2, 0x3e, 0xfd, 0x10, 0x0, 0x8, 0xff,
    0x0, 0x0, 0x0, 0xb, 0xfe, 0x20, 0x0, 0x0,
    0x8f, 0xf0, 0x0, 0x0, 0x9, 0xff, 0x95, 0x30,
    0x0, 0x8, 0xff, 0x0, 0x0, 0x4, 0xff, 0xff,
    0xfd, 0x0, 0x0, 0x7f, 0xf0, 0x0, 0x0, 0x5f,
    0xff, 0xff, 0xd0, 0x0, 0x0, 0x21, 0x0, 0x0,
    0x0, 0x22, 0x22, 0x20, 0x0,

    /* U+F160 "" */
    0x0, 0x2, 0x75, 0x0, 0x0, 0x67, 0x77, 0x77,
    0x77, 0x77, 0x50, 0x0, 0x7, 0xff, 0x0, 0x3,
    0xff, 0xff, 0xff, 0xff, 0xff, 0xf0, 0x0, 0x8,
    0xff, 0x0, 0x2, 0xff, 0xff, 0xff, 0xff, 0xff,
    0xe0, 0x0, 0x8, 0xff, 0x0, 0x0, 0x0, 0x0,
    0x0, 0x0, 0x0, 0x0, 0x0, 0x8, 0xff, 0x0,
    0x0, 0x0, 0x0, 0x0, 0x0, 0x0, 0x0, 0x0,
    0x8, 0xff, 0x0, 0x0, 0x67, 0x77, 0x77, 0x77,
    0x20, 0x0, 0x0, 0x8, 0xff, 0x0, 0x3, 0xff,
    0xff, 0xff, 0xff, 0x80, 0x0, 0x0, 0x8, 0xff,
    0x0, 0x2, 0xff, 0xff, 0xff, 0xff, 0x60, 0x0,
    0x0, 0x8, 0xff, 0x0, 0x0, 0x0, 0x0, 0x0,
    0x0, 0x0, 0x0, 0x0, 0x8, 0xff, 0x0, 0x0,
    0x0, 0x0, 0x0, 0x0, 0x0, 0x0, 0x0, 0x8,
    0xff, 0x0, 0x0, 0x67, 0x77, 0x75, 0x0, 0x0,
    0x0, 0x0, 0x8, 0xff, 0x0, 0x3, 0xff, 0xff,
    0xff, 0x0, 0x0, 0x0, 0x0, 0x8, 0xff, 0x0,
    0x2, 0xff, 0xff, 0xfe, 0x0, 0x0, 0x0, 0xd,
    0xff, 0xff, 0xff, 0x60, 0x0, 0x0, 0x0, 0x0,
    0x0, 0x0, 0x7, 0xff, 0xff, 0xfe, 0x10, 0x0,
    0x0, 0x0, 0x0, 0x0, 0x0, 0x0, 0xaf, 0xff,
    0xf3, 0x0, 0x67, 0x72, 0x0, 0x0, 0x0, 0x0,
    0x0, 0xc, 0xff, 0x50, 0x3, 0xff, 0xf8, 0x0,
    0x0, 0x0, 0x0, 0x0, 0x1, 0xd7, 0x0, 0x2,
    0xff, 0xf6, 0x0, 0x0, 0x0, 0x0, 0x0, 0x0,
    0x0, 0x0, 0x0, 0x0, 0x0, 0x0, 0x0, 0x0,
    0x0,

    /* U+F161 "" */
    0x0, 0x0, 0x41, 0x0, 0x0, 0x67, 0x77, 0x77,
    0x77, 0x77, 0x50, 0x0, 0x5, 0xfc, 0x0, 0x3,
    0xff, 0xff, 0xff, 0xff, 0xff, 0xf0, 0x0, 0x3f,
    0xff, 0xa0, 0x2, 0xff, 0xff, 0xff, 0xff, 0xff,
    0xe0, 0x1, 0xef, 0xff, 0xf7, 0x0, 0x0, 0x0,
    0x0, 0x0, 0x0, 0x0, 0xc, 0xff, 0xff, 0xff,
    0x40, 0x0, 0x0, 0x0, 0x0, 0x0, 0x0, 0x7,
    0x8c, 0xff, 0x88, 0x20, 0x67, 0x77, 0x77, 0x77,
    0x20, 0x0, 0x0, 0x8, 0xff, 0x0, 0x3, 0xff,
    0xff, 0xff, 0xff, 0x80, 0x0, 0x0, 0x8, 0xff,
    0x0, 0x2, 0xff, 0xff, 0xff, 0xff, 0x60, 0x0,
    0x0, 0x8, 0xff, 0x0, 0x0, 0x0, 0x0, 0x0,
    0x0, 0x0, 0x0, 0x0, 0x8, 0xff, 0x0, 0x0,
    0x0, 0x0, 0x0, 0x0, 0x0, 0x0, 0x0, 0x8,
    0xff, 0x0, 0x0, 0x67, 0x77, 0x75, 0x0, 0x0,
    0x0, 0x0, 0x8, 0xff, 0x0, 0x3, 0xff, 0xff,
    0xff, 0x0, 0x0, 0x0, 0x0, 0x8, 0xff, 0x0,
    0x2, 0xff, 0xff, 0xfe, 0x0, 0x0, 0x0, 0x0,
    0x8, 0xff, 0x0, 0x0, 0x0, 0x0, 0x0, 0x0,
    0x0, 0x0, 0x0, 0x8, 0xff, 0x0, 0x0, 0x0,
    0x0, 0x0, 0x0, 0x0, 0x0, 0x0, 0x8, 0xff,
    0x0, 0x0, 0x67, 0x72, 0x0, 0x0, 0x0, 0x0,
    0x0, 0x8, 0xff, 0x0, 0x3, 0xff, 0xf8, 0x0,
    0x0, 0x0, 0x0, 0x0, 0x6, 0xfe, 0x0, 0x2,
    0xff, 0xf6, 0x0, 0x0, 0x0, 0x0, 0x0, 0x0,
    0x0, 0x0, 0x0, 0x0, 0x0, 0x0, 0x0, 0x0,
    0x0,

    /* U+F162 "" */
    0x0, 0x1, 0x54, 0x0, 0x0, 0x0, 0x5, 0x54,
    0x0, 0x0, 0x7, 0xff, 0x0, 0x0, 0x0, 0x5f,
    0xff, 0x0, 0x0, 0x8, 0xff, 0x0, 0x0, 0x0,
    0xaf, 0xff, 0x0, 0x0, 0x8, 0xff, 0x0, 0x0,
    0x0, 0x9, 0xff, 0x0, 0x0, 0x8, 0xff, 0x0,
    0x0, 0x0, 0x8, 0xff, 0x0, 0x0, 0x8, 0xff,
    0x0, 0x0, 0x0, 0x2a, 0xff, 0x40, 0x0, 0x8,
    0xff, 0x0, 0x0, 0x0, 0xbf, 0xff, 0xf3, 0x0,
    0x8, 0xff, 0x0, 0x0, 0x0, 0xbf, 0xff, 0xf3,
    0x0, 0x8, 0xff, 0x0, 0x0, 0x0, 0x13, 0x33,
    0x30, 0x0, 0x8, 0xff, 0x0, 0x0, 0x0, 0x4,
    0x87, 0x10, 0x0, 0x8, 0xff, 0x0, 0x0, 0x0,
    0x8f, 0xff, 0xe2, 0x0, 0x8, 0xff, 0x0, 0x0,
    0x2, 0xff, 0xff, 0xfa, 0x0, 0x8, 0xff, 0x0,
    0x0, 0x5, 0xff, 0x19, 0xfd, 0xb, 0xce, 0xff,
    0xcc, 0x40, 0x3, 0xff, 0xce, 0xfd, 0x9, 0xff,
    0xff, 0xff, 0x20, 0x0, 0xaf, 0xff, 0xfb, 0x0,
    0xbf, 0xff, 0xf4, 0x0, 0x0, 0x6, 0xef, 0xf6,
    0x0, 0xd, 0xff, 0x60, 0x0, 0x0, 0x9, 0xff,
    0xc0, 0x0, 0x2, 0xe9, 0x0, 0x0, 0x0, 0x6,
    0xf9, 0x0, 0x0, 0x0, 0x0, 0x0, 0x0, 0x0,
    0x0, 0x10, 0x0,

    /* U+F163 "" */
    0x0, 0x0, 0x30, 0x0, 0x0, 0x0, 0x5, 0x54,
    0x0, 0x0, 0x3, 0xfb, 0x0, 0x0, 0x0, 0x5f,
    0xff, 0x0, 0x0, 0x2e, 0xff, 0x90, 0x0, 0x0,
    0xaf, 0xff, 0x0, 0x0, 0xdf, 0xff, 0xf6, 0x0,
    0x0, 0x9, 0xff, 0x0, 0xb, 0xff, 0xff, 0xff,
    0x30, 0x0, 0x8, 0xff, 0x0, 0x9, 0xbd, 0xff,
    0xba, 0x40, 0x0, 0x2a, 0xff, 0x40, 0x0, 0x8,
    0xff, 0x0, 0x0, 0x0, 0xbf, 0xff, 0xf3, 0x0,
    0x8, 0xff, 0x0, 0x0, 0x0, 0xbf, 0xff, 0xf3,
    0x0, 0x8, 0xff, 0x0, 0x0, 0x0, 0x13, 0x33,
    0x30, 0x0, 0x8, 0xff, 0x0, 0x0, 0x0, 0x4,
    0x87, 0x10, 0x0, 0x8, 0xff, 0x0, 0x0, 0x0,
    0x8f, 0xff, 0xe2, 0x0, 0x8, 0xff, 0x0, 0x0,
    0x2, 0xff, 0xff, 0xfa, 0x0, 0x8, 0xff, 0x0,
    0x0, 0x5, 0xff, 0x19, 0xfd, 0x0, 0x8, 0xff,
    0x0, 0x0, 0x3, 0xff, 0xce, 0xfd, 0x0, 0x8,
    0xff, 0x0, 0x0, 0x0, 0xaf, 0xff, 0xfb, 0x0,
    0x8, 0xff, 0x0, 0x0, 0x0, 0x6, 0xef, 0xf6,
    0x0, 0x8, 0xff, 0x0, 0x0, 0x0, 0x9, 0xff,
    0xc0, 0x0, 0x7, 0xff, 0x0, 0x0, 0x0, 0x6,
    0xf9, 0x0, 0x0, 0x0, 0x21, 0x0, 0x0, 0x0,
    0x0, 0x10, 0x0,

    /* U+F164 "" */
    0x0, 0x0, 0x0, 0x0, 0x0, 0x2, 0x73, 0x0,
    0x0, 0x0, 0x0, 0x0, 0x0, 0x0, 0x0, 0xb,
    0xff, 0x60, 0x0, 0x0, 0x0, 0x0, 0x0, 0x0,
    0x0, 0x1f, 0xff, 0xd0, 0x0, 0x0, 0x0, 0x0,
    0x0, 0x0, 0x0, 0x5f, 0xff, 0xf0, 0x0, 0x0,
    0x0, 0x0, 0x0, 0x0, 0x0, 0xcf, 0xff, 0xd0,
    0x0, 0x0, 0x0, 0x0, 0x0, 0x0, 0x7, 0xff,
    0xff, 0x80, 0x0, 0x0, 0x0, 0x0, 0x0, 0x0,
    0x4f, 0xff, 0xff, 0x10, 0x0, 0x0, 0x0, 0x0,
    0x0, 0x1, 0xef, 0xff, 0xfe, 0xaa, 0xaa, 0x60,
    0x0, 0x0, 0x0, 0xc, 0xff, 0xff, 0xff, 0xff,
    0xff, 0xf9, 0x9c, 0xcc, 0x80, 0x8f, 0xff, 0xff,
    0xff, 0xff, 0xff, 0xff, 0xff, 0xff, 0xf0, 0xcf,
    0xff, 0xff, 0xff, 0xff, 0xff, 0xfd, 0xff, 0xff,
    0xf0, 0xcf, 0xff, 0xff, 0xff, 0xff, 0xff, 0xf5,
    0xff, 0xff, 0xf0, 0xcf, 0xff, 0xff, 0xff, 0xff,
    0xff, 0xf6, 0xff, 0xff, 0xf0, 0xcf, 0xff, 0xff,
    0xff, 0xff, 0xff, 0xf5, 0xff, 0xff, 0xf0, 0xcf,
    0xff, 0xff, 0xff, 0xff, 0xff, 0xf0, 0xff, 0xff,
    0xf0, 0xcf, 0xff, 0xff, 0xff, 0xff, 0xff, 0xf0,
    0xff, 0xff, 0xf0, 0xcf, 0xff, 0xff, 0xff, 0xff,
    0xff, 0xc0, 0xfc, 0x1c, 0xf0, 0xcf, 0xff, 0xff,
    0xff, 0xff, 0xff, 0x50, 0xfc, 0x1c, 0xf0, 0x6c,
    0xff, 0xff, 0xff, 0xff, 0xff, 0x40, 0xff, 0xff,
    0xf0, 0x0, 0x29, 0xef, 0xff, 0xff, 0xfc, 0x0,
    0x58, 0x88, 0x50, 0x0, 0x0, 0x3, 0x67, 0x76,
    0x30, 0x0,

    /* U+F165 "" */
    0x0, 0x0, 0x0, 0x0, 0x0, 0x0, 0x34, 0x43,
    0x0, 0x0, 0x0, 0x0, 0x0, 0x0, 0x5, 0xbf,
    0xff, 0xff, 0xf8, 0x0, 0xdf, 0xff, 0xd0, 0x39,
    0xef, 0xff, 0xff, 0xff, 0xff, 0x30, 0xff, 0xff,
    0xf0, 0xbf, 0xff, 0xff, 0xff, 0xff, 0xff, 0x40,
    0xff, 0xff, 0xf0, 0xcf, 0xff, 0xff, 0xff, 0xff,
    0xff, 0xb0, 0xff, 0xff, 0xf0, 0xcf, 0xff, 0xff,
    0xff, 0xff, 0xff, 0xf0, 0xff, 0xff, 0xf0, 0xcf,
    0xff, 0xff, 0xff, 0xff, 0xff, 0xf0, 0xff, 0xff,
    0xf0, 0xcf, 0xff, 0xff, 0xff, 0xff, 0xff, 0xf4,
    0xff, 0xff, 0xf0, 0xcf, 0xff, 0xff, 0xff, 0xff,
    0xff, 0xf7, 0xff, 0xdf, 0xf0, 0xcf, 0xff, 0xff,
    0xff, 0xff, 0xff, 0xf5, 0xfa, 0xa, 0xf0, 0xcf,
    0xff, 0xff, 0xff, 0xff, 0xff, 0xfc, 0xfe, 0x6e,
    0xf0, 0xaf, 0xff, 0xff, 0xff, 0xff, 0xff, 0xff,
    0xef, 0xff, 0xe0, 0x1e, 0xff, 0xff, 0xff, 0xff,
    0xff, 0xfb, 0x13, 0x33, 0x10, 0x3, 0xff, 0xff,
    0xff, 0xdd, 0xdd, 0xa1, 0x0, 0x0, 0x0, 0x0,
    0x7f, 0xff, 0xfe, 0x0, 0x0, 0x0, 0x0, 0x0,
    0x0, 0x0, 0xb, 0xff, 0xff, 0x60, 0x0, 0x0,
    0x0, 0x0, 0x0, 0x0, 0x0, 0xdf, 0xff, 0xc0,
    0x0, 0x0, 0x0, 0x0, 0x0, 0x0, 0x0, 0x6f,
    0xff, 0xf0, 0x0, 0x0, 0x0, 0x0, 0x0, 0x0,
    0x0, 0x2f, 0xff, 0xe0, 0x0, 0x0, 0x0, 0x0,
    0x0, 0x0, 0x0, 0xd, 0xff, 0x80, 0x0, 0x0,
    0x0, 0x0, 0x0, 0x0, 0x0, 0x3, 0xa6, 0x0,
    0x0, 0x0,

    /* U+F167 "" */
    0x0, 0x0, 0x0, 0x0, 0x0, 0x10, 0x0, 0x0,
    0x0, 0x0, 0x0, 0x0, 0x7b, 0xde, 0xff, 0xff,
    0xff, 0xff, 0xff, 0xfe, 0xca, 0x20, 0x9, 0xff,
    0xff, 0xff, 0xff, 0xff, 0xff, 0xff, 0xff, 0xff,
    0xf2, 0xf, 0xff, 0xff, 0xff, 0xff, 0xff, 0xff,
    0xff, 0xff, 0xff, 0xf8, 0x3f, 0xff, 0xff, 0xff,
    0xff, 0xff, 0xff, 0xff, 0xff, 0xff, 0xfb, 0x4f,
    0xff, 0xff, 0xff, 0xf8, 0xff, 0xff, 0xff, 0xff,
    0xff, 0xfc, 0x5f, 0xff, 0xff, 0xff, 0xf1, 0x1a,
    0xff, 0xff, 0xff, 0xff, 0xfd, 0x6f, 0xff, 0xff,
    0xff, 0xf1, 0x0, 0x3c, 0xff, 0xff, 0xff, 0xfe,
    0x6f, 0xff, 0xff, 0xff, 0xf1, 0x0, 0x0, 0xcf,
    0xff, 0xff, 0xfe, 0x6f, 0xff, 0xff, 0xff, 0xf1,
    0x0, 0x5e, 0xff, 0xff, 0xff, 0xfe, 0x5f, 0xff,
    0xff, 0xff, 0xf1, 0x3c, 0xff, 0xff, 0xff, 0xff,
    0xfd, 0x4f, 0xff, 0xff, 0xff, 0xfa, 0xff, 0xff,
    0xff, 0xff, 0xff, 0xfc, 0x2f, 0xff, 0xff, 0xff,
    0xff, 0xff, 0xff, 0xff, 0xff, 0xff, 0xfb, 0xf,
    0xff, 0xff, 0xff, 0xff, 0xff, 0xff, 0xff, 0xff,
    0xff, 0xf7, 0x8, 0xff, 0xff, 0xff, 0xff, 0xff,
    0xff, 0xff, 0xff, 0xff, 0xe1, 0x0, 0x59, 0xbc,
    0xde, 0xee, 0xff, 0xfe, 0xed, 0xcc, 0xa7, 0x10,

    /* U+F168 "" */
    0x0, 0x0, 0x0, 0x0, 0x0, 0x0, 0x27, 0x76,
    0x0, 0x0, 0x0, 0x0, 0x0, 0x0, 0xd, 0xff,
    0xb0, 0x0, 0x0, 0x0, 0x0, 0x0, 0x7, 0xff,
    0xf2, 0x0, 0x0, 0x0, 0x0, 0x0, 0x1, 0xff,
    0xf9, 0x0, 0x0, 0xef, 0xf9, 0x0, 0x0, 0x9f,
    0xff, 0x10, 0x0, 0x6, 0xff, 0xf3, 0x0, 0x3f,
    0xff, 0x70, 0x0, 0x0, 0xd, 0xff, 0xc0, 0xb,
    0xff, 0xd0, 0x0, 0x0, 0x0, 0x6f, 0xff, 0x35,
    0xff, 0xf5, 0x0, 0x0, 0x0, 0xd, 0xff, 0xc0,
    0xdf, 0xfb, 0x0, 0x0, 0x0, 0x6, 0xff, 0xf3,
    0x7f, 0xff, 0x30, 0x0, 0x0, 0x0, 0xef, 0xfa,
    0x1f, 0xff, 0x90, 0x0, 0x0, 0x0, 0x8f, 0xff,
    0x21, 0xef, 0xfa, 0x0, 0x0, 0x0, 0xb, 0xdc,
    0x60, 0x7, 0xff, 0xf2, 0x0, 0x0, 0x0, 0x0,
    0x0, 0x0, 0xe, 0xff, 0xb0, 0x0, 0x0, 0x0,
    0x0, 0x0, 0x0, 0x6f, 0xff, 0x40, 0x0, 0x0,
    0x0, 0x0, 0x0, 0x0, 0xdf, 0xfc, 0x0, 0x0,
    0x0, 0x0, 0x0, 0x0, 0x4, 0xff, 0xf5, 0x0,
    0x0, 0x0, 0x0, 0x0, 0x0, 0xb, 0xff, 0xc0,
    0x0, 0x0, 0x0, 0x0, 0x0, 0x0, 0x0, 0x0,
    0x0, 0x0,

    /* U+F169 "" */
    0x5, 0x77, 0x77, 0x77, 0x77, 0x77, 0x77, 0x77,
    0x30, 0xbf, 0xff, 0xff, 0xff, 0xff, 0xff, 0xff,
    0xff, 0xf3, 0xff, 0xff, 0xff, 0xff, 0xff, 0xff,
    0xff, 0xff, 0xf7, 0xff, 0xff, 0xff, 0xff, 0xff,
    0xf8, 0x1, 0xff, 0xf8, 0xff, 0xff, 0xff, 0xff,
    0xff, 0xd0, 0x8, 0xff, 0xf8, 0xff, 0xff, 0x98,
    0xbf, 0xff, 0x50, 0x2f, 0xff, 0xf8, 0xff, 0xff,
    0x70, 0xe, 0xfc, 0x0, 0xaf, 0xff, 0xf8, 0xff,
    0xff, 0xf1, 0x5, 0xf3, 0x3, 0xff, 0xff, 0xf8,
    0xff, 0xff, 0xf1, 0x5, 0x90, 0xc, 0xff, 0xff,
    0xf8, 0xff, 0xff, 0x80, 0xd, 0x10, 0x6f, 0xff,
    0xff, 0xf8, 0xff, 0xfe, 0x0, 0x79, 0x0, 0xdf,
    0xff, 0xff, 0xf8, 0xff, 0xf9, 0x34, 0xff, 0x10,
    0x6f, 0xff, 0xff, 0xf8, 0xff, 0xff, 0xff, 0xff,
    0x90, 0xd, 0xff, 0xff, 0xf8, 0xff, 0xff, 0xff,
    0xff, 0xf2, 0x4, 0xff, 0xff, 0xf8, 0xff, 0xff,
    0xff, 0xff, 0xfa, 0x0, 0xbf, 0xff, 0xf8, 0xff,
    0xff, 0xff, 0xff, 0xff, 0x87, 0xaf, 0xff, 0xf8,
    0xef, 0xff, 0xff, 0xff, 0xff, 0xff, 0xff, 0xff,
    0xf6, 0x6f, 0xff, 0xff, 0xff, 0xff, 0xff, 0xff,
    0xff, 0xc1, 0x0, 0x0, 0x0, 0x0, 0x0, 0x0,
    0x0, 0x0, 0x0,

    /* U+F16B "" */
    0x0, 0x0, 0x1, 0x0, 0x0, 0x0, 0x0, 0x1,
    0x0, 0x0, 0x0, 0x0, 0x3d, 0xe6, 0x0, 0x0,
    0x0, 0x1a, 0xf9, 0x0, 0x0, 0x0, 0x8f, 0xff,
    0xfc, 0x20, 0x0, 0x5e, 0xff, 0xfe, 0x50, 0x4,
    0xef, 0xff, 0xff, 0xff, 0x72, 0xbf, 0xff, 0xff,
    0xff, 0xa1, 0x5e, 0xff, 0xff, 0xff, 0xf8, 0x3c,
    0xff, 0xff, 0xff, 0xfb, 0x20, 0x19, 0xff, 0xff,
    0xd3, 0x0, 0x6, 0xff, 0xff, 0xf6, 0x0, 0x0,
    0x4, 0xdf, 0x70, 0x0, 0x0, 0x1, 0xbf, 0xa1,
    0x0, 0x0, 0x0, 0x4, 0x80, 0x0, 0x0, 0x0,
    0x1, 0xa1, 0x0, 0x0, 0x0, 0x1a, 0xff, 0xc2,
    0x0, 0x0, 0x6, 0xff, 0xe5, 0x0, 0x0, 0x5e,
    0xff, 0xff, 0xf8, 0x0, 0x2c, 0xff, 0xff, 0xfb,
    0x20, 0x9f, 0xff, 0xff, 0xff, 0xfd, 0x5f, 0xff,
    0xff, 0xff, 0xff, 0x30, 0x8f, 0xff, 0xff, 0xfc,
    0x22, 0x5e, 0xff, 0xff, 0xfe, 0x50, 0x0, 0x3d,
    0xff, 0xf6, 0x3d, 0xf9, 0x2a, 0xff, 0xf9, 0x10,
    0x0, 0x0, 0x7, 0xa2, 0x8f, 0xff, 0xfe, 0x44,
    0xb4, 0x0, 0x0, 0x0, 0x0, 0x4, 0xdf, 0xff,
    0xff, 0xff, 0xa1, 0x0, 0x0, 0x0, 0x0, 0x0,
    0x3c, 0xff, 0xff, 0xff, 0xf9, 0x0, 0x0, 0x0,
    0x0, 0x0, 0x0, 0x7, 0xff, 0xff, 0xd3, 0x0,
    0x0, 0x0, 0x0, 0x0, 0x0, 0x0, 0x2, 0xbf,
    0x70, 0x0, 0x0, 0x0, 0x0, 0x0, 0x0, 0x0,
    0x0, 0x0, 0x10, 0x0, 0x0, 0x0, 0x0, 0x0,

    /* U+F16C "" */
    0x0, 0x0, 0x0, 0x0, 0x1, 0x20, 0x0, 0x0,
    0x0, 0x0, 0x0, 0x0, 0xcd, 0x0, 0x0, 0x0,
    0x0, 0x0, 0x0, 0x4, 0xfa, 0x0, 0x0, 0x0,
    0x0, 0x2, 0xb1, 0x9, 0xf6, 0x0, 0x0, 0x0,
    0x0, 0x5f, 0xd2, 0xc, 0xf2, 0x0, 0x0, 0x0,
    0x0, 0x3e, 0xf4, 0x2f, 0xd0, 0x0, 0x0, 0x17,
    0x10, 0x2d, 0xf7, 0x5f, 0x90, 0x0, 0x7, 0xff,
    0x81, 0xb, 0xf9, 0x71, 0x0, 0x0, 0x4, 0xbf,
    0xf9, 0x29, 0xd1, 0x0, 0x0, 0x0, 0x0, 0x3a,
    0xff, 0xa1, 0x0, 0x0, 0x7, 0xfc, 0x85, 0x12,
    0x9a, 0x0, 0x2, 0x20, 0x49, 0xdf, 0xff, 0xeb,
    0x21, 0x30, 0xea, 0x0, 0x0, 0x14, 0x8b, 0xf1,
    0x7f, 0x1e, 0xa0, 0x68, 0x88, 0x88, 0x88, 0x7,
    0xf1, 0xea, 0xd, 0xff, 0xff, 0xff, 0xf0, 0x7f,
    0x1e, 0xa0, 0x0, 0x0, 0x0, 0x0, 0x7, 0xf1,
    0xed, 0x88, 0x88, 0x88, 0x88, 0x88, 0xcf, 0x1e,
    0xff, 0xff, 0xff, 0xff, 0xff, 0xff, 0xf1, 0x0,
    0x0, 0x0, 0x0, 0x0, 0x0, 0x0, 0x0,

    /* U+F16D "" */
    0x0, 0x0, 0x1, 0x11, 0x11, 0x11, 0x10, 0x0,
    0x0, 0x0, 0x6c, 0xff, 0xff, 0xff, 0xff, 0xfe,
    0xa2, 0x0, 0xa, 0xfd, 0x97, 0x77, 0x77, 0x77,
    0x8a, 0xff, 0x30, 0x5f, 0x90, 0x0, 0x0, 0x0,
    0x0, 0x1, 0x2e, 0xd0, 0xbe, 0x0, 0x0, 0x0,
    0x0, 0x0, 0x7f, 0x56, 0xf3, 0xeb, 0x0, 0x0,
    0x6d, 0xfe, 0xa1, 0x4c, 0x32, 0xf6, 0xf9, 0x0,
    0x9, 0xfd, 0x9b, 0xfe, 0x20, 0x1, 0xf7, 0xf9,
    0x0, 0x4f, 0xa0, 0x0, 0x3f, 0xc0, 0x0, 0xf8,
    0xf9, 0x0, 0x9f, 0x10, 0x0, 0x8, 0xf1, 0x0,
    0xf8, 0xf9, 0x0, 0xbe, 0x0, 0x0, 0x6, 0xf3,
    0x0, 0xf8, 0xf9, 0x0, 0x9f, 0x10, 0x0, 0x8,
    0xf1, 0x0, 0xf8, 0xf9, 0x0, 0x4f, 0xa0, 0x0,
    0x3f, 0xc0, 0x0, 0xf8, 0xf9, 0x0, 0x9, 0xfe,
    0xab, 0xfe, 0x20, 0x1, 0xf7, 0xeb, 0x0, 0x0,
    0x6c, 0xfe, 0x91, 0x0, 0x2, 0xf6, 0xbe, 0x0,
    0x0, 0x0, 0x0, 0x0, 0x0, 0x6, 0xf3, 0x5f,
    0x90, 0x0, 0x0, 0x0, 0x0, 0x0, 0x2e, 0xd0,
    0xa, 0xfd, 0x97, 0x66, 0x66, 0x67, 0x8a, 0xff,
    0x30, 0x0, 0x6c, 0xff, 0xff, 0xff, 0xff, 0xfe,
    0xa2, 0x0, 0x0, 0x0, 0x1, 0x12, 0x22, 0x21,
    0x0, 0x0, 0x0,

    /* U+F16E "" */
    0x2, 0x44, 0x44, 0x44, 0x44, 0x44, 0x44, 0x43,
    0x0, 0x9f, 0xff, 0xff, 0xff, 0xff, 0xff, 0xff,
    0xff, 0xc0, 0xff, 0xff, 0xff, 0xff, 0xff, 0xff,
    0xff, 0xff, 0xf3, 0xff, 0xff, 0xff, 0xff, 0xff,
    0xff, 0xff, 0xff, 0xf4, 0xff, 0xff, 0xff, 0xff,
    0xff, 0xff, 0xff, 0xff, 0xf4, 0xff, 0xff, 0xff,
    0xff, 0xff, 0xff, 0xff, 0xff, 0xf4, 0xff, 0xff,
    0xff, 0xff, 0xff, 0xff, 0xff, 0xff, 0xf4, 0xff,
    0xff, 0x50, 0x3c, 0xff, 0x60, 0x2c, 0xff, 0xf4,
    0xff, 0xf6, 0x0, 0x2, 0xf9, 0x0, 0x1, 0xff,
    0xf4, 0xff, 0xf3, 0x0, 0x0, 0xe6, 0x0, 0x0,
    0xef, 0xf4, 0xff, 0xf7, 0x0, 0x2, 0xfa, 0x0,
    0x2, 0xff, 0xf4, 0xff, 0xff, 0x61, 0x3d, 0xff,
    0x71, 0x3d, 0xff, 0xf4, 0xff, 0xff, 0xff, 0xff,
    0xff, 0xff, 0xff, 0xff, 0xf4, 0xff, 0xff, 0xff,
    0xff, 0xff, 0xff, 0xff, 0xff, 0xf4, 0xff, 0xff,
    0xff, 0xff, 0xff, 0xff, 0xff, 0xff, 0xf4, 0xff,
    0xff, 0xff, 0xff, 0xff, 0xff, 0xff, 0xff, 0xf4,
    0xff, 0xff, 0xff, 0xff, 0xff, 0xff, 0xff, 0xff,
    0xf3, 0x9f, 0xff, 0xff, 0xff, 0xff, 0xff, 0xff,
    0xff, 0xc0, 0x2, 0x44, 0x44, 0x44, 0x44, 0x44,
    0x44, 0x43, 0x0,

    /* U+F170 "" */
    0x0, 0x0, 0x0, 0x0, 0x12, 0x10, 0x0, 0x0,
    0x0, 0x0, 0x0, 0x0, 0x3, 0xae, 0xff, 0xff,
    0xb6, 0x0, 0x0, 0x0, 0x0, 0x1, 0xaf, 0xff,
    0xff, 0xff, 0xff, 0xd3, 0x0, 0x0, 0x0, 0x2d,
    0xff, 0xff, 0xff, 0xff, 0xff, 0xff, 0x50, 0x0,
    0x0, 0xdf, 0xff, 0xff, 0xff, 0xff, 0xff, 0xff,
    0xf4, 0x0, 0x9, 0xff, 0xff, 0xff, 0xf7, 0xef,
    0xff, 0xff, 0xfe, 0x0, 0x2f, 0xff, 0xff, 0xff,
    0xb0, 0x5f, 0xff, 0xff, 0xff, 0x80, 0x8f, 0xff,
    0xff, 0xff, 0x18, 0x1a, 0xff, 0xff, 0xff, 0xe0,
    0xcf, 0xff, 0xff, 0xf6, 0x4f, 0xa1, 0xef, 0xff,
    0xff, 0xf2, 0xef, 0xff, 0xff, 0xb0, 0xdf, 0xf4,
    0x5f, 0xff, 0xff, 0xf4, 0xff, 0xff, 0xff, 0x17,
    0xee, 0xec, 0xa, 0xff, 0xff, 0xf5, 0xef, 0xff,
    0xf6, 0x34, 0x44, 0x44, 0x41, 0xef, 0xff, 0xf4,
    0xcf, 0xff, 0xb2, 0xff, 0xff, 0xff, 0xf7, 0x5f,
    0xff, 0xf2, 0x8f, 0xff, 0x6c, 0xff, 0xff, 0xff,
    0xff, 0x5d, 0xff, 0xe0, 0x2f, 0xff, 0xff, 0xff,
    0xff, 0xff, 0xff, 0xff, 0xff, 0x80, 0x9, 0xff,
    0xff, 0xff, 0xff, 0xff, 0xff, 0xff, 0xfe, 0x0,
    0x0, 0xdf, 0xff, 0xff, 0xff, 0xff, 0xff, 0xff,
    0xf4, 0x0, 0x0, 0x2d, 0xff, 0xff, 0xff, 0xff,
    0xff, 0xff, 0x50, 0x0, 0x0, 0x1, 0xaf, 0xff,
    0xff, 0xff, 0xff, 0xd3, 0x0, 0x0, 0x0, 0x0,
    0x3, 0xae, 0xff, 0xff, 0xc6, 0x0, 0x0, 0x0,
    0x0, 0x0, 0x0, 0x0, 0x12, 0x10, 0x0, 0x0,
    0x0, 0x0,

    /* U+F171 "" */
    0x0, 0x0, 0x0, 0x0, 0x0, 0x0, 0x0, 0x0,
    0x0, 0x0, 0xaf, 0xff, 0xff, 0xff, 0xff, 0xff,
    0xff, 0xff, 0xff, 0xfa, 0xaf, 0xff, 0xff, 0xff,
    0xff, 0xff, 0xff, 0xff, 0xff, 0xf9, 0x7f, 0xff,
    0xff, 0xff, 0xff, 0xff, 0xff, 0xff, 0xff, 0xf6,
    0x4f, 0xff, 0xff, 0xff, 0xff, 0xff, 0xff, 0xff,
    0xff, 0xf4, 0x1f, 0xff, 0xff, 0xff, 0xff, 0xff,
    0xff, 0xff, 0xff, 0xf1, 0xf, 0xff, 0xff, 0xfd,
    0xdd, 0xdd, 0xdf, 0xff, 0xff, 0xe0, 0xc, 0xff,
    0xff, 0xf0, 0x0, 0x0, 0x1f, 0xff, 0xff, 0xc0,
    0x9, 0xff, 0xff, 0xf3, 0x0, 0x0, 0x4f, 0xff,
    0xff, 0x90, 0x7, 0xff, 0xff, 0xf6, 0x0, 0x0,
    0x7f, 0xff, 0xff, 0x60, 0x4, 0xff, 0xff, 0xf9,
    0x0, 0x0, 0xaf, 0xff, 0xff, 0x40, 0x1, 0xff,
    0xff, 0xfd, 0x0, 0x0, 0xdf, 0xff, 0xff, 0x10,
    0x0, 0xef, 0xff, 0xff, 0xdd, 0xdd, 0xff, 0xff,
    0xfe, 0x0, 0x0, 0xcf, 0xff, 0xff, 0xff, 0xff,
    0xff, 0xff, 0xfc, 0x0, 0x0, 0x9f, 0xff, 0xff,
    0xff, 0xff, 0xff, 0xff, 0xf9, 0x0, 0x0, 0x6f,
    0xff, 0xff, 0xff, 0xff, 0xff, 0xff, 0xf6, 0x0,
    0x0, 0x4f, 0xff, 0xff, 0xff, 0xff, 0xff, 0xff,
    0xf4, 0x0, 0x0, 0x1e, 0xff, 0xff, 0xff, 0xff,
    0xff, 0xff, 0xf1, 0x0, 0x0, 0x0, 0x11, 0x11,
    0x11, 0x11, 0x11, 0x11, 0x0, 0x0,

    /* U+F173 "" */
    0x0, 0x0, 0xab, 0xb6, 0x0, 0x0, 0x0, 0x0,
    0x4f, 0xff, 0x90, 0x0, 0x0, 0x0, 0x8, 0xff,
    0xf9, 0x0, 0x0, 0x0, 0x1, 0xef, 0xff, 0x90,
    0x0, 0x0, 0x1, 0xcf, 0xff, 0xf9, 0x0, 0x0,
    0x7, 0xff, 0xff, 0xff, 0xed, 0xdd, 0x30, 0xef,
    0xff, 0xff, 0xff, 0xff, 0xf4, 0xe, 0xff, 0xff,
    0xff, 0xff, 0xff, 0x40, 0xef, 0xff, 0xff, 0xff,
    0xff, 0xf4, 0x1, 0x2b, 0xff, 0xff, 0xa2, 0x22,
    0x0, 0x0, 0xaf, 0xff, 0xf9, 0x0, 0x0, 0x0,
    0xa, 0xff, 0xff, 0x90, 0x0, 0x0, 0x0, 0xaf,
    0xff, 0xf9, 0x0, 0x0, 0x0, 0xa, 0xff, 0xff,
    0x90, 0x0, 0x0, 0x0, 0xaf, 0xff, 0xfa, 0x0,
    0x0, 0x0, 0x9, 0xff, 0xff, 0xe2, 0x13, 0x0,
    0x0, 0x6f, 0xff, 0xff, 0xff, 0xf3, 0x0, 0x1,
    0xff, 0xff, 0xff, 0xff, 0x80, 0x0, 0x6, 0xff,
    0xff, 0xff, 0xfd, 0x0, 0x0, 0x4, 0xdf, 0xff,
    0xfd, 0x50, 0x0, 0x0, 0x0, 0x13, 0x42, 0x0,
    0x0,

    /* U+F174 "" */
    0x5, 0x77, 0x77, 0x77, 0x77, 0x77, 0x77, 0x77,
    0x30, 0xbf, 0xff, 0xff, 0xff, 0xff, 0xff, 0xff,
    0xff, 0xf3, 0xff, 0xff, 0xff, 0xff, 0xff, 0xff,
    0xff, 0xff, 0xf7, 0xff, 0xff, 0xff, 0xf6, 0x5,
    0xff, 0xff, 0xff, 0xf8, 0xff, 0xff, 0xff, 0xf2,
    0x4, 0xff, 0xff, 0xff, 0xf8, 0xff, 0xff, 0xff,
    0x80, 0x4, 0xff, 0xff, 0xff, 0xf8, 0xff, 0xff,
    0xf3, 0x0, 0x0, 0x11, 0xff, 0xff, 0xf8, 0xff,
    0xff, 0xf0, 0x0, 0x0, 0x0, 0xff, 0xff, 0xf8,
    0xff, 0xff, 0xf7, 0x20, 0x1, 0x66, 0xff, 0xff,
    0xf8, 0xff, 0xff, 0xff, 0x70, 0x4, 0xff, 0xff,
    0xff, 0xf8, 0xff, 0xff, 0xff, 0x70, 0x4, 0xff,
    0xff, 0xff, 0xf8, 0xff, 0xff, 0xff, 0x70, 0x4,
    0xff, 0xff, 0xff, 0xf8, 0xff, 0xff, 0xff, 0x80,
    0x1, 0xcb, 0xff, 0xff, 0xf8, 0xff, 0xff, 0xff,
    0xc0, 0x0, 0x0, 0xef, 0xff, 0xf8, 0xff, 0xff,
    0xff, 0xf5, 0x0, 0x0, 0xaf, 0xff, 0xf8, 0xff,
    0xff, 0xff, 0xff, 0xb8, 0x8b, 0xff, 0xff, 0xf8,
    0xef, 0xff, 0xff, 0xff, 0xff, 0xff, 0xff, 0xff,
    0xf6, 0x6f, 0xff, 0xff, 0xff, 0xff, 0xff, 0xff,
    0xff, 0xc1, 0x0, 0x0, 0x0, 0x0, 0x0, 0x0,
    0x0, 0x0, 0x0,

    /* U+F179 "" */
    0x0, 0x0, 0x0, 0x0, 0x0, 0x10, 0x0, 0x0,
    0x0, 0x0, 0x0, 0x1, 0xaf, 0x20, 0x0, 0x0,
    0x0, 0x0, 0x0, 0xcf, 0xd0, 0x0, 0x0, 0x0,
    0x0, 0x0, 0x4f, 0xf4, 0x0, 0x0, 0x0, 0x0,
    0x0, 0x6, 0xc4, 0x0, 0x0, 0x0, 0x6, 0xdf,
    0xe9, 0x57, 0xdf, 0xfb, 0x30, 0x9, 0xff, 0xff,
    0xff, 0xff, 0xff, 0xff, 0x24, 0xff, 0xff, 0xff,
    0xff, 0xff, 0xff, 0x70, 0xaf, 0xff, 0xff, 0xff,
    0xff, 0xff, 0xc0, 0xc, 0xff, 0xff, 0xff, 0xff,
    0xff, 0xf8, 0x0, 0xdf, 0xff, 0xff, 0xff, 0xff,
    0xff, 0x80, 0xb, 0xff, 0xff, 0xff, 0xff, 0xff,
    0xfc, 0x0, 0x8f, 0xff, 0xff, 0xff, 0xff, 0xff,
    0xf6, 0x3, 0xff, 0xff, 0xff, 0xff, 0xff, 0xff,
    0xf8, 0xc, 0xff, 0xff, 0xff, 0xff, 0xff, 0xff,
    0x70, 0x4f, 0xff, 0xff, 0xff, 0xff, 0xff, 0xe0,
    0x0, 0x9f, 0xff, 0xff, 0xff, 0xff, 0xf5, 0x0,
    0x0, 0xaf, 0xfd, 0x9a, 0xef, 0xf7, 0x0, 0x0,
    0x0, 0x22, 0x0, 0x0, 0x31, 0x0, 0x0,

    /* U+F17A "" */
    0x0, 0x0, 0x0, 0x0, 0x0, 0x0, 0x0, 0x0,
    0x11, 0x0, 0x0, 0x0, 0x0, 0x2, 0x46, 0x8b,
    0xdf, 0xf8, 0x0, 0x25, 0x79, 0xb2, 0xff, 0xff,
    0xff, 0xff, 0xf8, 0xef, 0xff, 0xff, 0xf3, 0xff,
    0xff, 0xff, 0xff, 0xf8, 0xff, 0xff, 0xff, 0xf3,
    0xff, 0xff, 0xff, 0xff, 0xf8, 0xff, 0xff, 0xff,
    0xf3, 0xff, 0xff, 0xff, 0xff, 0xf8, 0xff, 0xff,
    0xff, 0xf3, 0xff, 0xff, 0xff, 0xff, 0xf8, 0xff,
    0xff, 0xff, 0xf3, 0xff, 0xff, 0xff, 0xff, 0xf8,
    0xff, 0xff, 0xff, 0xf3, 0xff, 0xff, 0xff, 0xff,
    0xf8, 0x22, 0x22, 0x22, 0x20, 0x22, 0x22, 0x22,
    0x22, 0x21, 0xff, 0xff, 0xff, 0xf3, 0xff, 0xff,
    0xff, 0xff, 0xf8, 0xff, 0xff, 0xff, 0xf3, 0xff,
    0xff, 0xff, 0xff, 0xf8, 0xff, 0xff, 0xff, 0xf3,
    0xff, 0xff, 0xff, 0xff, 0xf8, 0xff, 0xff, 0xff,
    0xf3, 0xff, 0xff, 0xff, 0xff, 0xf8, 0xff, 0xff,
    0xff, 0xf3, 0xff, 0xff, 0xff, 0xff, 0xf8, 0xef,
    0xff, 0xff, 0xf3, 0xff, 0xff, 0xff, 0xff, 0xf8,
    0x0, 0x25, 0x79, 0xc2, 0xff, 0xff, 0xff, 0xff,
    0xf8, 0x0, 0x0, 0x0, 0x0, 0x2, 0x46, 0x8b,
    0xdf, 0xf8, 0x0, 0x0, 0x0, 0x0, 0x0, 0x0,
    0x0, 0x0, 0x11,

    /* U+F17B "" */
    0x0, 0x0, 0x0, 0x0, 0x0, 0x0, 0x0, 0x0,
    0x0, 0x0, 0x31, 0x0, 0x1, 0x30, 0x0, 0x0,
    0x0, 0x0, 0x1b, 0xef, 0xeb, 0x10, 0x0, 0x0,
    0x0, 0x2, 0xef, 0xff, 0xff, 0xe2, 0x0, 0x0,
    0x0, 0xc, 0xf9, 0xff, 0xf9, 0xfd, 0x0, 0x0,
    0x0, 0x2f, 0xff, 0xff, 0xff, 0xff, 0x30, 0x0,
    0x25, 0x29, 0x99, 0x99, 0x99, 0x99, 0x34, 0x30,
    0xdf, 0x8f, 0xff, 0xff, 0xff, 0xff, 0x8f, 0xf0,
    0xef, 0x9f, 0xff, 0xff, 0xff, 0xff, 0x9f, 0xf1,
    0xef, 0x9f, 0xff, 0xff, 0xff, 0xff, 0x9f, 0xf1,
    0xef, 0x9f, 0xff, 0xff, 0xff, 0xff, 0x9f, 0xf1,
    0xef, 0x9f, 0xff, 0xff, 0xff, 0xff, 0x9f, 0xf1,
    0xdf, 0x7f, 0xff, 0xff, 0xff, 0xff, 0x7f, 0xf0,
    0x13, 0x3f, 0xff, 0xff, 0xff, 0xff, 0x62, 0x10,
    0x0, 0x1c, 0xff, 0xff, 0xff, 0xfd, 0x20, 0x0,
    0x0, 0x0, 0x3f, 0xe0, 0xef, 0x40, 0x0, 0x0,
    0x0, 0x0, 0x3f, 0xe0, 0xef, 0x40, 0x0, 0x0,
    0x0, 0x0, 0x2f, 0xd0, 0xdf, 0x30, 0x0, 0x0,
    0x0, 0x0, 0x5, 0x30, 0x35, 0x0, 0x0, 0x0,

    /* U+F17C "" */
    0x0, 0x0, 0x0, 0x2, 0x89, 0x60, 0x0, 0x0,
    0x0, 0x0, 0x0, 0x0, 0x3f, 0xff, 0xf9, 0x0,
    0x0, 0x0, 0x0, 0x0, 0x0, 0x9f, 0xff, 0xff,
    0x0, 0x0, 0x0, 0x0, 0x0, 0x0, 0xa8, 0xf4,
    0xaf, 0x30, 0x0, 0x0, 0x0, 0x0, 0x0, 0x78,
    0xab, 0x6f, 0x40, 0x0, 0x0, 0x0, 0x0, 0x0,
    0x93, 0x2, 0x8f, 0x50, 0x0, 0x0, 0x0, 0x0,
    0x0, 0xa2, 0x12, 0x6f, 0x70, 0x0, 0x0, 0x0,
    0x0, 0x3, 0xc2, 0x22, 0xe, 0xe1, 0x0, 0x0,
    0x0, 0x0, 0xc, 0x80, 0x0, 0x9, 0xfb, 0x0,
    0x0, 0x0, 0x0, 0x8f, 0x20, 0x0, 0x2, 0xef,
    0x70, 0x0, 0x0, 0x2, 0xdb, 0x0, 0x0, 0x0,
    0xad, 0xf1, 0x0, 0x0, 0xa, 0xd4, 0x0, 0x0,
    0x0, 0x3c, 0xf7, 0x0, 0x0, 0xf, 0xa0, 0x0,
    0x0, 0x0, 0x8, 0xfc, 0x0, 0x0, 0x1f, 0x70,
    0x0, 0x0, 0x0, 0x4c, 0xab, 0x0, 0x0, 0x23,
    0xc4, 0x0, 0x0, 0x1, 0x8f, 0xd7, 0x0, 0x4,
    0x10, 0x3f, 0x60, 0x0, 0x4, 0x3, 0x0, 0x40,
    0x10, 0x0, 0xa, 0xe0, 0x0, 0x4, 0x0, 0x0,
    0x40, 0x10, 0x0, 0x0, 0x70, 0x0, 0x5, 0x0,
    0x0, 0x22, 0x10, 0x0, 0x0, 0x5d, 0x9a, 0xe6,
    0x0, 0x4, 0x30, 0x3, 0x33, 0x10, 0x76, 0x33,
    0x45, 0x1, 0x50, 0x0, 0x0, 0x0, 0x13, 0x10,
    0x0, 0x1, 0x43, 0x0, 0x0,

    /* U+F17D "" */
    0x0, 0x0, 0x0, 0x0, 0x2, 0x20, 0x0, 0x0,
    0x0, 0x0, 0x0, 0x0, 0x1, 0x8d, 0xff, 0xff,
    0xd8, 0x10, 0x0, 0x0, 0x0, 0x0, 0x6f, 0xff,
    0x94, 0x46, 0xaf, 0xf8, 0x0, 0x0, 0x0, 0x9,
    0xfa, 0x4f, 0xc0, 0x0, 0x0, 0x9f, 0xb0, 0x0,
    0x0, 0x8f, 0x60, 0x7, 0xf8, 0x0, 0x0, 0xb,
    0xfa, 0x0, 0x3, 0xf7, 0x0, 0x0, 0xcf, 0x20,
    0x0, 0x9f, 0x9f, 0x50, 0xc, 0xd0, 0x0, 0x0,
    0x3f, 0xb0, 0x4d, 0xf4, 0xb, 0xe0, 0x2f, 0x50,
    0x0, 0x0, 0xa, 0xfd, 0xfb, 0x20, 0x3, 0xf4,
    0x6f, 0x43, 0x46, 0x8b, 0xef, 0xff, 0x40, 0x0,
    0x0, 0xe8, 0x8f, 0xff, 0xff, 0xec, 0x84, 0x8f,
    0x40, 0x0, 0x0, 0xba, 0x9d, 0x43, 0x21, 0x0,
    0x0, 0x6f, 0xee, 0xfe, 0xdb, 0xdb, 0x8d, 0x0,
    0x0, 0x0, 0x6e, 0xff, 0xf8, 0x55, 0x7a, 0xfa,
    0x6f, 0x0, 0x0, 0x1c, 0xfc, 0x54, 0xf6, 0x0,
    0x0, 0xe8, 0x2f, 0x50, 0x2, 0xef, 0x60, 0x0,
    0xeb, 0x0, 0x3, 0xf4, 0xc, 0xc0, 0x1e, 0xd2,
    0x0, 0x0, 0x9f, 0x0, 0xa, 0xe0, 0x3, 0xf7,
    0xbe, 0x10, 0x0, 0x0, 0x4f, 0x40, 0x5f, 0x50,
    0x0, 0x8f, 0xf4, 0x0, 0x0, 0x0, 0xf, 0x74,
    0xfa, 0x0, 0x0, 0x9, 0xfa, 0x10, 0x0, 0x0,
    0xd, 0xef, 0xb0, 0x0, 0x0, 0x0, 0x6f, 0xfa,
    0x53, 0x35, 0x9f, 0xf8, 0x0, 0x0, 0x0, 0x0,
    0x1, 0x8d, 0xff, 0xff, 0xd9, 0x20, 0x0, 0x0,
    0x0, 0x0, 0x0, 0x0, 0x2, 0x20, 0x0, 0x0,
    0x0, 0x0,

    /* U+F17E "" */
    0x0, 0x1, 0x20, 0x0, 0x0, 0x0, 0x0, 0x0,
    0x0, 0x2, 0xcf, 0xff, 0x95, 0x76, 0x40, 0x0,
    0x0, 0x0, 0x2e, 0xff, 0xff, 0xff, 0xff, 0xff,
    0x80, 0x0, 0x0, 0xaf, 0xff, 0xff, 0xff, 0xff,
    0xff, 0xfd, 0x20, 0x0, 0xef, 0xff, 0xfe, 0x84,
    0x24, 0x6c, 0xff, 0xd1, 0x0, 0xff, 0xff, 0xd1,
    0x0, 0x0, 0x0, 0x7f, 0xfa, 0x0, 0xcf, 0xff,
    0x60, 0x6, 0xb9, 0x10, 0x2f, 0xff, 0x20, 0x4f,
    0xff, 0x50, 0xa, 0xff, 0xe7, 0xbf, 0xff, 0x70,
    0x2f, 0xff, 0x80, 0x0, 0x25, 0xaf, 0xff, 0xff,
    0xa0, 0x3f, 0xff, 0xf6, 0x0, 0x0, 0x1, 0xaf,
    0xff, 0xb0, 0x2f, 0xff, 0xff, 0xe9, 0x51, 0x0,
    0xe, 0xff, 0xa0, 0xf, 0xff, 0xa2, 0xaf, 0xff,
    0x50, 0xa, 0xff, 0xb0, 0xb, 0xff, 0x50, 0x7,
    0xdc, 0x30, 0xd, 0xff, 0xf3, 0x3, 0xff, 0xd1,
    0x0, 0x0, 0x0, 0x7f, 0xff, 0xf6, 0x0, 0x8f,
    0xff, 0x94, 0x33, 0x5c, 0xff, 0xff, 0xf7, 0x0,
    0x9, 0xff, 0xff, 0xff, 0xff, 0xff, 0xff, 0xf3,
    0x0, 0x0, 0x5e, 0xff, 0xff, 0xff, 0xff, 0xff,
    0xa0, 0x0, 0x0, 0x0, 0x47, 0x98, 0x8e, 0xff,
    0xf9, 0x0, 0x0, 0x0, 0x0, 0x0, 0x0, 0x0,
    0x34, 0x10, 0x0,

    /* U+F180 "" */
    0x2, 0x33, 0x33, 0x33, 0x33, 0x33, 0x31, 0x9,
    0xff, 0xff, 0xff, 0xff, 0xff, 0xff, 0xf2, 0xff,
    0xff, 0xff, 0xff, 0xff, 0xff, 0xff, 0x5f, 0xf5,
    0x0, 0x0, 0x0, 0x0, 0x1f, 0xf3, 0xff, 0x40,
    0x0, 0x0, 0x0, 0x3, 0xff, 0xf, 0xf4, 0x0,
    0x0, 0x0, 0x0, 0x7f, 0xd0, 0xff, 0x40, 0x0,
    0xcd, 0xdd, 0xdf, 0xf9, 0xf, 0xf4, 0x0, 0xf,
    0xff, 0xff, 0xff, 0x60, 0xff, 0x40, 0x0, 0x24,
    0x44, 0x7f, 0xf3, 0xf, 0xf4, 0x0, 0x0, 0x0,
    0x4, 0xff, 0x0, 0xff, 0x40, 0x0, 0x0, 0x0,
    0x7f, 0xd0, 0xf, 0xf4, 0x0, 0x0, 0x0, 0xb,
    0xf9, 0x0, 0xff, 0x40, 0x3, 0xef, 0xff, 0xff,
    0x60, 0xf, 0xf4, 0x1, 0xef, 0xff, 0xff, 0xe1,
    0x0, 0xff, 0x40, 0xcf, 0xd3, 0x33, 0x30, 0x0,
    0xf, 0xf4, 0xaf, 0xf2, 0x0, 0x0, 0x0, 0x0,
    0xff, 0xbf, 0xf4, 0x0, 0x0, 0x0, 0x0, 0xf,
    0xff, 0xf6, 0x0, 0x0, 0x0, 0x0, 0x0, 0xff,
    0xf8, 0x0, 0x0, 0x0, 0x0, 0x0, 0xf, 0xfa,
    0x0, 0x0, 0x0, 0x0, 0x0, 0x0, 0x58, 0x0,
    0x0, 0x0, 0x0, 0x0, 0x0, 0x0,

    /* U+F181 "" */
    0x1, 0x34, 0x44, 0x44, 0x44, 0x44, 0x44, 0x42,
    0x0, 0x6f, 0xff, 0xff, 0xff, 0xff, 0xff, 0xff,
    0xff, 0xb0, 0xef, 0xff, 0xff, 0xff, 0xff, 0xff,
    0xff, 0xff, 0xf4, 0xff, 0x90, 0x0, 0x8, 0xff,
    0x40, 0x0, 0x3f, 0xf5, 0xff, 0x50, 0x0, 0x4,
    0xff, 0x0, 0x0, 0xe, 0xf5, 0xff, 0x50, 0x0,
    0x4, 0xff, 0x0, 0x0, 0xe, 0xf5, 0xff, 0x50,
    0x0, 0x4, 0xff, 0x0, 0x0, 0xe, 0xf5, 0xff,
    0x50, 0x0, 0x4, 0xff, 0x0, 0x0, 0xe, 0xf5,
    0xff, 0x50, 0x0, 0x4, 0xff, 0x0, 0x0, 0xe,
    0xf5, 0xff, 0x50, 0x0, 0x4, 0xff, 0x0, 0x0,
    0xe, 0xf5, 0xff, 0x50, 0x0, 0x4, 0xff, 0x85,
    0x55, 0x8f, 0xf5, 0xff, 0x50, 0x0, 0x4, 0xff,
    0xff, 0xff, 0xff, 0xf5, 0xff, 0x50, 0x0, 0x4,
    0xff, 0xff, 0xff, 0xff, 0xf5, 0xff, 0x50, 0x0,
    0x4, 0xff, 0xff, 0xff, 0xff, 0xf5, 0xff, 0x90,
    0x0, 0x8, 0xff, 0xff, 0xff, 0xff, 0xf5, 0xff,
    0xff, 0xff, 0xff, 0xff, 0xff, 0xff, 0xff, 0xf5,
    0xef, 0xff, 0xff, 0xff, 0xff, 0xff, 0xff, 0xff,
    0xf4, 0x6f, 0xff, 0xff, 0xff, 0xff, 0xff, 0xff,
    0xff, 0xb0, 0x1, 0x34, 0x44, 0x44, 0x44, 0x44,
    0x44, 0x43, 0x0,

    /* U+F182 "" */
    0x0, 0x3, 0x86, 0x0, 0x0, 0x0, 0x3f, 0xff,
    0xc0, 0x0, 0x0, 0xaf, 0xff, 0xf3, 0x0, 0x0,
    0x9f, 0xff, 0xf2, 0x0, 0x0, 0x2e, 0xff, 0xa0,
    0x0, 0x0, 0x1, 0x54, 0x0, 0x0, 0x0, 0xbe,
    0xab, 0xe5, 0x0, 0x2, 0xff, 0xff, 0xfb, 0x0,
    0x6, 0xff, 0xff, 0xff, 0x0, 0xa, 0xff, 0xff,
    0xff, 0x30, 0xe, 0xff, 0xff, 0xff, 0x70, 0x2f,
    0xff, 0xff, 0xff, 0xb0, 0x6f, 0xff, 0xff, 0xff,
    0xf0, 0xaf, 0xff, 0xff, 0xff, 0xf3, 0xdf, 0xff,
    0xff, 0xff, 0xf6, 0x36, 0x6d, 0xff, 0x96, 0x60,
    0x0, 0xc, 0xff, 0x50, 0x0, 0x0, 0xc, 0xff,
    0x50, 0x0, 0x0, 0xc, 0xff, 0x50, 0x0, 0x0,
    0xc, 0xff, 0x40, 0x0, 0x0, 0x2, 0x66, 0x0,
    0x0,

    /* U+F183 "" */
    0x0, 0x27, 0x50, 0x0, 0x3, 0xff, 0xfb, 0x0,
    0xa, 0xff, 0xff, 0x20, 0xa, 0xff, 0xff, 0x20,
    0x3, 0xff, 0xfb, 0x0, 0x0, 0x27, 0x50, 0x0,
    0x4c, 0xc9, 0xad, 0x90, 0xef, 0xff, 0xff, 0xf6,
    0xff, 0xff, 0xff, 0xf8, 0xff, 0xff, 0xff, 0xf8,
    0xff, 0xff, 0xff, 0xf8, 0xff, 0xff, 0xff, 0xf8,
    0xff, 0xff, 0xff, 0xf8, 0xef, 0xff, 0xff, 0xf6,
    0x19, 0xff, 0xff, 0x30, 0x7, 0xff, 0xff, 0x0,
    0x7, 0xff, 0xff, 0x0, 0x7, 0xff, 0xff, 0x0,
    0x7, 0xff, 0xff, 0x0, 0x6, 0xff, 0xfe, 0x0,
    0x1, 0x78, 0x84, 0x0,

    /* U+F184 "" */
    0x0, 0x0, 0x0, 0x0, 0x1, 0x21, 0x0, 0x0,
    0x0, 0x0, 0x0, 0x0, 0x0, 0x4, 0xaf, 0xff,
    0xff, 0xb5, 0x0, 0x0, 0x0, 0x0, 0x0, 0x1b,
    0xff, 0xff, 0xff, 0xff, 0xfc, 0x20, 0x0, 0x0,
    0x0, 0x3e, 0xff, 0xff, 0xff, 0xff, 0xff, 0xfe,
    0x40, 0x0, 0x0, 0x1e, 0xff, 0xff, 0xff, 0xff,
    0xff, 0xff, 0xff, 0x20, 0x0, 0xb, 0xff, 0xff,
    0xff, 0xff, 0xff, 0xff, 0xff, 0xfd, 0x0, 0x4,
    0xff, 0xff, 0xe9, 0xbf, 0xff, 0xc9, 0xdf, 0xff,
    0xf5, 0x0, 0xaf, 0xff, 0xf2, 0x0, 0x5c, 0x80,
    0x1, 0xef, 0xff, 0xb0, 0xe, 0xff, 0xfe, 0x0,
    0x0, 0x0, 0x0, 0xa, 0xff, 0xff, 0x0, 0xff,
    0xff, 0xf2, 0x0, 0x0, 0x0, 0x0, 0xef, 0xff,
    0xf2, 0x1f, 0xff, 0xff, 0xc0, 0x0, 0x0, 0x0,
    0x9f, 0xff, 0xff, 0x30, 0xff, 0xff, 0xff, 0x90,
    0x0, 0x0, 0x5f, 0xff, 0xff, 0xf2, 0xe, 0xff,
    0xff, 0xff, 0x50, 0x0, 0x2e, 0xff, 0xff, 0xff,
    0x0, 0xaf, 0xff, 0xff, 0xfe, 0x10, 0xc, 0xff,
    0xff, 0xff, 0xb0, 0x4, 0xff, 0xff, 0xff, 0xfc,
    0x8, 0xff, 0xff, 0xff, 0xf6, 0x0, 0xc, 0xff,
    0xff, 0xff, 0xfb, 0xff, 0xff, 0xff, 0xfd, 0x0,
    0x0, 0x1e, 0xff, 0xff, 0xff, 0xff, 0xff, 0xff,
    0xff, 0x20, 0x0, 0x0, 0x3e, 0xff, 0xff, 0xff,
    0xff, 0xff, 0xff, 0x40, 0x0, 0x0, 0x0, 0x2c,
    0xff, 0xff, 0xff, 0xff, 0xfd, 0x20, 0x0, 0x0,
    0x0, 0x0, 0x5, 0xbf, 0xff, 0xff, 0xb5, 0x0,
    0x0, 0x0, 0x0, 0x0, 0x0, 0x0, 0x1, 0x21,
    0x0, 0x0, 0x0, 0x0, 0x0,

    /* U+F185 "" */
    0x0, 0x0, 0x0, 0x0, 0x1, 0x10, 0x0, 0x0,
    0x0, 0x0, 0x0, 0x0, 0x0, 0x0, 0xd, 0xc0,
    0x0, 0x0, 0x0, 0x0, 0x0, 0x0, 0x0, 0x0,
    0x5f, 0xf4, 0x0, 0x0, 0x0, 0x0, 0x0, 0x17,
    0x30, 0x0, 0xdf, 0xfc, 0x0, 0x3, 0x71, 0x0,
    0x0, 0x2f, 0xfe, 0x87, 0xff, 0xff, 0x79, 0xef,
    0xf2, 0x0, 0x0, 0xc, 0xff, 0xff, 0xfc, 0xcf,
    0xff, 0xff, 0xd0, 0x0, 0x0, 0x7, 0xff, 0xf6,
    0x14, 0x41, 0x6f, 0xff, 0x70, 0x0, 0x0, 0x1,
    0xff, 0x36, 0xff, 0xff, 0x53, 0xff, 0x10, 0x0,
    0x0, 0x4c, 0xf8, 0x3f, 0xff, 0xff, 0xf3, 0x8f,
    0xc4, 0x0, 0x4c, 0xff, 0xf2, 0xaf, 0xff, 0xff,
    0xf9, 0x2f, 0xff, 0xc4, 0xef, 0xff, 0xf0, 0xbf,
    0xff, 0xff, 0xfb, 0xf, 0xff, 0xfe, 0x19, 0xff,
    0xf1, 0x9f, 0xff, 0xff, 0xf8, 0x1f, 0xff, 0x91,
    0x0, 0x19, 0xf5, 0x2f, 0xff, 0xff, 0xf1, 0x5f,
    0x91, 0x0, 0x0, 0x2, 0xfd, 0x3, 0xdf, 0xfc,
    0x30, 0xdf, 0x20, 0x0, 0x0, 0x7, 0xff, 0xb0,
    0x1, 0x10, 0xb, 0xff, 0x70, 0x0, 0x0, 0xb,
    0xff, 0xfe, 0x85, 0x58, 0xef, 0xff, 0xc0, 0x0,
    0x0, 0x1f, 0xff, 0xfd, 0xff, 0xff, 0xdf, 0xff,
    0xf1, 0x0, 0x0, 0x2e, 0xa5, 0x1, 0xff, 0xff,
    0x10, 0x5a, 0xe2, 0x0, 0x0, 0x0, 0x0, 0x0,
    0x8f, 0xf8, 0x0, 0x0, 0x0, 0x0, 0x0, 0x0,
    0x0, 0x0, 0x1f, 0xe1, 0x0, 0x0, 0x0, 0x0,
    0x0, 0x0, 0x0, 0x0, 0x6, 0x50, 0x0, 0x0,
    0x0, 0x0,

    /* U+F186 "" */
    0x0, 0x0, 0x0, 0x0, 0x23, 0x32, 0x0, 0x0,
    0x0, 0x0, 0x0, 0x0, 0x29, 0xef, 0xff, 0xf2,
    0x0, 0x0, 0x0, 0x0, 0x0, 0x9f, 0xff, 0xff,
    0xd3, 0x0, 0x0, 0x0, 0x0, 0x0, 0xcf, 0xff,
    0xff, 0xe1, 0x0, 0x0, 0x0, 0x0, 0x0, 0xbf,
    0xff, 0xff, 0xf4, 0x0, 0x0, 0x0, 0x0, 0x0,
    0x7f, 0xff, 0xff, 0xfb, 0x0, 0x0, 0x0, 0x0,
    0x0, 0x1e, 0xff, 0xff, 0xff, 0x50, 0x0, 0x0,
    0x0, 0x0, 0x6, 0xff, 0xff, 0xff, 0xf2, 0x0,
    0x0, 0x0, 0x0, 0x0, 0xaf, 0xff, 0xff, 0xff,
    0x10, 0x0, 0x0, 0x0, 0x0, 0xd, 0xff, 0xff,
    0xff, 0xf2, 0x0, 0x0, 0x0, 0x0, 0x0, 0xef,
    0xff, 0xff, 0xff, 0x40, 0x0, 0x0, 0x0, 0x0,
    0xe, 0xff, 0xff, 0xff, 0xfa, 0x0, 0x0, 0x0,
    0x0, 0x0, 0xcf, 0xff, 0xff, 0xff, 0xf2, 0x0,
    0x0, 0x0, 0x0, 0x8, 0xff, 0xff, 0xff, 0xff,
    0xc0, 0x0, 0x0, 0x0, 0x0, 0x3f, 0xff, 0xff,
    0xff, 0xff, 0xc1, 0x0, 0x0, 0x0, 0x0, 0xbf,
    0xff, 0xff, 0xff, 0xff, 0xe6, 0x0, 0x0, 0x0,
    0x1, 0xef, 0xff, 0xff, 0xff, 0xff, 0xff, 0xb9,
    0xa9, 0x0, 0x3, 0xff, 0xff, 0xff, 0xff, 0xff,
    0xff, 0xff, 0x50, 0x0, 0x3, 0xef, 0xff, 0xff,
    0xff, 0xff, 0xff, 0x50, 0x0, 0x0, 0x1, 0x9f,
    0xff, 0xff, 0xff, 0xfa, 0x20, 0x0, 0x0, 0x0,
    0x0, 0x16, 0x9b, 0xb9, 0x61, 0x0, 0x0, 0x0,

    /* U+F187 "" */
    0x0, 0x0, 0x0, 0x0, 0x0, 0x0, 0x0, 0x0,
    0x0, 0x0, 0xaf, 0xff, 0xff, 0xff, 0xff, 0xff,
    0xff, 0xff, 0xff, 0xfa, 0xff, 0xff, 0xff, 0xff,
    0xff, 0xff, 0xff, 0xff, 0xff, 0xff, 0xff, 0xff,
    0xff, 0xff, 0xff, 0xff, 0xff, 0xff, 0xff, 0xff,
    0x9b, 0xbb, 0xbb, 0xbb, 0xbb, 0xbb, 0xbb, 0xbb,
    0xbb, 0xb9, 0x5, 0x77, 0x77, 0x77, 0x77, 0x77,
    0x77, 0x77, 0x77, 0x50, 0xc, 0xff, 0xff, 0xff,
    0xff, 0xff, 0xff, 0xff, 0xff, 0xc0, 0xc, 0xff,
    0xff, 0xff, 0xff, 0xff, 0xff, 0xff, 0xff, 0xc0,
    0xc, 0xff, 0xff, 0xf9, 0x0, 0x0, 0x9f, 0xff,
    0xff, 0xc0, 0xc, 0xff, 0xff, 0xfe, 0xbb, 0xbb,
    0xef, 0xff, 0xff, 0xc0, 0xc, 0xff, 0xff, 0xff,
    0xff, 0xff, 0xff, 0xff, 0xff, 0xc0, 0xc, 0xff,
    0xff, 0xff, 0xff, 0xff, 0xff, 0xff, 0xff, 0xc0,
    0xc, 0xff, 0xff, 0xff, 0xff, 0xff, 0xff, 0xff,
    0xff, 0xc0, 0xc, 0xff, 0xff, 0xff, 0xff, 0xff,
    0xff, 0xff, 0xff, 0xc0, 0xc, 0xff, 0xff, 0xff,
    0xff, 0xff, 0xff, 0xff, 0xff, 0xc0, 0xc, 0xff,
    0xff, 0xff, 0xff, 0xff, 0xff, 0xff, 0xff, 0xc0,
    0xb, 0xff, 0xff, 0xff, 0xff, 0xff, 0xff, 0xff,
    0xff, 0xb0, 0x7, 0xff, 0xff, 0xff, 0xff, 0xff,
    0xff, 0xff, 0xff, 0x70, 0x0, 0x0, 0x0, 0x0,
    0x0, 0x0, 0x0, 0x0, 0x0, 0x0,

    /* U+F188 "" */
    0x0, 0x0, 0x0, 0x0, 0x25, 0x62, 0x0, 0x0,
    0x0, 0x0, 0x0, 0x0, 0x0, 0x9, 0xff, 0xff,
    0x90, 0x0, 0x0, 0x0, 0x0, 0x0, 0x0, 0x8f,
    0xff, 0xff, 0xf9, 0x0, 0x0, 0x0, 0x0, 0x0,
    0x1, 0xff, 0xff, 0xff, 0xff, 0x20, 0x0, 0x0,
    0x4, 0xb5, 0x4, 0xff, 0xff, 0xff, 0xff, 0x50,
    0x5b, 0x30, 0xb, 0xff, 0x60, 0x0, 0x0, 0x0,
    0x0, 0x6, 0xff, 0xa0, 0x3, 0xff, 0xf9, 0x77,
    0x77, 0x77, 0x77, 0x9f, 0xfe, 0x30, 0x0, 0x3e,
    0xff, 0xff, 0xff, 0xff, 0xff, 0xff, 0xe2, 0x0,
    0x0, 0x9, 0xff, 0xff, 0xff, 0xff, 0xff, 0xff,
    0x80, 0x0, 0x0, 0x9, 0xff, 0xff, 0xf2, 0x2f,
    0xff, 0xff, 0x80, 0x0, 0x37, 0x8c, 0xff, 0xff,
    0xf0, 0x1f, 0xff, 0xff, 0xc8, 0x73, 0xef, 0xff,
    0xff, 0xff, 0xf0, 0x1f, 0xff, 0xff, 0xff, 0xfe,
    0xaf, 0xff, 0xff, 0xff, 0xf0, 0x1f, 0xff, 0xff,
    0xff, 0xfa, 0x0, 0x9, 0xff, 0xff, 0xf0, 0x1f,
    0xff, 0xff, 0x80, 0x0, 0x0, 0x7, 0xff, 0xff,
    0xf0, 0x1f, 0xff, 0xff, 0x60, 0x0, 0x0, 0x2,
    0xff, 0xff, 0xf0, 0x1f, 0xff, 0xff, 0x20, 0x0,
    0x0, 0x9, 0xff, 0xff, 0xf0, 0x1f, 0xff, 0xff,
    0x90, 0x0, 0x0, 0x9f, 0xff, 0xff, 0xf0, 0x1f,
    0xff, 0xff, 0xf9, 0x0, 0x7, 0xff, 0xd1, 0x7d,
    0xf0, 0x1f, 0xd6, 0x1d, 0xff, 0x70, 0xa, 0xfe,
    0x10, 0x0, 0x0, 0x0, 0x0, 0x1, 0xef, 0xa0,
    0x1, 0x71, 0x0, 0x0, 0x0, 0x0, 0x0, 0x0,
    0x17, 0x10,

    /* U+F189 "" */
    0x8, 0x88, 0x30, 0x0, 0x58, 0x88, 0x60, 0x0,
    0x3, 0x88, 0x81, 0x3f, 0xff, 0xe0, 0x0, 0x9f,
    0xff, 0xf0, 0x0, 0xd, 0xff, 0xf3, 0xe, 0xff,
    0xf5, 0x0, 0x1f, 0xff, 0xf0, 0x0, 0x5f, 0xff,
    0xc0, 0x9, 0xff, 0xfb, 0x0, 0xe, 0xff, 0xf0,
    0x0, 0xef, 0xff, 0x30, 0x2, 0xff, 0xff, 0x40,
    0xe, 0xff, 0xf0, 0x8, 0xff, 0xf9, 0x0, 0x0,
    0xaf, 0xff, 0xc0, 0xe, 0xff, 0xf0, 0x5f, 0xff,
    0xe0, 0x0, 0x0, 0x1f, 0xff, 0xf7, 0xe, 0xff,
    0xfa, 0xff, 0xff, 0x40, 0x0, 0x0, 0x7, 0xff,
    0xff, 0xaf, 0xff, 0xff, 0xff, 0xff, 0x20, 0x0,
    0x0, 0x0, 0xcf, 0xff, 0xff, 0xff, 0xff, 0xff,
    0xff, 0xe2, 0x0, 0x0, 0x0, 0x1e, 0xff, 0xff,
    0xff, 0xf5, 0x8f, 0xff, 0xfd, 0x10, 0x0, 0x0,
    0x2, 0xef, 0xff, 0xff, 0xf0, 0x4, 0xff, 0xff,
    0xc0, 0x0, 0x0, 0x0, 0x1b, 0xff, 0xff, 0xf0,
    0x0, 0x5f, 0xff, 0xf7, 0x0, 0x0, 0x0, 0x0,
    0x4a, 0xee, 0xc0, 0x0, 0x5, 0xef, 0xfa,

    /* U+F18A "" */
    0x0, 0x0, 0x0, 0x0, 0x0, 0x0, 0x1, 0x32,
    0x0, 0x0, 0x0, 0x0, 0x0, 0x0, 0x0, 0x0,
    0x0, 0xff, 0xfe, 0x60, 0x0, 0x0, 0x0, 0x0,
    0x0, 0x0, 0x0, 0x4, 0x45, 0xbf, 0x90, 0x0,
    0x0, 0x0, 0x18, 0xde, 0x70, 0x0, 0x18, 0x60,
    0x9f, 0x40, 0x0, 0x0, 0x5e, 0xff, 0xfe, 0x0,
    0x3, 0xdf, 0xb0, 0xdc, 0x0, 0x0, 0x7f, 0xff,
    0xff, 0xd1, 0x69, 0x92, 0x3f, 0x39, 0xf0, 0x0,
    0x7f, 0xff, 0xff, 0xff, 0xff, 0xff, 0xd1, 0xf3,
    0x9f, 0x0, 0x5f, 0xff, 0xff, 0xed, 0xef, 0xff,
    0xfd, 0x3, 0xb, 0xb0, 0x1e, 0xff, 0xc5, 0x10,
    0x0, 0x16, 0xef, 0xd3, 0x0, 0x1, 0x8, 0xff,
    0x70, 0x3, 0x76, 0x10, 0x1, 0xcf, 0xfa, 0x0,
    0x0, 0xdf, 0x80, 0x9, 0xff, 0xff, 0x30, 0x3,
    0xff, 0xf4, 0x0, 0xf, 0xf1, 0x5, 0xfd, 0xe9,
    0xfa, 0x0, 0xf, 0xff, 0x60, 0x0, 0xdf, 0x10,
    0x8a, 0x6, 0xff, 0xa0, 0x2, 0xff, 0xf2, 0x0,
    0x7, 0xf6, 0x4, 0xc4, 0xcf, 0xf3, 0x0, 0xcf,
    0xf9, 0x0, 0x0, 0xa, 0xf5, 0x6, 0xdf, 0xb3,
    0x2, 0xcf, 0xf9, 0x0, 0x0, 0x0, 0x6, 0xec,
    0x64, 0x34, 0x6b, 0xff, 0xd5, 0x0, 0x0, 0x0,
    0x0, 0x0, 0x59, 0xce, 0xfe, 0xc9, 0x40, 0x0,
    0x0, 0x0, 0x0,

    /* U+F18B "" */
    0x0, 0x0, 0x0, 0x0, 0x0, 0x0, 0x0, 0x0,
    0x0, 0x0, 0x0, 0x0, 0x2, 0x8d, 0x20, 0xb,
    0xb4, 0x0, 0x0, 0x0, 0x0, 0x0, 0x8f, 0xff,
    0x20, 0xc, 0xff, 0xc2, 0x0, 0x0, 0x0, 0xc,
    0xff, 0xff, 0x20, 0xc, 0xff, 0xff, 0x30, 0x0,
    0x0, 0xcf, 0xff, 0xff, 0x20, 0xc, 0xff, 0xff,
    0xf2, 0x0, 0x7, 0xff, 0xff, 0xff, 0x20, 0xc,
    0xff, 0xff, 0xfc, 0x0, 0x1f, 0xff, 0xff, 0xff,
    0x20, 0xc, 0xff, 0xff, 0xff, 0x50, 0x6f, 0xff,
    0xff, 0xff, 0x10, 0xc, 0xff, 0xff, 0xff, 0xc0,
    0xbf, 0xff, 0xff, 0xff, 0x0, 0xb, 0xff, 0xff,
    0xff, 0xf0, 0xdf, 0xff, 0xff, 0xfd, 0x0, 0x8,
    0xff, 0xff, 0xff, 0xf2, 0xef, 0xff, 0xff, 0xf9,
    0x0, 0x4, 0xff, 0xff, 0xff, 0xf3, 0xdf, 0xff,
    0xff, 0xf3, 0x0, 0x0, 0xef, 0xff, 0xff, 0xf2,
    0xbf, 0xff, 0xff, 0xb0, 0x0, 0x0, 0x6f, 0xff,
    0xff, 0xf0, 0x6f, 0xff, 0xff, 0x20, 0x6, 0x0,
    0xc, 0xff, 0xff, 0xc0, 0x1f, 0xff, 0xf5, 0x0,
    0xe, 0x30, 0x1, 0xef, 0xff, 0x50, 0x8, 0xff,
    0x50, 0x0, 0x7f, 0xb0, 0x0, 0x2d, 0xfd, 0x0,
    0x0, 0x82, 0x0, 0x2, 0xff, 0xf6, 0x0, 0x0,
    0x72, 0x0, 0x0, 0x0, 0x0, 0x2e, 0xff, 0xff,
    0x50, 0x0, 0x0, 0x0, 0x0, 0x0, 0x4, 0xef,
    0xff, 0xff, 0xf7, 0x0, 0x0, 0x0, 0x0, 0x0,
    0x3, 0xae, 0xff, 0xff, 0xb5, 0x0, 0x0, 0x0,
    0x0, 0x0, 0x0, 0x0, 0x12, 0x20, 0x0, 0x0,
    0x0, 0x0,

    /* U+F18C "" */
    0x0, 0x0, 0x0, 0x0, 0x0, 0x0, 0x0, 0x0,
    0x0, 0x0, 0x0, 0xa, 0xb1, 0x0, 0x0, 0x0,
    0x0, 0x0, 0x0, 0x1f, 0xfe, 0x10, 0x0, 0x0,
    0x0, 0x0, 0x0, 0x2f, 0xff, 0x70, 0x0, 0x0,
    0x0, 0x0, 0x0, 0xf, 0xff, 0x90, 0x0, 0x0,
    0x0, 0x0, 0x0, 0x8, 0xff, 0x90, 0x0, 0x0,
    0x0, 0x9, 0xee, 0xa2, 0xcf, 0x52, 0xae, 0xe4,
    0x0, 0xb, 0xff, 0xfe, 0x2e, 0x4f, 0xff, 0xf3,
    0x0, 0x3, 0xff, 0xff, 0x9e, 0xef, 0xff, 0xd0,
    0x0, 0x0, 0x4e, 0xff, 0xff, 0xff, 0xfe, 0x30,
    0x0, 0x0, 0x0, 0x25, 0x7e, 0x87, 0x40, 0x0,
    0x7, 0xdf, 0xfc, 0x40, 0x59, 0x1, 0x44, 0x0,
    0x7, 0xff, 0xff, 0xf6, 0xa6, 0x9f, 0xff, 0xf6,
    0x0, 0xdf, 0xff, 0xff, 0xfe, 0xff, 0xff, 0xf5,
    0x0, 0x1b, 0xff, 0xff, 0xff, 0xff, 0xff, 0xa0,
    0x0, 0x0, 0x12, 0x2e, 0x15, 0x9b, 0xb6, 0x0,
    0x0, 0x0, 0x0, 0xb6, 0x0, 0x0, 0x0, 0x0,
    0x0, 0x0, 0xb, 0x90, 0x0, 0x0, 0x0, 0x0,
    0x0, 0x5, 0xd8, 0x0, 0x0, 0x0, 0x0, 0x0,
    0x1d, 0xea, 0x30, 0x0, 0x0, 0x0, 0x0, 0x0,
    0x0, 0x0, 0x0, 0x0, 0x0, 0x0, 0x0, 0x0,

    /* U+F18D "" */
    0x0, 0x57, 0x88, 0x88, 0x88, 0x88, 0x88, 0x72,
    0x0, 0xaf, 0xff, 0xff, 0xff, 0xff, 0xff, 0xff,
    0xf3, 0x2f, 0xff, 0xff, 0xff, 0xff, 0xff, 0xff,
    0xff, 0xa4, 0xff, 0xff, 0xff, 0xff, 0xff, 0xff,
    0xff, 0xfc, 0x1, 0x11, 0x11, 0x11, 0x11, 0x11,
    0x11, 0x11, 0x4, 0xff, 0xff, 0xff, 0xff, 0xff,
    0xff, 0xff, 0xfc, 0x4f, 0xff, 0xff, 0xff, 0xff,
    0xff, 0xff, 0xff, 0xc4, 0xff, 0xff, 0xff, 0xff,
    0xff, 0xff, 0xff, 0xfc, 0x14, 0x44, 0x44, 0x44,
    0x44, 0x44, 0x44, 0x44, 0x33, 0xcc, 0xcc, 0xcc,
    0xcc, 0xcc, 0xcc, 0xcc, 0xc9, 0x4f, 0xff, 0xff,
    0xff, 0xff, 0xff, 0xff, 0xff, 0xc4, 0xff, 0xff,
    0xff, 0xff, 0xff, 0xff, 0xff, 0xfc, 0x29, 0x99,
    0x99, 0x99, 0x99, 0x99, 0x99, 0x99, 0x72, 0x88,
    0x88, 0x88, 0x88, 0x88, 0x88, 0x88, 0x86, 0x4f,
    0xff, 0xff, 0xff, 0xff, 0xff, 0xff, 0xff, 0xc1,
    0xef, 0xff, 0xff, 0xff, 0xff, 0xff, 0xff, 0xf7,
    0x3, 0xdf, 0xff, 0xff, 0xff, 0xff, 0xff, 0xe9,
    0x0, 0x0, 0x0, 0x0, 0x0, 0xe, 0xfe, 0x20,
    0x0, 0x0, 0x0, 0x0, 0x0, 0x0, 0xee, 0x20,
    0x0, 0x0, 0x0, 0x0, 0x0, 0x0, 0xc, 0x20,
    0x0, 0x0, 0x0, 0x0, 0x0, 0x0, 0x0, 0x10,
    0x0, 0x0, 0x0,

    /* U+F191 "" */
    0x5, 0x77, 0x77, 0x77, 0x77, 0x77, 0x77, 0x77,
    0x30, 0xbf, 0xff, 0xff, 0xff, 0xff, 0xff, 0xff,
    0xff, 0xf3, 0xff, 0xff, 0xff, 0xff, 0xff, 0xff,
    0xff, 0xff, 0xf7, 0xff, 0xff, 0xff, 0xff, 0xff,
    0xff, 0xff, 0xff, 0xf8, 0xff, 0xff, 0xff, 0xff,
    0xfe, 0x5f, 0xff, 0xff, 0xf8, 0xff, 0xff, 0xff,
    0xff, 0xe1, 0x1f, 0xff, 0xff, 0xf8, 0xff, 0xff,
    0xff, 0xfe, 0x10, 0x1f, 0xff, 0xff, 0xf8, 0xff,
    0xff, 0xff, 0xe1, 0x0, 0x1f, 0xff, 0xff, 0xf8,
    0xff, 0xff, 0xfe, 0x10, 0x0, 0x1f, 0xff, 0xff,
    0xf8, 0xff, 0xff, 0xf4, 0x0, 0x0, 0x1f, 0xff,
    0xff, 0xf8, 0xff, 0xff, 0xfd, 0x10, 0x0, 0x1f,
    0xff, 0xff, 0xf8, 0xff, 0xff, 0xff, 0xd1, 0x0,
    0x1f, 0xff, 0xff, 0xf8, 0xff, 0xff, 0xff, 0xfd,
    0x10, 0x1f, 0xff, 0xff, 0xf8, 0xff, 0xff, 0xff,
    0xff, 0xd1, 0x1f, 0xff, 0xff, 0xf8, 0xff, 0xff,
    0xff, 0xff, 0xfd, 0x6f, 0xff, 0xff, 0xf8, 0xff,
    0xff, 0xff, 0xff, 0xff, 0xff, 0xff, 0xff, 0xf8,
    0xef, 0xff, 0xff, 0xff, 0xff, 0xff, 0xff, 0xff,
    0xf6, 0x6f, 0xff, 0xff, 0xff, 0xff, 0xff, 0xff,
    0xff, 0xc1, 0x0, 0x0, 0x0, 0x0, 0x0, 0x0,
    0x0, 0x0, 0x0,

    /* U+F192 "" */
    0x0, 0x0, 0x0, 0x0, 0x1, 0x10, 0x0, 0x0,
    0x0, 0x0, 0x0, 0x0, 0x1, 0x7c, 0xff, 0xff,
    0xc7, 0x10, 0x0, 0x0, 0x0, 0x0, 0x6f, 0xff,
    0xff, 0xff, 0xff, 0xf6, 0x0, 0x0, 0x0, 0x9,
    0xff, 0xff, 0xff, 0xff, 0xff, 0xff, 0x90, 0x0,
    0x0, 0x8f, 0xff, 0xff, 0xff, 0xff, 0xff, 0xff,
    0xf8, 0x0, 0x4, 0xff, 0xff, 0xff, 0xff, 0xff,
    0xff, 0xff, 0xff, 0x40, 0xd, 0xff, 0xff, 0xff,
    0xff, 0xff, 0xff, 0xff, 0xff, 0xd0, 0x3f, 0xff,
    0xff, 0xff, 0xd8, 0x8d, 0xff, 0xff, 0xff, 0xf3,
    0x7f, 0xff, 0xff, 0xfb, 0x0, 0x0, 0xbf, 0xff,
    0xff, 0xf7, 0x9f, 0xff, 0xff, 0xf1, 0x0, 0x0,
    0x1f, 0xff, 0xff, 0xf9, 0xaf, 0xff, 0xff, 0xe0,
    0x0, 0x0, 0xe, 0xff, 0xff, 0xfa, 0x9f, 0xff,
    0xff, 0xf1, 0x0, 0x0, 0x1f, 0xff, 0xff, 0xf9,
    0x7f, 0xff, 0xff, 0xfb, 0x0, 0x0, 0xbf, 0xff,
    0xff, 0xf7, 0x3f, 0xff, 0xff, 0xff, 0xd8, 0x8d,
    0xff, 0xff, 0xff, 0xf3, 0xd, 0xff, 0xff, 0xff,
    0xff, 0xff, 0xff, 0xff, 0xff, 0xd0, 0x4, 0xff,
    0xff, 0xff, 0xff, 0xff, 0xff, 0xff, 0xff, 0x40,
    0x0, 0x8f, 0xff, 0xff, 0xff, 0xff, 0xff, 0xff,
    0xf8, 0x0, 0x0, 0x9, 0xff, 0xff, 0xff, 0xff,
    0xff, 0xff, 0x90, 0x0, 0x0, 0x0, 0x6f, 0xff,
    0xff, 0xff, 0xff, 0xf6, 0x0, 0x0, 0x0, 0x0,
    0x1, 0x7c, 0xff, 0xff, 0xc7, 0x10, 0x0, 0x0,
    0x0, 0x0, 0x0, 0x0, 0x1, 0x10, 0x0, 0x0,
    0x0, 0x0,

    /* U+F193 "" */
    0x0, 0x0, 0x0, 0x7a, 0x70, 0x0, 0x0, 0x0,
    0x0, 0x0, 0x0, 0x0, 0x0, 0x8f, 0xff, 0x90,
    0x0, 0x0, 0x0, 0x0, 0x0, 0x0, 0x0, 0xf,
    0xff, 0xff, 0x0, 0x0, 0x0, 0x0, 0x0, 0x0,
    0x0, 0x0, 0xef, 0xff, 0xd0, 0x0, 0x0, 0x0,
    0x0, 0x0, 0x0, 0x0, 0xc, 0xff, 0xf4, 0x0,
    0x0, 0x0, 0x0, 0x0, 0x0, 0x0, 0x0, 0xaf,
    0xe1, 0x0, 0x0, 0x0, 0x0, 0x0, 0x0, 0x0,
    0x0, 0x8, 0xff, 0x77, 0x77, 0x73, 0x0, 0x0,
    0x0, 0x0, 0x0, 0x75, 0x5f, 0xff, 0xff, 0xff,
    0xb0, 0x0, 0x0, 0x0, 0x0, 0xcf, 0x83, 0xff,
    0xff, 0xff, 0xfa, 0x0, 0x0, 0x0, 0x0, 0xbf,
    0xf9, 0x1f, 0xf7, 0x0, 0x0, 0x0, 0x0, 0x0,
    0x0, 0x5f, 0xfb, 0x0, 0xff, 0xc8, 0x88, 0x87,
    0x20, 0x0, 0x0, 0xb, 0xff, 0x10, 0xc, 0xff,
    0xff, 0xff, 0xff, 0x10, 0x0, 0x0, 0xef, 0xa0,
    0x0, 0x6f, 0xff, 0xff, 0xff, 0xf7, 0x0, 0x0,
    0xf, 0xf8, 0x0, 0x0, 0x0, 0x0, 0x0, 0xcf,
    0xe0, 0x0, 0x0, 0xef, 0x90, 0x0, 0x0, 0x0,
    0xa, 0x45, 0xff, 0x60, 0x0, 0xb, 0xfe, 0x0,
    0x0, 0x0, 0x3, 0xfb, 0xd, 0xfd, 0x3a, 0x40,
    0x5f, 0xfa, 0x0, 0x0, 0x0, 0xdf, 0xf0, 0x6f,
    0xff, 0xfd, 0x0, 0xbf, 0xfb, 0x30, 0x5, 0xdf,
    0xf7, 0x0, 0xef, 0xff, 0x90, 0x1, 0xdf, 0xff,
    0xff, 0xff, 0xf9, 0x0, 0x5, 0xea, 0x20, 0x0,
    0x0, 0x9f, 0xff, 0xff, 0xe6, 0x0, 0x0, 0x0,
    0x0, 0x0, 0x0, 0x0, 0x15, 0x77, 0x40, 0x0,
    0x0, 0x0, 0x0, 0x0, 0x0,

    /* U+F194 "" */
    0x2, 0x44, 0x44, 0x44, 0x44, 0x44, 0x44, 0x43,
    0x0, 0x8f, 0xff, 0xff, 0xff, 0xff, 0xff, 0xff,
    0xff, 0xe2, 0xff, 0xff, 0xff, 0xff, 0xff, 0xff,
    0xff, 0xff, 0xf7, 0xff, 0xff, 0xff, 0xff, 0xff,
    0xff, 0xff, 0xff, 0xf8, 0xff, 0xff, 0xf8, 0x4c,
    0xff, 0xf8, 0x32, 0xbf, 0xf8, 0xff, 0xff, 0x40,
    0x3, 0xff, 0x60, 0x0, 0x1f, 0xf8, 0xff, 0xe2,
    0x0, 0x0, 0xfe, 0x20, 0x0, 0xf, 0xf8, 0xff,
    0xd8, 0x70, 0x0, 0xdf, 0xf5, 0x0, 0x3f, 0xf8,
    0xff, 0xff, 0xf0, 0x0, 0xaf, 0xf3, 0x0, 0x9f,
    0xf8, 0xff, 0xff, 0xf5, 0x0, 0x6f, 0xb0, 0x2,
    0xff, 0xf8, 0xff, 0xff, 0xfa, 0x0, 0x1d, 0x10,
    0xc, 0xff, 0xf8, 0xff, 0xff, 0xfe, 0x0, 0x0,
    0x0, 0x8f, 0xff, 0xf8, 0xff, 0xff, 0xff, 0x20,
    0x0, 0x5, 0xff, 0xff, 0xf8, 0xff, 0xff, 0xff,
    0x90, 0x0, 0x5f, 0xff, 0xff, 0xf8, 0xff, 0xff,
    0xff, 0xf5, 0x39, 0xff, 0xff, 0xff, 0xf8, 0xff,
    0xff, 0xff, 0xff, 0xff, 0xff, 0xff, 0xff, 0xf8,
    0xff, 0xff, 0xff, 0xff, 0xff, 0xff, 0xff, 0xff,
    0xf7, 0x8f, 0xff, 0xff, 0xff, 0xff, 0xff, 0xff,
    0xff, 0xe2, 0x2, 0x44, 0x44, 0x44, 0x44, 0x44,
    0x44, 0x43, 0x0,

    /* U+F195 "" */
    0x0, 0x17, 0x75, 0x0, 0x0, 0x0, 0x0, 0x0,
    0x0, 0x4f, 0xfd, 0x0, 0x0, 0x0, 0x0, 0x0,
    0x0, 0x4f, 0xfd, 0x25, 0x9d, 0xf7, 0x0, 0x0,
    0x0, 0x6f, 0xff, 0xff, 0xff, 0xf7, 0x0, 0x0,
    0x9f, 0xff, 0xff, 0xff, 0xfc, 0x82, 0x0, 0x0,
    0xcf, 0xff, 0xfe, 0x63, 0x1, 0x41, 0x0, 0x0,
    0x79, 0x8f, 0xfe, 0x69, 0xdf, 0xf7, 0x0, 0x0,
    0x4, 0x9f, 0xff, 0xff, 0xff, 0xf7, 0x0, 0x0,
    0xcf, 0xff, 0xff, 0xff, 0xb8, 0x40, 0x0, 0x0,
    0xcf, 0xff, 0xfe, 0x20, 0x0, 0x0, 0x5b, 0xb1,
    0x45, 0x5f, 0xfd, 0x0, 0x0, 0x0, 0xaf, 0xf2,
    0x0, 0x4f, 0xfd, 0x0, 0x0, 0x0, 0xdf, 0xf0,
    0x0, 0x4f, 0xfd, 0x0, 0x0, 0x4, 0xff, 0xb0,
    0x0, 0x4f, 0xfd, 0x0, 0x0, 0x1d, 0xff, 0x50,
    0x0, 0x4f, 0xfd, 0x0, 0x5, 0xef, 0xfc, 0x0,
    0x0, 0x4f, 0xfe, 0x7a, 0xef, 0xff, 0xd1, 0x0,
    0x0, 0x4f, 0xff, 0xff, 0xff, 0xfb, 0x10, 0x0,
    0x0, 0x3f, 0xff, 0xff, 0xd9, 0x30, 0x0, 0x0,
    0x0, 0x0, 0x0, 0x0, 0x0, 0x0, 0x0, 0x0,

    /* U+F197 "" */
    0x0, 0x22, 0x41, 0x0, 0x0, 0x0, 0x0, 0x0,
    0x0, 0x0, 0x0, 0x0, 0x0, 0x4f, 0x6f, 0xfc,
    0x30, 0x0, 0x0, 0x0, 0x0, 0x0, 0x0, 0x0,
    0x0, 0xa, 0xf6, 0xff, 0xff, 0x60, 0x0, 0x0,
    0x0, 0x0, 0x0, 0x0, 0x0, 0x0, 0xbf, 0x6f,
    0xff, 0xff, 0x90, 0x0, 0x0, 0x0, 0x0, 0x0,
    0x0, 0x0, 0xc, 0xf6, 0xff, 0xff, 0xff, 0xd3,
    0x0, 0x0, 0x0, 0x0, 0x0, 0x0, 0x2, 0xdf,
    0x9f, 0xff, 0xff, 0xff, 0xfb, 0x51, 0x0, 0x0,
    0x0, 0x0, 0x0, 0xff, 0xff, 0xff, 0xf7, 0x66,
    0x66, 0x66, 0x66, 0x66, 0x65, 0x30, 0x0, 0xf,
    0xff, 0xff, 0xff, 0xff, 0xff, 0xff, 0xff, 0xff,
    0xff, 0xff, 0xfb, 0x40, 0xdf, 0xff, 0xff, 0xff,
    0xff, 0xff, 0xff, 0xff, 0xff, 0xc3, 0xff, 0xff,
    0x82, 0xdf, 0xff, 0xff, 0xff, 0xff, 0xff, 0xff,
    0xff, 0xfc, 0xf, 0xff, 0xfe, 0xff, 0xff, 0xff,
    0xff, 0xff, 0xff, 0xff, 0xff, 0xff, 0xc5, 0xff,
    0xff, 0x5f, 0xff, 0xff, 0xff, 0xff, 0xff, 0xff,
    0xff, 0xff, 0xff, 0xff, 0xc7, 0x10, 0xef, 0xff,
    0xff, 0xe6, 0x66, 0x66, 0x66, 0x43, 0x33, 0x31,
    0x0, 0x0, 0x0, 0xcf, 0x7f, 0xff, 0xff, 0xff,
    0xf8, 0x20, 0x0, 0x0, 0x0, 0x0, 0x0, 0xc,
    0xf6, 0xff, 0xff, 0xff, 0xa1, 0x0, 0x0, 0x0,
    0x0, 0x0, 0x0, 0x0, 0xbf, 0x6f, 0xff, 0xff,
    0x60, 0x0, 0x0, 0x0, 0x0, 0x0, 0x0, 0x0,
    0x9, 0xf6, 0xff, 0xfe, 0x30, 0x0, 0x0, 0x0,
    0x0, 0x0, 0x0, 0x0, 0x0, 0x2e, 0x6f, 0xe8,
    0x10, 0x0, 0x0, 0x0, 0x0, 0x0, 0x0, 0x0,
    0x0, 0x0, 0x0, 0x10, 0x0, 0x0, 0x0, 0x0,
    0x0, 0x0, 0x0, 0x0, 0x0, 0x0,

    /* U+F198 "" */
    0x0, 0x0, 0x0, 0x0, 0x0, 0x0, 0x0, 0x0,
    0x0, 0x0, 0x0, 0xb, 0xfa, 0x3, 0xee, 0x50,
    0x0, 0x0, 0x0, 0x0, 0x5f, 0xff, 0x3b, 0xff,
    0xd0, 0x0, 0x0, 0x0, 0x0, 0x3f, 0xff, 0x5c,
    0xff, 0xe0, 0x0, 0x0, 0x0, 0x0, 0x4, 0x9a,
    0x3c, 0xff, 0xe0, 0x0, 0x0, 0x6, 0x77, 0x77,
    0x72, 0xc, 0xff, 0xe0, 0x16, 0x30, 0xbf, 0xff,
    0xff, 0xff, 0x1c, 0xff, 0xe0, 0xdf, 0xf4, 0xef,
    0xff, 0xff, 0xff, 0x4b, 0xff, 0xd2, 0xff, 0xf7,
    0x6f, 0xff, 0xff, 0xfb, 0x3, 0xef, 0x52, 0xff,
    0xd1, 0x0, 0x11, 0x11, 0x0, 0x0, 0x0, 0x0,
    0x11, 0x0, 0x5f, 0xfa, 0xb, 0xfa, 0x3, 0xef,
    0xff, 0xff, 0xc1, 0xef, 0xfa, 0x5f, 0xff, 0x3a,
    0xff, 0xff, 0xff, 0xf7, 0xcf, 0xf7, 0x6f, 0xff,
    0x58, 0xff, 0xff, 0xff, 0xf5, 0x19, 0x70, 0x6f,
    0xff, 0x50, 0x7a, 0xaa, 0xaa, 0x60, 0x0, 0x0,
    0x6f, 0xff, 0x55, 0x65, 0x0, 0x0, 0x0, 0x0,
    0x0, 0x6f, 0xff, 0x5c, 0xff, 0x90, 0x0, 0x0,
    0x0, 0x0, 0x5f, 0xff, 0x4b, 0xff, 0xd0, 0x0,
    0x0, 0x0, 0x0, 0x1e, 0xfd, 0x5, 0xff, 0x70,
    0x0, 0x0, 0x0, 0x0, 0x0, 0x30, 0x0, 0x12,
    0x0, 0x0, 0x0,

    /* U+F199 "" */
    0x0, 0x0, 0x0, 0x0, 0x0, 0x0, 0x0, 0x0,
    0x0, 0x6f, 0xff, 0xff, 0xff, 0xff, 0xff, 0xff,
    0xff, 0xc1, 0xff, 0xff, 0xff, 0xff, 0xff, 0xff,
    0xff, 0xff, 0xf7, 0xff, 0xff, 0xff, 0xff, 0xff,
    0xff, 0xff, 0xff, 0xf8, 0xff, 0xfb, 0xbb, 0xbb,
    0xbb, 0xbb, 0xbb, 0xdf, 0xf8, 0xff, 0x80, 0x0,
    0x0, 0x0, 0x0, 0x0, 0xf, 0xf8, 0xff, 0x90,
    0x0, 0x0, 0x0, 0x0, 0x0, 0x2f, 0xf8, 0xff,
    0xfa, 0x10, 0x0, 0x0, 0x0, 0x5, 0xef, 0xf8,
    0xff, 0xac, 0xe4, 0x0, 0x0, 0x0, 0x9f, 0x7f,
    0xf8, 0xff, 0x80, 0x8f, 0x80, 0x0, 0x3d, 0xd3,
    0xf, 0xf8, 0xff, 0x80, 0x4, 0xed, 0x58, 0xfa,
    0x0, 0xf, 0xf8, 0xff, 0x80, 0x0, 0x1a, 0xfd,
    0x50, 0x0, 0xf, 0xf8, 0xff, 0x80, 0x0, 0x0,
    0x0, 0x0, 0x0, 0xf, 0xf8, 0xff, 0x80, 0x0,
    0x0, 0x0, 0x0, 0x0, 0xf, 0xf8, 0xff, 0xfb,
    0xbb, 0xbb, 0xbb, 0xbb, 0xbb, 0xdf, 0xf8, 0xff,
    0xff, 0xff, 0xff, 0xff, 0xff, 0xff, 0xff, 0xf8,
    0xff, 0xff, 0xff, 0xff, 0xff, 0xff, 0xff, 0xff,
    0xf7, 0x6f, 0xff, 0xff, 0xff, 0xff, 0xff, 0xff,
    0xff, 0xc1, 0x0, 0x0, 0x0, 0x0, 0x0, 0x0,
    0x0, 0x0, 0x0,

    /* U+F19A "" */
    0x0, 0x0, 0x0, 0x57, 0x66, 0x66, 0x75, 0x0,
    0x0, 0x0, 0x0, 0x0, 0x47, 0x25, 0x9b, 0xb9,
    0x52, 0x74, 0x0, 0x0, 0x0, 0x6, 0x46, 0xef,
    0xff, 0xff, 0xfe, 0x64, 0x60, 0x0, 0x0, 0x62,
    0x9f, 0xff, 0xff, 0xff, 0xff, 0xd2, 0x26, 0x0,
    0x3, 0x48, 0xfe, 0xff, 0xff, 0xfe, 0xff, 0x30,
    0x4, 0x30, 0x8, 0x0, 0x9, 0xfc, 0x50, 0x7,
    0xef, 0x40, 0x1, 0x70, 0x24, 0x60, 0xb, 0xff,
    0xe0, 0x7, 0xff, 0xb0, 0x8, 0x42, 0x61, 0xf0,
    0x5, 0xff, 0xf3, 0x2, 0xff, 0xf3, 0xe, 0x6,
    0x73, 0xf5, 0x0, 0xff, 0xf9, 0x0, 0xcf, 0xf7,
    0x2f, 0x26, 0x74, 0xfb, 0x0, 0xbf, 0xf9, 0x0,
    0x7f, 0xf8, 0x7f, 0x36, 0x73, 0xff, 0x10, 0x5f,
    0xf4, 0x40, 0x2f, 0xf4, 0xcf, 0x26, 0x61, 0xff,
    0x70, 0x1f, 0xe5, 0xb0, 0xc, 0xf3, 0xfe, 0x6,
    0x24, 0xaf, 0xd0, 0xb, 0x9a, 0xf1, 0x7, 0xb7,
    0xf9, 0x42, 0x7, 0x2f, 0xf2, 0x6, 0x4f, 0xf6,
    0x2, 0x6d, 0xf2, 0x70, 0x3, 0x46, 0xf8, 0x0,
    0x6f, 0xfc, 0x0, 0x2f, 0x54, 0x30, 0x0, 0x62,
    0x7e, 0x0, 0xbf, 0xff, 0x20, 0x77, 0x26, 0x0,
    0x0, 0x6, 0x33, 0x21, 0xff, 0xff, 0x80, 0x13,
    0x60, 0x0, 0x0, 0x0, 0x47, 0x11, 0x79, 0x97,
    0x31, 0x74, 0x0, 0x0, 0x0, 0x0, 0x0, 0x57,
    0x66, 0x66, 0x75, 0x0, 0x0, 0x0,

    /* U+F19B "" */
    0x0, 0x0, 0x0, 0x0, 0x1, 0x40, 0x0, 0x0,
    0x0, 0x0, 0x0, 0x0, 0x0, 0x9f, 0x90, 0x0,
    0x0, 0x0, 0x0, 0x0, 0x0, 0x1, 0xff, 0x90,
    0x0, 0x0, 0x0, 0x0, 0x0, 0x0, 0x1, 0xff,
    0x90, 0x0, 0x0, 0x0, 0x0, 0x0, 0x0, 0x1,
    0xff, 0x90, 0x0, 0x0, 0x0, 0x0, 0x0, 0x4,
    0x86, 0xff, 0x98, 0x62, 0x0, 0x0, 0x0, 0x18,
    0xff, 0xf8, 0xff, 0x9e, 0xff, 0xc5, 0x92, 0x3,
    0xef, 0xf9, 0x41, 0xff, 0x91, 0x5c, 0xff, 0xf4,
    0x2f, 0xfd, 0x20, 0x1, 0xff, 0x90, 0x2c, 0xff,
    0xf5, 0xbf, 0xf1, 0x0, 0x1, 0xff, 0x90, 0x0,
    0x36, 0xa5, 0xff, 0xb0, 0x0, 0x1, 0xff, 0x90,
    0x0, 0x0, 0x0, 0xef, 0xb0, 0x0, 0x1, 0xff,
    0x90, 0x0, 0x0, 0x0, 0xaf, 0xf3, 0x0, 0x1,
    0xff, 0x90, 0x0, 0x0, 0x0, 0x1e, 0xfe, 0x40,
    0x1, 0xff, 0x90, 0x0, 0x0, 0x0, 0x2, 0xdf,
    0xfb, 0x63, 0xff, 0x90, 0x0, 0x0, 0x0, 0x0,
    0x6, 0xdf, 0xff, 0xfe, 0x50, 0x0, 0x0, 0x0,
    0x0, 0x0, 0x2, 0x68, 0x60, 0x0, 0x0, 0x0,
    0x0,

    /* U+F19C "" */
    0x0, 0x0, 0x0, 0x0, 0x0, 0x10, 0x0, 0x0,
    0x0, 0x0, 0x0, 0x0, 0x0, 0x4, 0xaf, 0xfb,
    0x50, 0x0, 0x0, 0x0, 0x0, 0x0, 0x27, 0xdf,
    0xff, 0xff, 0xff, 0x93, 0x0, 0x0, 0x0, 0x5b,
    0xff, 0xff, 0xff, 0xff, 0xff, 0xff, 0xd7, 0x10,
    0x2f, 0xff, 0xff, 0xff, 0xff, 0xff, 0xff, 0xff,
    0xff, 0xf6, 0x16, 0xff, 0xff, 0xff, 0xff, 0xff,
    0xff, 0xff, 0xff, 0x93, 0x0, 0x56, 0x66, 0x66,
    0x66, 0x66, 0x66, 0x66, 0x65, 0x0, 0x0, 0x1,
    0xff, 0x60, 0x1f, 0xf6, 0x1, 0xff, 0x60, 0x0,
    0x0, 0x1, 0xff, 0x60, 0x1f, 0xf6, 0x1, 0xff,
    0x60, 0x0, 0x0, 0x1, 0xff, 0x60, 0x1f, 0xf6,
    0x1, 0xff, 0x60, 0x0, 0x0, 0x1, 0xff, 0x60,
    0x1f, 0xf6, 0x1, 0xff, 0x60, 0x0, 0x0, 0x1,
    0xff, 0x60, 0x1f, 0xf6, 0x1, 0xff, 0x60, 0x0,
    0x0, 0x1, 0xff, 0x60, 0x1f, 0xf6, 0x1, 0xff,
    0x60, 0x0, 0x0, 0x1, 0xff, 0x60, 0x1f, 0xf6,
    0x1, 0xff, 0x60, 0x0, 0x0, 0x9b, 0xff, 0xca,
    0xbf, 0xfc, 0xab, 0xff, 0xca, 0x20, 0x0, 0x89,
    0x99, 0x99, 0x99, 0x99, 0x99, 0x99, 0x99, 0x20,
    0x1c, 0xdd, 0xdd, 0xdd, 0xdd, 0xdd, 0xdd, 0xdd,
    0xdd, 0xc3, 0x3f, 0xff, 0xff, 0xff, 0xff, 0xff,
    0xff, 0xff, 0xff, 0xf8, 0x0, 0x0, 0x0, 0x0,
    0x0, 0x0, 0x0, 0x0, 0x0, 0x0,

    /* U+F19D "" */
    0x0, 0x0, 0x0, 0x0, 0x0, 0x0, 0x0, 0x0,
    0x0, 0x0, 0x0, 0x0, 0x0, 0x0, 0x0, 0x0,
    0x0, 0x38, 0xcf, 0xc8, 0x30, 0x0, 0x0, 0x0,
    0x0, 0x0, 0x0, 0x0, 0x49, 0xef, 0xff, 0xff,
    0xff, 0xe9, 0x40, 0x0, 0x0, 0x0, 0x1, 0x6a,
    0xff, 0xff, 0xff, 0xff, 0xff, 0xff, 0xff, 0xfa,
    0x61, 0x0, 0x5c, 0xff, 0xff, 0xff, 0xff, 0xff,
    0xff, 0xff, 0xff, 0xff, 0xff, 0xfc, 0x5e, 0xff,
    0xff, 0xff, 0xff, 0xff, 0xff, 0xff, 0xff, 0xff,
    0xff, 0xff, 0xfe, 0x28, 0xdf, 0xff, 0xff, 0xff,
    0xff, 0xff, 0xff, 0xff, 0xff, 0xff, 0xd8, 0x20,
    0xc, 0xb6, 0xbf, 0xff, 0xff, 0xff, 0xff, 0xff,
    0xff, 0xb6, 0x10, 0x0, 0x2, 0xf3, 0x0, 0x5,
    0xae, 0xff, 0xff, 0xfe, 0xa5, 0x0, 0x0, 0x0,
    0x0, 0xaf, 0xa0, 0x7a, 0x50, 0x4, 0x8b, 0x84,
    0x0, 0x5a, 0x70, 0x0, 0x0, 0x7, 0xf7, 0xa,
    0xff, 0xfb, 0x62, 0x2, 0x6b, 0xff, 0xfa, 0x0,
    0x0, 0x0, 0x5f, 0x50, 0xcf, 0xff, 0xff, 0xff,
    0xff, 0xff, 0xff, 0xc0, 0x0, 0x0, 0x9, 0xf9,
    0xe, 0xff, 0xff, 0xff, 0xff, 0xff, 0xff, 0xfe,
    0x0, 0x0, 0x0, 0xdf, 0xd0, 0xff, 0xff, 0xff,
    0xff, 0xff, 0xff, 0xff, 0xf0, 0x0, 0x0, 0xf,
    0xff, 0x5, 0xff, 0xff, 0xff, 0xff, 0xff, 0xff,
    0xf5, 0x0, 0x0, 0x2, 0xff, 0xf2, 0x0, 0x59,
    0xce, 0xff, 0xfe, 0xc9, 0x50, 0x0, 0x0, 0x0,

    /* U+F19E "" */
    0x6, 0x64, 0x0, 0x0, 0x0, 0x0, 0x0, 0x76,
    0x30, 0x8f, 0xf1, 0x0, 0x0, 0x0, 0x0, 0x8f,
    0xe1, 0x0, 0xdf, 0xa0, 0x0, 0x0, 0x0, 0x2f,
    0xf5, 0x0, 0x4, 0xff, 0x30, 0x0, 0x0, 0xb,
    0xfb, 0x0, 0x0, 0xa, 0xfd, 0x0, 0x0, 0x4,
    0xff, 0x20, 0x0, 0x0, 0x1f, 0xf6, 0x0, 0x0,
    0xef, 0x80, 0x0, 0x0, 0x0, 0x7f, 0xf1, 0x0,
    0x8f, 0xe0, 0x0, 0x0, 0x0, 0x0, 0xdf, 0xa0,
    0x2f, 0xf6, 0x0, 0x0, 0x0, 0x0, 0x5, 0xff,
    0x4b, 0xfc, 0x0, 0x0, 0x0, 0x0, 0x0, 0xb,
    0xfe, 0xff, 0x30, 0x0, 0x0, 0x0, 0x0, 0x0,
    0x3f, 0xff, 0xa0, 0x0, 0x0, 0x0, 0x0, 0x0,
    0x0, 0x9f, 0xf1, 0x0, 0x0, 0x0, 0x0, 0x0,
    0x0, 0x6, 0xfd, 0x0, 0x0, 0x0, 0x0, 0x0,
    0x0, 0x0, 0x6f, 0xd0, 0x0, 0x0, 0x0, 0x0,
    0x0, 0x0, 0x6, 0xfe, 0x0, 0x0, 0x0, 0x0,
    0x0, 0x0, 0x0, 0x7f, 0xe0, 0x0, 0x0, 0x0,
    0x0, 0x0, 0x0, 0x7, 0xfe, 0x0, 0x0, 0x0,
    0x0, 0x0, 0x0, 0x0, 0x7f, 0xf0, 0x0, 0x0,
    0x0, 0x0, 0x0, 0x0, 0x7, 0xff, 0x0, 0x0,
    0x0, 0x0, 0x0, 0x0, 0x0, 0x8f, 0xf0, 0x0,
    0x0, 0x0, 0x0, 0x0, 0x0, 0x3, 0x56, 0x0,
    0x0, 0x0, 0x0,

    /* U+F1A0 "" */
    0x0, 0x0, 0x0, 0x0, 0x13, 0x20, 0x0, 0x0,
    0x0, 0x0, 0x0, 0x0, 0x4, 0xaf, 0xff, 0xff,
    0xc7, 0x0, 0x0, 0x0, 0x0, 0x1, 0xbf, 0xff,
    0xff, 0xff, 0xff, 0xe3, 0x0, 0x0, 0x0, 0x2e,
    0xff, 0xff, 0xff, 0xff, 0xff, 0xfd, 0x0, 0x0,
    0x1, 0xdf, 0xff, 0xfd, 0x86, 0x7a, 0xff, 0xd1,
    0x0, 0x0, 0xa, 0xff, 0xff, 0x50, 0x0, 0x0,
    0x19, 0x10, 0x0, 0x0, 0x2f, 0xff, 0xf3, 0x0,
    0x0, 0x0, 0x0, 0x0, 0x0, 0x0, 0x8f, 0xff,
    0x70, 0x0, 0x0, 0x0, 0x0, 0x0, 0x0, 0x0,
    0xcf, 0xff, 0x0, 0x0, 0x0, 0x0, 0x0, 0x0,
    0x0, 0x0, 0xef, 0xfc, 0x0, 0x0, 0x4, 0xff,
    0xff, 0xff, 0xff, 0xe0, 0xff, 0xfb, 0x0, 0x0,
    0x5, 0xff, 0xff, 0xff, 0xff, 0xf0, 0xef, 0xfc,
    0x0, 0x0, 0x5, 0xff, 0xff, 0xff, 0xff, 0xf0,
    0xcf, 0xff, 0x0, 0x0, 0x2, 0x66, 0x66, 0x6f,
    0xff, 0xe0, 0x7f, 0xff, 0x70, 0x0, 0x0, 0x0,
    0x0, 0x3f, 0xff, 0xa0, 0x2f, 0xff, 0xf3, 0x0,
    0x0, 0x0, 0x0, 0xcf, 0xff, 0x50, 0x9, 0xff,
    0xff, 0x50, 0x0, 0x0, 0x1b, 0xff, 0xfd, 0x0,
    0x0, 0xcf, 0xff, 0xfd, 0x87, 0x7a, 0xff, 0xff,
    0xf4, 0x0, 0x0, 0x1d, 0xff, 0xff, 0xff, 0xff,
    0xff, 0xff, 0x60, 0x0, 0x0, 0x0, 0xaf, 0xff,
    0xff, 0xff, 0xff, 0xe4, 0x0, 0x0, 0x0, 0x0,
    0x3, 0x9e, 0xff, 0xff, 0xc7, 0x0, 0x0, 0x0,
    0x0, 0x0, 0x0, 0x0, 0x1, 0x10, 0x0, 0x0,
    0x0, 0x0,

    /* U+F1A1 "" */
    0x0, 0x0, 0x0, 0x0, 0x1, 0x10, 0x0, 0x0,
    0x0, 0x0, 0x0, 0x0, 0x1, 0x7c, 0xff, 0xff,
    0xc7, 0x10, 0x0, 0x0, 0x0, 0x0, 0x6f, 0xff,
    0xff, 0xff, 0xff, 0xf6, 0x0, 0x0, 0x0, 0x9,
    0xff, 0xff, 0xff, 0xff, 0xff, 0xff, 0x90, 0x0,
    0x0, 0x8f, 0xff, 0xff, 0xff, 0xed, 0xfe, 0xdf,
    0xf8, 0x0, 0x4, 0xff, 0xff, 0xff, 0xff, 0x8a,
    0x81, 0x1f, 0xff, 0x40, 0xd, 0xff, 0xff, 0xff,
    0xff, 0x8f, 0xf9, 0x9f, 0xff, 0xd0, 0x3f, 0xff,
    0xff, 0xff, 0xfe, 0x9f, 0xff, 0xff, 0xff, 0xf3,
    0x7f, 0xff, 0xff, 0xfc, 0x74, 0x47, 0xcf, 0xff,
    0xff, 0xf7, 0x9f, 0xff, 0x70, 0x10, 0x0, 0x0,
    0x1, 0x7, 0xff, 0xf9, 0xaf, 0xff, 0x40, 0x8,
    0x60, 0x6, 0x90, 0x4, 0xff, 0xfa, 0x9f, 0xff,
    0xd0, 0xf, 0xb0, 0xb, 0xf0, 0xc, 0xff, 0xf9,
    0x7f, 0xff, 0xe0, 0x1, 0x10, 0x1, 0x10, 0xe,
    0xff, 0xf7, 0x3f, 0xff, 0xf5, 0x1, 0x51, 0x15,
    0x10, 0x5f, 0xff, 0xf3, 0xd, 0xff, 0xff, 0x60,
    0x26, 0x62, 0x6, 0xff, 0xff, 0xd0, 0x4, 0xff,
    0xff, 0xfd, 0x86, 0x69, 0xef, 0xff, 0xff, 0x40,
    0x0, 0x8f, 0xff, 0xff, 0xff, 0xff, 0xff, 0xff,
    0xf8, 0x0, 0x0, 0x9, 0xff, 0xff, 0xff, 0xff,
    0xff, 0xff, 0x90, 0x0, 0x0, 0x0, 0x6f, 0xff,
    0xff, 0xff, 0xff, 0xf6, 0x0, 0x0, 0x0, 0x0,
    0x1, 0x7c, 0xff, 0xff, 0xc7, 0x10, 0x0, 0x0,
    0x0, 0x0, 0x0, 0x0, 0x1, 0x10, 0x0, 0x0,
    0x0, 0x0,

    /* U+F1A2 "" */
    0x0, 0x0, 0x0, 0x0, 0x0, 0x0, 0x0, 0x0,
    0x0, 0x6f, 0xff, 0xff, 0xff, 0xff, 0xff, 0xff,
    0xff, 0xa0, 0xff, 0xff, 0xff, 0xff, 0xff, 0xff,
    0xff, 0xff, 0xf3, 0xff, 0xff, 0xff, 0xff, 0xfd,
    0xff, 0xee, 0xff, 0xf4, 0xff, 0xff, 0xff, 0xff,
    0xf5, 0x98, 0x12, 0xff, 0xf4, 0xff, 0xff, 0xff,
    0xff, 0xd9, 0xff, 0x99, 0xff, 0xf4, 0xff, 0xff,
    0xff, 0xff, 0xad, 0xff, 0xff, 0xff, 0xf4, 0xff,
    0xff, 0xff, 0xeb, 0x5b, 0xdf, 0xff, 0xff, 0xf4,
    0xff, 0xd3, 0x54, 0x0, 0x0, 0x1, 0x62, 0xaf,
    0xf4, 0xff, 0x80, 0x0, 0x10, 0x0, 0x0, 0x0,
    0x4f, 0xf4, 0xff, 0xe1, 0xa, 0xf2, 0x0, 0xde,
    0x0, 0xbf, 0xf4, 0xff, 0xf3, 0x7, 0xd1, 0x0,
    0xab, 0x0, 0xff, 0xf4, 0xff, 0xf7, 0x0, 0x0,
    0x0, 0x0, 0x3, 0xff, 0xf4, 0xff, 0xff, 0x30,
    0x48, 0x77, 0x80, 0x1d, 0xff, 0xf4, 0xff, 0xff,
    0xf8, 0x20, 0x0, 0x6, 0xef, 0xff, 0xf4, 0xff,
    0xff, 0xff, 0xfe, 0xdd, 0xff, 0xff, 0xff, 0xf4,
    0xff, 0xff, 0xff, 0xff, 0xff, 0xff, 0xff, 0xff,
    0xf3, 0x6f, 0xff, 0xff, 0xff, 0xff, 0xff, 0xff,
    0xff, 0xa0, 0x0, 0x0, 0x0, 0x0, 0x0, 0x0,
    0x0, 0x0, 0x0,

    /* U+F1A3 "" */
    0x0, 0x0, 0x0, 0x0, 0x1, 0x10, 0x0, 0x0,
    0x0, 0x0, 0x0, 0x0, 0x2, 0x9e, 0xff, 0xff,
    0xb5, 0x0, 0x0, 0x0, 0x0, 0x0, 0x9f, 0xff,
    0xff, 0xff, 0xff, 0xc2, 0x0, 0x0, 0x0, 0x1c,
    0xff, 0xff, 0xff, 0xff, 0xff, 0xff, 0x40, 0x0,
    0x0, 0xcf, 0xff, 0xff, 0xff, 0xff, 0xff, 0xff,
    0xf2, 0x0, 0x8, 0xff, 0xff, 0xff, 0xd9, 0xaf,
    0xff, 0xff, 0xfd, 0x0, 0x1f, 0xff, 0xff, 0xfb,
    0x0, 0x2, 0xef, 0xff, 0xff, 0x60, 0x6f, 0xff,
    0xff, 0xf1, 0x2, 0x0, 0x7f, 0xff, 0xff, 0xc0,
    0xbf, 0xff, 0xff, 0xe0, 0xe, 0x70, 0x4f, 0xff,
    0xff, 0xf0, 0xdf, 0xff, 0xff, 0xe0, 0xe, 0xd7,
    0xcf, 0xff, 0xff, 0xf2, 0xef, 0xfd, 0xce, 0xe0,
    0xe, 0xff, 0xff, 0xcc, 0xff, 0xf3, 0xdf, 0xf3,
    0x7, 0xe0, 0xe, 0x72, 0x4f, 0x10, 0xef, 0xf2,
    0xbf, 0xf3, 0x6, 0xe0, 0xf, 0x70, 0x4f, 0x0,
    0xef, 0xf0, 0x6f, 0xf6, 0x0, 0x20, 0x2f, 0xa0,
    0x3, 0x1, 0xff, 0xc0, 0x1f, 0xfe, 0x20, 0x0,
    0xbf, 0xf4, 0x0, 0xa, 0xff, 0x60, 0x8, 0xff,
    0xfa, 0x9e, 0xff, 0xff, 0xb9, 0xdf, 0xfd, 0x0,
    0x0, 0xcf, 0xff, 0xff, 0xff, 0xff, 0xff, 0xff,
    0xf2, 0x0, 0x0, 0x1c, 0xff, 0xff, 0xff, 0xff,
    0xff, 0xff, 0x40, 0x0, 0x0, 0x0, 0x9f, 0xff,
    0xff, 0xff, 0xff, 0xc2, 0x0, 0x0, 0x0, 0x0,
    0x2, 0x9e, 0xff, 0xff, 0xb5, 0x0, 0x0, 0x0,
    0x0, 0x0, 0x0, 0x0, 0x1, 0x10, 0x0, 0x0,
    0x0, 0x0,

    /* U+F1A4 "" */
    0x0, 0x0, 0x0, 0x4, 0xcf, 0xea, 0x20, 0x0,
    0x0, 0x0, 0x0, 0x0, 0x0, 0x6f, 0xff, 0xff,
    0xf2, 0x0, 0x0, 0x0, 0x0, 0x0, 0x1, 0xff,
    0xff, 0xff, 0xfc, 0x0, 0x0, 0x0, 0x0, 0x0,
    0x5, 0xff, 0xf8, 0xaf, 0xff, 0x20, 0x0, 0x0,
    0x0, 0x0, 0x6, 0xff, 0xe0, 0x2f, 0xff, 0x30,
    0x0, 0x0, 0x0, 0x0, 0x7, 0xff, 0xe0, 0x1e,
    0xfd, 0x20, 0x0, 0x0, 0x0, 0x0, 0x7, 0xff,
    0xe0, 0x0, 0x20, 0x0, 0x0, 0x0, 0x11, 0x10,
    0x7, 0xff, 0xe0, 0x0, 0x0, 0x0, 0x11, 0x10,
    0xff, 0xf5, 0x7, 0xff, 0xe0, 0x2c, 0x8d, 0x30,
    0xef, 0xf7, 0xff, 0xf5, 0x7, 0xff, 0xe0, 0x2f,
    0xff, 0x30, 0xef, 0xf7, 0xff, 0xf6, 0x7, 0xff,
    0xe0, 0x2f, 0xff, 0x30, 0xef, 0xf6, 0xef, 0xfd,
    0x7e, 0xff, 0xd0, 0xf, 0xff, 0xa7, 0xff, 0xf5,
    0x8f, 0xff, 0xff, 0xff, 0x70, 0xb, 0xff, 0xff,
    0xff, 0xf0, 0xd, 0xff, 0xff, 0xfc, 0x0, 0x2,
    0xef, 0xff, 0xff, 0x50, 0x0, 0x8e, 0xfd, 0x80,
    0x0, 0x0, 0x2a, 0xef, 0xc4, 0x0,

    /* U+F1A5 "" */
    0x2, 0x44, 0x44, 0x44, 0x44, 0x44, 0x44, 0x43,
    0x0, 0x9f, 0xff, 0xff, 0xff, 0xff, 0xff, 0xff,
    0xff, 0xd0, 0xf5, 0x0, 0x0, 0x0, 0x6f, 0xff,
    0xff, 0xff, 0xf4, 0xf4, 0x0, 0x0, 0x0, 0x6f,
    0xff, 0xff, 0xff, 0xf5, 0xf4, 0x0, 0x0, 0x0,
    0x6f, 0xff, 0xff, 0xff, 0xf5, 0xf4, 0x0, 0x0,
    0x0, 0x6f, 0xff, 0xff, 0xff, 0xf5, 0xf4, 0x0,
    0x0, 0x0, 0x6f, 0xff, 0xff, 0xff, 0xf5, 0xf4,
    0x0, 0x0, 0x0, 0x6f, 0xff, 0xff, 0xff, 0xf5,
    0xf4, 0x0, 0x0, 0x0, 0x6f, 0xff, 0xff, 0xff,
    0xf5, 0xfa, 0x88, 0x88, 0x88, 0x98, 0x88, 0x88,
    0x88, 0xf5, 0xff, 0xff, 0xff, 0xff, 0xc0, 0x0,
    0x0, 0x0, 0xe5, 0xff, 0xff, 0xff, 0xff, 0xc0,
    0x0, 0x0, 0x0, 0xe5, 0xff, 0xff, 0xff, 0xff,
    0xc0, 0x0, 0x0, 0x0, 0xe5, 0xff, 0xff, 0xff,
    0xff, 0xc0, 0x0, 0x0, 0x0, 0xe5, 0xff, 0xff,
    0xff, 0xff, 0xc0, 0x0, 0x0, 0x0, 0xe5, 0xff,
    0xff, 0xff, 0xff, 0xc0, 0x0, 0x0, 0x0, 0xe5,
    0xff, 0xff, 0xff, 0xff, 0xc0, 0x0, 0x0, 0x1,
    0xf4, 0x9f, 0xff, 0xff, 0xff, 0xff, 0xff, 0xff,
    0xff, 0xd0, 0x2, 0x44, 0x44, 0x44, 0x44, 0x44,
    0x44, 0x43, 0x0,

    /* U+F1A6 "" */
    0x0, 0xd, 0xf2, 0xff, 0x10, 0x0, 0x0, 0x0,
    0x0, 0x0, 0x0, 0xe, 0xf2, 0xff, 0x10, 0x0,
    0x0, 0x0, 0x0, 0x0, 0x0, 0xe, 0xf1, 0x0,
    0x0, 0x0, 0x0, 0x0, 0x0, 0x0, 0xaa, 0xaf,
    0xf2, 0xaa, 0x1a, 0xaa, 0xaa, 0x1a, 0xaa, 0xaa,
    0xff, 0xff, 0xf2, 0xff, 0x2f, 0xff, 0xff, 0x3f,
    0xff, 0xff, 0xff, 0xe, 0xf2, 0xff, 0x2f, 0xe0,
    0xff, 0x3f, 0xc0, 0xff, 0xff, 0xe, 0xf2, 0xff,
    0x2f, 0xe0, 0xff, 0x3f, 0xc0, 0xff, 0xff, 0xe,
    0xf2, 0xff, 0x2f, 0xe0, 0xff, 0x3f, 0xc0, 0xff,
    0xff, 0x8f, 0xf2, 0xff, 0x2f, 0xf8, 0xff, 0x3f,
    0xe8, 0xff, 0xff, 0xff, 0xf2, 0xff, 0x2f, 0xff,
    0xff, 0x3f, 0xff, 0xff, 0x0, 0x0, 0x0, 0x0,
    0x0, 0x0, 0xff, 0x0, 0x0, 0xff, 0x0, 0x0,
    0x0, 0x0, 0x1f, 0xff, 0xff, 0x2f, 0xff, 0xff,
    0x0, 0x0, 0x0, 0x0, 0xa, 0xaa, 0xaa, 0x1a,
    0xaa, 0xaa,

    /* U+F1A7 "" */
    0x6, 0x77, 0x77, 0x77, 0x77, 0x77, 0x77, 0x76,
    0x10, 0xbf, 0xff, 0xff, 0xff, 0xff, 0xff, 0xff,
    0xff, 0xe1, 0xff, 0xff, 0xff, 0xff, 0xff, 0xff,
    0xff, 0xff, 0xf4, 0xff, 0xff, 0x76, 0x21, 0x7f,
    0xff, 0xff, 0xff, 0xf4, 0xff, 0xff, 0x10, 0x10,
    0x9, 0xff, 0xff, 0xff, 0xf4, 0xff, 0xff, 0x10,
    0xeb, 0x3, 0xff, 0xff, 0xff, 0xf4, 0xff, 0xff,
    0x10, 0xef, 0x2, 0xff, 0xff, 0xff, 0xf4, 0xff,
    0xff, 0x10, 0xa7, 0x3, 0x37, 0xff, 0xff, 0xf4,
    0xff, 0xff, 0x10, 0x0, 0x13, 0x0, 0x5f, 0xff,
    0xf4, 0xff, 0xff, 0x10, 0x95, 0x2c, 0xb0, 0xe,
    0xff, 0xf4, 0xff, 0xff, 0x10, 0xe6, 0xc, 0xf1,
    0xd, 0xff, 0xf4, 0xff, 0xff, 0x8a, 0xf6, 0xa,
    0x90, 0x1f, 0xff, 0xf4, 0xff, 0xff, 0xff, 0xf6,
    0x0, 0x1, 0xbf, 0xff, 0xf4, 0xff, 0xff, 0xff,
    0xf6, 0x9, 0xbe, 0xff, 0xff, 0xf4, 0xff, 0xff,
    0xff, 0xf6, 0xc, 0xff, 0xff, 0xff, 0xf4, 0xff,
    0xff, 0xff, 0xfb, 0xbf, 0xff, 0xff, 0xff, 0xf4,
    0xef, 0xff, 0xff, 0xff, 0xff, 0xff, 0xff, 0xff,
    0xf3, 0x6f, 0xff, 0xff, 0xff, 0xff, 0xff, 0xff,
    0xff, 0xa0, 0x0, 0x0, 0x0, 0x0, 0x0, 0x0,
    0x0, 0x0, 0x0,

    /* U+F1A8 "" */
    0x0, 0x0, 0x0, 0x0, 0x0, 0x0, 0x0, 0x0,
    0x0, 0x0, 0x0, 0x0, 0x0, 0x0, 0x0, 0x0,
    0x0, 0x0, 0x0, 0x0, 0x0, 0x0, 0x30, 0x0,
    0x0, 0x0, 0x0, 0x0, 0x0, 0x0, 0x0, 0x0,
    0x0, 0x60, 0x0, 0x0, 0x0, 0x0, 0x0, 0x0,
    0x0, 0x0, 0x0, 0x0, 0x63, 0x0, 0x0, 0x0,
    0x0, 0x0, 0x0, 0x0, 0x0, 0x0, 0x0, 0x85,
    0x0, 0x0, 0x0, 0x0, 0x0, 0x0, 0x0, 0xa,
    0x20, 0x4, 0xa4, 0x0, 0x0, 0x0, 0x0, 0x0,
    0x0, 0x0, 0x1b, 0xfd, 0x47, 0x50, 0x0, 0x0,
    0x0, 0x0, 0x0, 0x0, 0x0, 0x3b, 0xba, 0xb1,
    0x0, 0x0, 0x0, 0x0, 0x0, 0x0, 0x0, 0x0,
    0x0, 0xff, 0xfa, 0x10, 0x0, 0x0, 0x0, 0x0,
    0x0, 0x0, 0x0, 0x0, 0x3f, 0xff, 0xf4, 0x0,
    0x0, 0x0, 0x0, 0x0, 0x0, 0x1, 0xba, 0xbc,
    0x9f, 0xfb, 0x20, 0x0, 0x0, 0x0, 0x0, 0x3,
    0x7a, 0xdf, 0xd6, 0x90, 0x4f, 0xd9, 0x81, 0x0,
    0x0, 0x0, 0xae, 0xb7, 0x40, 0x2d, 0x2a, 0x37,
    0xff, 0x89, 0xe2, 0x0, 0x0, 0x0, 0x0, 0x0,
    0x0, 0x4e, 0x6a, 0xfd, 0xff, 0x2f, 0xd0, 0x0,
    0x0, 0x0, 0x0, 0x0, 0x0, 0x7f, 0xfb, 0xcf,
    0xf0, 0xdf, 0x90, 0x0, 0x0, 0x0, 0x0, 0x0,
    0x0, 0x64, 0x6f, 0xfd, 0x9, 0xff, 0x40, 0x0,
    0x0, 0x0, 0x0, 0x0, 0x0, 0x6, 0xfe, 0x80,
    0x6f, 0xfe, 0x10, 0x0, 0x0, 0x0, 0x0, 0x0,
    0x0, 0x56, 0x74, 0x3, 0xff, 0xfd, 0x10, 0x0,
    0x0, 0x0, 0x0, 0x0, 0x4, 0xcf, 0xf3, 0xf,
    0xff, 0xfb, 0x0, 0x0, 0x0, 0x0, 0x0, 0x0,
    0x4f, 0xff, 0xb0, 0x9f, 0xc5, 0x0, 0x0, 0x0,
    0x0, 0x0, 0x0, 0x1, 0x77, 0x62, 0x0, 0x20,
    0x0, 0x0,

    /* U+F1A9 "" */
    0x0, 0x0, 0x0, 0x0, 0x0, 0x0, 0x0, 0x0,
    0x0, 0x0, 0x0, 0x1b, 0x0, 0x0, 0x0, 0x0,
    0x0, 0x0, 0x0, 0x9f, 0xb1, 0x0, 0x0, 0x0,
    0x0, 0x0, 0x3c, 0xff, 0xff, 0x81, 0x0, 0x0,
    0x0, 0x8, 0xff, 0xff, 0xff, 0xfe, 0x30, 0x0,
    0x0, 0x9f, 0xff, 0xff, 0xff, 0xff, 0xf3, 0x0,
    0x7, 0xff, 0xff, 0xff, 0xff, 0xff, 0xfd, 0x0,
    0xf, 0xff, 0xff, 0xff, 0xff, 0xff, 0xff, 0x70,
    0x6f, 0xff, 0xff, 0xff, 0xff, 0xff, 0xff, 0xd0,
    0xaf, 0xff, 0xff, 0xff, 0xff, 0xff, 0xff, 0xf1,
    0xbf, 0xff, 0xff, 0xff, 0xff, 0xff, 0xff, 0xf3,
    0xbf, 0xff, 0x90, 0x3, 0xcf, 0xff, 0xb4, 0xa2,
    0x9f, 0xfc, 0x0, 0x0, 0x6, 0xb5, 0x0, 0x41,
    0x4f, 0xf8, 0x0, 0x0, 0x3, 0x81, 0x0, 0x30,
    0xc, 0xfc, 0x0, 0x2, 0xbb, 0x9d, 0x20, 0x20,
    0x2, 0xef, 0xd9, 0xcf, 0xcc, 0xde, 0xe7, 0x0,
    0x0, 0x2d, 0xff, 0xf9, 0xde, 0xbb, 0xa0, 0x0,
    0x0, 0x0, 0x7d, 0xfe, 0x99, 0x84, 0x0, 0x0,
    0x0, 0x0, 0x0, 0x13, 0x31, 0x0, 0x0, 0x0,

    /* U+F1AA "" */
    0x2, 0x41, 0x0, 0x0, 0x0, 0x0, 0x0, 0x34,
    0x0, 0x5f, 0xff, 0x20, 0x0, 0x0, 0x0, 0x9,
    0xff, 0xd0, 0xdf, 0xff, 0xc7, 0x50, 0x0, 0x47,
    0x6f, 0xff, 0xf6, 0xdf, 0xff, 0xff, 0xfe, 0x3b,
    0xff, 0xff, 0xff, 0xf5, 0x5f, 0xff, 0xff, 0xfc,
    0xdf, 0xff, 0xff, 0xff, 0xc0, 0x4, 0xff, 0x80,
    0x5d, 0xff, 0x90, 0x4f, 0xf9, 0x0, 0x4, 0xff,
    0x31, 0xcf, 0xfb, 0xd3, 0xe, 0xf9, 0x0, 0x2,
    0xff, 0xaa, 0xff, 0x9d, 0xff, 0x6f, 0xf6, 0x0,
    0x0, 0xaf, 0xfb, 0xd9, 0x4, 0xff, 0xfa, 0xd0,
    0x0, 0x0, 0x1c, 0xff, 0xb0, 0x0, 0x6f, 0xff,
    0x40, 0x0, 0x0, 0xac, 0xcf, 0xfa, 0x5, 0xfa,
    0xff, 0xe1, 0x0, 0x2, 0xff, 0x8c, 0xff, 0x8f,
    0xfe, 0x6f, 0xf7, 0x0, 0x4, 0xff, 0x30, 0xba,
    0xff, 0xe3, 0xe, 0xf9, 0x0, 0x7, 0xff, 0x90,
    0x6f, 0xfe, 0x81, 0x4f, 0xfb, 0x10, 0x8f, 0xff,
    0xff, 0xff, 0xea, 0xff, 0xff, 0xff, 0xe1, 0xff,
    0xff, 0xff, 0xfd, 0x3a, 0xff, 0xff, 0xff, 0xf7,
    0xdf, 0xff, 0xa6, 0x50, 0x0, 0x36, 0x5f, 0xff,
    0xf5, 0x3e, 0xfc, 0x10, 0x0, 0x0, 0x0, 0x5,
    0xff, 0xa0, 0x0, 0x10, 0x0, 0x0, 0x0, 0x0,
    0x0, 0x1, 0x0,

    /* U+F1AB "" */
    0x58, 0x88, 0x88, 0x88, 0x88, 0x87, 0x8, 0x88,
    0x88, 0x88, 0x88, 0x88, 0x5f, 0xff, 0xff, 0xff,
    0xff, 0xff, 0xe0, 0xef, 0xff, 0xff, 0xff, 0xff,
    0xff, 0xff, 0xff, 0xfe, 0xff, 0xff, 0xfe, 0xe,
    0xff, 0xff, 0xff, 0xff, 0xff, 0xff, 0xff, 0xf7,
    0x3, 0xff, 0xff, 0xe0, 0xef, 0xff, 0xf9, 0xe,
    0xff, 0xff, 0xff, 0xff, 0x10, 0xd, 0xff, 0xfe,
    0xe, 0xfa, 0x0, 0x0, 0x0, 0x1e, 0xff, 0xff,
    0xc0, 0x60, 0x8f, 0xff, 0xe0, 0xef, 0xc6, 0x66,
    0x62, 0x5, 0xff, 0xff, 0xf6, 0xd, 0x12, 0xff,
    0xfe, 0xe, 0xff, 0xfb, 0x7e, 0x12, 0xff, 0xff,
    0xff, 0x10, 0x62, 0xd, 0xff, 0xe0, 0xef, 0xff,
    0x80, 0x10, 0xcf, 0xff, 0xff, 0xc0, 0x1, 0x10,
    0x7f, 0xfe, 0xe, 0xff, 0xfc, 0x0, 0x2e, 0xff,
    0xff, 0xf6, 0xb, 0xff, 0x2, 0xff, 0xe0, 0xef,
    0xff, 0x1, 0x60, 0x5f, 0xff, 0xff, 0xb9, 0xff,
    0xfa, 0xaf, 0xfe, 0xe, 0xff, 0xfb, 0xef, 0xcd,
    0xff, 0xff, 0xff, 0xff, 0xff, 0xff, 0xff, 0xe0,
    0xef, 0xff, 0xff, 0xff, 0xff, 0xff, 0xcf, 0xff,
    0xff, 0xff, 0xff, 0xfd, 0xe, 0xff, 0xff, 0xff,
    0xff, 0xff, 0xc0,

    /* U+F1AC "" */
    0x0, 0x0, 0x6, 0xbb, 0xbb, 0xbb, 0xbb, 0xbb,
    0x60, 0x0, 0x0, 0x0, 0x0, 0xff, 0xff, 0xff,
    0xff, 0xff, 0xff, 0x70, 0x0, 0x0, 0x0, 0xf,
    0xe2, 0x22, 0x22, 0x22, 0x2f, 0xff, 0x60, 0x0,
    0x0, 0x0, 0xfe, 0x0, 0x0, 0x0, 0x0, 0xdf,
    0xfc, 0x0, 0x0, 0x0, 0xf, 0xe0, 0x0, 0x0,
    0x0, 0x0, 0x1f, 0xc0, 0x1, 0x44, 0x0, 0xfe,
    0x0, 0x0, 0x0, 0x0, 0x1, 0xfc, 0x0, 0xdf,
    0xf9, 0xf, 0xe0, 0x0, 0x0, 0x0, 0x0, 0x1f,
    0xd1, 0xf, 0xff, 0xc0, 0xfe, 0x0, 0x0, 0x0,
    0x0, 0x1, 0xff, 0xd0, 0xff, 0xfc, 0xf, 0xff,
    0xff, 0xff, 0xff, 0xff, 0xff, 0xff, 0xf, 0xff,
    0xc0, 0xff, 0xff, 0xff, 0xff, 0xff, 0xff, 0xff,
    0xf0, 0xff, 0xfc, 0xf, 0xff, 0xf9, 0x9f, 0xff,
    0x99, 0xff, 0xff, 0xf, 0xff, 0xc0, 0xff, 0xfc,
    0x0, 0xcf, 0xb0, 0xb, 0xff, 0xf0, 0xff, 0xfc,
    0xf, 0xff, 0xc0, 0xd, 0xfc, 0x0, 0xcf, 0xff,
    0xf, 0xff, 0xc0, 0xff, 0xff, 0xee, 0xff, 0xfe,
    0xef, 0xff, 0xf0, 0xff, 0xfc, 0xf, 0xff, 0xff,
    0xff, 0xff, 0xff, 0xff, 0xff, 0xf, 0xff, 0xc0,
    0xff, 0xff, 0xaa, 0xff, 0xfa, 0xaf, 0xff, 0xf0,
    0xff, 0xfc, 0xf, 0xff, 0xc0, 0xc, 0xfb, 0x0,
    0xbf, 0xff, 0xf, 0xff, 0xc0, 0xff, 0xfc, 0x0,
    0xcf, 0xc0, 0xb, 0xff, 0xf0, 0xff, 0xfc, 0xf,
    0xff, 0xfd, 0xdf, 0xff, 0xdd, 0xff, 0xff, 0xf,
    0xff, 0xb0, 0xff, 0xff, 0xff, 0xff, 0xff, 0xff,
    0xff, 0xf0, 0x6b, 0xb3, 0x6, 0xbb, 0xbb, 0xbb,
    0xbb, 0xbb, 0xbb, 0xb6, 0x0,

    /* U+F1AD "" */
    0x3, 0x78, 0x88, 0x88, 0x88, 0x88, 0x88, 0x86,
    0x0, 0xb, 0xff, 0xff, 0xff, 0xff, 0xff, 0xff,
    0xff, 0x30, 0xc, 0xff, 0xff, 0xff, 0xff, 0xff,
    0xff, 0xff, 0x40, 0xc, 0xff, 0xf0, 0x8, 0xff,
    0x0, 0x8f, 0xff, 0x40, 0xc, 0xff, 0xf0, 0x8,
    0xff, 0x0, 0x8f, 0xff, 0x40, 0xc, 0xff, 0xf5,
    0x4b, 0xff, 0x54, 0xbf, 0xff, 0x40, 0xc, 0xff,
    0xff, 0xff, 0xff, 0xff, 0xff, 0xff, 0x40, 0xc,
    0xff, 0xf0, 0x8, 0xff, 0x0, 0x8f, 0xff, 0x40,
    0xc, 0xff, 0xf0, 0x8, 0xff, 0x0, 0x8f, 0xff,
    0x40, 0xc, 0xff, 0xff, 0xff, 0xff, 0xff, 0xff,
    0xff, 0x40, 0xc, 0xff, 0xf5, 0x4b, 0xff, 0x54,
    0xbf, 0xff, 0x40, 0xc, 0xff, 0xf0, 0x8, 0xff,
    0x0, 0x8f, 0xff, 0x40, 0xc, 0xff, 0xf4, 0x3a,
    0xff, 0x43, 0xaf, 0xff, 0x40, 0xc, 0xff, 0xff,
    0xff, 0xff, 0xff, 0xff, 0xff, 0x40, 0xc, 0xff,
    0xff, 0xff, 0xff, 0xff, 0xff, 0xff, 0x40, 0xc,
    0xff, 0xff, 0xfc, 0x88, 0xff, 0xff, 0xff, 0x40,
    0xc, 0xff, 0xff, 0xf8, 0x0, 0xff, 0xff, 0xff,
    0x40, 0xc, 0xff, 0xff, 0xf8, 0x0, 0xff, 0xff,
    0xff, 0x40, 0xc, 0xff, 0xff, 0xf8, 0x0, 0xff,
    0xff, 0xff, 0x40, 0xef, 0xff, 0xff, 0xff, 0xff,
    0xff, 0xff, 0xff, 0xf6, 0x44, 0x44, 0x44, 0x44,
    0x44, 0x44, 0x44, 0x44, 0x42,

    /* U+F1AE "" */
    0x0, 0x0, 0x0, 0x35, 0x30, 0x0, 0x0, 0x0,
    0x0, 0x0, 0x8f, 0xff, 0x70, 0x0, 0x0, 0x0,
    0x0, 0x2f, 0xff, 0xff, 0x20, 0x0, 0x9, 0xd4,
    0x4, 0xff, 0xff, 0xf4, 0x4, 0xd9, 0xff, 0xf4,
    0x1f, 0xff, 0xff, 0x13, 0xff, 0xf5, 0xff, 0xf3,
    0x5f, 0xff, 0x53, 0xff, 0xf5, 0x5, 0xff, 0xf4,
    0x35, 0x34, 0xff, 0xf5, 0x0, 0x5, 0xff, 0xff,
    0xff, 0xff, 0xf5, 0x0, 0x0, 0x5, 0xff, 0xff,
    0xff, 0xf5, 0x0, 0x0, 0x0, 0xf, 0xff, 0xff,
    0xff, 0x0, 0x0, 0x0, 0x0, 0xff, 0xff, 0xff,
    0xf0, 0x0, 0x0, 0x0, 0xf, 0xff, 0xff, 0xff,
    0x0, 0x0, 0x0, 0x0, 0xff, 0xff, 0xff, 0xf0,
    0x0, 0x0, 0x0, 0xf, 0xff, 0xff, 0xff, 0x0,
    0x0, 0x0, 0x0, 0xff, 0xff, 0xff, 0xf0, 0x0,
    0x0, 0x0, 0xf, 0xff, 0x6f, 0xff, 0x0, 0x0,
    0x0, 0x0, 0xff, 0xf6, 0xff, 0xf0, 0x0, 0x0,
    0x0, 0xf, 0xff, 0x6f, 0xff, 0x0, 0x0, 0x0,
    0x0, 0xff, 0xf6, 0xff, 0xf0, 0x0, 0x0, 0x0,
    0xe, 0xff, 0x4f, 0xfe, 0x0, 0x0, 0x0, 0x0,
    0x39, 0x60, 0x59, 0x30, 0x0, 0x0,

    /* U+F1B0 "" */
    0x0, 0x0, 0x0, 0x13, 0x0, 0x0, 0x0, 0x31,
    0x0, 0x0, 0x0, 0x0, 0x0, 0x1, 0xef, 0xc0,
    0x0, 0xc, 0xfe, 0x10, 0x0, 0x0, 0x0, 0x0,
    0x7, 0xff, 0xf8, 0x0, 0x8f, 0xff, 0x80, 0x0,
    0x0, 0x0, 0x0, 0x9, 0xff, 0xfe, 0x0, 0xef,
    0xff, 0x90, 0x0, 0x0, 0x0, 0x0, 0x6, 0xff,
    0xff, 0x0, 0xff, 0xff, 0x60, 0x0, 0x0, 0x0,
    0x21, 0x0, 0xef, 0xfe, 0x0, 0xdf, 0xfe, 0x10,
    0x12, 0x0, 0x8, 0xff, 0x70, 0x3d, 0xe4, 0x0,
    0x4e, 0xd3, 0x7, 0xff, 0x80, 0xf, 0xff, 0xf2,
    0x0, 0x0, 0x0, 0x0, 0x0, 0x2f, 0xff, 0xf0,
    0xe, 0xff, 0xf5, 0x0, 0x29, 0xdc, 0x70, 0x0,
    0x5f, 0xff, 0xe0, 0x8, 0xff, 0xf3, 0x8, 0xff,
    0xff, 0xfd, 0x30, 0x2f, 0xff, 0x70, 0x0, 0x7b,
    0x60, 0xaf, 0xff, 0xff, 0xff, 0xf4, 0x6, 0xb7,
    0x0, 0x0, 0x0, 0xa, 0xff, 0xff, 0xff, 0xff,
    0xff, 0x30, 0x0, 0x0, 0x0, 0x0, 0x6f, 0xff,
    0xff, 0xff, 0xff, 0xff, 0xe1, 0x0, 0x0, 0x0,
    0x1, 0xff, 0xff, 0xff, 0xff, 0xff, 0xff, 0xf9,
    0x0, 0x0, 0x0, 0x7, 0xff, 0xff, 0xff, 0xff,
    0xff, 0xff, 0xff, 0x0, 0x0, 0x0, 0xa, 0xff,
    0xff, 0xff, 0xff, 0xff, 0xff, 0xff, 0x30, 0x0,
    0x0, 0x9, 0xff, 0xff, 0xff, 0xff, 0xff, 0xff,
    0xff, 0x20, 0x0, 0x0, 0x1, 0xcf, 0xfe, 0xa6,
    0x34, 0x8c, 0xff, 0xf7, 0x0, 0x0, 0x0, 0x0,
    0x1, 0x10, 0x0, 0x0, 0x0, 0x1, 0x0, 0x0,
    0x0,

    /* U+F1B2 "" */
    0x0, 0x0, 0x0, 0x0, 0x4, 0x40, 0x0, 0x0,
    0x0, 0x0, 0x0, 0x0, 0x0, 0x39, 0xef, 0xfe,
    0x93, 0x0, 0x0, 0x0, 0x0, 0x1, 0x7d, 0xff,
    0xff, 0xff, 0xff, 0xd7, 0x10, 0x0, 0x4, 0xbf,
    0xff, 0xff, 0xb5, 0x5b, 0xff, 0xff, 0xfb, 0x50,
    0x9f, 0xff, 0xfd, 0x71, 0x0, 0x0, 0x17, 0xdf,
    0xff, 0xf9, 0xff, 0xf9, 0x30, 0x0, 0x0, 0x0,
    0x0, 0x3, 0x9f, 0xff, 0xff, 0xe8, 0x20, 0x0,
    0x0, 0x0, 0x0, 0x2, 0x8e, 0xff, 0xff, 0xff,
    0xfb, 0x50, 0x0, 0x0, 0x5, 0xbf, 0xff, 0xff,
    0xff, 0xff, 0xff, 0xfe, 0x81, 0x18, 0xef, 0xff,
    0xfe, 0xff, 0xff, 0xff, 0xff, 0xff, 0xff, 0xff,
    0xff, 0xe8, 0x28, 0xff, 0xff, 0xff, 0xff, 0xff,
    0xff, 0xff, 0xc5, 0x0, 0x8, 0xff, 0xff, 0xff,
    0xff, 0xff, 0xff, 0xf5, 0x0, 0x0, 0x8, 0xff,
    0xff, 0xff, 0xff, 0xff, 0xff, 0xf4, 0x0, 0x0,
    0x8, 0xff, 0xff, 0xff, 0xff, 0xff, 0xff, 0xf4,
    0x0, 0x0, 0x8, 0xff, 0xff, 0xff, 0xff, 0xff,
    0xff, 0xf4, 0x0, 0x1, 0x8f, 0xff, 0x8f, 0xff,
    0xff, 0xff, 0xff, 0xf4, 0x1, 0x8f, 0xff, 0xf8,
    0x3, 0xbf, 0xff, 0xff, 0xff, 0xf5, 0x8f, 0xff,
    0xfb, 0x30, 0x0, 0x3, 0xcf, 0xff, 0xff, 0xff,
    0xff, 0xfb, 0x30, 0x0, 0x0, 0x0, 0x4, 0xcf,
    0xff, 0xff, 0xfb, 0x30, 0x0, 0x0, 0x0, 0x0,
    0x0, 0x4, 0xcf, 0xfb, 0x30, 0x0, 0x0, 0x0,
    0x0, 0x0, 0x0, 0x0, 0x2, 0x20, 0x0, 0x0,
    0x0, 0x0,

    /* U+F1B3 "" */
    0x0, 0x0, 0x0, 0x0, 0x2, 0x10, 0x0, 0x0,
    0x0, 0x0, 0x0, 0x0, 0x0, 0x16, 0xdf, 0xfb,
    0x50, 0x0, 0x0, 0x0, 0x0, 0x0, 0x9, 0xfe,
    0x83, 0x5b, 0xfe, 0x70, 0x0, 0x0, 0x0, 0x0,
    0x4f, 0x60, 0x0, 0x0, 0x1b, 0xf0, 0x0, 0x0,
    0x0, 0x0, 0x5f, 0xfb, 0x50, 0x17, 0xef, 0xf1,
    0x0, 0x0, 0x0, 0x0, 0x5f, 0xff, 0xfe, 0xff,
    0x96, 0xf1, 0x0, 0x0, 0x0, 0x0, 0x5f, 0xff,
    0xff, 0xa0, 0x3, 0xf1, 0x0, 0x0, 0x0, 0x0,
    0x5f, 0xff, 0xff, 0x70, 0x4, 0xf1, 0x0, 0x0,
    0x0, 0x5b, 0xff, 0xff, 0xff, 0x74, 0xaf, 0xff,
    0xa4, 0x0, 0x6e, 0xfb, 0x52, 0x7d, 0xff, 0xff,
    0xc6, 0x26, 0xcf, 0xe6, 0xfd, 0x20, 0x0, 0x0,
    0x6f, 0xe3, 0x0, 0x0, 0x4, 0xef, 0xff, 0xe8,
    0x20, 0x4b, 0xff, 0xff, 0x93, 0x3, 0xaf, 0xff,
    0xff, 0xff, 0xfe, 0xfc, 0x4e, 0xff, 0xff, 0xef,
    0xe8, 0x6f, 0xff, 0xff, 0xff, 0x40, 0xe, 0xff,
    0xff, 0xf6, 0x0, 0x5f, 0xff, 0xff, 0xff, 0x0,
    0xe, 0xff, 0xff, 0xf2, 0x0, 0x5f, 0xcf, 0xff,
    0xff, 0x3, 0xcf, 0xff, 0xff, 0xf2, 0x18, 0xfc,
    0x8, 0xff, 0xff, 0xaf, 0xb3, 0x6e, 0xff, 0xfa,
    0xfe, 0x70, 0x0, 0x18, 0xff, 0xb3, 0x0, 0x0,
    0x6d, 0xfe, 0x70, 0x0, 0x0, 0x0, 0x12, 0x0,
    0x0, 0x0, 0x0, 0x20, 0x0, 0x0,

    /* U+F1B4 "" */
    0x77, 0x77, 0x77, 0x65, 0x20, 0x0, 0x0, 0x0,
    0x0, 0x0, 0x0, 0xf, 0xff, 0xff, 0xff, 0xff,
    0xc1, 0x0, 0x3, 0xbb, 0xbb, 0xb3, 0x0, 0xff,
    0xff, 0xff, 0xff, 0xff, 0x90, 0x0, 0x3a, 0xaa,
    0xaa, 0x30, 0xf, 0xff, 0x0, 0x0, 0x7f, 0xfe,
    0x0, 0x0, 0x0, 0x0, 0x0, 0x0, 0xff, 0xf0,
    0x0, 0x1, 0xff, 0xe0, 0x0, 0x19, 0xef, 0xea,
    0x20, 0xf, 0xff, 0x0, 0x0, 0x7f, 0xf9, 0x0,
    0x2e, 0xff, 0xff, 0xfe, 0x20, 0xff, 0xff, 0xff,
    0xff, 0xfa, 0x0, 0xc, 0xfe, 0x51, 0x4e, 0xfc,
    0xf, 0xff, 0xff, 0xff, 0xff, 0xd4, 0x3, 0xff,
    0x60, 0x0, 0x7f, 0xf3, 0xff, 0xf3, 0x22, 0x26,
    0xff, 0xf2, 0x6f, 0xfd, 0xcc, 0xcd, 0xff, 0x6f,
    0xff, 0x0, 0x0, 0x9, 0xff, 0x77, 0xff, 0xff,
    0xff, 0xff, 0xf7, 0xff, 0xf0, 0x0, 0x0, 0x7f,
    0xf9, 0x6f, 0xf4, 0x0, 0x0, 0x0, 0xf, 0xff,
    0x0, 0x0, 0x1d, 0xff, 0x72, 0xff, 0x90, 0x0,
    0x39, 0x91, 0xff, 0xfd, 0xdd, 0xdf, 0xff, 0xf1,
    0xa, 0xff, 0x95, 0x7e, 0xfc, 0xf, 0xff, 0xff,
    0xff, 0xff, 0xe3, 0x0, 0x1c, 0xff, 0xff, 0xfd,
    0x10, 0x88, 0x88, 0x88, 0x87, 0x40, 0x0, 0x0,
    0x5, 0xab, 0xa6, 0x0, 0x0,

    /* U+F1B5 "" */
    0x0, 0x0, 0x0, 0x0, 0x0, 0x0, 0x0, 0x0,
    0x0, 0x6f, 0xff, 0xff, 0xff, 0xff, 0xff, 0xff,
    0xff, 0xd1, 0xef, 0xff, 0xff, 0xff, 0xff, 0xff,
    0xff, 0xff, 0xf8, 0xff, 0xff, 0xff, 0xff, 0xff,
    0xff, 0xff, 0xff, 0xf9, 0xff, 0xff, 0xff, 0xff,
    0xff, 0xff, 0xff, 0xff, 0xf9, 0xff, 0xfe, 0xee,
    0xef, 0xff, 0xff, 0xff, 0xff, 0xf9, 0xff, 0xa0,
    0x0, 0x1, 0xbf, 0xe6, 0x68, 0xff, 0xf9, 0xff,
    0xa0, 0xef, 0xa0, 0x3f, 0xfc, 0xad, 0xff, 0xf9,
    0xff, 0xa0, 0xab, 0x60, 0x9f, 0x51, 0x30, 0xbf,
    0xf9, 0xff, 0xa0, 0x11, 0x1, 0x9c, 0xb, 0xd4,
    0x3f, 0xf9, 0xff, 0xa0, 0xef, 0xe0, 0x9, 0x3,
    0x33, 0x4f, 0xf9, 0xff, 0xa0, 0xdf, 0xc0, 0xd,
    0xc, 0xf9, 0x9f, 0xf9, 0xff, 0xa0, 0x0, 0x1,
    0xaf, 0x91, 0x12, 0xdf, 0xf9, 0xff, 0xff, 0xff,
    0xff, 0xff, 0xff, 0xff, 0xff, 0xf9, 0xff, 0xff,
    0xff, 0xff, 0xff, 0xff, 0xff, 0xff, 0xf9, 0xff,
    0xff, 0xff, 0xff, 0xff, 0xff, 0xff, 0xff, 0xf9,
    0xff, 0xff, 0xff, 0xff, 0xff, 0xff, 0xff, 0xff,
    0xf8, 0x6f, 0xff, 0xff, 0xff, 0xff, 0xff, 0xff,
    0xff, 0xd2, 0x0, 0x11, 0x11, 0x11, 0x11, 0x11,
    0x11, 0x11, 0x0,

    /* U+F1B6 "" */
    0x0, 0x0, 0x0, 0x0, 0x0, 0x10, 0x0, 0x0,
    0x0, 0x0, 0x0, 0x0, 0x0, 0x3, 0x9e, 0xff,
    0xff, 0xa4, 0x0, 0x0, 0x0, 0x0, 0x0, 0x1a,
    0xff, 0xff, 0xff, 0xff, 0xfc, 0x20, 0x0, 0x0,
    0x0, 0x1d, 0xff, 0xff, 0xff, 0xff, 0xff, 0xfe,
    0x30, 0x0, 0x0, 0x1d, 0xff, 0xff, 0xff, 0xff,
    0xa6, 0x8d, 0xfe, 0x20, 0x0, 0x9, 0xff, 0xff,
    0xff, 0xff, 0x42, 0x85, 0xa, 0xfc, 0x0, 0x2,
    0xff, 0xff, 0xff, 0xff, 0x72, 0x91, 0x48, 0xe,
    0xf5, 0x0, 0x8f, 0xff, 0xff, 0xff, 0xf3, 0x81,
    0x0, 0xa0, 0xaf, 0xb0, 0xd, 0xff, 0xff, 0xff,
    0xfd, 0x8, 0x10, 0xa, 0xa, 0xff, 0x0, 0xff,
    0xff, 0xff, 0xff, 0x20, 0x29, 0x14, 0x80, 0xef,
    0xf2, 0x1, 0x7d, 0xff, 0xff, 0x70, 0x0, 0x38,
    0x60, 0x9f, 0xff, 0x30, 0x0, 0x4, 0xab, 0x70,
    0x0, 0x0, 0x26, 0xcf, 0xff, 0xf2, 0x0, 0x0,
    0x0, 0x5, 0x91, 0x0, 0x7f, 0xff, 0xff, 0xff,
    0x0, 0x55, 0x0, 0x0, 0x1, 0x91, 0xbf, 0xff,
    0xff, 0xff, 0xc0, 0x3, 0xfe, 0x80, 0x0, 0xa,
    0xaf, 0xff, 0xff, 0xff, 0xf5, 0x0, 0xa, 0xff,
    0x67, 0x6a, 0x4e, 0xff, 0xff, 0xff, 0xfc, 0x0,
    0x0, 0x1e, 0xff, 0x75, 0x5d, 0xff, 0xff, 0xff,
    0xff, 0x20, 0x0, 0x0, 0x2e, 0xff, 0xff, 0xff,
    0xff, 0xff, 0xff, 0x40, 0x0, 0x0, 0x0, 0x1b,
    0xff, 0xff, 0xff, 0xff, 0xfc, 0x20, 0x0, 0x0,
    0x0, 0x0, 0x4, 0xae, 0xff, 0xff, 0xb5, 0x0,
    0x0, 0x0, 0x0, 0x0, 0x0, 0x0, 0x1, 0x21,
    0x0, 0x0, 0x0, 0x0, 0x0,

    /* U+F1B7 "" */
    0x0, 0x0, 0x0, 0x0, 0x0, 0x0, 0x0, 0x0,
    0x0, 0x6f, 0xff, 0xff, 0xff, 0xff, 0xff, 0xff,
    0xff, 0xb0, 0xef, 0xff, 0xff, 0xff, 0xff, 0xff,
    0xff, 0xff, 0xf5, 0xff, 0xff, 0xff, 0xff, 0xff,
    0xff, 0xff, 0xff, 0xf6, 0xff, 0xff, 0xff, 0xff,
    0xfc, 0x30, 0x18, 0xff, 0xf6, 0xff, 0xff, 0xff,
    0xff, 0xd0, 0x88, 0x92, 0x7f, 0xf6, 0xff, 0xff,
    0xff, 0xff, 0x75, 0x30, 0x9, 0xf, 0xf6, 0xff,
    0xff, 0xff, 0xff, 0x27, 0x10, 0x9, 0xf, 0xf6,
    0xff, 0xff, 0xff, 0xf6, 0x2, 0x91, 0x38, 0x3f,
    0xf6, 0x38, 0xdf, 0xff, 0xa0, 0x0, 0x27, 0x53,
    0xdf, 0xf6, 0x0, 0x3, 0x76, 0x20, 0x0, 0x7,
    0xcf, 0xff, 0xf6, 0x10, 0x0, 0x0, 0x66, 0x2,
    0xcf, 0xff, 0xff, 0xf6, 0xf9, 0x30, 0x0, 0x9,
    0x5f, 0xff, 0xff, 0xff, 0xf6, 0xff, 0xf8, 0x20,
    0x19, 0xbf, 0xff, 0xff, 0xff, 0xf6, 0xff, 0xff,
    0x57, 0x76, 0xff, 0xff, 0xff, 0xff, 0xf6, 0xff,
    0xff, 0xfc, 0xdf, 0xff, 0xff, 0xff, 0xff, 0xf6,
    0xef, 0xff, 0xff, 0xff, 0xff, 0xff, 0xff, 0xff,
    0xf5, 0x6f, 0xff, 0xff, 0xff, 0xff, 0xff, 0xff,
    0xff, 0xb0, 0x0, 0x0, 0x0, 0x0, 0x0, 0x0,
    0x0, 0x0, 0x0,

    /* U+F1B8 "" */
    0x0, 0x0, 0x0, 0x0, 0x2, 0x77, 0x20, 0x0,
    0x0, 0x0, 0x0, 0x0, 0x0, 0x0, 0x8, 0xff,
    0xff, 0x80, 0x0, 0x0, 0x0, 0x0, 0x0, 0x0,
    0x4, 0xff, 0xff, 0xff, 0x50, 0x0, 0x0, 0x0,
    0x0, 0x0, 0x0, 0xdf, 0xe2, 0x2e, 0xfe, 0x10,
    0x20, 0x0, 0x0, 0x0, 0x0, 0x3, 0xc5, 0x0,
    0x5f, 0xfa, 0x9f, 0x40, 0x0, 0x0, 0x0, 0x0,
    0x0, 0x0, 0x0, 0xbf, 0xff, 0xf1, 0x0, 0x0,
    0x25, 0x9c, 0xf3, 0x0, 0x0, 0x2c, 0xff, 0xfd,
    0x0, 0x0, 0x3f, 0xff, 0xff, 0x70, 0x0, 0x1f,
    0xff, 0xff, 0xa0, 0x0, 0x0, 0x6f, 0xff, 0xfb,
    0x0, 0x0, 0x59, 0xdf, 0xf6, 0x0, 0x0, 0x0,
    0xaf, 0xff, 0xe0, 0x0, 0x0, 0x0, 0x3, 0x0,
    0x0, 0x0, 0x4f, 0xfb, 0xef, 0x20, 0x0, 0x0,
    0x0, 0x0, 0x74, 0x0, 0xe, 0xfe, 0x10, 0x60,
    0x0, 0x0, 0x0, 0x0, 0xbf, 0xe0, 0x7, 0xff,
    0x60, 0x0, 0x0, 0x0, 0x0, 0x0, 0x5, 0xff,
    0x80, 0xdf, 0xc0, 0x0, 0x0, 0x0, 0x1c, 0x60,
    0x0, 0xc, 0xfe, 0xe, 0xf9, 0x0, 0x0, 0x0,
    0x1c, 0xf8, 0x0, 0x0, 0x9f, 0xf0, 0xbf, 0xf9,
    0x87, 0x10, 0x1c, 0xff, 0xc8, 0x88, 0x9f, 0xfb,
    0x3, 0xff, 0xff, 0xf4, 0xb, 0xff, 0xff, 0xff,
    0xff, 0xff, 0x30, 0x3, 0xbf, 0xff, 0x30, 0x5f,
    0xff, 0xff, 0xff, 0xfb, 0x30, 0x0, 0x0, 0x0,
    0x0, 0x0, 0x5f, 0xf8, 0x0, 0x0, 0x0, 0x0,
    0x0, 0x0, 0x0, 0x0, 0x0, 0x5f, 0x70, 0x0,
    0x0, 0x0, 0x0, 0x0, 0x0, 0x0, 0x0, 0x0,
    0x42, 0x0, 0x0, 0x0, 0x0,

    /* U+F1B9 "" */
    0x0, 0x0, 0x5, 0xcf, 0xff, 0xff, 0xfe, 0xa2,
    0x0, 0x0, 0x0, 0x0, 0x8, 0xff, 0xff, 0xff,
    0xff, 0xff, 0xf3, 0x0, 0x0, 0x0, 0x3, 0xff,
    0xe8, 0x88, 0x88, 0x8b, 0xff, 0xd0, 0x0, 0x0,
    0x0, 0xaf, 0xf1, 0x0, 0x0, 0x0, 0x9, 0xff,
    0x40, 0x0, 0x9d, 0xdf, 0xf9, 0x0, 0x0, 0x0,
    0x0, 0x2f, 0xfe, 0xdd, 0x49, 0xff, 0xff, 0xb9,
    0x99, 0x99, 0x99, 0x99, 0xef, 0xff, 0xf3, 0xa,
    0xff, 0xff, 0xff, 0xff, 0xff, 0xff, 0xff, 0xff,
    0xf5, 0x0, 0xff, 0x89, 0xff, 0xff, 0xff, 0xff,
    0xff, 0xd6, 0xbf, 0xb0, 0x2f, 0xc0, 0x8, 0xff,
    0xff, 0xff, 0xff, 0xe1, 0x2, 0xfc, 0x2, 0xfe,
    0x20, 0x4f, 0xff, 0xff, 0xff, 0xfb, 0x0, 0x7f,
    0xc0, 0x1f, 0xff, 0xff, 0xff, 0xff, 0xff, 0xff,
    0xff, 0xff, 0xfb, 0x0, 0xaf, 0xff, 0xff, 0xff,
    0xff, 0xff, 0xff, 0xff, 0xff, 0x40, 0x8, 0xff,
    0xf9, 0x88, 0x88, 0x88, 0x88, 0x8d, 0xff, 0xf2,
    0x0, 0x8f, 0xff, 0x30, 0x0, 0x0, 0x0, 0x0,
    0xbf, 0xff, 0x20, 0x3, 0xef, 0xc0, 0x0, 0x0,
    0x0, 0x0, 0x6, 0xff, 0xc0, 0x0,

    /* U+F1BA "" */
    0x0, 0x0, 0x0, 0x0, 0x0, 0x0, 0x0, 0x0,
    0x0, 0x0, 0x0, 0x0, 0x0, 0x7f, 0xff, 0xff,
    0xf7, 0x0, 0x0, 0x0, 0x0, 0x0, 0x0, 0xbf,
    0xff, 0xff, 0xfb, 0x0, 0x0, 0x0, 0x0, 0x0,
    0x37, 0xef, 0xff, 0xff, 0xfe, 0x73, 0x0, 0x0,
    0x0, 0x7, 0xff, 0xff, 0xff, 0xff, 0xff, 0xff,
    0x70, 0x0, 0x0, 0x1f, 0xff, 0xff, 0xff, 0xff,
    0xff, 0xff, 0xf1, 0x0, 0x0, 0x6f, 0xf4, 0x0,
    0x0, 0x0, 0x0, 0x4f, 0xf6, 0x0, 0x0, 0xaf,
    0xf0, 0x0, 0x0, 0x0, 0x0, 0xf, 0xfa, 0x0,
    0x0, 0xef, 0xb0, 0x0, 0x0, 0x0, 0x0, 0xb,
    0xfe, 0x0, 0x2d, 0xff, 0xff, 0xff, 0xff, 0xff,
    0xff, 0xff, 0xff, 0xd2, 0xcf, 0xfd, 0xff, 0xff,
    0xff, 0xff, 0xff, 0xff, 0xdf, 0xfc, 0xff, 0xa0,
    0x2f, 0xff, 0xff, 0xff, 0xff, 0xf2, 0xa, 0xff,
    0xff, 0xb0, 0x3f, 0xff, 0xff, 0xff, 0xff, 0xf3,
    0xb, 0xff, 0xff, 0xfe, 0xff, 0xff, 0xff, 0xff,
    0xff, 0xff, 0xef, 0xff, 0x9f, 0xff, 0xff, 0xff,
    0xff, 0xff, 0xff, 0xff, 0xff, 0xf9, 0xc, 0xff,
    0xfa, 0xaa, 0xaa, 0xaa, 0xaa, 0xaf, 0xff, 0xc0,
    0xb, 0xff, 0xf0, 0x0, 0x0, 0x0, 0x0, 0xf,
    0xff, 0xb0, 0x8, 0xff, 0xc0, 0x0, 0x0, 0x0,
    0x0, 0xc, 0xff, 0x80, 0x0, 0x12, 0x0, 0x0,
    0x0, 0x0, 0x0, 0x0, 0x21, 0x0,

    /* U+F1BB "" */
    0x0, 0x0, 0x0, 0x0, 0x20, 0x0, 0x0, 0x0,
    0x0, 0x0, 0x0, 0xa, 0xf5, 0x0, 0x0, 0x0,
    0x0, 0x0, 0x0, 0xaf, 0xff, 0x40, 0x0, 0x0,
    0x0, 0x0, 0x9, 0xff, 0xff, 0xf4, 0x0, 0x0,
    0x0, 0x0, 0x8f, 0xff, 0xff, 0xff, 0x30, 0x0,
    0x0, 0x6, 0xff, 0xff, 0xff, 0xff, 0xe1, 0x0,
    0x0, 0x7, 0xff, 0xff, 0xff, 0xff, 0xe2, 0x0,
    0x0, 0x0, 0x2e, 0xff, 0xff, 0xfb, 0x0, 0x0,
    0x0, 0x1, 0xef, 0xff, 0xff, 0xff, 0xa0, 0x0,
    0x0, 0xc, 0xff, 0xff, 0xff, 0xff, 0xf8, 0x0,
    0x0, 0xaf, 0xff, 0xff, 0xff, 0xff, 0xff, 0x50,
    0x0, 0xbf, 0xff, 0xff, 0xff, 0xff, 0xff, 0x60,
    0x0, 0x4, 0xff, 0xff, 0xff, 0xff, 0xd1, 0x0,
    0x0, 0x3f, 0xff, 0xff, 0xff, 0xff, 0xfc, 0x0,
    0x2, 0xef, 0xff, 0xff, 0xff, 0xff, 0xff, 0xb0,
    0xd, 0xff, 0xff, 0xff, 0xff, 0xff, 0xff, 0xf8,
    0xd, 0xff, 0xff, 0xff, 0xff, 0xff, 0xff, 0xf9,
    0x0, 0x0, 0x0, 0xe, 0xf9, 0x0, 0x0, 0x0,
    0x0, 0x0, 0x0, 0x4f, 0xfe, 0x0, 0x0, 0x0,
    0x0, 0x0, 0x0, 0xdf, 0xff, 0x80, 0x0, 0x0,
    0x0, 0x0, 0x0, 0xab, 0xbb, 0x80, 0x0, 0x0,

    /* U+F1BC "" */
    0x0, 0x0, 0x0, 0x0, 0x2, 0x10, 0x0, 0x0,
    0x0, 0x0, 0x0, 0x0, 0x3, 0x9e, 0xff, 0xff,
    0xb6, 0x0, 0x0, 0x0, 0x0, 0x0, 0xaf, 0xff,
    0xff, 0xff, 0xff, 0xd3, 0x0, 0x0, 0x0, 0x1d,
    0xff, 0xff, 0xff, 0xff, 0xff, 0xff, 0x50, 0x0,
    0x0, 0xdf, 0xff, 0xff, 0xff, 0xff, 0xff, 0xff,
    0xf4, 0x0, 0x9, 0xff, 0xff, 0xfe, 0xee, 0xff,
    0xff, 0xff, 0xfe, 0x0, 0x2f, 0xfa, 0x41, 0x0,
    0x0, 0x2, 0x49, 0xef, 0xff, 0x80, 0x8f, 0xf1,
    0x0, 0x23, 0x32, 0x10, 0x0, 0x5, 0xdf, 0xe0,
    0xcf, 0xfd, 0xcf, 0xff, 0xff, 0xff, 0xb7, 0x10,
    0x4f, 0xf2, 0xef, 0xff, 0xb7, 0x54, 0x34, 0x69,
    0xef, 0xf9, 0xcf, 0xf4, 0xff, 0xfb, 0x0, 0x2,
    0x21, 0x0, 0x3, 0xbf, 0xff, 0xf5, 0xef, 0xff,
    0xce, 0xff, 0xff, 0xeb, 0x60, 0xa, 0xff, 0xf4,
    0xcf, 0xff, 0xda, 0x86, 0x67, 0xad, 0xfe, 0x9e,
    0xff, 0xf2, 0x8f, 0xff, 0x21, 0x35, 0x54, 0x10,
    0x3a, 0xff, 0xff, 0xe0, 0x2f, 0xff, 0xff, 0xff,
    0xff, 0xfd, 0x60, 0xdf, 0xff, 0x80, 0x9, 0xff,
    0xff, 0xff, 0xff, 0xff, 0xff, 0xff, 0xfe, 0x0,
    0x0, 0xdf, 0xff, 0xff, 0xff, 0xff, 0xff, 0xff,
    0xf4, 0x0, 0x0, 0x2d, 0xff, 0xff, 0xff, 0xff,
    0xff, 0xff, 0x50, 0x0, 0x0, 0x1, 0xaf, 0xff,
    0xff, 0xff, 0xff, 0xd3, 0x0, 0x0, 0x0, 0x0,
    0x3, 0xae, 0xff, 0xff, 0xc6, 0x0, 0x0, 0x0,
    0x0, 0x0, 0x0, 0x0, 0x12, 0x10, 0x0, 0x0,
    0x0, 0x0,

    /* U+F1BD "" */
    0x0, 0x0, 0x0, 0x0, 0x24, 0x44, 0x20, 0x0,
    0x0, 0x0, 0xe, 0xff, 0xf8, 0x0, 0x0, 0x0,
    0x8, 0xff, 0xff, 0x80, 0x0, 0x0, 0x2, 0xff,
    0xff, 0xf7, 0xbb, 0xbb, 0xbb, 0xef, 0xff, 0xff,
    0x3f, 0xff, 0xff, 0xff, 0xff, 0xff, 0xb0, 0xff,
    0xff, 0xff, 0xff, 0xff, 0xf2, 0xf, 0xff, 0xff,
    0xff, 0xff, 0xfa, 0x0, 0xff, 0xff, 0xff, 0xff,
    0xff, 0x20, 0x4, 0x44, 0x9f, 0xff, 0xff, 0x90,
    0x0, 0x0, 0xc, 0xff, 0xff, 0xf2, 0x0, 0x0,
    0x4, 0xff, 0xff, 0xfd, 0x44, 0x42, 0x0, 0xcf,
    0xff, 0xff, 0xff, 0xff, 0x80, 0x4f, 0xff, 0xff,
    0xff, 0xff, 0xf8, 0xc, 0xff, 0xff, 0xff, 0xff,
    0xff, 0x83, 0xff, 0xff, 0xff, 0xff, 0xff, 0xf8,
    0xbf, 0xff, 0xff, 0xbb, 0xbb, 0xbb, 0x5f, 0xff,
    0xff, 0x60, 0x0, 0x0, 0x0, 0xff, 0xff, 0xd0,
    0x0, 0x0, 0x0, 0xf, 0xff, 0xf4, 0x0, 0x0,
    0x0, 0x0, 0x44, 0x43, 0x0, 0x0, 0x0, 0x0,
    0x0,

    /* U+F1BE "" */
    0x0, 0x0, 0x0, 0x0, 0x0, 0x0, 0x17, 0xde,
    0xc8, 0x0, 0x0, 0x0, 0x0, 0x0, 0x0, 0x0,
    0x0, 0x0, 0x5a, 0xdf, 0xff, 0xfd, 0x20, 0x0,
    0x0, 0x0, 0x0, 0x0, 0x4, 0x66, 0x4a, 0xbd,
    0xff, 0xff, 0xfd, 0x0, 0x0, 0x0, 0x0, 0x0,
    0x17, 0x89, 0x99, 0xbc, 0xdf, 0xff, 0xff, 0xf6,
    0x0, 0x0, 0x0, 0x0, 0x7, 0x89, 0x9a, 0xab,
    0xcd, 0xff, 0xff, 0xff, 0xb2, 0x20, 0x0, 0x13,
    0x43, 0x8a, 0xaa, 0xbb, 0xcd, 0xdf, 0xff, 0xff,
    0xff, 0xff, 0xb1, 0x16, 0x87, 0x8a, 0xbb, 0xbc,
    0xcc, 0xed, 0xff, 0xff, 0xff, 0xff, 0xff, 0xa7,
    0xac, 0x9b, 0xcc, 0xcc, 0xdd, 0xde, 0xdf, 0xff,
    0xff, 0xff, 0xff, 0xfe, 0x7a, 0xc9, 0xbb, 0xbb,
    0xcc, 0xcd, 0xed, 0xff, 0xff, 0xff, 0xff, 0xff,
    0xe1, 0x68, 0x78, 0x99, 0xaa, 0xab, 0xbc, 0xdf,
    0xff, 0xff, 0xff, 0xff, 0xf7, 0x1, 0x34, 0x45,
    0x66, 0x77, 0x88, 0x8b, 0xee, 0xee, 0xee, 0xee,
    0xd7, 0x0,

    /* U+F1C0 "" */
    0x0, 0x0, 0x24, 0x67, 0x77, 0x65, 0x30, 0x0,
    0x0, 0x3, 0x9e, 0xff, 0xff, 0xff, 0xff, 0xff,
    0xc6, 0x0, 0x8f, 0xff, 0xff, 0xff, 0xff, 0xff,
    0xff, 0xff, 0xe2, 0xff, 0xff, 0xff, 0xff, 0xff,
    0xff, 0xff, 0xff, 0xf7, 0xff, 0xff, 0xff, 0xff,
    0xff, 0xff, 0xff, 0xff, 0xf8, 0xef, 0xff, 0xff,
    0xff, 0xff, 0xff, 0xff, 0xff, 0xf5, 0x2b, 0xff,
    0xff, 0xff, 0xff, 0xff, 0xff, 0xfe, 0x70, 0x60,
    0x16, 0x9c, 0xef, 0xff, 0xfd, 0xb8, 0x40, 0x24,
    0xfe, 0x94, 0x20, 0x0, 0x0, 0x0, 0x13, 0x7b,
    0xf8, 0xff, 0xff, 0xff, 0xee, 0xdd, 0xef, 0xff,
    0xff, 0xf8, 0xff, 0xff, 0xff, 0xff, 0xff, 0xff,
    0xff, 0xff, 0xf8, 0xef, 0xff, 0xff, 0xff, 0xff,
    0xff, 0xff, 0xff, 0xf6, 0x4d, 0xff, 0xff, 0xff,
    0xff, 0xff, 0xff, 0xff, 0x90, 0x30, 0x49, 0xcf,
    0xff, 0xff, 0xff, 0xda, 0x61, 0x2, 0xf9, 0x20,
    0x0, 0x1, 0x21, 0x10, 0x0, 0x5, 0xd8, 0xff,
    0xfd, 0xa7, 0x54, 0x44, 0x56, 0x8b, 0xff, 0xf8,
    0xff, 0xff, 0xff, 0xff, 0xff, 0xff, 0xff, 0xff,
    0xf8, 0xff, 0xff, 0xff, 0xff, 0xff, 0xff, 0xff,
    0xff, 0xf7, 0xaf, 0xff, 0xff, 0xff, 0xff, 0xff,
    0xff, 0xff, 0xf3, 0x6, 0xcf, 0xff, 0xff, 0xff,
    0xff, 0xff, 0xf9, 0x20, 0x0, 0x1, 0x58, 0x9a,
    0xbb, 0xa9, 0x63, 0x0, 0x0,

    /* U+F1C1 "" */
    0x24, 0x44, 0x44, 0x44, 0x30, 0x30, 0x0, 0x0,
    0xef, 0xff, 0xff, 0xff, 0xc0, 0xf7, 0x0, 0x0,
    0xff, 0xff, 0xff, 0xff, 0xc0, 0xff, 0x70, 0x0,
    0xff, 0xff, 0xff, 0xff, 0xc0, 0xff, 0xf7, 0x0,
    0xff, 0xff, 0xff, 0xff, 0xc0, 0xff, 0xff, 0x70,
    0xff, 0xff, 0xff, 0xff, 0xc0, 0xab, 0xbb, 0xb0,
    0xff, 0xff, 0xff, 0xff, 0xf5, 0x44, 0x44, 0x40,
    0xff, 0xff, 0xff, 0xff, 0xff, 0xff, 0xff, 0xf0,
    0xff, 0xff, 0xff, 0x34, 0xff, 0xff, 0xff, 0xf0,
    0xff, 0xff, 0xff, 0x14, 0xff, 0xff, 0xff, 0xf0,
    0xff, 0xff, 0xff, 0x32, 0xff, 0xff, 0xff, 0xf0,
    0xff, 0xff, 0xff, 0x52, 0xff, 0xff, 0xff, 0xf0,
    0xff, 0xff, 0xff, 0x23, 0x8f, 0xff, 0xff, 0xf0,
    0xff, 0xff, 0xf9, 0x6d, 0x15, 0x66, 0xdf, 0xf0,
    0xff, 0xff, 0xf1, 0x73, 0x32, 0x14, 0x8f, 0xf0,
    0xff, 0xfc, 0x31, 0x9e, 0xff, 0xca, 0xef, 0xf0,
    0xff, 0xc2, 0x1a, 0xff, 0xff, 0xff, 0xff, 0xf0,
    0xff, 0xb1, 0x8f, 0xff, 0xff, 0xff, 0xff, 0xf0,
    0xff, 0xff, 0xff, 0xff, 0xff, 0xff, 0xff, 0xf0,
    0xef, 0xff, 0xff, 0xff, 0xff, 0xff, 0xff, 0xf0,
    0x48, 0x88, 0x88, 0x88, 0x88, 0x88, 0x88, 0x50,

    /* U+F1C2 "" */
    0x24, 0x44, 0x44, 0x44, 0x30, 0x30, 0x0, 0xf,
    0xff, 0xff, 0xff, 0xfc, 0xf, 0x60, 0x0, 0xff,
    0xff, 0xff, 0xff, 0xc0, 0xff, 0x60, 0xf, 0xff,
    0xff, 0xff, 0xfc, 0xf, 0xff, 0x60, 0xff, 0xff,
    0xff, 0xff, 0xc0, 0xff, 0xff, 0x6f, 0xff, 0xff,
    0xff, 0xfc, 0xb, 0xbb, 0xbb, 0xff, 0xff, 0xff,
    0xff, 0xe1, 0x0, 0x0, 0xf, 0xff, 0xff, 0xff,
    0xff, 0xff, 0xff, 0xff, 0xff, 0xff, 0xff, 0xff,
    0xff, 0xff, 0xff, 0xff, 0xff, 0xff, 0xff, 0xff,
    0xff, 0xff, 0xff, 0xff, 0xfb, 0xef, 0xeb, 0xef,
    0xeb, 0xef, 0xff, 0xfb, 0x6, 0xf5, 0x5, 0xf7,
    0xa, 0xff, 0xff, 0xe0, 0x2f, 0x10, 0x2f, 0x30,
    0xef, 0xff, 0xff, 0x20, 0xd0, 0x10, 0xd0, 0x2f,
    0xff, 0xff, 0xf6, 0x7, 0x7, 0x7, 0x5, 0xff,
    0xff, 0xff, 0x90, 0x10, 0xe0, 0x20, 0x9f, 0xff,
    0xff, 0xfd, 0x0, 0x3f, 0x30, 0xd, 0xff, 0xff,
    0xff, 0xf1, 0x8, 0xf7, 0x1, 0xff, 0xff, 0xff,
    0xff, 0xff, 0xff, 0xff, 0xff, 0xff, 0xff, 0xff,
    0xff, 0xff, 0xff, 0xff, 0xff, 0xff, 0x58, 0x88,
    0x88, 0x88, 0x88, 0x88, 0x88, 0x50,

    /* U+F1C3 "" */
    0x8b, 0xbb, 0xbb, 0xbb, 0x80, 0x90, 0x0, 0xf,
    0xff, 0xff, 0xff, 0xfc, 0xf, 0xc0, 0x0, 0xff,
    0xff, 0xff, 0xff, 0xc0, 0xff, 0xc0, 0xf, 0xff,
    0xff, 0xff, 0xfc, 0xf, 0xff, 0xc0, 0xff, 0xff,
    0xff, 0xff, 0xc0, 0xff, 0xff, 0xcf, 0xff, 0xff,
    0xff, 0xfc, 0x4, 0x44, 0x44, 0xff, 0xff, 0xff,
    0xff, 0xf8, 0x77, 0x77, 0x7f, 0xff, 0xff, 0xff,
    0xff, 0xff, 0xff, 0xff, 0xff, 0xff, 0xff, 0xff,
    0xff, 0xff, 0xff, 0xff, 0xff, 0xe0, 0x1d, 0xfd,
    0x11, 0xef, 0xff, 0xff, 0xff, 0x50, 0x4f, 0x40,
    0x5f, 0xff, 0xff, 0xff, 0xfe, 0x10, 0x80, 0x1e,
    0xff, 0xff, 0xff, 0xff, 0xf9, 0x0, 0x9, 0xff,
    0xff, 0xff, 0xff, 0xff, 0xf1, 0x1, 0xff, 0xff,
    0xff, 0xff, 0xff, 0xfa, 0x0, 0xa, 0xff, 0xff,
    0xff, 0xff, 0xfe, 0x10, 0x70, 0x1e, 0xff, 0xff,
    0xff, 0xff, 0x60, 0x4f, 0x40, 0x6f, 0xff, 0xff,
    0xff, 0xe0, 0xc, 0xfc, 0x0, 0xef, 0xff, 0xff,
    0xff, 0xff, 0xff, 0xff, 0xff, 0xff, 0xff, 0xff,
    0xff, 0xff, 0xff, 0xff, 0xff, 0xff, 0x58, 0x88,
    0x88, 0x88, 0x88, 0x88, 0x88, 0x40,

    /* U+F1C4 "" */
    0x8b, 0xbb, 0xbb, 0xbb, 0x80, 0x90, 0x0, 0xf,
    0xff, 0xff, 0xff, 0xfc, 0xf, 0xc0, 0x0, 0xff,
    0xff, 0xff, 0xff, 0xc0, 0xff, 0xb0, 0xf, 0xff,
    0xff, 0xff, 0xfc, 0xf, 0xff, 0xb0, 0xff, 0xff,
    0xff, 0xff, 0xc0, 0xff, 0xff, 0xaf, 0xff, 0xff,
    0xff, 0xfc, 0x7, 0x77, 0x77, 0xff, 0xff, 0xff,
    0xff, 0xf5, 0x44, 0x44, 0x4f, 0xff, 0xff, 0xff,
    0xff, 0xff, 0xff, 0xff, 0xff, 0xff, 0xff, 0xff,
    0xff, 0xff, 0xff, 0xff, 0xff, 0xf6, 0x0, 0x2,
    0x8f, 0xff, 0xff, 0xff, 0xff, 0x50, 0x0, 0x0,
    0x9f, 0xff, 0xff, 0xff, 0xf5, 0x4, 0xe8, 0x4,
    0xff, 0xff, 0xff, 0xff, 0x50, 0x4f, 0xc0, 0x3f,
    0xff, 0xff, 0xff, 0xf5, 0x2, 0x72, 0x6, 0xff,
    0xff, 0xff, 0xff, 0x50, 0x0, 0x2, 0xef, 0xff,
    0xff, 0xff, 0xf5, 0x3, 0xbc, 0xff, 0xff, 0xff,
    0xff, 0xff, 0x50, 0x4f, 0xff, 0xff, 0xff, 0xff,
    0xff, 0xf6, 0x5, 0xff, 0xff, 0xff, 0xff, 0xff,
    0xff, 0xff, 0xff, 0xff, 0xff, 0xff, 0xff, 0xff,
    0xff, 0xff, 0xff, 0xff, 0xff, 0xff, 0x58, 0x88,
    0x88, 0x88, 0x88, 0x88, 0x88, 0x50,

    /* U+F1C5 "" */
    0x8b, 0xbb, 0xbb, 0xbb, 0x80, 0x90, 0x0, 0xf,
    0xff, 0xff, 0xff, 0xfc, 0xf, 0xb0, 0x0, 0xff,
    0xff, 0xff, 0xff, 0xc0, 0xff, 0xb0, 0xf, 0xff,
    0xff, 0xff, 0xfc, 0xf, 0xff, 0xa0, 0xff, 0xff,
    0xff, 0xff, 0xc0, 0xff, 0xff, 0x9f, 0xff, 0xff,
    0xff, 0xfc, 0xa, 0xaa, 0xa9, 0xff, 0xff, 0xff,
    0xff, 0xe1, 0x0, 0x0, 0xf, 0xff, 0x73, 0x9f,
    0xff, 0xff, 0xff, 0xff, 0xff, 0xb0, 0x0, 0xdf,
    0xff, 0xff, 0xff, 0xff, 0xf9, 0x0, 0xc, 0xff,
    0xff, 0xff, 0xff, 0xff, 0xe1, 0x3, 0xff, 0xff,
    0xff, 0xff, 0xff, 0xff, 0xeb, 0xff, 0xff, 0xc0,
    0x8f, 0xff, 0xff, 0xff, 0xff, 0xff, 0xc0, 0x0,
    0x9f, 0xff, 0xff, 0xe8, 0xff, 0xc0, 0x0, 0x7,
    0xff, 0xff, 0xe3, 0x4, 0xc1, 0x0, 0x0, 0x7f,
    0xff, 0xf8, 0x0, 0x0, 0x0, 0x0, 0x7, 0xff,
    0xff, 0x90, 0x0, 0x0, 0x0, 0x0, 0x7f, 0xff,
    0xff, 0xff, 0xff, 0xff, 0xff, 0xff, 0xff, 0xff,
    0xff, 0xff, 0xff, 0xff, 0xff, 0xff, 0xff, 0xff,
    0xff, 0xff, 0xff, 0xff, 0xff, 0xff, 0x8b, 0xbb,
    0xbb, 0xbb, 0xbb, 0xbb, 0xbb, 0x80,

    /* U+F1C6 "" */
    0x24, 0x44, 0x40, 0x34, 0x30, 0x30, 0x0, 0xf,
    0xff, 0xff, 0xc, 0xfc, 0xf, 0x60, 0x0, 0xff,
    0xfc, 0xf, 0xff, 0xc0, 0xff, 0x60, 0xf, 0xff,
    0xfc, 0x3c, 0xfc, 0xf, 0xff, 0x60, 0xff, 0xfd,
    0x78, 0xef, 0xc0, 0xff, 0xff, 0x6f, 0xff, 0xd4,
    0xbe, 0xfc, 0xb, 0xbb, 0xbb, 0xff, 0xff, 0xc4,
    0xdf, 0xe5, 0x44, 0x44, 0x4f, 0xff, 0xc0, 0xff,
    0xff, 0xff, 0xff, 0xff, 0xff, 0xff, 0xf0, 0xcf,
    0xff, 0xff, 0xff, 0xff, 0xff, 0xc0, 0xff, 0xff,
    0xff, 0xff, 0xff, 0xff, 0xfb, 0x4, 0xdf, 0xff,
    0xff, 0xff, 0xff, 0xff, 0x80, 0x8, 0xff, 0xff,
    0xff, 0xff, 0xff, 0xf5, 0x0, 0x5f, 0xff, 0xff,
    0xff, 0xff, 0xff, 0x21, 0x12, 0xff, 0xff, 0xff,
    0xff, 0xff, 0xf2, 0xff, 0x2f, 0xff, 0xff, 0xff,
    0xff, 0xff, 0x3b, 0xb3, 0xff, 0xff, 0xff, 0xff,
    0xff, 0xfc, 0x22, 0xcf, 0xff, 0xff, 0xff, 0xff,
    0xff, 0xff, 0xff, 0xff, 0xff, 0xff, 0xff, 0xff,
    0xff, 0xff, 0xff, 0xff, 0xff, 0xff, 0xff, 0xff,
    0xff, 0xff, 0xff, 0xff, 0xff, 0xff, 0x8b, 0xbb,
    0xbb, 0xbb, 0xbb, 0xbb, 0xbb, 0x70,

    /* U+F1C7 "" */
    0x58, 0x88, 0x88, 0x88, 0x60, 0x60, 0x0, 0xf,
    0xff, 0xff, 0xff, 0xfc, 0xf, 0xa0, 0x0, 0xff,
    0xff, 0xff, 0xff, 0xc0, 0xff, 0xa0, 0xf, 0xff,
    0xff, 0xff, 0xfc, 0xf, 0xff, 0xa0, 0xff, 0xff,
    0xff, 0xff, 0xc0, 0xff, 0xff, 0xaf, 0xff, 0xff,
    0xff, 0xfc, 0x6, 0x66, 0x66, 0xff, 0xff, 0xff,
    0xff, 0xf7, 0x66, 0x66, 0x6f, 0xff, 0xff, 0xff,
    0xff, 0xff, 0xff, 0xff, 0xff, 0xff, 0xff, 0xff,
    0xff, 0xff, 0xff, 0xff, 0xff, 0xff, 0xff, 0xff,
    0xea, 0xff, 0xff, 0xff, 0xff, 0xfb, 0xdf, 0xf7,
    0x8, 0xff, 0xff, 0xff, 0xfa, 0xa, 0xe9, 0xd0,
    0xe, 0xff, 0xff, 0x90, 0x0, 0xa7, 0x9, 0x70,
    0xaf, 0xff, 0xf8, 0x0, 0xa, 0xd0, 0x4a, 0x8,
    0xff, 0xff, 0x80, 0x0, 0xa9, 0x5, 0x90, 0x9f,
    0xff, 0xff, 0xf9, 0xa, 0x91, 0xd4, 0xc, 0xff,
    0xff, 0xff, 0xfa, 0xdf, 0xf9, 0x3, 0xff, 0xff,
    0xff, 0xff, 0xff, 0xff, 0x91, 0xdf, 0xff, 0xff,
    0xff, 0xff, 0xff, 0xff, 0xff, 0xff, 0xff, 0xff,
    0xff, 0xff, 0xff, 0xff, 0xff, 0xff, 0x35, 0x55,
    0x55, 0x55, 0x55, 0x55, 0x55, 0x30,

    /* U+F1C8 "" */
    0x24, 0x44, 0x44, 0x44, 0x30, 0x30, 0x0, 0xf,
    0xff, 0xff, 0xff, 0xfc, 0xf, 0x60, 0x0, 0xff,
    0xff, 0xff, 0xff, 0xc0, 0xff, 0x60, 0xf, 0xff,
    0xff, 0xff, 0xfc, 0xf, 0xff, 0x60, 0xff, 0xff,
    0xff, 0xff, 0xc0, 0xff, 0xff, 0x6f, 0xff, 0xff,
    0xff, 0xfc, 0xb, 0xbb, 0xba, 0xff, 0xff, 0xff,
    0xff, 0xe1, 0x0, 0x0, 0xf, 0xff, 0xff, 0xff,
    0xff, 0xff, 0xff, 0xff, 0xff, 0xff, 0xff, 0xff,
    0xff, 0xff, 0xff, 0xff, 0xff, 0xff, 0xff, 0xff,
    0xff, 0xff, 0xff, 0xff, 0xfb, 0xbb, 0xbb, 0xef,
    0xfc, 0xff, 0xff, 0xf8, 0x0, 0x0, 0x5, 0xf6,
    0x9, 0xff, 0xff, 0x80, 0x0, 0x0, 0x36, 0x0,
    0x8f, 0xff, 0xf8, 0x0, 0x0, 0x0, 0x0, 0x8,
    0xff, 0xff, 0x80, 0x0, 0x0, 0x10, 0x0, 0x8f,
    0xff, 0xf8, 0x0, 0x0, 0x4, 0xb0, 0x8, 0xff,
    0xff, 0xb1, 0x0, 0x0, 0x7f, 0xb1, 0xbf, 0xff,
    0xff, 0xff, 0xff, 0xff, 0xff, 0xff, 0xff, 0xff,
    0xff, 0xff, 0xff, 0xff, 0xff, 0xff, 0xff, 0xff,
    0xff, 0xff, 0xff, 0xff, 0xff, 0xff, 0x8b, 0xbb,
    0xbb, 0xbb, 0xbb, 0xbb, 0xbb, 0x80,

    /* U+F1C9 "" */
    0x69, 0x99, 0x99, 0x99, 0x60, 0x70, 0x0, 0xf,
    0xff, 0xff, 0xff, 0xfc, 0xf, 0xb0, 0x0, 0xff,
    0xff, 0xff, 0xff, 0xc0, 0xff, 0xb0, 0xf, 0xff,
    0xff, 0xff, 0xfc, 0xf, 0xff, 0xb0, 0xff, 0xff,
    0xff, 0xff, 0xc0, 0xff, 0xff, 0xaf, 0xff, 0xff,
    0xff, 0xfc, 0x6, 0x66, 0x66, 0xff, 0xff, 0xff,
    0xff, 0xf6, 0x55, 0x55, 0x5f, 0xff, 0xff, 0xff,
    0xff, 0xff, 0xff, 0xff, 0xff, 0xff, 0xff, 0xff,
    0xff, 0xff, 0xff, 0xff, 0xff, 0xff, 0xff, 0xe2,
    0xbf, 0xff, 0xff, 0xff, 0xff, 0xff, 0xfa, 0xc,
    0xff, 0xff, 0xff, 0xff, 0xd2, 0xbf, 0x51, 0xc2,
    0xdf, 0xff, 0xff, 0xd1, 0x1c, 0xf1, 0x5d, 0x11,
    0xcf, 0xff, 0xf2, 0xb, 0xfc, 0xa, 0xfc, 0x1,
    0xff, 0xff, 0xc1, 0x1d, 0x70, 0xee, 0x20, 0xbf,
    0xff, 0xff, 0xd1, 0xa2, 0x3f, 0xb1, 0xcf, 0xff,
    0xff, 0xff, 0xfd, 0x8, 0xff, 0xff, 0xff, 0xff,
    0xff, 0xff, 0xb1, 0xdf, 0xff, 0xff, 0xff, 0xff,
    0xff, 0xff, 0xff, 0xff, 0xff, 0xff, 0xff, 0xff,
    0xff, 0xff, 0xff, 0xff, 0xff, 0xff, 0x46, 0x66,
    0x66, 0x66, 0x66, 0x66, 0x66, 0x40,

    /* U+F1CA "" */
    0x0, 0x0, 0x0, 0x0, 0x0, 0x0, 0x0, 0x0,
    0x0, 0x0, 0x0, 0x0, 0x1a, 0xff, 0xd5, 0x0,
    0x0, 0x0, 0x0, 0x0, 0xdf, 0xff, 0xff, 0x50,
    0x77, 0x70, 0x0, 0x6, 0xff, 0xca, 0xff, 0xc0,
    0xdf, 0xf0, 0x0, 0xa, 0xff, 0x10, 0xef, 0xe0,
    0xaf, 0xf2, 0x0, 0xb, 0xff, 0x0, 0xcf, 0xf0,
    0x7f, 0xf6, 0x0, 0xa, 0xff, 0x0, 0xef, 0xd0,
    0x4f, 0xf9, 0x0, 0x7, 0xff, 0x50, 0xbf, 0x90,
    0xf, 0xfd, 0x0, 0x1, 0xff, 0xe2, 0x0, 0x0,
    0xb, 0xff, 0x20, 0x0, 0x7f, 0xff, 0x96, 0x70,
    0x6, 0xff, 0x90, 0x0, 0x8, 0xff, 0xff, 0xf0,
    0x1, 0xff, 0xf1, 0x0, 0x0, 0xdf, 0xfa, 0x80,
    0x0, 0xaf, 0xf8, 0x0, 0x7, 0xff, 0x80, 0x0,
    0x0, 0x2f, 0xff, 0x20, 0x2f, 0xfe, 0x0, 0x0,
    0x0, 0x8, 0xff, 0xd1, 0xdf, 0xf4, 0x0, 0x0,
    0x0, 0x0, 0xdf, 0xff, 0xff, 0x70, 0x0, 0x0,
    0x0, 0x0, 0x2e, 0xff, 0xf9, 0x0, 0x0, 0x0,
    0x0, 0x0, 0x2, 0xcf, 0x80, 0x0, 0x0, 0x0,
    0x0, 0x0, 0x0, 0x0, 0x0, 0x0, 0x0, 0x0,

    /* U+F1CB "" */
    0x0, 0x0, 0x0, 0x0, 0x5, 0x40, 0x0, 0x0,
    0x0, 0x0, 0x0, 0x0, 0x0, 0x1, 0xbf, 0xf9,
    0x0, 0x0, 0x0, 0x0, 0x0, 0x0, 0x0, 0x5e,
    0xff, 0xff, 0xe4, 0x0, 0x0, 0x0, 0x0, 0x0,
    0x1a, 0xfe, 0x5e, 0xc6, 0xff, 0x90, 0x0, 0x0,
    0x0, 0x5, 0xef, 0xb1, 0xe, 0xc0, 0x2c, 0xfd,
    0x40, 0x0, 0x1, 0xaf, 0xf5, 0x0, 0xe, 0xc0,
    0x0, 0x7f, 0xf9, 0x0, 0x4e, 0xfb, 0x10, 0x0,
    0xe, 0xc0, 0x0, 0x2, 0xcf, 0xd3, 0xff, 0xc0,
    0x0, 0x1, 0xaf, 0xf8, 0x0, 0x0, 0xd, 0xfd,
    0xff, 0xfc, 0x20, 0x4e, 0xfc, 0xdf, 0xd3, 0x4,
    0xdf, 0xfe, 0xfc, 0x9f, 0xfb, 0xff, 0x60, 0x8,
    0xff, 0xbf, 0xf7, 0xde, 0xfb, 0x8, 0xff, 0xf4,
    0x0, 0x0, 0x6f, 0xff, 0x60, 0xde, 0xfc, 0x9f,
    0xfb, 0xff, 0x60, 0x8, 0xff, 0xbf, 0xf8, 0xde,
    0xff, 0xfc, 0x20, 0x4e, 0xfc, 0xdf, 0xd3, 0x3,
    0xdf, 0xfe, 0xff, 0xc0, 0x0, 0x1, 0xaf, 0xf8,
    0x0, 0x0, 0xd, 0xfd, 0x4e, 0xfb, 0x10, 0x0,
    0xe, 0xc0, 0x0, 0x2, 0xcf, 0xd3, 0x1, 0xaf,
    0xe5, 0x0, 0xe, 0xc0, 0x0, 0x7f, 0xf9, 0x0,
    0x0, 0x5, 0xef, 0xb1, 0xe, 0xc0, 0x2c, 0xfd,
    0x40, 0x0, 0x0, 0x0, 0x1a, 0xfe, 0x5e, 0xc6,
    0xff, 0x90, 0x0, 0x0, 0x0, 0x0, 0x0, 0x5e,
    0xff, 0xff, 0xe4, 0x0, 0x0, 0x0, 0x0, 0x0,
    0x0, 0x1, 0xbf, 0xf9, 0x0, 0x0, 0x0, 0x0,
    0x0, 0x0, 0x0, 0x0, 0x5, 0x40, 0x0, 0x0,
    0x0, 0x0,

    /* U+F1CC "" */
    0x0, 0x0, 0x0, 0x0, 0x0, 0x0, 0x0, 0x0,
    0x0, 0x0, 0x0, 0x0, 0x0, 0x0, 0x0, 0x0,
    0x17, 0xba, 0xab, 0x81, 0x0, 0x0, 0x0, 0x0,
    0x0, 0x0, 0x0, 0x4b, 0x30, 0x0, 0x3, 0xb4,
    0x0, 0x0, 0x0, 0x0, 0x0, 0x10, 0x3a, 0x0,
    0x0, 0x0, 0x0, 0xa3, 0x0, 0x0, 0x0, 0x6,
    0xb9, 0xbc, 0x0, 0x0, 0x0, 0x0, 0x0, 0xb0,
    0x0, 0x0, 0x5, 0x80, 0x0, 0x10, 0x0, 0x0,
    0x0, 0x0, 0x6, 0x50, 0x0, 0x0, 0xa0, 0x0,
    0x0, 0x0, 0x0, 0x0, 0x0, 0x0, 0x29, 0x0,
    0x0, 0xb, 0x0, 0x0, 0x57, 0x20, 0x0, 0x27,
    0x50, 0x0, 0xc0, 0x0, 0x8, 0x70, 0x0, 0xb6,
    0x3b, 0x40, 0x4a, 0x36, 0xb0, 0x4, 0xb1, 0x3,
    0x80, 0x0, 0x56, 0x0, 0xa, 0x42, 0x0, 0x7,
    0x40, 0x2, 0x90, 0x91, 0x0, 0x6, 0x40, 0x0,
    0xa, 0x40, 0x0, 0x55, 0x0, 0x9, 0x1a, 0x0,
    0x0, 0x1b, 0x0, 0x46, 0xa, 0x40, 0xb, 0x10,
    0x0, 0x63, 0x91, 0x0, 0x0, 0x3a, 0xa8, 0x0,
    0x8, 0xba, 0x30, 0x0, 0x8, 0x23, 0x80, 0x0,
    0x0, 0x0, 0x0, 0x0, 0x0, 0x0, 0x0, 0x1,
    0xa0, 0x8, 0x70, 0x0, 0x0, 0x0, 0x0, 0x0,
    0x0, 0x0, 0x1, 0xb2, 0x0, 0x5, 0xaa, 0xaa,
    0xaa, 0xaa, 0xbb, 0xbb, 0xba, 0xaa, 0x92, 0x0,

    /* U+F1CD "" */
    0x0, 0x0, 0x0, 0x0, 0x1, 0x10, 0x0, 0x0,
    0x0, 0x0, 0x0, 0x0, 0x1, 0x7c, 0xff, 0xff,
    0xc7, 0x10, 0x0, 0x0, 0x0, 0x0, 0x6f, 0xff,
    0xff, 0xff, 0xff, 0xf6, 0x0, 0x0, 0x0, 0x9,
    0xff, 0xff, 0xff, 0xff, 0xff, 0xff, 0x90, 0x0,
    0x0, 0x8f, 0x44, 0xff, 0xff, 0xff, 0xff, 0x44,
    0xf8, 0x0, 0x4, 0xf7, 0x0, 0x4f, 0xff, 0xff,
    0xf4, 0x0, 0x7f, 0x40, 0xd, 0xff, 0x30, 0x1d,
    0xfd, 0xdf, 0xd1, 0x3, 0xff, 0xd0, 0x3f, 0xff,
    0xf4, 0xdb, 0x10, 0x2, 0xbd, 0x4f, 0xff, 0xf3,
    0x7f, 0xff, 0xff, 0xd0, 0x0, 0x0, 0xd, 0xff,
    0xff, 0xf7, 0x9f, 0xff, 0xff, 0x60, 0x0, 0x0,
    0x6, 0xff, 0xff, 0xf9, 0xaf, 0xff, 0xff, 0x40,
    0x0, 0x0, 0x4, 0xff, 0xff, 0xfa, 0x9f, 0xff,
    0xff, 0x60, 0x0, 0x0, 0x6, 0xff, 0xff, 0xf9,
    0x7f, 0xff, 0xff, 0xd0, 0x0, 0x0, 0xd, 0xff,
    0xff, 0xf7, 0x3f, 0xff, 0xf4, 0xdb, 0x10, 0x2,
    0xbd, 0x4f, 0xff, 0xf3, 0xd, 0xff, 0x30, 0x1d,
    0xfd, 0xdf, 0xd1, 0x3, 0xff, 0xd0, 0x4, 0xf7,
    0x0, 0x4f, 0xff, 0xff, 0xf4, 0x0, 0x7f, 0x40,
    0x0, 0x8f, 0x44, 0xff, 0xff, 0xff, 0xff, 0x44,
    0xf8, 0x0, 0x0, 0x9, 0xff, 0xff, 0xff, 0xff,
    0xff, 0xff, 0x90, 0x0, 0x0, 0x0, 0x6f, 0xff,
    0xff, 0xff, 0xff, 0xf6, 0x0, 0x0, 0x0, 0x0,
    0x1, 0x7c, 0xff, 0xff, 0xc7, 0x10, 0x0, 0x0,
    0x0, 0x0, 0x0, 0x0, 0x1, 0x10, 0x0, 0x0,
    0x0, 0x0,

    /* U+F1CE "" */
    0x0, 0x0, 0x0, 0x0, 0x0, 0x0, 0x0, 0x0,
    0x0, 0x0, 0x0, 0x0, 0x1, 0x8d, 0x80, 0x8,
    0xd8, 0x10, 0x0, 0x0, 0x0, 0x0, 0x7f, 0xff,
    0xb0, 0xb, 0xff, 0xf7, 0x0, 0x0, 0x0, 0xa,
    0xff, 0xfb, 0x30, 0x3, 0xbf, 0xff, 0xa0, 0x0,
    0x0, 0x9f, 0xfd, 0x30, 0x0, 0x0, 0x3, 0xdf,
    0xf9, 0x0, 0x4, 0xff, 0xc0, 0x0, 0x0, 0x0,
    0x0, 0xc, 0xff, 0x40, 0xd, 0xfe, 0x10, 0x0,
    0x0, 0x0, 0x0, 0x1, 0xef, 0xd0, 0x3f, 0xf7,
    0x0, 0x0, 0x0, 0x0, 0x0, 0x0, 0x7f, 0xf3,
    0x7f, 0xf1, 0x0, 0x0, 0x0, 0x0, 0x0, 0x0,
    0x1f, 0xf7, 0x9f, 0xe0, 0x0, 0x0, 0x0, 0x0,
    0x0, 0x0, 0xe, 0xf9, 0xaf, 0xd0, 0x0, 0x0,
    0x0, 0x0, 0x0, 0x0, 0xd, 0xfa, 0x9f, 0xe0,
    0x0, 0x0, 0x0, 0x0, 0x0, 0x0, 0xe, 0xf9,
    0x7f, 0xf2, 0x0, 0x0, 0x0, 0x0, 0x0, 0x0,
    0x2f, 0xf7, 0x2f, 0xf8, 0x0, 0x0, 0x0, 0x0,
    0x0, 0x0, 0x8f, 0xf2, 0xc, 0xff, 0x20, 0x0,
    0x0, 0x0, 0x0, 0x2, 0xff, 0xc0, 0x3, 0xff,
    0xd1, 0x0, 0x0, 0x0, 0x0, 0x1d, 0xff, 0x30,
    0x0, 0x8f, 0xfe, 0x40, 0x0, 0x0, 0x4, 0xef,
    0xf7, 0x0, 0x0, 0x9, 0xff, 0xfd, 0x86, 0x68,
    0xdf, 0xff, 0x90, 0x0, 0x0, 0x0, 0x6e, 0xff,
    0xff, 0xff, 0xff, 0xf5, 0x0, 0x0, 0x0, 0x0,
    0x1, 0x7c, 0xff, 0xff, 0xc7, 0x10, 0x0, 0x0,
    0x0, 0x0, 0x0, 0x0, 0x1, 0x10, 0x0, 0x0,
    0x0, 0x0,

    /* U+F1D0 "" */
    0x0, 0x0, 0x0, 0x0, 0x0, 0x0, 0x0, 0x0,
    0x0, 0x0, 0x0, 0x0, 0x0, 0x0, 0xa, 0xa0,
    0x0, 0x0, 0x0, 0x0, 0x0, 0x0, 0x10, 0x0,
    0x7f, 0xf7, 0x0, 0x2, 0x0, 0x0, 0x0, 0x4,
    0x40, 0x3, 0x4f, 0xf5, 0x20, 0x4, 0x60, 0x0,
    0x0, 0x3c, 0x0, 0x5f, 0x9e, 0xf8, 0xf6, 0x0,
    0xc6, 0x0, 0x1, 0xe6, 0x0, 0xa, 0xff, 0xff,
    0xb1, 0x0, 0x6f, 0x30, 0x8, 0xf1, 0x0, 0x0,
    0xdf, 0xfe, 0x0, 0x0, 0x1f, 0xb0, 0xe, 0xf0,
    0x0, 0x0, 0x8f, 0xf8, 0x0, 0x0, 0xf, 0xf1,
    0x3f, 0xf1, 0x0, 0x0, 0x4f, 0xf5, 0x0, 0x0,
    0xf, 0xf5, 0x5f, 0xf6, 0x0, 0x0, 0x3f, 0xf5,
    0x0, 0x0, 0x5f, 0xf7, 0x6f, 0xfe, 0x10, 0x0,
    0x7f, 0xf8, 0x0, 0x1, 0xdf, 0xf8, 0x5f, 0xff,
    0xd2, 0x2, 0xef, 0xff, 0x20, 0x2c, 0xff, 0xf7,
    0x3f, 0xff, 0xff, 0xef, 0xff, 0xff, 0xfe, 0xff,
    0xff, 0xf5, 0xf, 0xff, 0xff, 0xff, 0xff, 0xff,
    0xff, 0xff, 0xff, 0xf1, 0x9, 0xff, 0xff, 0xff,
    0xff, 0xff, 0xff, 0xff, 0xff, 0xc0, 0x1, 0xff,
    0xff, 0xff, 0xff, 0xff, 0xff, 0xff, 0xff, 0x40,
    0x0, 0x5f, 0xff, 0xff, 0xff, 0xff, 0xff, 0xff,
    0xfa, 0x0, 0x0, 0x7, 0xff, 0xff, 0xff, 0xff,
    0xff, 0xff, 0xb0, 0x0, 0x0, 0x0, 0x5e, 0xff,
    0xff, 0xff, 0xff, 0xf9, 0x0, 0x0, 0x0, 0x0,
    0x0, 0x7c, 0xff, 0xff, 0xd9, 0x20, 0x0, 0x0,
    0x0, 0x0, 0x0, 0x0, 0x1, 0x10, 0x0, 0x0,
    0x0, 0x0,

    /* U+F1D1 "" */
    0x0, 0x0, 0x1, 0x67, 0x77, 0x77, 0x73, 0x0,
    0x0, 0x0, 0x0, 0x0, 0x67, 0x7b, 0xb6, 0xbc,
    0x87, 0x82, 0x0, 0x0, 0x0, 0x18, 0x7e, 0xfe,
    0x20, 0xb, 0xff, 0x98, 0x30, 0x0, 0x0, 0x89,
    0xfd, 0x40, 0x0, 0x0, 0x19, 0xfd, 0x83, 0x0,
    0x7, 0x88, 0x80, 0x0, 0x4f, 0xa0, 0x0, 0x57,
    0xb9, 0x0, 0x18, 0x50, 0x0, 0x0, 0x1f, 0x70,
    0x0, 0x0, 0x27, 0x60, 0x78, 0x40, 0xc, 0x40,
    0x1f, 0x60, 0x1c, 0x40, 0xc, 0x80, 0x7d, 0xd0,
    0x4f, 0xf9, 0xff, 0xfa, 0xef, 0xa0, 0x7f, 0x82,
    0x7f, 0xa0, 0x0, 0x6f, 0xff, 0xff, 0xa2, 0x0,
    0x4f, 0x84, 0x8f, 0x90, 0x0, 0x1f, 0xff, 0xff,
    0x70, 0x0, 0x3f, 0x85, 0x7f, 0xa0, 0x1, 0x6f,
    0xff, 0xff, 0xb3, 0x0, 0x4f, 0x84, 0x7d, 0xd0,
    0x4f, 0xf9, 0xff, 0xfa, 0xdf, 0xa0, 0x7f, 0x82,
    0x78, 0x40, 0xc, 0x40, 0x1f, 0x50, 0x1c, 0x30,
    0xc, 0x70, 0x28, 0x60, 0x0, 0x0, 0x1f, 0x70,
    0x0, 0x0, 0x26, 0x60, 0x7, 0x79, 0x90, 0x0,
    0x4f, 0x90, 0x0, 0x58, 0xb8, 0x0, 0x0, 0x89,
    0xfd, 0x40, 0x0, 0x0, 0x19, 0xfd, 0x83, 0x0,
    0x0, 0x18, 0x7f, 0xfd, 0x20, 0xa, 0xff, 0xa8,
    0x40, 0x0, 0x0, 0x0, 0x77, 0x7c, 0xa5, 0xac,
    0x97, 0x82, 0x0, 0x0, 0x0, 0x0, 0x1, 0x77,
    0x77, 0x77, 0x73, 0x0, 0x0, 0x0,

    /* U+F1D2 "" */
    0x0, 0x0, 0x0, 0x0, 0x0, 0x0, 0x0, 0x0,
    0x0, 0x6f, 0xff, 0xff, 0xff, 0xff, 0xff, 0xff,
    0xff, 0xd2, 0xff, 0xff, 0xff, 0xff, 0xff, 0xff,
    0xff, 0xff, 0xfa, 0xff, 0xff, 0xff, 0xff, 0xff,
    0xff, 0xff, 0xff, 0xfb, 0xff, 0xff, 0xff, 0xff,
    0xfb, 0xff, 0xff, 0xff, 0xfb, 0xff, 0xff, 0xff,
    0xff, 0xb0, 0xaf, 0xbd, 0xff, 0xfb, 0xff, 0xff,
    0xff, 0xff, 0xfa, 0xff, 0x28, 0xff, 0xfb, 0xff,
    0xf9, 0x44, 0x57, 0x93, 0xb5, 0x3, 0x7f, 0xfb,
    0xff, 0xc0, 0xbb, 0xe, 0xe0, 0x9c, 0x9, 0xff,
    0xfb, 0xff, 0xb0, 0x88, 0xd, 0xe0, 0x9c, 0x9,
    0xff, 0xfb, 0xff, 0xf3, 0x11, 0x7f, 0xe0, 0x9c,
    0x8, 0xff, 0xfb, 0xff, 0xc0, 0x68, 0xaf, 0x90,
    0x5d, 0x32, 0x5f, 0xfb, 0xff, 0xb2, 0x98, 0x16,
    0xff, 0xff, 0xff, 0xff, 0xfb, 0xff, 0xa0, 0x55,
    0x9, 0xff, 0xff, 0xff, 0xff, 0xfb, 0xff, 0xfd,
    0xbb, 0xef, 0xff, 0xff, 0xff, 0xff, 0xfb, 0xff,
    0xff, 0xff, 0xff, 0xff, 0xff, 0xff, 0xff, 0xfb,
    0xff, 0xff, 0xff, 0xff, 0xff, 0xff, 0xff, 0xff,
    0xfa, 0x6f, 0xff, 0xff, 0xff, 0xff, 0xff, 0xff,
    0xff, 0xd2, 0x0, 0x0, 0x0, 0x0, 0x0, 0x0,
    0x0, 0x0, 0x0,

    /* U+F1D3 "" */
    0x0, 0x0, 0x0, 0x0, 0x0, 0x7a, 0x20, 0x0,
    0x0, 0x0, 0x0, 0x0, 0x0, 0x0, 0x2, 0xff,
    0xa0, 0x0, 0x10, 0x0, 0x0, 0x0, 0x0, 0x0,
    0x0, 0xdf, 0x60, 0x6, 0xf3, 0x0, 0x0, 0x0,
    0x0, 0x0, 0x0, 0x1, 0x0, 0xb, 0xf4, 0x0,
    0x0, 0x46, 0x75, 0x55, 0x25, 0x77, 0x53, 0xcf,
    0xfc, 0xa6, 0x1d, 0xff, 0xff, 0xff, 0x7b, 0xff,
    0xa6, 0xff, 0xff, 0xf8, 0x8f, 0xd3, 0x3d, 0xf5,
    0x0, 0xcf, 0xa0, 0x3f, 0xf3, 0x0, 0xbf, 0x80,
    0x8, 0xf8, 0x0, 0xbf, 0xa0, 0x3f, 0xf3, 0x0,
    0x8f, 0xe4, 0x5e, 0xf7, 0x0, 0xbf, 0xa0, 0x3f,
    0xf3, 0x0, 0x1c, 0xff, 0xff, 0xc0, 0x0, 0xbf,
    0xa0, 0x3f, 0xf3, 0x0, 0x2e, 0xc5, 0x53, 0x0,
    0x0, 0xbf, 0xa0, 0x2f, 0xf7, 0x23, 0xbf, 0xfd,
    0xcb, 0x93, 0x8, 0xff, 0xe7, 0xe, 0xff, 0xfd,
    0x7f, 0xff, 0xff, 0xff, 0x18, 0xaa, 0xa7, 0x2,
    0x8a, 0x83, 0xaf, 0x44, 0x58, 0xff, 0x40, 0x0,
    0x0, 0x0, 0x0, 0x0, 0xef, 0x51, 0x27, 0xff,
    0x20, 0x0, 0x0, 0x0, 0x0, 0x0, 0x7f, 0xff,
    0xff, 0xe5, 0x0, 0x0, 0x0, 0x0, 0x0, 0x0,
    0x0, 0x45, 0x53, 0x0, 0x0, 0x0, 0x0, 0x0,
    0x0, 0x0,

    /* U+F1D4 "" */
    0x0, 0x0, 0x0, 0x0, 0x0, 0x0, 0x0, 0x0,
    0x0, 0xff, 0xff, 0xff, 0xff, 0xff, 0xff, 0xff,
    0xff, 0xf4, 0xff, 0xff, 0xff, 0xff, 0xff, 0xff,
    0xff, 0xff, 0xf4, 0xff, 0xff, 0xff, 0xff, 0xff,
    0xff, 0xff, 0xff, 0xf4, 0xff, 0xff, 0xfb, 0xdf,
    0xff, 0xfb, 0xff, 0xff, 0xf4, 0xff, 0xff, 0xf6,
    0x2f, 0xff, 0x72, 0xff, 0xff, 0xf4, 0xff, 0xff,
    0xfe, 0x9, 0xfe, 0xb, 0xff, 0xff, 0xf4, 0xff,
    0xff, 0xff, 0x82, 0xf7, 0x3f, 0xff, 0xff, 0xf4,
    0xff, 0xff, 0xff, 0xf1, 0xa1, 0xcf, 0xff, 0xff,
    0xf4, 0xff, 0xff, 0xff, 0xf9, 0x15, 0xff, 0xff,
    0xff, 0xf4, 0xff, 0xff, 0xff, 0xff, 0x1c, 0xff,
    0xff, 0xff, 0xf4, 0xff, 0xff, 0xff, 0xff, 0x2e,
    0xff, 0xff, 0xff, 0xf4, 0xff, 0xff, 0xff, 0xff,
    0x2e, 0xff, 0xff, 0xff, 0xf4, 0xff, 0xff, 0xff,
    0xff, 0x2e, 0xff, 0xff, 0xff, 0xf4, 0xff, 0xff,
    0xff, 0xff, 0xbf, 0xff, 0xff, 0xff, 0xf4, 0xff,
    0xff, 0xff, 0xff, 0xff, 0xff, 0xff, 0xff, 0xf4,
    0xff, 0xff, 0xff, 0xff, 0xff, 0xff, 0xff, 0xff,
    0xf4, 0xff, 0xff, 0xff, 0xff, 0xff, 0xff, 0xff,
    0xff, 0xf4, 0x0, 0x0, 0x0, 0x0, 0x0, 0x0,
    0x0, 0x0, 0x0,

    /* U+F1D5 "" */
    0x0, 0x0, 0x0, 0x24, 0x30, 0x0, 0x0, 0x0,
    0x0, 0x8, 0xef, 0xef, 0xf8, 0x0, 0x0, 0x0,
    0x2d, 0xc4, 0x0, 0x4, 0xcd, 0x10, 0x0, 0xc,
    0xa0, 0x0, 0x0, 0x0, 0xac, 0x0, 0x5, 0xe0,
    0x0, 0x0, 0x0, 0x0, 0xd6, 0x0, 0xb7, 0x0,
    0xb, 0xfd, 0x20, 0x6, 0xc0, 0xe, 0x30, 0x7,
    0xff, 0xfa, 0x0, 0x3f, 0x0, 0xf3, 0x0, 0x7f,
    0xff, 0xb0, 0x2, 0xf0, 0xe, 0x50, 0xc, 0xff,
    0xf3, 0x0, 0x5e, 0x0, 0x9a, 0xa, 0xc1, 0x31,
    0x0, 0xa, 0x90, 0x1, 0x44, 0xf1, 0x0, 0x0,
    0x4, 0xf2, 0x0, 0x0, 0xd7, 0x0, 0x0, 0x6,
    0xf5, 0x0, 0x0, 0x4e, 0x2, 0x87, 0x8d, 0xe4,
    0x0, 0x0, 0xa, 0x80, 0x29, 0xa9, 0x50, 0x0,
    0x0, 0x0, 0xe3, 0x0, 0x0, 0x0, 0x0, 0x0,
    0x0, 0x2f, 0x0, 0x0, 0x0, 0x0, 0x0, 0x0,
    0x4, 0xd0, 0x0, 0x0, 0x0, 0x0, 0x0, 0x0,
    0x5c, 0x0, 0x0, 0x0, 0x0, 0x0, 0x0, 0x6,
    0xb0, 0x0, 0x0, 0x0, 0x0, 0x0, 0x0, 0x5c,
    0x0, 0x0, 0x0, 0x0, 0x0, 0x0, 0x2, 0x70,
    0x0, 0x0, 0x0, 0x0, 0x0, 0x0,

    /* U+F1D6 "" */
    0x0, 0x0, 0x0, 0x2, 0x33, 0x0, 0x0, 0x0,
    0x0, 0x0, 0x0, 0x5, 0xdf, 0xff, 0xfa, 0x10,
    0x0, 0x0, 0x0, 0x0, 0x8f, 0xff, 0xff, 0xff,
    0xe1, 0x0, 0x0, 0x0, 0x3, 0xff, 0xff, 0xff,
    0xff, 0xfc, 0x0, 0x0, 0x0, 0xb, 0xff, 0xff,
    0xff, 0xff, 0xff, 0x40, 0x0, 0x0, 0x1f, 0xff,
    0xff, 0xff, 0xff, 0xff, 0x90, 0x0, 0x0, 0x4f,
    0xff, 0xff, 0xff, 0xff, 0xff, 0xd0, 0x0, 0x0,
    0x6f, 0xff, 0xff, 0xff, 0xff, 0xff, 0xf0, 0x0,
    0x0, 0x7f, 0xff, 0xff, 0xff, 0xff, 0xff, 0xf0,
    0x0, 0x0, 0xaf, 0xff, 0xff, 0xff, 0xff, 0xff,
    0xf2, 0x0, 0x1, 0xff, 0xff, 0xff, 0xff, 0xff,
    0xff, 0xf8, 0x0, 0x7, 0xff, 0xff, 0xff, 0xff,
    0xff, 0xff, 0xfe, 0x0, 0xc, 0xff, 0xff, 0xff,
    0xff, 0xff, 0xff, 0xff, 0x50, 0x2f, 0xff, 0xff,
    0xff, 0xff, 0xff, 0xff, 0xff, 0xa0, 0x6f, 0xff,
    0xff, 0xff, 0xff, 0xff, 0xff, 0xff, 0xe0, 0x9f,
    0xbf, 0xff, 0xff, 0xff, 0xff, 0xff, 0xfa, 0xf1,
    0xa4, 0x6f, 0xff, 0xff, 0xff, 0xff, 0xff, 0xe0,
    0xc2, 0x0, 0xe, 0xff, 0xff, 0xff, 0xff, 0xff,
    0x70, 0x0, 0x0, 0x3, 0xff, 0xff, 0xff, 0xff,
    0xfb, 0x0, 0x0, 0x0, 0x19, 0xff, 0xff, 0xff,
    0xff, 0xfd, 0x50, 0x0, 0x0, 0x3a, 0xbb, 0xba,
    0x99, 0xab, 0xba, 0x80, 0x0,

    /* U+F1D7 "" */
    0x0, 0x0, 0x0, 0x2, 0x32, 0x0, 0x0, 0x0,
    0x0, 0x0, 0x0, 0x0, 0x0, 0x5, 0xcf, 0xff,
    0xff, 0xa3, 0x0, 0x0, 0x0, 0x0, 0x0, 0x0,
    0x1b, 0xff, 0xff, 0xff, 0xff, 0xfa, 0x0, 0x0,
    0x0, 0x0, 0x0, 0xd, 0xff, 0xff, 0xff, 0xff,
    0xff, 0xfb, 0x0, 0x0, 0x0, 0x0, 0x9, 0xff,
    0xd1, 0x5f, 0xff, 0x41, 0xff, 0xf7, 0x0, 0x0,
    0x0, 0x0, 0xff, 0xfe, 0x69, 0xff, 0xf8, 0x6f,
    0xff, 0xc0, 0x0, 0x0, 0x0, 0x3f, 0xff, 0xff,
    0xff, 0xff, 0xfe, 0x88, 0xab, 0xb8, 0x30, 0x0,
    0x3, 0xff, 0xff, 0xff, 0xff, 0xfc, 0x7f, 0xff,
    0xff, 0xff, 0xa0, 0x0, 0x1f, 0xff, 0xff, 0xff,
    0xfe, 0x8f, 0xff, 0xff, 0xff, 0xff, 0xc0, 0x0,
    0xbf, 0xff, 0xff, 0xff, 0x8f, 0xff, 0x6b, 0xff,
    0x8a, 0xff, 0x90, 0x2, 0xff, 0xff, 0xff, 0xf8,
    0xff, 0xf1, 0x9f, 0xf4, 0x6f, 0xff, 0x0, 0x4,
    0xff, 0xff, 0xfd, 0xaf, 0xff, 0xff, 0xff, 0xff,
    0xff, 0xf2, 0x0, 0x5, 0xff, 0xff, 0xea, 0xff,
    0xff, 0xff, 0xff, 0xff, 0xff, 0x20, 0x0, 0x9e,
    0x77, 0x9a, 0x7f, 0xff, 0xff, 0xff, 0xff, 0xff,
    0xd0, 0x0, 0x5, 0x0, 0x0, 0x0, 0xef, 0xff,
    0xff, 0xff, 0xff, 0xf5, 0x0, 0x0, 0x0, 0x0,
    0x0, 0x3, 0xff, 0xff, 0xff, 0xff, 0xf8, 0x0,
    0x0, 0x0, 0x0, 0x0, 0x0, 0x2, 0xcf, 0xff,
    0xff, 0xfb, 0x0, 0x0, 0x0, 0x0, 0x0, 0x0,
    0x0, 0x0, 0x26, 0x76, 0x35, 0xc0, 0x0, 0x0,
    0x0, 0x0, 0x0, 0x0, 0x0, 0x0, 0x0, 0x0,
    0x0, 0x0, 0x0,

    /* U+F1D8 "" */
    0x0, 0x0, 0x0, 0x0, 0x0, 0x0, 0x0, 0x0,
    0x0, 0x4, 0x40, 0x0, 0x0, 0x0, 0x0, 0x0,
    0x0, 0x0, 0x0, 0x3, 0xcf, 0xf0, 0x0, 0x0,
    0x0, 0x0, 0x0, 0x0, 0x0, 0x1, 0x9f, 0xff,
    0xd0, 0x0, 0x0, 0x0, 0x0, 0x0, 0x0, 0x0,
    0x7f, 0xff, 0xff, 0xa0, 0x0, 0x0, 0x0, 0x0,
    0x0, 0x0, 0x4d, 0xff, 0xee, 0xff, 0x80, 0x0,
    0x0, 0x0, 0x0, 0x0, 0x2b, 0xff, 0xfc, 0x4f,
    0xff, 0x50, 0x0, 0x0, 0x0, 0x0, 0x18, 0xff,
    0xff, 0xb2, 0xef, 0xff, 0x20, 0x0, 0x0, 0x0,
    0x6, 0xef, 0xff, 0xfa, 0xc, 0xff, 0xff, 0x0,
    0x0, 0x0, 0x3, 0xdf, 0xff, 0xff, 0x80, 0x9f,
    0xff, 0xfd, 0x0, 0x0, 0x2, 0xaf, 0xff, 0xff,
    0xf6, 0x7, 0xff, 0xff, 0xfa, 0x0, 0x0, 0x8f,
    0xff, 0xff, 0xff, 0x40, 0x4f, 0xff, 0xff, 0xf8,
    0x0, 0xd, 0xff, 0xff, 0xff, 0xe3, 0x2, 0xff,
    0xff, 0xff, 0xf5, 0x0, 0xa, 0xff, 0xff, 0xfd,
    0x20, 0x1d, 0xff, 0xff, 0xff, 0xf2, 0x0, 0x0,
    0x28, 0xef, 0xc1, 0x0, 0xbf, 0xff, 0xff, 0xff,
    0xf0, 0x0, 0x0, 0x0, 0x5, 0x0, 0x9, 0xff,
    0xff, 0xff, 0xff, 0xd0, 0x0, 0x0, 0x0, 0x0,
    0x0, 0x6f, 0xff, 0xff, 0xff, 0xff, 0xa0, 0x0,
    0x0, 0x0, 0x0, 0x1, 0xff, 0xff, 0xff, 0xff,
    0xff, 0x80, 0x0, 0x0, 0x0, 0x0, 0x2, 0xff,
    0xfb, 0x5c, 0xff, 0xff, 0x50, 0x0, 0x0, 0x0,
    0x0, 0x2, 0xff, 0xd0, 0x0, 0x29, 0xff, 0x20,
    0x0, 0x0, 0x0, 0x0, 0x1, 0xfe, 0x20, 0x0,
    0x0, 0x2, 0x0, 0x0, 0x0, 0x0, 0x0, 0x0,
    0x52, 0x0, 0x0, 0x0, 0x0, 0x0, 0x0,

    /* U+F1DA "" */
    0x0, 0x0, 0x0, 0x0, 0x1, 0x10, 0x0, 0x0,
    0x0, 0x0, 0x35, 0x0, 0x0, 0x6b, 0xff, 0xff,
    0xd8, 0x20, 0x0, 0x0, 0x8f, 0x70, 0x4e, 0xff,
    0xff, 0xff, 0xff, 0xf8, 0x0, 0x0, 0x8f, 0xfa,
    0xff, 0xfd, 0x96, 0x67, 0xcf, 0xff, 0xb0, 0x0,
    0x8f, 0xff, 0xfe, 0x50, 0x0, 0x0, 0x3, 0xcf,
    0xfb, 0x0, 0x8f, 0xff, 0xf9, 0x0, 0x6, 0x81,
    0x0, 0xb, 0xff, 0x70, 0x8f, 0xff, 0xff, 0x70,
    0x1f, 0xf6, 0x0, 0x0, 0xdf, 0xe0, 0x8f, 0xff,
    0xff, 0xf4, 0x1f, 0xf6, 0x0, 0x0, 0x5f, 0xf5,
    0x15, 0x55, 0x55, 0x51, 0x1f, 0xf6, 0x0, 0x0,
    0xe, 0xfa, 0x0, 0x0, 0x0, 0x0, 0x1f, 0xf6,
    0x0, 0x0, 0xb, 0xfc, 0x0, 0x0, 0x0, 0x0,
    0x1f, 0xf9, 0x0, 0x0, 0xa, 0xfd, 0x0, 0x0,
    0x0, 0x0, 0xf, 0xff, 0xa0, 0x0, 0xb, 0xfc,
    0x0, 0x0, 0x0, 0x0, 0x3, 0xef, 0xf5, 0x0,
    0xe, 0xfa, 0x0, 0x0, 0x0, 0x0, 0x0, 0x1b,
    0xb0, 0x0, 0x5f, 0xf5, 0x0, 0x0, 0x0, 0x0,
    0x0, 0x0, 0x0, 0x0, 0xdf, 0xe0, 0x0, 0x0,
    0x0, 0x0, 0x0, 0x0, 0x0, 0xb, 0xff, 0x60,
    0x0, 0x0, 0xce, 0x60, 0x0, 0x0, 0x3, 0xcf,
    0xfb, 0x0, 0x0, 0x2, 0xff, 0xfd, 0x96, 0x67,
    0xcf, 0xff, 0xb0, 0x0, 0x0, 0x0, 0x4e, 0xff,
    0xff, 0xff, 0xff, 0xf8, 0x0, 0x0, 0x0, 0x0,
    0x0, 0x6c, 0xff, 0xff, 0xd8, 0x20, 0x0, 0x0,
    0x0, 0x0, 0x0, 0x0, 0x1, 0x10, 0x0, 0x0,
    0x0, 0x0,

    /* U+F1DC "" */
    0x17, 0x77, 0x77, 0x76, 0x0, 0x0, 0x67, 0x77,
    0x77, 0x71, 0x5f, 0xff, 0xff, 0xff, 0x10, 0x1,
    0xff, 0xff, 0xff, 0xf5, 0x4f, 0xff, 0xff, 0xff,
    0x10, 0x1, 0xff, 0xff, 0xff, 0xf4, 0x0, 0x8f,
    0xff, 0x40, 0x0, 0x0, 0x4, 0xff, 0xf8, 0x0,
    0x0, 0x8f, 0xff, 0x40, 0x0, 0x0, 0x4, 0xff,
    0xf8, 0x0, 0x0, 0x8f, 0xff, 0x40, 0x0, 0x0,
    0x4, 0xff, 0xf8, 0x0, 0x0, 0x8f, 0xff, 0x40,
    0x0, 0x0, 0x4, 0xff, 0xf8, 0x0, 0x0, 0x8f,
    0xff, 0x40, 0x0, 0x0, 0x4, 0xff, 0xf8, 0x0,
    0x0, 0x8f, 0xff, 0xa8, 0x88, 0x88, 0x8a, 0xff,
    0xf8, 0x0, 0x0, 0x8f, 0xff, 0xff, 0xff, 0xff,
    0xff, 0xff, 0xf8, 0x0, 0x0, 0x8f, 0xff, 0xff,
    0xff, 0xff, 0xff, 0xff, 0xf8, 0x0, 0x0, 0x8f,
    0xff, 0x40, 0x0, 0x0, 0x4, 0xff, 0xf8, 0x0,
    0x0, 0x8f, 0xff, 0x40, 0x0, 0x0, 0x4, 0xff,
    0xf8, 0x0, 0x0, 0x8f, 0xff, 0x40, 0x0, 0x0,
    0x4, 0xff, 0xf8, 0x0, 0x0, 0x8f, 0xff, 0x40,
    0x0, 0x0, 0x4, 0xff, 0xf8, 0x0, 0x17, 0xbf,
    0xff, 0x96, 0x0, 0x0, 0x69, 0xff, 0xfb, 0x71,
    0x5f, 0xff, 0xff, 0xff, 0x10, 0x1, 0xff, 0xff,
    0xff, 0xf5, 0x4f, 0xff, 0xff, 0xff, 0x10, 0x1,
    0xff, 0xff, 0xff, 0xf4, 0x0, 0x0, 0x0, 0x0,
    0x0, 0x0, 0x0, 0x0, 0x0, 0x0,

    /* U+F1DD "" */
    0x0, 0x0, 0x15, 0x67, 0x77, 0x77, 0x77, 0x77,
    0x20, 0x0, 0x9f, 0xff, 0xff, 0xff, 0xff, 0xff,
    0xf9, 0x0, 0xcf, 0xff, 0xff, 0xff, 0xff, 0xff,
    0xff, 0x70, 0x9f, 0xff, 0xff, 0xff, 0xf7, 0x7f,
    0xf1, 0x0, 0x2f, 0xff, 0xff, 0xff, 0xff, 0x66,
    0xff, 0x10, 0x6, 0xff, 0xff, 0xff, 0xff, 0xf6,
    0x6f, 0xf1, 0x0, 0x8f, 0xff, 0xff, 0xff, 0xff,
    0x66, 0xff, 0x10, 0x8, 0xff, 0xff, 0xff, 0xff,
    0xf6, 0x6f, 0xf1, 0x0, 0x5f, 0xff, 0xff, 0xff,
    0xff, 0x66, 0xff, 0x10, 0x0, 0xef, 0xff, 0xff,
    0xff, 0xf6, 0x6f, 0xf1, 0x0, 0x5, 0xff, 0xff,
    0xff, 0xff, 0x66, 0xff, 0x10, 0x0, 0x6, 0xff,
    0xff, 0xff, 0xf6, 0x6f, 0xf1, 0x0, 0x0, 0x2,
    0xae, 0xff, 0xff, 0x66, 0xff, 0x10, 0x0, 0x0,
    0x0, 0x0, 0x1f, 0xf6, 0x6f, 0xf1, 0x0, 0x0,
    0x0, 0x0, 0x1, 0xff, 0x66, 0xff, 0x10, 0x0,
    0x0, 0x0, 0x0, 0x1f, 0xf6, 0x6f, 0xf1, 0x0,
    0x0, 0x0, 0x0, 0x1, 0xff, 0x66, 0xff, 0x10,
    0x0, 0x0, 0x0, 0x0, 0xf, 0xf5, 0x5f, 0xf0,
    0x0, 0x0, 0x0, 0x0, 0x0, 0x0, 0x0, 0x0,
    0x0, 0x0,

    /* U+F1DE "" */
    0x0, 0x0, 0x0, 0x0, 0x3, 0x30, 0x0, 0x0,
    0x0, 0x0, 0x0, 0x0, 0x0, 0x0, 0x3f, 0xf3,
    0x0, 0x0, 0x0, 0x0, 0xef, 0xff, 0xff, 0xff,
    0xff, 0xff, 0xff, 0xff, 0xff, 0xfe, 0xff, 0xff,
    0xff, 0xff, 0xff, 0xff, 0xff, 0xff, 0xff, 0xff,
    0x68, 0x88, 0x88, 0x88, 0xaf, 0xfa, 0x88, 0x88,
    0x88, 0x86, 0x0, 0x0, 0x0, 0x0, 0x1b, 0xb1,
    0x0, 0x0, 0x0, 0x0, 0x0, 0x0, 0x0, 0x0,
    0x0, 0x0, 0x0, 0x0, 0x0, 0x0, 0x0, 0x0,
    0x0, 0x0, 0x0, 0x0, 0x1, 0xcc, 0x10, 0x0,
    0x78, 0x88, 0x88, 0x88, 0x88, 0x88, 0x8a, 0xff,
    0xa8, 0x87, 0xff, 0xff, 0xff, 0xff, 0xff, 0xff,
    0xff, 0xff, 0xff, 0xff, 0xdf, 0xff, 0xff, 0xff,
    0xff, 0xff, 0xff, 0xff, 0xff, 0xfd, 0x0, 0x0,
    0x0, 0x0, 0x0, 0x0, 0x3, 0xff, 0x30, 0x0,
    0x0, 0x0, 0x0, 0x0, 0x0, 0x0, 0x0, 0x22,
    0x0, 0x0, 0x0, 0x1, 0xbb, 0x10, 0x0, 0x0,
    0x0, 0x0, 0x0, 0x0, 0x68, 0x8a, 0xff, 0xa8,
    0x88, 0x88, 0x88, 0x88, 0x88, 0x86, 0xff, 0xff,
    0xff, 0xff, 0xff, 0xff, 0xff, 0xff, 0xff, 0xff,
    0xef, 0xff, 0xff, 0xff, 0xff, 0xff, 0xff, 0xff,
    0xff, 0xfe, 0x0, 0x3, 0xff, 0x30, 0x0, 0x0,
    0x0, 0x0, 0x0, 0x0, 0x0, 0x0, 0x33, 0x0,
    0x0, 0x0, 0x0, 0x0, 0x0, 0x0,

    /* U+F1E0 "" */
    0x0, 0x0, 0x0, 0x0, 0x0, 0x0, 0x47, 0x61,
    0x0, 0x0, 0x0, 0x0, 0x0, 0x0, 0xb, 0xff,
    0xff, 0x40, 0x0, 0x0, 0x0, 0x0, 0x0, 0x8f,
    0xff, 0xff, 0xf1, 0x0, 0x0, 0x0, 0x0, 0x0,
    0xef, 0xff, 0xff, 0xf6, 0x0, 0x0, 0x0, 0x0,
    0x0, 0xff, 0xff, 0xff, 0xf7, 0x0, 0x0, 0x0,
    0x0, 0x9, 0xff, 0xff, 0xff, 0xf4, 0x0, 0x3,
    0x20, 0x5, 0xef, 0xff, 0xff, 0xff, 0xb0, 0x7,
    0xff, 0xfc, 0xbf, 0xff, 0xb5, 0xbf, 0xe8, 0x0,
    0x6f, 0xff, 0xff, 0xff, 0xe5, 0x0, 0x0, 0x0,
    0x0, 0xdf, 0xff, 0xff, 0xfb, 0x10, 0x0, 0x0,
    0x0, 0x0, 0xff, 0xff, 0xff, 0xf7, 0x0, 0x0,
    0x0, 0x0, 0x0, 0xdf, 0xff, 0xff, 0xfb, 0x10,
    0x0, 0x0, 0x0, 0x0, 0x6f, 0xff, 0xff, 0xff,
    0xe6, 0x0, 0x0, 0x0, 0x0, 0x7, 0xff, 0xfc,
    0xaf, 0xff, 0xc5, 0xbf, 0xe8, 0x0, 0x0, 0x3,
    0x20, 0x4, 0xef, 0xff, 0xff, 0xff, 0xb0, 0x0,
    0x0, 0x0, 0x0, 0x8, 0xff, 0xff, 0xff, 0xf4,
    0x0, 0x0, 0x0, 0x0, 0x0, 0xff, 0xff, 0xff,
    0xf7, 0x0, 0x0, 0x0, 0x0, 0x0, 0xef, 0xff,
    0xff, 0xf6, 0x0, 0x0, 0x0, 0x0, 0x0, 0x8f,
    0xff, 0xff, 0xf1, 0x0, 0x0, 0x0, 0x0, 0x0,
    0xb, 0xff, 0xff, 0x40, 0x0, 0x0, 0x0, 0x0,
    0x0, 0x0, 0x47, 0x61, 0x0,

    /* U+F1E1 "" */
    0x0, 0x0, 0x0, 0x0, 0x0, 0x0, 0x0, 0x0,
    0x0, 0x6f, 0xff, 0xff, 0xff, 0xff, 0xff, 0xff,
    0xff, 0xc1, 0xff, 0xff, 0xff, 0xff, 0xff, 0xff,
    0xff, 0xff, 0xf7, 0xff, 0xff, 0xff, 0xff, 0xff,
    0xfd, 0xef, 0xff, 0xf8, 0xff, 0xff, 0xff, 0xff,
    0xff, 0x50, 0x8, 0xff, 0xf8, 0xff, 0xff, 0xff,
    0xff, 0xfc, 0x0, 0x0, 0xff, 0xf8, 0xff, 0xff,
    0xff, 0xff, 0xf8, 0x0, 0x1, 0xff, 0xf8, 0xff,
    0xff, 0xd8, 0xab, 0x20, 0x51, 0x3c, 0xff, 0xf8,
    0xff, 0xfc, 0x0, 0x0, 0x7e, 0xff, 0xff, 0xff,
    0xf8, 0xff, 0xf7, 0x0, 0x3, 0xff, 0xff, 0xff,
    0xff, 0xf8, 0xff, 0xfc, 0x0, 0x0, 0x7e, 0xff,
    0xff, 0xff, 0xf8, 0xff, 0xff, 0xd8, 0xab, 0x20,
    0x51, 0x3c, 0xff, 0xf8, 0xff, 0xff, 0xff, 0xff,
    0xf8, 0x0, 0x1, 0xff, 0xf8, 0xff, 0xff, 0xff,
    0xff, 0xfc, 0x0, 0x0, 0xff, 0xf8, 0xff, 0xff,
    0xff, 0xff, 0xff, 0x50, 0x8, 0xff, 0xf8, 0xff,
    0xff, 0xff, 0xff, 0xff, 0xfd, 0xef, 0xff, 0xf8,
    0xff, 0xff, 0xff, 0xff, 0xff, 0xff, 0xff, 0xff,
    0xf7, 0x6f, 0xff, 0xff, 0xff, 0xff, 0xff, 0xff,
    0xff, 0xc1, 0x0, 0x0, 0x0, 0x0, 0x0, 0x0,
    0x0, 0x0, 0x0,

    /* U+F1E2 "" */
    0x0, 0x0, 0x0, 0x0, 0x0, 0x0, 0x0, 0x0,
    0x26, 0x0, 0x0, 0x0, 0x0, 0x0, 0x0, 0x0,
    0x0, 0xa, 0x6a, 0x92, 0x0, 0x0, 0x0, 0x0,
    0x0, 0x0, 0x0, 0x4, 0x73, 0xd4, 0x0, 0x0,
    0x0, 0x0, 0x0, 0x0, 0x0, 0x0, 0x90, 0x99,
    0x0, 0x0, 0x6, 0xac, 0xdb, 0x75, 0xfb, 0x1c,
    0x72, 0xd1, 0x0, 0x5, 0xef, 0xff, 0xff, 0xff,
    0xff, 0xf8, 0x0, 0x31, 0x0, 0x8f, 0xff, 0xff,
    0xff, 0xff, 0xff, 0xfb, 0x0, 0x0, 0x5, 0xff,
    0xf9, 0x4c, 0xff, 0xff, 0xff, 0xff, 0x60, 0x0,
    0x1e, 0xff, 0x30, 0x1b, 0xff, 0xff, 0xff, 0xff,
    0x30, 0x0, 0x7f, 0xf8, 0xa, 0xff, 0xff, 0xff,
    0xff, 0xfa, 0x0, 0x0, 0xcf, 0xf3, 0x7f, 0xff,
    0xff, 0xff, 0xff, 0xfe, 0x0, 0x0, 0xef, 0xf4,
    0xbf, 0xff, 0xff, 0xff, 0xff, 0xff, 0x10, 0x0,
    0xff, 0xff, 0xff, 0xff, 0xff, 0xff, 0xff, 0xff,
    0x30, 0x0, 0xef, 0xff, 0xff, 0xff, 0xff, 0xff,
    0xff, 0xff, 0x20, 0x0, 0xbf, 0xff, 0xff, 0xff,
    0xff, 0xff, 0xff, 0xff, 0x0, 0x0, 0x6f, 0xff,
    0xff, 0xff, 0xff, 0xff, 0xff, 0xfb, 0x0, 0x0,
    0xe, 0xff, 0xff, 0xff, 0xff, 0xff, 0xff, 0xf3,
    0x0, 0x0, 0x4, 0xff, 0xff, 0xff, 0xff, 0xff,
    0xff, 0x80, 0x0, 0x0, 0x0, 0x6f, 0xff, 0xff,
    0xff, 0xff, 0xf9, 0x0, 0x0, 0x0, 0x0, 0x3,
    0xdf, 0xff, 0xff, 0xfe, 0x60, 0x0, 0x0, 0x0,
    0x0, 0x0, 0x4, 0x8a, 0xa9, 0x50, 0x0, 0x0,
    0x0, 0x0,

    /* U+F1E3 "" */
    0x0, 0x0, 0x0, 0x0, 0x2, 0x20, 0x0, 0x0,
    0x0, 0x0, 0x0, 0x0, 0x1, 0x8d, 0xff, 0xff,
    0xd8, 0x10, 0x0, 0x0, 0x0, 0x0, 0x7f, 0xff,
    0xff, 0xff, 0xff, 0xf7, 0x0, 0x0, 0x0, 0xa,
    0xff, 0x8b, 0xff, 0xff, 0xb8, 0xff, 0xa0, 0x0,
    0x0, 0x9f, 0xd2, 0x7, 0xff, 0xff, 0x70, 0x2d,
    0xf9, 0x0, 0x4, 0xff, 0x40, 0x0, 0x1a, 0xa1,
    0x0, 0x4, 0xff, 0x40, 0xd, 0xff, 0xf2, 0x0,
    0x0, 0x0, 0x0, 0x2f, 0xff, 0xd0, 0x3f, 0xff,
    0xf5, 0x0, 0x3, 0x30, 0x0, 0x5f, 0xff, 0xf3,
    0x7f, 0xff, 0xf8, 0x0, 0x7f, 0xf7, 0x0, 0x8f,
    0xff, 0xf7, 0x9f, 0xff, 0xf4, 0xb, 0xff, 0xff,
    0xb0, 0x4f, 0xff, 0xf9, 0xaf, 0xde, 0x30, 0xc,
    0xff, 0xff, 0xc0, 0x3, 0xed, 0xfa, 0x9f, 0x42,
    0x0, 0x7, 0xff, 0xff, 0x70, 0x0, 0x24, 0xf9,
    0x7f, 0x70, 0x0, 0x1, 0xff, 0xff, 0x10, 0x0,
    0x7, 0xf7, 0x3f, 0xc0, 0x20, 0x0, 0x33, 0x33,
    0x0, 0x2, 0xc, 0xf3, 0xd, 0xf7, 0xff, 0xe6,
    0x0, 0x0, 0x6e, 0xff, 0x7f, 0xd0, 0x4, 0xff,
    0xff, 0xfe, 0x0, 0x0, 0xef, 0xff, 0xff, 0x40,
    0x0, 0x9f, 0xff, 0xff, 0x60, 0x6, 0xff, 0xff,
    0xf9, 0x0, 0x0, 0xa, 0xff, 0xfe, 0x50, 0x5,
    0xef, 0xff, 0xa0, 0x0, 0x0, 0x0, 0x7f, 0xff,
    0xdb, 0xbd, 0xff, 0xf7, 0x0, 0x0, 0x0, 0x0,
    0x1, 0x8d, 0xff, 0xff, 0xd8, 0x10, 0x0, 0x0,
    0x0, 0x0, 0x0, 0x0, 0x2, 0x20, 0x0, 0x0,
    0x0, 0x0,

    /* U+F1E4 "" */
    0x0, 0x0, 0x0, 0x0, 0x0, 0x0, 0x0, 0x0,
    0x0, 0x0, 0x0, 0x0, 0x0, 0x0, 0x1, 0x47,
    0x87, 0x63, 0x0, 0x0, 0x0, 0x0, 0x0, 0x0,
    0x6, 0xcf, 0xff, 0xff, 0xff, 0xfa, 0x40, 0x0,
    0x0, 0x0, 0x6, 0xef, 0xff, 0xff, 0xff, 0xff,
    0xff, 0xfc, 0x20, 0x0, 0x0, 0xbf, 0xff, 0xfe,
    0xa7, 0x56, 0x7b, 0xff, 0xff, 0xf6, 0x0, 0xc,
    0xff, 0xff, 0xf3, 0x0, 0x0, 0x0, 0x6f, 0xff,
    0xff, 0x80, 0xe, 0xff, 0xff, 0xf5, 0x0, 0x0,
    0x0, 0x7f, 0xff, 0xff, 0xa0, 0x6, 0xff, 0xff,
    0xf5, 0x0, 0x0, 0x0, 0x7f, 0xff, 0xff, 0x10,
    0x0, 0xcf, 0xfa, 0x30, 0x0, 0x0, 0x0, 0x5,
    0xbf, 0xf7, 0x0, 0x0, 0x26, 0x10, 0x0, 0x0,
    0x0, 0x0, 0x0, 0x2, 0x60, 0x0, 0x0, 0x0,
    0x0, 0x0, 0x0, 0x0, 0x0, 0x0, 0x0, 0x0,
    0x0, 0x0, 0x68, 0x30, 0x77, 0x22, 0x77, 0x3,
    0x86, 0x6, 0x83, 0x0, 0x0, 0xef, 0x91, 0xff,
    0x66, 0xff, 0x19, 0xfe, 0xe, 0xf9, 0x0, 0x0,
    0xdf, 0x80, 0xff, 0x55, 0xff, 0x8, 0xfd, 0xd,
    0xf8, 0x0, 0x0, 0x0, 0x0, 0x0, 0x0, 0x0,
    0x0, 0x0, 0x0, 0x0, 0x0, 0x0, 0x0, 0x88,
    0x31, 0x88, 0x13, 0x88, 0x5, 0x85, 0x0, 0x0,
    0x0, 0x0, 0xff, 0x83, 0xff, 0x38, 0xff, 0xb,
    0xfb, 0x0, 0x0, 0x0, 0x0, 0xef, 0x72, 0xff,
    0x27, 0xfe, 0x9, 0xf9, 0x0, 0x0, 0x0, 0x0,
    0x0, 0x0, 0x0, 0x0, 0x0, 0x0, 0x0, 0x0,
    0x0, 0x0, 0xdf, 0x80, 0xff, 0xff, 0xff, 0xff,
    0xfd, 0xd, 0xf8, 0x0, 0x0, 0xef, 0x91, 0xff,
    0xff, 0xff, 0xff, 0xfe, 0xe, 0xf9, 0x0, 0x0,
    0x68, 0x30, 0x78, 0x88, 0x88, 0x88, 0x86, 0x6,
    0x83, 0x0,

    /* U+F1E5 "" */
    0x0, 0x0, 0x67, 0x72, 0x0, 0x0, 0x37, 0x76,
    0x0, 0x0, 0x0, 0x3, 0xff, 0xf9, 0x0, 0x0,
    0xaf, 0xff, 0x10, 0x0, 0x0, 0x4, 0xff, 0xf9,
    0x0, 0x0, 0xaf, 0xff, 0x10, 0x0, 0x0, 0x0,
    0x0, 0x0, 0x0, 0x0, 0x0, 0x0, 0x0, 0x0,
    0x0, 0x3, 0x44, 0x42, 0x4, 0x42, 0x34, 0x44,
    0x20, 0x0, 0x0, 0x5f, 0xff, 0xf9, 0x1f, 0xf6,
    0xaf, 0xff, 0xf2, 0x0, 0x0, 0x9f, 0xff, 0xf9,
    0x1f, 0xf6, 0xaf, 0xff, 0xf6, 0x0, 0x0, 0xbf,
    0xff, 0xf9, 0x1f, 0xf6, 0xaf, 0xff, 0xf8, 0x0,
    0x1, 0xff, 0xff, 0xf9, 0x1f, 0xf6, 0xaf, 0xff,
    0xfd, 0x0, 0x7, 0xff, 0xff, 0xf9, 0x1f, 0xf6,
    0xaf, 0xff, 0xff, 0x30, 0xe, 0xff, 0xff, 0xf9,
    0x1f, 0xf6, 0xaf, 0xff, 0xff, 0xb0, 0x4f, 0xff,
    0xff, 0x40, 0x0, 0x0, 0x6, 0xff, 0xff, 0xf1,
    0x9f, 0xff, 0xff, 0x40, 0x0, 0x0, 0x6, 0xff,
    0xff, 0xf6, 0xcf, 0xff, 0xff, 0x40, 0x0, 0x0,
    0x6, 0xff, 0xff, 0xfa, 0xef, 0xff, 0xff, 0x40,
    0x0, 0x0, 0x6, 0xff, 0xff, 0xfc, 0xff, 0xff,
    0xff, 0x40, 0x0, 0x0, 0x6, 0xff, 0xff, 0xfd,
    0xff, 0xff, 0xff, 0x40, 0x0, 0x0, 0x6, 0xff,
    0xff, 0xfd, 0xef, 0xff, 0xff, 0x20, 0x0, 0x0,
    0x5, 0xff, 0xff, 0xfb, 0x27, 0x77, 0x74, 0x0,
    0x0, 0x0, 0x0, 0x57, 0x77, 0x61,

    /* U+F1E6 "" */
    0x0, 0x19, 0x50, 0x0, 0x0, 0x59, 0x10, 0x0,
    0x7, 0xff, 0x0, 0x0, 0xf, 0xf7, 0x0, 0x0,
    0x8f, 0xf0, 0x0, 0x0, 0xff, 0x80, 0x0, 0x8,
    0xff, 0x0, 0x0, 0xf, 0xf8, 0x0, 0x0, 0x8f,
    0xf0, 0x0, 0x0, 0xff, 0x80, 0x0, 0x7, 0xee,
    0x0, 0x0, 0xe, 0xe7, 0x0, 0x57, 0x77, 0x77,
    0x77, 0x77, 0x77, 0x77, 0x5f, 0xff, 0xff, 0xff,
    0xff, 0xff, 0xff, 0xff, 0xef, 0xff, 0xff, 0xff,
    0xff, 0xff, 0xff, 0xe0, 0xcf, 0xff, 0xff, 0xff,
    0xff, 0xff, 0xc0, 0xb, 0xff, 0xff, 0xff, 0xff,
    0xff, 0xfb, 0x0, 0x9f, 0xff, 0xff, 0xff, 0xff,
    0xff, 0x90, 0x5, 0xff, 0xff, 0xff, 0xff, 0xff,
    0xf5, 0x0, 0xd, 0xff, 0xff, 0xff, 0xff, 0xfd,
    0x0, 0x0, 0x2e, 0xff, 0xff, 0xff, 0xfe, 0x20,
    0x0, 0x0, 0x2c, 0xff, 0xff, 0xfc, 0x20, 0x0,
    0x0, 0x0, 0x3, 0xdf, 0xd3, 0x0, 0x0, 0x0,
    0x0, 0x0, 0xc, 0xfc, 0x0, 0x0, 0x0, 0x0,
    0x0, 0x0, 0xcf, 0xc0, 0x0, 0x0, 0x0, 0x0,
    0x0, 0xc, 0xfc, 0x0, 0x0, 0x0, 0x0, 0x0,
    0x0, 0x34, 0x30, 0x0, 0x0, 0x0,

    /* U+F1E7 "" */
    0x0, 0x2, 0x44, 0x44, 0x44, 0x44, 0x44, 0x44,
    0x44, 0x20, 0x0, 0x0, 0x7f, 0xcc, 0xcc, 0xcc,
    0xcc, 0xcc, 0xcc, 0xcc, 0xf7, 0x0, 0x0, 0xd5,
    0x0, 0x0, 0x0, 0x0, 0x0, 0x0, 0x0, 0x5d,
    0x0, 0x0, 0xe2, 0x0, 0x0, 0x0, 0x0, 0x0,
    0x0, 0x0, 0x1e, 0x0, 0x0, 0xe2, 0x0, 0x0,
    0x0, 0x0, 0x0, 0x0, 0x0, 0x1e, 0x0, 0x0,
    0xe2, 0x0, 0x0, 0x0, 0x0, 0x0, 0x0, 0x0,
    0x1e, 0x0, 0x0, 0xe2, 0x0, 0x5, 0x62, 0x0,
    0x16, 0x60, 0x0, 0x1e, 0x0, 0x0, 0xe2, 0x0,
    0xbf, 0xff, 0x32, 0xef, 0xfd, 0x0, 0x1e, 0x0,
    0x0, 0xe2, 0x1, 0xff, 0xff, 0x97, 0xff, 0xff,
    0x40, 0x1e, 0x0, 0x0, 0xe2, 0x0, 0xff, 0xff,
    0x75, 0xff, 0xff, 0x20, 0x1e, 0x0, 0xc, 0xf3,
    0x0, 0x4d, 0xf9, 0x0, 0x8e, 0xe6, 0x0, 0x2f,
    0xc0, 0x2, 0xdf, 0x94, 0x10, 0x0, 0x0, 0x0,
    0x2, 0x59, 0xfd, 0x10, 0x0, 0x9, 0xff, 0xff,
    0xff, 0xaa, 0xff, 0xff, 0xff, 0x90, 0x0, 0x0,
    0x0, 0x1c, 0xff, 0xff, 0xff, 0xff, 0xff, 0xc2,
    0x0, 0x0, 0x0, 0x0, 0xc, 0xff, 0xff, 0xdf,
    0xff, 0xff, 0xc0, 0x0, 0x0, 0x0, 0x0, 0xf,
    0xff, 0xff, 0xac, 0xff, 0xff, 0xe0, 0x0, 0x0,
    0x0, 0x0, 0xf, 0xff, 0xff, 0xac, 0xff, 0xff,
    0xe0, 0x0, 0x0, 0x0, 0x0, 0xd, 0xff, 0xff,
    0xac, 0xff, 0xff, 0xc0, 0x0, 0x0, 0x0, 0x0,
    0x7, 0xff, 0xff, 0x9c, 0xff, 0xff, 0x60, 0x0,
    0x0, 0x0, 0x0, 0x0, 0xbf, 0xff, 0x58, 0xff,
    0xf9, 0x0, 0x0, 0x0, 0x0, 0x0, 0x0, 0x5,
    0x74, 0x0, 0x57, 0x40, 0x0, 0x0, 0x0,

    /* U+F1E8 "" */
    0x0, 0x0, 0x0, 0x0, 0x0, 0x0, 0x0, 0x0,
    0x0, 0xa, 0xff, 0xff, 0xff, 0xff, 0xff, 0xff,
    0xff, 0xf1, 0x1f, 0xf8, 0x88, 0x88, 0x88, 0x88,
    0x88, 0x8c, 0xf1, 0x7f, 0xf0, 0x0, 0x0, 0x0,
    0x0, 0x0, 0x7, 0xf1, 0x9f, 0xf0, 0x0, 0x0,
    0x0, 0x0, 0x0, 0x7, 0xf1, 0x9f, 0xf0, 0x0,
    0x9, 0x60, 0x6, 0x90, 0x7, 0xf1, 0x9f, 0xf0,
    0x0, 0xe, 0xa0, 0xa, 0xf0, 0x7, 0xf1, 0x9f,
    0xf0, 0x0, 0xe, 0xa0, 0xa, 0xf0, 0x7, 0xf1,
    0x9f, 0xf0, 0x0, 0xe, 0xa0, 0xa, 0xf0, 0x7,
    0xf1, 0x9f, 0xf0, 0x0, 0xe, 0x90, 0x9, 0xe0,
    0x7, 0xf1, 0x9f, 0xf0, 0x0, 0x0, 0x0, 0x0,
    0x0, 0x8, 0xf1, 0x9f, 0xf0, 0x0, 0x0, 0x0,
    0x0, 0x0, 0x4f, 0xe0, 0x9f, 0xf0, 0x0, 0x0,
    0x0, 0x0, 0x4, 0xfe, 0x20, 0x9f, 0xfb, 0xbb,
    0x60, 0x8b, 0xbb, 0xbf, 0xe2, 0x0, 0x9f, 0xff,
    0xff, 0x88, 0xff, 0xff, 0xfe, 0x20, 0x0, 0x9f,
    0xff, 0xff, 0xef, 0xff, 0xff, 0xe2, 0x0, 0x0,
    0x0, 0x0, 0x6f, 0xff, 0x90, 0x0, 0x0, 0x0,
    0x0, 0x0, 0x0, 0x6f, 0xf9, 0x0, 0x0, 0x0,
    0x0, 0x0, 0x0, 0x0, 0x14, 0x30, 0x0, 0x0,
    0x0, 0x0, 0x0,

    /* U+F1E9 "" */
    0x0, 0x0, 0x0, 0x31, 0x0, 0x0, 0x0, 0x0,
    0x2, 0x8d, 0xff, 0xb0, 0x0, 0x0, 0x0, 0x0,
    0xff, 0xff, 0xfc, 0x0, 0x0, 0x0, 0x0, 0xc,
    0xff, 0xff, 0xc0, 0x0, 0x0, 0x0, 0x0, 0x3f,
    0xff, 0xfc, 0x0, 0x0, 0x0, 0x0, 0x0, 0x9f,
    0xff, 0xc0, 0x0, 0x0, 0x0, 0x0, 0x1, 0xff,
    0xfc, 0x0, 0x0, 0x0, 0x0, 0x0, 0x7, 0xff,
    0xc0, 0x0, 0x6d, 0x20, 0x0, 0x0, 0xd, 0xfc,
    0x0, 0x2f, 0xfe, 0x10, 0x0, 0x0, 0x5f, 0xc0,
    0xc, 0xff, 0xf9, 0x6e, 0x81, 0x0, 0x75, 0x8,
    0xff, 0xff, 0xec, 0xff, 0xf8, 0x10, 0x0, 0xff,
    0xfb, 0x71, 0xef, 0xff, 0xfe, 0x0, 0x4, 0x40,
    0x0, 0xe, 0xff, 0xfe, 0x90, 0x0, 0x10, 0x0,
    0x0, 0x79, 0x62, 0x0, 0x41, 0xf, 0xfb, 0x61,
    0x0, 0x0, 0x0, 0x6f, 0xa0, 0xbf, 0xff, 0xf8,
    0x0, 0x0, 0x5f, 0xfa, 0x2, 0xff, 0xff, 0xa0,
    0x0, 0x3f, 0xff, 0xa0, 0x7, 0xff, 0xf2, 0x0,
    0xe, 0xff, 0xf9, 0x0, 0xd, 0xf4, 0x0, 0x0,
    0x7f, 0xff, 0x80, 0x0, 0x11, 0x0, 0x0, 0x0,
    0x16, 0xa3, 0x0, 0x0, 0x0, 0x0,

    /* U+F1EA "" */
    0x0, 0x0, 0x11, 0x11, 0x11, 0x11, 0x11, 0x11,
    0x11, 0x11, 0x10, 0x0, 0x5, 0xff, 0xff, 0xff,
    0xff, 0xff, 0xff, 0xff, 0xff, 0xff, 0xf5, 0xad,
    0xef, 0xff, 0xff, 0xff, 0xff, 0xff, 0xff, 0xff,
    0xff, 0xff, 0x8f, 0xff, 0xff, 0x76, 0x66, 0x66,
    0x66, 0x66, 0x66, 0x66, 0x7f, 0xf8, 0xfe, 0x8f,
    0xf0, 0x0, 0x0, 0x0, 0x0, 0x0, 0x0, 0x0,
    0xff, 0x8f, 0xe8, 0xff, 0x0, 0x0, 0x0, 0x0,
    0x0, 0x0, 0x0, 0xf, 0xf8, 0xfe, 0x8f, 0xff,
    0xff, 0xff, 0xff, 0xff, 0xff, 0xff, 0xff, 0xff,
    0x8f, 0xe8, 0xff, 0xff, 0xff, 0xff, 0xff, 0xff,
    0xff, 0xff, 0xff, 0xf8, 0xfe, 0x8f, 0xf8, 0x88,
    0x88, 0x89, 0xf9, 0x88, 0x88, 0x88, 0xff, 0x8f,
    0xe8, 0xff, 0x77, 0x77, 0x77, 0x9f, 0x97, 0x77,
    0x77, 0x7f, 0xf8, 0xfe, 0x8f, 0xff, 0xff, 0xff,
    0xff, 0xff, 0xff, 0xff, 0xff, 0xff, 0x8f, 0xe8,
    0xff, 0xff, 0xff, 0xff, 0xff, 0xff, 0xff, 0xff,
    0xff, 0xf8, 0xfe, 0x8f, 0xf1, 0x0, 0x0, 0x3,
    0xf3, 0x0, 0x0, 0x1, 0xff, 0x8f, 0xe8, 0xff,
    0x98, 0x88, 0x88, 0xaf, 0xa8, 0x88, 0x88, 0x9f,
    0xf8, 0xdf, 0xff, 0xff, 0xff, 0xff, 0xff, 0xff,
    0xff, 0xff, 0xff, 0xff, 0x63, 0xdf, 0xff, 0xff,
    0xff, 0xff, 0xff, 0xff, 0xff, 0xff, 0xff, 0xb0,

    /* U+F1EB "" */
    0x0, 0x0, 0x0, 0x0, 0x0, 0x23, 0x43, 0x20,
    0x0, 0x0, 0x0, 0x0, 0x0, 0x0, 0x0, 0x3,
    0x8c, 0xff, 0xff, 0xff, 0xfc, 0x83, 0x0, 0x0,
    0x0, 0x0, 0x0, 0x6d, 0xff, 0xff, 0xff, 0xff,
    0xff, 0xff, 0xfd, 0x60, 0x0, 0x0, 0x3, 0xdf,
    0xff, 0xff, 0xff, 0xfe, 0xff, 0xff, 0xff, 0xff,
    0xd3, 0x0, 0x8, 0xff, 0xff, 0xfb, 0x72, 0x0,
    0x0, 0x2, 0x7b, 0xff, 0xff, 0xf8, 0xa, 0xff,
    0xff, 0xa2, 0x0, 0x0, 0x0, 0x0, 0x0, 0x2,
    0xaf, 0xff, 0xfa, 0xbf, 0xfd, 0x30, 0x0, 0x0,
    0x0, 0x0, 0x0, 0x0, 0x0, 0x3d, 0xff, 0xb0,
    0xba, 0x10, 0x0, 0x5, 0x9d, 0xef, 0xed, 0x95,
    0x0, 0x0, 0x1a, 0xb0, 0x0, 0x0, 0x0, 0x6d,
    0xff, 0xff, 0xff, 0xff, 0xfd, 0x60, 0x0, 0x0,
    0x0, 0x0, 0x1, 0xbf, 0xff, 0xff, 0xff, 0xff,
    0xff, 0xff, 0xb1, 0x0, 0x0, 0x0, 0x0, 0x8f,
    0xff, 0xfa, 0x53, 0x23, 0x5a, 0xff, 0xff, 0x80,
    0x0, 0x0, 0x0, 0x0, 0xcf, 0xb1, 0x0, 0x0,
    0x0, 0x1, 0xbf, 0xc0, 0x0, 0x0, 0x0, 0x0,
    0x0, 0x40, 0x0, 0x0, 0x0, 0x0, 0x0, 0x40,
    0x0, 0x0, 0x0, 0x0, 0x0, 0x0, 0x0, 0x1,
    0x9d, 0x91, 0x0, 0x0, 0x0, 0x0, 0x0, 0x0,
    0x0, 0x0, 0x0, 0x0, 0xaf, 0xff, 0xa0, 0x0,
    0x0, 0x0, 0x0, 0x0, 0x0, 0x0, 0x0, 0x0,
    0xf, 0xff, 0xff, 0x0, 0x0, 0x0, 0x0, 0x0,
    0x0, 0x0, 0x0, 0x0, 0x0, 0xcf, 0xff, 0xc0,
    0x0, 0x0, 0x0, 0x0, 0x0, 0x0, 0x0, 0x0,
    0x0, 0x3, 0xef, 0xe3, 0x0, 0x0, 0x0, 0x0,
    0x0, 0x0, 0x0, 0x0, 0x0, 0x0, 0x0, 0x10,
    0x0, 0x0, 0x0, 0x0, 0x0, 0x0,

    /* U+F1EC "" */
    0x6, 0x88, 0x88, 0x88, 0x88, 0x88, 0x88, 0x87,
    0x30, 0xbf, 0xff, 0xff, 0xff, 0xff, 0xff, 0xff,
    0xff, 0xf3, 0xff, 0xff, 0xff, 0xff, 0xff, 0xff,
    0xff, 0xff, 0xf7, 0xff, 0x90, 0x0, 0x0, 0x0,
    0x0, 0x0, 0x1f, 0xf8, 0xff, 0x80, 0x0, 0x0,
    0x0, 0x0, 0x0, 0xf, 0xf8, 0xff, 0x80, 0x0,
    0x0, 0x0, 0x0, 0x0, 0xf, 0xf8, 0xff, 0x80,
    0x0, 0x0, 0x0, 0x0, 0x0, 0xf, 0xf8, 0xff,
    0x90, 0x0, 0x0, 0x0, 0x0, 0x0, 0x1f, 0xf8,
    0xff, 0xff, 0xff, 0xff, 0xff, 0xff, 0xff, 0xff,
    0xf8, 0xff, 0xff, 0xff, 0xff, 0xff, 0xff, 0xff,
    0xff, 0xf8, 0xff, 0xd8, 0x9f, 0xfd, 0x89, 0xff,
    0xd8, 0x9f, 0xf8, 0xff, 0x80, 0xf, 0xf8, 0x0,
    0xff, 0x80, 0xf, 0xf8, 0xff, 0x90, 0x1f, 0xf9,
    0x1, 0xff, 0x80, 0xf, 0xf8, 0xff, 0xff, 0xff,
    0xff, 0xff, 0xff, 0x80, 0xf, 0xf8, 0xff, 0xff,
    0xff, 0xff, 0xff, 0xff, 0x80, 0xf, 0xf8, 0xff,
    0xd8, 0x9f, 0xfd, 0x89, 0xff, 0x80, 0xf, 0xf8,
    0xff, 0x80, 0xf, 0xf8, 0x0, 0xff, 0x80, 0xf,
    0xf8, 0xff, 0x90, 0x1f, 0xf9, 0x1, 0xff, 0x90,
    0x1f, 0xf8, 0xff, 0xff, 0xff, 0xff, 0xff, 0xff,
    0xff, 0xff, 0xf7, 0xbf, 0xff, 0xff, 0xff, 0xff,
    0xff, 0xff, 0xff, 0xf3, 0x6, 0x88, 0x88, 0x88,
    0x88, 0x88, 0x88, 0x87, 0x30,

    /* U+F1ED "" */
    0x0, 0x0, 0x33, 0x33, 0x33, 0x20, 0x0, 0x0,
    0x0, 0x0, 0xaf, 0xff, 0xff, 0xff, 0xe8, 0x0,
    0x0, 0x0, 0xd, 0xff, 0xff, 0xff, 0xff, 0xfa,
    0x0, 0x0, 0x0, 0xff, 0xff, 0xff, 0xff, 0xff,
    0xf1, 0x0, 0x0, 0x2f, 0xff, 0xff, 0xff, 0xff,
    0xff, 0x30, 0x0, 0x5, 0xff, 0xff, 0xff, 0xff,
    0xff, 0xf3, 0x10, 0x0, 0x8f, 0xff, 0xff, 0xff,
    0xff, 0xfd, 0x6a, 0x0, 0xa, 0xff, 0xff, 0xff,
    0xff, 0xff, 0x5c, 0xf0, 0x0, 0xdf, 0xff, 0xff,
    0xff, 0xff, 0xa5, 0xff, 0x0, 0xf, 0xff, 0xff,
    0xff, 0xfe, 0x74, 0xff, 0xc0, 0x2, 0xff, 0xfb,
    0x44, 0x43, 0x5b, 0xff, 0xf7, 0x0, 0x4f, 0xff,
    0x4e, 0xff, 0xff, 0xff, 0xfd, 0x0, 0x7, 0xff,
    0xf3, 0xff, 0xff, 0xff, 0xfb, 0x10, 0x0, 0xaf,
    0xff, 0x4f, 0xff, 0xa6, 0x52, 0x0, 0x0, 0xc,
    0xff, 0xd6, 0xff, 0xf2, 0x0, 0x0, 0x0, 0x0,
    0xff, 0xfa, 0x9f, 0xff, 0x0, 0x0, 0x0, 0x0,
    0x5, 0x66, 0x3b, 0xff, 0xc0, 0x0, 0x0, 0x0,
    0x0, 0x0, 0x0, 0xef, 0xfa, 0x0, 0x0, 0x0,
    0x0, 0x0, 0x0, 0x7, 0x87, 0x20, 0x0, 0x0,
    0x0, 0x0,

    /* U+F1EE "" */
    0x0, 0x0, 0x0, 0x0, 0x0, 0x2, 0x77, 0x75,
    0x0, 0x0, 0x0, 0x0, 0x0, 0x0, 0x3, 0xff,
    0xff, 0x10, 0x0, 0x0, 0x0, 0x0, 0x0, 0x0,
    0xff, 0xff, 0x50, 0x0, 0x0, 0x0, 0x12, 0x22,
    0x0, 0xcf, 0xff, 0x90, 0x0, 0x0, 0x0, 0x9f,
    0xff, 0xc0, 0x9f, 0xff, 0xc0, 0x0, 0x0, 0x0,
    0xad, 0xff, 0xf7, 0x7f, 0xff, 0xe0, 0x0, 0x0,
    0x0, 0xd9, 0xff, 0xff, 0x7f, 0xff, 0xf0, 0x6b,
    0xbb, 0x90, 0xdd, 0xcf, 0xff, 0xbe, 0xff, 0xf1,
    0x2f, 0xff, 0xf6, 0xff, 0xaf, 0xff, 0xfa, 0xff,
    0xf2, 0x6, 0xff, 0xfe, 0xaf, 0xdc, 0xff, 0xfb,
    0xef, 0xf2, 0x0, 0xdf, 0xff, 0x9f, 0xfa, 0xff,
    0xff, 0xbf, 0xf1, 0x0, 0x5f, 0xff, 0xeb, 0xf3,
    0xef, 0xff, 0xaf, 0xf0, 0x0, 0xe, 0xff, 0xfa,
    0xe0, 0x9f, 0xff, 0xdd, 0xf0, 0x0, 0x8, 0xff,
    0xfa, 0x80, 0x4f, 0xff, 0xfb, 0xe0, 0x0, 0x3,
    0xff, 0xfd, 0x10, 0xf, 0xff, 0xfa, 0xb0, 0x0,
    0x0, 0x0, 0x0, 0x0, 0xd, 0xff, 0xfb, 0x80,
    0x0, 0x0, 0x0, 0x0, 0x0, 0xa, 0xff, 0xfc,
    0x40, 0x0, 0x0, 0x0, 0x0, 0x0, 0x8, 0xff,
    0xfe, 0x0, 0x0, 0x0, 0x0, 0x0, 0x0, 0x0,
    0x0, 0x0, 0x0,

    /* U+F1F0 "" */
    0x0, 0x0, 0x0, 0x0, 0x0, 0x0, 0x0, 0x0,
    0x0, 0x0, 0x0, 0x6, 0xff, 0xff, 0xff, 0xff,
    0xff, 0xff, 0xff, 0xff, 0xff, 0xff, 0xc0, 0xff,
    0xff, 0xff, 0xff, 0xff, 0xff, 0xff, 0xff, 0xff,
    0xff, 0xff, 0x6f, 0xff, 0xff, 0xff, 0xff, 0xff,
    0xff, 0xff, 0xff, 0xff, 0xff, 0xf7, 0xff, 0xff,
    0xff, 0xff, 0xff, 0xff, 0xff, 0xff, 0xff, 0xff,
    0xff, 0x7f, 0xff, 0xff, 0xff, 0xff, 0xff, 0xff,
    0xff, 0xff, 0xff, 0xff, 0xf7, 0xfc, 0x99, 0xef,
    0xd9, 0xd9, 0xcf, 0xc8, 0x8e, 0xfd, 0x9d, 0xff,
    0x7f, 0xfd, 0x6, 0xf6, 0xd, 0x8, 0x90, 0x77,
    0xef, 0x10, 0x7f, 0xf7, 0xff, 0xf3, 0x2f, 0x16,
    0xb0, 0xb5, 0x9, 0xff, 0xa0, 0x23, 0xff, 0x7f,
    0xff, 0x80, 0xa0, 0xd8, 0xe, 0xd3, 0x4, 0xf3,
    0x47, 0xf, 0xf7, 0xff, 0xfc, 0x1, 0x4f, 0x60,
    0xff, 0xf4, 0xb, 0x4, 0x40, 0xcf, 0x7f, 0xff,
    0xf1, 0xb, 0xf3, 0x3b, 0x1, 0x7, 0x42, 0xaa,
    0x9, 0xf7, 0xff, 0xff, 0xdc, 0xff, 0xcd, 0xfc,
    0xbd, 0xfc, 0xdf, 0xfc, 0xef, 0x7f, 0xff, 0xff,
    0xff, 0xff, 0xff, 0xff, 0xff, 0xff, 0xff, 0xff,
    0xf7, 0xff, 0xff, 0xff, 0xff, 0xff, 0xff, 0xff,
    0xff, 0xff, 0xff, 0xff, 0x7f, 0xff, 0xff, 0xff,
    0xff, 0xff, 0xff, 0xff, 0xff, 0xff, 0xff, 0xf7,
    0xff, 0xff, 0xff, 0xff, 0xff, 0xff, 0xff, 0xff,
    0xff, 0xff, 0xff, 0x66, 0xff, 0xff, 0xff, 0xff,
    0xff, 0xff, 0xff, 0xff, 0xff, 0xff, 0xc0, 0x0,
    0x0, 0x0, 0x0, 0x0, 0x0, 0x0, 0x0, 0x0,
    0x0, 0x0, 0x0,

    /* U+F1F1 "" */
    0x0, 0x0, 0x0, 0x0, 0x0, 0x0, 0x0, 0x0,
    0x0, 0x0, 0x0, 0x6, 0xff, 0xff, 0xff, 0xff,
    0xff, 0xff, 0xff, 0xff, 0xff, 0xff, 0xc1, 0xff,
    0xff, 0xff, 0xfe, 0xff, 0xff, 0xff, 0xef, 0xff,
    0xff, 0xff, 0x7f, 0xff, 0xff, 0x71, 0x0, 0x2a,
    0xe5, 0x0, 0x3, 0xbf, 0xff, 0xf8, 0xff, 0xfe,
    0x20, 0x0, 0x0, 0x74, 0x40, 0x0, 0x0, 0x9f,
    0xff, 0x8f, 0xff, 0x40, 0x0, 0x0, 0x61, 0x6,
    0x10, 0x0, 0x0, 0xcf, 0xf8, 0xff, 0xc0, 0x0,
    0x0, 0x6, 0x0, 0x6, 0x0, 0x0, 0x4, 0xff,
    0x8f, 0xf9, 0x0, 0x0, 0x2, 0x40, 0x0, 0x60,
    0x0, 0x0, 0x1f, 0xf8, 0xff, 0x80, 0x0, 0x0,
    0x33, 0x0, 0x6, 0x0, 0x0, 0x0, 0xff, 0x8f,
    0xfa, 0x0, 0x0, 0x1, 0x50, 0x0, 0x60, 0x0,
    0x0, 0x2f, 0xf8, 0xff, 0xf1, 0x0, 0x0, 0x6,
    0x0, 0x24, 0x0, 0x0, 0x8, 0xff, 0x8f, 0xff,
    0xa0, 0x0, 0x0, 0x34, 0x7, 0x0, 0x0, 0x2,
    0xef, 0xf8, 0xff, 0xff, 0x90, 0x0, 0x0, 0x6a,
    0x10, 0x0, 0x3, 0xef, 0xff, 0x8f, 0xff, 0xff,
    0xe9, 0x67, 0xaf, 0xfd, 0x86, 0x7b, 0xff, 0xff,
    0xf8, 0xff, 0xff, 0xff, 0xff, 0xdd, 0xff, 0xee,
    0xee, 0xfe, 0xce, 0xff, 0x8f, 0xff, 0x7a, 0xb8,
    0x76, 0xaa, 0x7a, 0x9b, 0x87, 0xb7, 0xdf, 0xf8,
    0xff, 0xff, 0xff, 0xff, 0xff, 0xff, 0xff, 0xff,
    0xff, 0xff, 0xff, 0x76, 0xff, 0xff, 0xff, 0xff,
    0xff, 0xff, 0xff, 0xff, 0xff, 0xff, 0xd1, 0x0,
    0x11, 0x11, 0x11, 0x11, 0x11, 0x11, 0x11, 0x11,
    0x11, 0x10, 0x0,

    /* U+F1F2 "" */
    0x2, 0x44, 0x44, 0x44, 0x44, 0x44, 0x44, 0x44,
    0x44, 0x44, 0x30, 0x9, 0xff, 0xff, 0xff, 0xff,
    0xff, 0xff, 0xff, 0xff, 0xff, 0xff, 0xd0, 0xff,
    0xff, 0xff, 0xff, 0xff, 0xff, 0xff, 0xff, 0xff,
    0xff, 0xff, 0x4f, 0xff, 0xff, 0xff, 0xff, 0xff,
    0xff, 0xff, 0xff, 0xff, 0xff, 0xf5, 0xff, 0xff,
    0xff, 0xff, 0xff, 0xff, 0xff, 0xff, 0xff, 0xff,
    0xff, 0x5f, 0xff, 0xff, 0xff, 0xff, 0xff, 0xff,
    0xff, 0xff, 0xff, 0xff, 0xf5, 0xf6, 0x6b, 0x89,
    0x7e, 0x55, 0xc3, 0x29, 0xad, 0x85, 0xa5, 0x8f,
    0x5f, 0x6f, 0x46, 0x88, 0x8b, 0xf6, 0x0, 0x45,
    0x7d, 0x4a, 0x56, 0xf5, 0xf5, 0xc4, 0x6c, 0x68,
    0x7c, 0x70, 0x6, 0x86, 0xe9, 0xd4, 0x8f, 0x5f,
    0xba, 0xfc, 0xca, 0xfb, 0x9f, 0x99, 0xfe, 0xdf,
    0xac, 0xdb, 0xf5, 0xff, 0xff, 0xff, 0xff, 0xff,
    0xff, 0xff, 0xff, 0xff, 0xff, 0xff, 0x5f, 0xff,
    0xff, 0xff, 0xff, 0xff, 0xff, 0xff, 0xff, 0xff,
    0xa2, 0xe5, 0xff, 0xff, 0xff, 0xff, 0xff, 0xff,
    0xff, 0xff, 0xfa, 0x20, 0xe, 0x5f, 0xff, 0xff,
    0xff, 0xff, 0xff, 0xff, 0xff, 0x92, 0x0, 0x0,
    0xe5, 0xff, 0xff, 0xff, 0xff, 0xff, 0xff, 0xd6,
    0x0, 0x0, 0x0, 0xe, 0x5f, 0xff, 0xff, 0xff,
    0xff, 0xe8, 0x30, 0x0, 0x0, 0x0, 0x0, 0xe5,
    0xff, 0xff, 0xfe, 0xa7, 0x20, 0x0, 0x0, 0x0,
    0x0, 0x0, 0xf, 0x49, 0xff, 0xff, 0xff, 0xff,
    0xff, 0xff, 0xff, 0xff, 0xff, 0xff, 0xd0, 0x2,
    0x44, 0x44, 0x44, 0x44, 0x44, 0x44, 0x44, 0x44,
    0x44, 0x30, 0x0,

    /* U+F1F3 "" */
    0x0, 0x11, 0x11, 0x11, 0x11, 0x11, 0x11, 0x11,
    0x11, 0x11, 0x10, 0x7, 0xff, 0xff, 0xff, 0xff,
    0xff, 0xff, 0xff, 0xff, 0xff, 0xff, 0xd1, 0xff,
    0xff, 0xff, 0xff, 0xff, 0xff, 0xff, 0xff, 0xff,
    0xff, 0xff, 0x7f, 0xff, 0xff, 0xff, 0xff, 0xff,
    0xff, 0xff, 0xff, 0xff, 0xff, 0xf8, 0xff, 0xff,
    0xff, 0xff, 0xff, 0xff, 0xff, 0xff, 0xff, 0xff,
    0xff, 0x8a, 0x84, 0x76, 0x79, 0x48, 0x58, 0x85,
    0x66, 0x85, 0x64, 0x73, 0x68, 0x79, 0xaa, 0xa8,
    0xb8, 0x95, 0xd9, 0x8a, 0xb3, 0xbb, 0x6a, 0x99,
    0x88, 0x99, 0x94, 0x87, 0x67, 0x48, 0x47, 0x87,
    0x99, 0x8a, 0x69, 0x78, 0xdf, 0xdd, 0xdd, 0xdd,
    0xdd, 0xde, 0xdd, 0xed, 0xef, 0xdd, 0xdd, 0x8f,
    0xff, 0xf6, 0x66, 0x87, 0x66, 0x55, 0x65, 0x56,
    0x55, 0x65, 0x62, 0xff, 0xff, 0x89, 0x7a, 0xac,
    0x7c, 0xa7, 0xbb, 0x73, 0xc7, 0xb7, 0x3f, 0xff,
    0xf8, 0xb6, 0xa9, 0xa9, 0x9a, 0x9a, 0xb9, 0x37,
    0xc6, 0xa5, 0xff, 0xff, 0x69, 0x98, 0x89, 0x7c,
    0x65, 0x67, 0x95, 0x99, 0x69, 0x4f, 0xff, 0xff,
    0xff, 0xff, 0xff, 0xff, 0xff, 0xff, 0xff, 0xff,
    0xf8, 0xff, 0xff, 0xff, 0xff, 0xff, 0xff, 0xff,
    0xff, 0xff, 0xff, 0xff, 0x8f, 0xff, 0xff, 0xff,
    0xff, 0xff, 0xff, 0xff, 0xff, 0xff, 0xff, 0xf8,
    0xff, 0xff, 0xff, 0xff, 0xff, 0xff, 0xff, 0xff,
    0xff, 0xff, 0xff, 0x78, 0xff, 0xff, 0xff, 0xff,
    0xff, 0xff, 0xff, 0xff, 0xff, 0xff, 0xe1, 0x2,
    0x33, 0x33, 0x33, 0x33, 0x33, 0x33, 0x33, 0x33,
    0x33, 0x30, 0x0,

    /* U+F1F4 "" */
    0x0, 0x11, 0x11, 0x11, 0x11, 0x11, 0x11, 0x11,
    0x11, 0x11, 0x10, 0x6, 0xff, 0xff, 0xff, 0xff,
    0xff, 0xff, 0xff, 0xff, 0xff, 0xff, 0xd1, 0xff,
    0xff, 0xff, 0xff, 0xff, 0xff, 0xff, 0xff, 0xff,
    0xff, 0xff, 0x6f, 0xff, 0xff, 0xff, 0xff, 0xff,
    0xff, 0xff, 0xff, 0xff, 0xff, 0xf7, 0xff, 0xff,
    0xff, 0xff, 0xff, 0xff, 0xff, 0xff, 0xff, 0xff,
    0xff, 0x7f, 0xff, 0xff, 0xff, 0xff, 0xff, 0xff,
    0xff, 0xff, 0xff, 0xff, 0xf7, 0xff, 0xff, 0xff,
    0xff, 0xff, 0xff, 0xff, 0xff, 0xff, 0xff, 0xff,
    0x7f, 0xd0, 0x13, 0xff, 0xff, 0xff, 0xfe, 0x1,
    0x2f, 0xff, 0xf3, 0xd7, 0xfa, 0x39, 0x2a, 0x57,
    0xb7, 0xf8, 0x91, 0xa1, 0xb5, 0x7b, 0x1f, 0x7f,
    0x73, 0x7b, 0x1e, 0x2b, 0x25, 0x49, 0x27, 0xc1,
    0xe3, 0x82, 0xf7, 0xf5, 0xaf, 0xe1, 0x60, 0xe8,
    0x1e, 0x68, 0xff, 0x26, 0x18, 0x5f, 0x7f, 0xff,
    0xff, 0xff, 0xff, 0x2c, 0xff, 0xff, 0xff, 0xff,
    0xff, 0xf7, 0xff, 0xff, 0xff, 0xff, 0xff, 0xff,
    0xff, 0xff, 0xff, 0xff, 0xff, 0x7f, 0xff, 0xff,
    0xff, 0xff, 0xff, 0xff, 0xff, 0xff, 0xff, 0xff,
    0xf7, 0xff, 0xff, 0xff, 0xff, 0xff, 0xff, 0xff,
    0xff, 0xff, 0xff, 0xff, 0x7f, 0xff, 0xff, 0xff,
    0xff, 0xff, 0xff, 0xff, 0xff, 0xff, 0xff, 0xf7,
    0xff, 0xff, 0xff, 0xff, 0xff, 0xff, 0xff, 0xff,
    0xff, 0xff, 0xff, 0x67, 0xff, 0xff, 0xff, 0xff,
    0xff, 0xff, 0xff, 0xff, 0xff, 0xff, 0xd1, 0x0,
    0x11, 0x11, 0x11, 0x11, 0x11, 0x11, 0x11, 0x11,
    0x11, 0x10, 0x0,

    /* U+F1F5 "" */
    0x2, 0x44, 0x44, 0x44, 0x44, 0x44, 0x44, 0x44,
    0x44, 0x44, 0x30, 0x9, 0xff, 0xff, 0xff, 0xff,
    0xff, 0xff, 0xff, 0xff, 0xff, 0xff, 0xd0, 0xff,
    0xff, 0xff, 0xff, 0xff, 0xff, 0xff, 0xff, 0xff,
    0xff, 0xff, 0x4f, 0xff, 0xff, 0xff, 0xff, 0xff,
    0xff, 0xff, 0xff, 0xff, 0xff, 0xf5, 0xff, 0xff,
    0xff, 0xff, 0xff, 0xff, 0xff, 0xff, 0xff, 0xff,
    0xff, 0x5f, 0xff, 0xff, 0xff, 0xff, 0xff, 0x5f,
    0xff, 0xff, 0xff, 0xff, 0xf5, 0xff, 0xff, 0xf1,
    0x6f, 0xff, 0xe7, 0xff, 0xff, 0xff, 0xff, 0xff,
    0x5f, 0xb1, 0x1a, 0x0, 0x71, 0x36, 0x18, 0x11,
    0x2e, 0xc2, 0x1a, 0xf5, 0xf5, 0x2a, 0xc0, 0x4d,
    0x5, 0xb0, 0x80, 0xa2, 0x63, 0x49, 0x1f, 0x5f,
    0xb1, 0x1b, 0x6, 0xf0, 0xbe, 0x8, 0xf, 0x74,
    0x0, 0x0, 0xf5, 0xfb, 0xc2, 0x50, 0x3e, 0xb,
    0xe0, 0x80, 0xc3, 0x62, 0x3c, 0xbf, 0x5f, 0x60,
    0x1b, 0x60, 0x70, 0xbe, 0x8, 0x1, 0x2d, 0xb1,
    0x5, 0xf5, 0xff, 0xff, 0xff, 0xff, 0xff, 0xff,
    0x90, 0xff, 0xff, 0xff, 0xff, 0x5f, 0xff, 0xff,
    0xff, 0xff, 0xff, 0xfc, 0xaf, 0xff, 0xff, 0xff,
    0xf5, 0xff, 0xff, 0xff, 0xff, 0xff, 0xff, 0xff,
    0xff, 0xff, 0xff, 0xff, 0x5f, 0xff, 0xff, 0xff,
    0xff, 0xff, 0xff, 0xff, 0xff, 0xff, 0xff, 0xf5,
    0xff, 0xff, 0xff, 0xff, 0xff, 0xff, 0xff, 0xff,
    0xff, 0xff, 0xff, 0x49, 0xff, 0xff, 0xff, 0xff,
    0xff, 0xff, 0xff, 0xff, 0xff, 0xff, 0xd0, 0x2,
    0x44, 0x44, 0x44, 0x44, 0x44, 0x44, 0x44, 0x44,
    0x44, 0x30, 0x0,

    /* U+F1F6 "" */
    0x0, 0x30, 0x0, 0x0, 0x0, 0x0, 0x3, 0x0,
    0x0, 0x0, 0x0, 0x0, 0x0, 0x0, 0x8f, 0xa0,
    0x0, 0x0, 0x0, 0x9, 0xf9, 0x0, 0x0, 0x0,
    0x0, 0x0, 0x0, 0xd, 0xff, 0xd2, 0x0, 0x0,
    0x0, 0xcf, 0xc0, 0x0, 0x0, 0x0, 0x0, 0x0,
    0x0, 0x1c, 0xff, 0xf4, 0x0, 0x8, 0xff, 0xff,
    0xf9, 0x10, 0x0, 0x0, 0x0, 0x0, 0x0, 0x8,
    0xff, 0xf8, 0x1d, 0xff, 0xff, 0xff, 0xfd, 0x10,
    0x0, 0x0, 0x0, 0x0, 0x0, 0x5, 0xff, 0xff,
    0xff, 0xff, 0xff, 0xff, 0xfc, 0x0, 0x0, 0x0,
    0x0, 0x0, 0x0, 0x2, 0xdf, 0xff, 0xff, 0xff,
    0xff, 0xff, 0xf4, 0x0, 0x0, 0x0, 0x0, 0x0,
    0x0, 0x0, 0xaf, 0xff, 0xff, 0xff, 0xff, 0xff,
    0x90, 0x0, 0x0, 0x0, 0x0, 0x0, 0x0, 0x0,
    0x6f, 0xff, 0xff, 0xff, 0xff, 0xfb, 0x0, 0x0,
    0x0, 0x0, 0x0, 0x0, 0x0, 0x0, 0x3e, 0xff,
    0xff, 0xff, 0xff, 0xc0, 0x0, 0x0, 0x0, 0x0,
    0x0, 0x0, 0x2, 0x0, 0x1b, 0xff, 0xff, 0xff,
    0xfe, 0x0, 0x0, 0x0, 0x0, 0x0, 0x0, 0x0,
    0xf6, 0x0, 0x8, 0xff, 0xff, 0xff, 0xf1, 0x0,
    0x0, 0x0, 0x0, 0x0, 0x0, 0x5f, 0xfa, 0x0,
    0x4, 0xef, 0xff, 0xff, 0x60, 0x0, 0x0, 0x0,
    0x0, 0x0, 0xc, 0xff, 0xfd, 0x20, 0x1, 0xcf,
    0xff, 0xfd, 0x0, 0x0, 0x0, 0x0, 0x0, 0x8,
    0xff, 0xff, 0xff, 0x50, 0x0, 0x9f, 0xff, 0xfa,
    0x0, 0x0, 0x0, 0x0, 0x2, 0xff, 0xff, 0xff,
    0xff, 0x90, 0x0, 0x5f, 0xff, 0xf3, 0x0, 0x0,
    0x0, 0x0, 0xc, 0xff, 0xff, 0xff, 0xff, 0xb1,
    0x0, 0x2d, 0xff, 0xd3, 0x0, 0x0, 0x0, 0x0,
    0x0, 0x0, 0x0, 0x0, 0x0, 0x0, 0x0, 0xa,
    0xff, 0xf6, 0x0, 0x0, 0x0, 0x0, 0x0, 0x0,
    0xe, 0xff, 0xfe, 0x0, 0x0, 0x7, 0xff, 0xf9,
    0x0, 0x0, 0x0, 0x0, 0x0, 0x0, 0x6f, 0xff,
    0x70, 0x0, 0x0, 0x3, 0xef, 0xd0, 0x0, 0x0,
    0x0, 0x0, 0x0, 0x0, 0x37, 0x40, 0x0, 0x0,
    0x0, 0x1, 0x92, 0x0,

    /* U+F1F8 "" */
    0x0, 0x0, 0x2, 0xab, 0xbb, 0xb7, 0x0, 0x0,
    0x0, 0x57, 0x77, 0x7b, 0xff, 0xff, 0xff, 0x77,
    0x77, 0x72, 0xff, 0xff, 0xff, 0xff, 0xff, 0xff,
    0xff, 0xff, 0xf7, 0xef, 0xff, 0xff, 0xff, 0xff,
    0xff, 0xff, 0xff, 0xf6, 0x0, 0x0, 0x0, 0x0,
    0x0, 0x0, 0x0, 0x0, 0x0, 0x3, 0x44, 0x44,
    0x44, 0x44, 0x44, 0x44, 0x44, 0x10, 0xb, 0xff,
    0xff, 0xff, 0xff, 0xff, 0xff, 0xff, 0x30, 0xa,
    0xff, 0xff, 0xff, 0xff, 0xff, 0xff, 0xff, 0x20,
    0x9, 0xff, 0xff, 0xff, 0xff, 0xff, 0xff, 0xff,
    0x10, 0x8, 0xff, 0xff, 0xff, 0xff, 0xff, 0xff,
    0xff, 0x0, 0x7, 0xff, 0xff, 0xff, 0xff, 0xff,
    0xff, 0xff, 0x0, 0x6, 0xff, 0xff, 0xff, 0xff,
    0xff, 0xff, 0xfe, 0x0, 0x5, 0xff, 0xff, 0xff,
    0xff, 0xff, 0xff, 0xfd, 0x0, 0x4, 0xff, 0xff,
    0xff, 0xff, 0xff, 0xff, 0xfc, 0x0, 0x3, 0xff,
    0xff, 0xff, 0xff, 0xff, 0xff, 0xfb, 0x0, 0x2,
    0xff, 0xff, 0xff, 0xff, 0xff, 0xff, 0xfa, 0x0,
    0x1, 0xff, 0xff, 0xff, 0xff, 0xff, 0xff, 0xf9,
    0x0, 0x0, 0xff, 0xff, 0xff, 0xff, 0xff, 0xff,
    0xf8, 0x0, 0x0, 0xff, 0xff, 0xff, 0xff, 0xff,
    0xff, 0xf7, 0x0, 0x0, 0xcf, 0xff, 0xff, 0xff,
    0xff, 0xff, 0xf4, 0x0, 0x0, 0x29, 0xbb, 0xbb,
    0xbb, 0xbb, 0xbb, 0x60, 0x0,

    /* U+F1F9 "" */
    0x0, 0x0, 0x0, 0x0, 0x2, 0x20, 0x0, 0x0,
    0x0, 0x0, 0x0, 0x0, 0x1, 0x8d, 0xff, 0xff,
    0xd8, 0x10, 0x0, 0x0, 0x0, 0x0, 0x7f, 0xff,
    0xff, 0xff, 0xff, 0xf7, 0x0, 0x0, 0x0, 0xa,
    0xff, 0xff, 0xff, 0xff, 0xff, 0xff, 0xa0, 0x0,
    0x0, 0xaf, 0xff, 0xff, 0xff, 0xef, 0xff, 0xff,
    0xf9, 0x0, 0x5, 0xff, 0xff, 0xf8, 0x20, 0x0,
    0x4c, 0xff, 0xff, 0x50, 0xe, 0xff, 0xff, 0x40,
    0x0, 0x0, 0x0, 0xbf, 0xff, 0xd0, 0x4f, 0xff,
    0xf6, 0x0, 0x2, 0x42, 0x0, 0xcf, 0xff, 0xf4,
    0x8f, 0xff, 0xe0, 0x0, 0x8f, 0xff, 0x98, 0xff,
    0xff, 0xf8, 0xaf, 0xff, 0xa0, 0x3, 0xff, 0xff,
    0xff, 0xff, 0xff, 0xfa, 0xbf, 0xff, 0x90, 0x6,
    0xff, 0xff, 0xff, 0xff, 0xff, 0xfb, 0xaf, 0xff,
    0xb0, 0x4, 0xff, 0xff, 0xff, 0xff, 0xff, 0xfa,
    0x8f, 0xff, 0xe0, 0x0, 0xdf, 0xff, 0xea, 0xff,
    0xff, 0xf8, 0x4f, 0xff, 0xf6, 0x0, 0x19, 0xb8,
    0x10, 0xaf, 0xff, 0xf4, 0xe, 0xff, 0xff, 0x40,
    0x0, 0x0, 0x0, 0x7f, 0xff, 0xd0, 0x5, 0xff,
    0xff, 0xf8, 0x20, 0x0, 0x4a, 0xff, 0xff, 0x50,
    0x0, 0xaf, 0xff, 0xff, 0xff, 0xef, 0xff, 0xff,
    0xfa, 0x0, 0x0, 0xa, 0xff, 0xff, 0xff, 0xff,
    0xff, 0xff, 0xa0, 0x0, 0x0, 0x0, 0x7f, 0xff,
    0xff, 0xff, 0xff, 0xf7, 0x0, 0x0, 0x0, 0x0,
    0x1, 0x8d, 0xff, 0xff, 0xd8, 0x10, 0x0, 0x0,
    0x0, 0x0, 0x0, 0x0, 0x2, 0x20, 0x0, 0x0,
    0x0, 0x0,

    /* U+F1FA "" */
    0x0, 0x0, 0x0, 0x0, 0x1, 0x10, 0x0, 0x0,
    0x0, 0x0, 0x0, 0x0, 0x1, 0x7c, 0xff, 0xff,
    0xd9, 0x30, 0x0, 0x0, 0x0, 0x0, 0x6f, 0xff,
    0xff, 0xff, 0xff, 0xfa, 0x10, 0x0, 0x0, 0x9,
    0xff, 0xfd, 0x86, 0x67, 0xbf, 0xff, 0xe2, 0x0,
    0x0, 0x8f, 0xfe, 0x40, 0x0, 0x0, 0x1, 0xaf,
    0xfe, 0x10, 0x4, 0xff, 0xd1, 0x2, 0x8a, 0x94,
    0x35, 0x47, 0xff, 0xa0, 0xd, 0xff, 0x20, 0x6f,
    0xff, 0xff, 0xff, 0xf4, 0xaf, 0xf1, 0x3f, 0xf7,
    0x5, 0xff, 0xff, 0xff, 0xff, 0xf3, 0x3f, 0xf6,
    0x7f, 0xf1, 0xe, 0xff, 0xd4, 0x4f, 0xff, 0xf0,
    0xe, 0xf9, 0x9f, 0xe0, 0x5f, 0xff, 0x30, 0xa,
    0xff, 0xc0, 0xd, 0xfa, 0xaf, 0xd0, 0x8f, 0xfd,
    0x0, 0xb, 0xff, 0x90, 0xe, 0xf9, 0x9f, 0xe0,
    0x9f, 0xfd, 0x0, 0x1f, 0xff, 0x60, 0x4f, 0xf6,
    0x7f, 0xf1, 0x7f, 0xff, 0x63, 0xcf, 0xff, 0x63,
    0xef, 0xf1, 0x3f, 0xf7, 0x2f, 0xff, 0xff, 0xff,
    0xff, 0xff, 0xff, 0x70, 0xd, 0xff, 0x18, 0xff,
    0xff, 0xac, 0xff, 0xff, 0xf6, 0x0, 0x4, 0xff,
    0xd1, 0x59, 0x95, 0x0, 0x67, 0x64, 0x0, 0x0,
    0x0, 0x8f, 0xfe, 0x40, 0x0, 0x0, 0x4, 0x81,
    0x0, 0x0, 0x0, 0x9, 0xff, 0xfd, 0x86, 0x68,
    0xdf, 0xf9, 0x0, 0x0, 0x0, 0x0, 0x6f, 0xff,
    0xff, 0xff, 0xff, 0xf5, 0x0, 0x0, 0x0, 0x0,
    0x1, 0x7c, 0xff, 0xff, 0xc7, 0x10, 0x0, 0x0,
    0x0, 0x0, 0x0, 0x0, 0x1, 0x10, 0x0, 0x0,
    0x0, 0x0,

    /* U+F1FB "" */
    0x0, 0x0, 0x0, 0x0, 0x0, 0x0, 0x0, 0x16,
    0x74, 0x0, 0x0, 0x0, 0x0, 0x0, 0x0, 0x0,
    0x5, 0xff, 0xff, 0xb0, 0x0, 0x0, 0x0, 0x0,
    0x0, 0x0, 0x5f, 0xff, 0xff, 0xf8, 0x0, 0x0,
    0x0, 0x0, 0x2, 0x5, 0xff, 0xff, 0xff, 0xfe,
    0x0, 0x0, 0x0, 0x0, 0xaf, 0xaf, 0xff, 0xff,
    0xff, 0xff, 0x0, 0x0, 0x0, 0xa, 0xff, 0xff,
    0xff, 0xff, 0xff, 0xfc, 0x0, 0x0, 0x0, 0x1f,
    0xff, 0xff, 0xff, 0xff, 0xff, 0xf3, 0x0, 0x0,
    0x0, 0x5, 0xff, 0xff, 0xff, 0xff, 0xff, 0x50,
    0x0, 0x0, 0x0, 0x10, 0x5f, 0xff, 0xff, 0xff,
    0xf5, 0x0, 0x0, 0x0, 0x1, 0xec, 0x5, 0xff,
    0xff, 0xff, 0x50, 0x0, 0x0, 0x0, 0x1e, 0xff,
    0xc0, 0x5f, 0xff, 0xff, 0x60, 0x0, 0x0, 0x1,
    0xef, 0xff, 0xfc, 0x5, 0xff, 0xff, 0x80, 0x0,
    0x0, 0x1e, 0xff, 0xff, 0xff, 0xc0, 0x5f, 0xfa,
    0x0, 0x0, 0x1, 0xef, 0xff, 0xff, 0xff, 0xfa,
    0x5, 0x70, 0x0, 0x0, 0x9, 0xff, 0xff, 0xff,
    0xff, 0xe2, 0x0, 0x0, 0x0, 0x0, 0xb, 0xff,
    0xff, 0xff, 0xfe, 0x20, 0x0, 0x0, 0x0, 0x0,
    0xc, 0xff, 0xff, 0xff, 0xe2, 0x0, 0x0, 0x0,
    0x0, 0x0, 0x1e, 0xff, 0xff, 0xfe, 0x20, 0x0,
    0x0, 0x0, 0x0, 0x0, 0x9f, 0xff, 0xff, 0xd2,
    0x0, 0x0, 0x0, 0x0, 0x0, 0x0, 0xbf, 0xc4,
    0x43, 0x0, 0x0, 0x0, 0x0, 0x0, 0x0, 0x0,
    0x4, 0x0, 0x0, 0x0, 0x0, 0x0, 0x0, 0x0,
    0x0, 0x0,

    /* U+F1FC "" */
    0x0, 0x0, 0x0, 0x0, 0x0, 0x0, 0x0, 0x0,
    0x6, 0x50, 0x0, 0x0, 0x0, 0x0, 0x0, 0x0,
    0x0, 0x2, 0xdf, 0xfa, 0x0, 0x0, 0x0, 0x0,
    0x0, 0x0, 0x0, 0x3e, 0xff, 0xff, 0x0, 0x0,
    0x0, 0x0, 0x0, 0x0, 0x5, 0xff, 0xff, 0xfc,
    0x0, 0x0, 0x0, 0x0, 0x0, 0x0, 0x6f, 0xff,
    0xff, 0xf5, 0x0, 0x0, 0x0, 0x0, 0x0, 0x9,
    0xff, 0xff, 0xff, 0xc0, 0x0, 0x0, 0x0, 0x0,
    0x0, 0xaf, 0xff, 0xff, 0xff, 0x40, 0x0, 0x0,
    0x0, 0x0, 0xc, 0xff, 0xff, 0xff, 0xfb, 0x0,
    0x0, 0x0, 0x0, 0x0, 0xbf, 0xff, 0xff, 0xff,
    0xf2, 0x0, 0x0, 0x0, 0x0, 0x5, 0xff, 0xff,
    0xff, 0xff, 0x80, 0x0, 0x0, 0x0, 0x0, 0x7,
    0xff, 0xff, 0xff, 0xfd, 0x0, 0x0, 0x0, 0x0,
    0x0, 0x5, 0xff, 0xff, 0xff, 0xf4, 0x0, 0x0,
    0x0, 0x0, 0x2, 0x40, 0xaf, 0xff, 0xff, 0x70,
    0x0, 0x0, 0x0, 0x1, 0xbf, 0xf9, 0x7, 0xff,
    0xf6, 0x0, 0x0, 0x0, 0x20, 0xb, 0xff, 0xff,
    0xb0, 0x24, 0x0, 0x0, 0x0, 0x0, 0xe7, 0x6f,
    0xff, 0xff, 0xfd, 0x0, 0x0, 0x0, 0x0, 0x0,
    0xcf, 0xff, 0xff, 0xff, 0xff, 0x0, 0x0, 0x0,
    0x0, 0x0, 0x7f, 0xff, 0xff, 0xff, 0xfb, 0x0,
    0x0, 0x0, 0x0, 0x0, 0xe, 0xff, 0xff, 0xff,
    0xf4, 0x0, 0x0, 0x0, 0x0, 0x0, 0x2, 0xef,
    0xff, 0xff, 0x50, 0x0, 0x0, 0x0, 0x0, 0x0,
    0x0, 0x5, 0x88, 0x51, 0x0, 0x0, 0x0, 0x0,
    0x0, 0x0,

    /* U+F1FD "" */
    0x0, 0x2, 0x20, 0x0, 0x22, 0x0, 0x2, 0x20,
    0x0, 0x0, 0xa, 0xb0, 0x0, 0xab, 0x0, 0xa,
    0xb0, 0x0, 0x0, 0x5f, 0xf0, 0x5, 0xff, 0x0,
    0x5f, 0xf0, 0x0, 0x0, 0x4f, 0xb0, 0x4, 0xfb,
    0x0, 0x4f, 0xb0, 0x0, 0x0, 0x14, 0x30, 0x1,
    0x43, 0x0, 0x14, 0x30, 0x0, 0x0, 0x8f, 0xf0,
    0x8, 0xff, 0x0, 0x8f, 0xf0, 0x0, 0x0, 0x8f,
    0xf0, 0x8, 0xff, 0x0, 0x8f, 0xf0, 0x0, 0x0,
    0x8f, 0xf0, 0x8, 0xff, 0x0, 0x8f, 0xf0, 0x0,
    0x0, 0x8f, 0xf0, 0x8, 0xff, 0x0, 0x8f, 0xf0,
    0x0, 0x0, 0x8f, 0xf0, 0x8, 0xff, 0x0, 0x8f,
    0xf0, 0x0, 0x3, 0xaf, 0xf4, 0x4a, 0xff, 0x44,
    0xaf, 0xf4, 0x10, 0x9f, 0xff, 0xff, 0xff, 0xff,
    0xff, 0xff, 0xff, 0xe2, 0xff, 0xff, 0xff, 0xff,
    0xff, 0xff, 0xff, 0xff, 0xf7, 0xff, 0xff, 0xff,
    0xff, 0xff, 0xff, 0xff, 0xff, 0xf8, 0xfe, 0x89,
    0xff, 0xfd, 0x8a, 0xff, 0xfc, 0x8b, 0xf8, 0x80,
    0x21, 0x19, 0x70, 0x31, 0x2a, 0x50, 0x30, 0x45,
    0x28, 0xff, 0x71, 0x2a, 0xfe, 0x61, 0x3c, 0xfd,
    0x40, 0xff, 0xff, 0xff, 0xff, 0xff, 0xff, 0xff,
    0xff, 0xf8, 0xff, 0xff, 0xff, 0xff, 0xff, 0xff,
    0xff, 0xff, 0xf8, 0xff, 0xff, 0xff, 0xff, 0xff,
    0xff, 0xff, 0xff, 0xf8, 0xbb, 0xbb, 0xbb, 0xbb,
    0xbb, 0xbb, 0xbb, 0xbb, 0xb5,

    /* U+F1FE "" */
    0xff, 0x70, 0x0, 0x0, 0x0, 0x0, 0x0, 0x0,
    0x0, 0x0, 0xff, 0x80, 0x0, 0x8, 0x10, 0x0,
    0x0, 0x0, 0x0, 0x0, 0xff, 0x80, 0x0, 0x7f,
    0xb0, 0x0, 0x0, 0x0, 0x0, 0x0, 0xff, 0x80,
    0x1, 0xff, 0xf6, 0x0, 0x0, 0x20, 0x0, 0x0,
    0xff, 0x80, 0xa, 0xff, 0xff, 0x30, 0x8, 0xf8,
    0x0, 0x0, 0xff, 0x80, 0x3f, 0xff, 0xff, 0xd4,
    0xdf, 0xff, 0x0, 0x0, 0xff, 0x80, 0xdf, 0xff,
    0xff, 0xff, 0xff, 0xff, 0x70, 0x0, 0xff, 0x83,
    0xff, 0xff, 0xff, 0xff, 0xff, 0xff, 0xe0, 0x0,
    0xff, 0x84, 0xff, 0xff, 0xff, 0xff, 0xff, 0xff,
    0xf6, 0x0, 0xff, 0x84, 0xff, 0xff, 0xff, 0xff,
    0xff, 0xff, 0xfe, 0x0, 0xff, 0x84, 0xff, 0xff,
    0xff, 0xff, 0xff, 0xff, 0xff, 0x60, 0xff, 0x81,
    0x44, 0x44, 0x44, 0x44, 0x44, 0x44, 0x44, 0x20,
    0xff, 0xc8, 0x88, 0x88, 0x88, 0x88, 0x88, 0x88,
    0x88, 0x87, 0xff, 0xff, 0xff, 0xff, 0xff, 0xff,
    0xff, 0xff, 0xff, 0xff, 0xff, 0xff, 0xff, 0xff,
    0xff, 0xff, 0xff, 0xff, 0xff, 0xff,

    /* U+F200 "" */
    0x0, 0x0, 0x0, 0x0, 0x0, 0x0, 0x53, 0x0,
    0x0, 0x0, 0x0, 0x0, 0x0, 0x0, 0x0, 0x0,
    0x0, 0x5f, 0xff, 0x91, 0x0, 0x0, 0x0, 0x0,
    0x0, 0x0, 0x29, 0xd9, 0x5, 0xff, 0xff, 0xf5,
    0x0, 0x0, 0x0, 0x0, 0x1, 0xaf, 0xff, 0xc0,
    0x5f, 0xff, 0xff, 0xf7, 0x0, 0x0, 0x0, 0x1,
    0xdf, 0xff, 0xfc, 0x5, 0xff, 0xff, 0xff, 0xf4,
    0x0, 0x0, 0x0, 0xdf, 0xff, 0xff, 0xc0, 0x5f,
    0xff, 0xff, 0xff, 0xd0, 0x0, 0x0, 0xaf, 0xff,
    0xff, 0xfc, 0x5, 0xff, 0xff, 0xff, 0xff, 0x60,
    0x0, 0x2f, 0xff, 0xff, 0xff, 0xc0, 0x5f, 0xff,
    0xff, 0xff, 0xfb, 0x0, 0x9, 0xff, 0xff, 0xff,
    0xfc, 0x5, 0xff, 0xff, 0xff, 0xff, 0xe0, 0x0,
    0xdf, 0xff, 0xff, 0xff, 0xc0, 0x5f, 0xff, 0xff,
    0xff, 0xfd, 0x0, 0xf, 0xff, 0xff, 0xff, 0xfc,
    0x0, 0x0, 0x0, 0x0, 0x0, 0x0, 0x0, 0xff,
    0xff, 0xff, 0xff, 0xc0, 0x0, 0x0, 0x0, 0x0,
    0x0, 0x0, 0xe, 0xff, 0xff, 0xff, 0xff, 0x50,
    0x2e, 0xff, 0xff, 0xff, 0xff, 0x20, 0xbf, 0xff,
    0xff, 0xff, 0xff, 0x50, 0x2e, 0xff, 0xff, 0xff,
    0xf1, 0x6, 0xff, 0xff, 0xff, 0xff, 0xff, 0x50,
    0x2e, 0xff, 0xff, 0xfc, 0x0, 0x1e, 0xff, 0xff,
    0xff, 0xff, 0xff, 0x50, 0x2e, 0xff, 0xff, 0x60,
    0x0, 0x6f, 0xff, 0xff, 0xff, 0xff, 0xff, 0x50,
    0x2e, 0xff, 0xc0, 0x0, 0x0, 0x9f, 0xff, 0xff,
    0xff, 0xff, 0xff, 0x50, 0x2e, 0xe1, 0x0, 0x0,
    0x0, 0x8f, 0xff, 0xff, 0xff, 0xff, 0xfe, 0x0,
    0x11, 0x0, 0x0, 0x0, 0x0, 0x4c, 0xff, 0xff,
    0xff, 0xfb, 0x20, 0x0, 0x0, 0x0, 0x0, 0x0,
    0x0, 0x3, 0x7a, 0xa9, 0x72, 0x0, 0x0, 0x0,
    0x0, 0x0,

    /* U+F201 "" */
    0xef, 0x60, 0x0, 0x0, 0x0, 0x0, 0x0, 0x0,
    0x0, 0x0, 0xff, 0x80, 0x0, 0x0, 0x0, 0x0,
    0x2b, 0xcc, 0xcc, 0x70, 0xff, 0x80, 0x0, 0x0,
    0x0, 0x0, 0x4f, 0xff, 0xff, 0xc0, 0xff, 0x80,
    0x0, 0x3, 0x0, 0x0, 0x7, 0xff, 0xff, 0xc0,
    0xff, 0x80, 0x0, 0xbf, 0xc0, 0x0, 0x5, 0xff,
    0xff, 0xc0, 0xff, 0x80, 0xb, 0xff, 0xfb, 0x0,
    0x4f, 0xff, 0xff, 0xc0, 0xff, 0x80, 0xbf, 0xff,
    0xff, 0xb5, 0xff, 0xf5, 0x7f, 0xb0, 0xff, 0x82,
    0xff, 0xb1, 0xbf, 0xff, 0xff, 0x50, 0x4, 0x20,
    0xff, 0x80, 0x49, 0x0, 0xb, 0xff, 0xf5, 0x0,
    0x0, 0x0, 0xff, 0x80, 0x0, 0x0, 0x0, 0xbe,
    0x40, 0x0, 0x0, 0x0, 0xff, 0x80, 0x0, 0x0,
    0x0, 0x0, 0x0, 0x0, 0x0, 0x0, 0xff, 0x80,
    0x0, 0x0, 0x0, 0x0, 0x0, 0x0, 0x0, 0x0,
    0xff, 0xc8, 0x88, 0x88, 0x88, 0x88, 0x88, 0x88,
    0x88, 0x86, 0xff, 0xff, 0xff, 0xff, 0xff, 0xff,
    0xff, 0xff, 0xff, 0xff, 0xaf, 0xff, 0xff, 0xff,
    0xff, 0xff, 0xff, 0xff, 0xff, 0xfe,

    /* U+F202 "" */
    0x0, 0x0, 0x0, 0x0, 0x0, 0x0, 0x0, 0x0,
    0x0, 0x0, 0x0, 0x6d, 0xff, 0xeb, 0x30, 0x0,
    0x7, 0xdf, 0xfd, 0x70, 0xa, 0xff, 0xed, 0xff,
    0xf5, 0x0, 0xaf, 0xfc, 0xdf, 0xf7, 0x5f, 0xf8,
    0x0, 0x1c, 0xff, 0x10, 0xff, 0x60, 0x9, 0xfb,
    0xbf, 0xc0, 0x0, 0x1, 0xff, 0x81, 0xff, 0x50,
    0x0, 0x0, 0xef, 0x80, 0x0, 0x0, 0xaf, 0xd0,
    0xdf, 0xfb, 0x73, 0x0, 0xff, 0x60, 0x0, 0x0,
    0x5f, 0xf2, 0x2c, 0xff, 0xff, 0xc1, 0xff, 0x80,
    0x0, 0x0, 0xf, 0xf8, 0x0, 0x26, 0xbf, 0xfb,
    0xcf, 0xc0, 0x0, 0x0, 0x9, 0xfe, 0x10, 0x0,
    0x8, 0xff, 0x7f, 0xf7, 0x0, 0x2a, 0x52, 0xff,
    0xc2, 0x0, 0x9, 0xfe, 0xc, 0xff, 0xed, 0xff,
    0xa0, 0x5f, 0xff, 0xed, 0xef, 0xf8, 0x0, 0x8d,
    0xff, 0xd9, 0x10, 0x3, 0xae, 0xff, 0xfc, 0x60,
    0x0, 0x0, 0x0, 0x0, 0x0, 0x0, 0x0, 0x0,
    0x0, 0x0,

    /* U+F203 "" */
    0x2, 0x44, 0x44, 0x44, 0x44, 0x44, 0x44, 0x43,
    0x0, 0x8f, 0xff, 0xff, 0xff, 0xff, 0xff, 0xff,
    0xff, 0xe2, 0xff, 0xff, 0xff, 0xff, 0xff, 0xff,
    0xff, 0xff, 0xf7, 0xff, 0xff, 0xff, 0xff, 0xff,
    0xff, 0xff, 0xff, 0xf8, 0xff, 0xff, 0xff, 0xff,
    0xff, 0xff, 0xff, 0xff, 0xf8, 0xff, 0xff, 0xff,
    0xff, 0xff, 0xff, 0xff, 0xff, 0xf8, 0xff, 0xfd,
    0x41, 0x16, 0xef, 0xb2, 0x2, 0xbf, 0xf8, 0xff,
    0xf1, 0x3c, 0xa1, 0x4f, 0x6, 0xc4, 0x4f, 0xf8,
    0xff, 0xa0, 0xcf, 0xf8, 0xd, 0x4, 0xcf, 0xff,
    0xf8, 0xff, 0x80, 0xff, 0xfe, 0x8, 0xa1, 0x1,
    0xaf, 0xf8, 0xff, 0x90, 0xcf, 0xff, 0x41, 0xff,
    0xd4, 0x1f, 0xf8, 0xff, 0xe0, 0x3b, 0x95, 0xb0,
    0x3b, 0xb4, 0x1f, 0xf8, 0xff, 0xfb, 0x30, 0x27,
    0xfb, 0x31, 0x13, 0xcf, 0xf8, 0xff, 0xff, 0xff,
    0xff, 0xff, 0xff, 0xff, 0xff, 0xf8, 0xff, 0xff,
    0xff, 0xff, 0xff, 0xff, 0xff, 0xff, 0xf8, 0xff,
    0xff, 0xff, 0xff, 0xff, 0xff, 0xff, 0xff, 0xf8,
    0xff, 0xff, 0xff, 0xff, 0xff, 0xff, 0xff, 0xff,
    0xf7, 0x8f, 0xff, 0xff, 0xff, 0xff, 0xff, 0xff,
    0xff, 0xe2, 0x2, 0x44, 0x44, 0x44, 0x44, 0x44,
    0x44, 0x43, 0x0,

    /* U+F204 "" */
    0x0, 0x0, 0x5b, 0xef, 0xff, 0xff, 0xff, 0xff,
    0xd9, 0x20, 0x0, 0x0, 0x2, 0xdf, 0xff, 0xff,
    0xff, 0xff, 0xff, 0xff, 0xff, 0x70, 0x0, 0x2,
    0xef, 0xfe, 0x98, 0x9e, 0xff, 0xfa, 0x88, 0xbf,
    0xff, 0x90, 0x0, 0xdf, 0xf8, 0x0, 0x0, 0x8,
    0xff, 0xc0, 0x0, 0x3d, 0xff, 0x50, 0x6f, 0xf8,
    0x0, 0x0, 0x0, 0x8, 0xff, 0x50, 0x0, 0x1e,
    0xfd, 0xb, 0xfe, 0x0, 0x0, 0x0, 0x0, 0xe,
    0xfb, 0x0, 0x0, 0x6f, 0xf3, 0xef, 0x90, 0x0,
    0x0, 0x0, 0x0, 0x9f, 0xe0, 0x0, 0x1, 0xff,
    0x6f, 0xf8, 0x0, 0x0, 0x0, 0x0, 0x8, 0xff,
    0x0, 0x0, 0xf, 0xf7, 0xef, 0x90, 0x0, 0x0,
    0x0, 0x0, 0x9f, 0xe0, 0x0, 0x1, 0xff, 0x6b,
    0xfe, 0x0, 0x0, 0x0, 0x0, 0xe, 0xfb, 0x0,
    0x0, 0x6f, 0xf3, 0x6f, 0xf8, 0x0, 0x0, 0x0,
    0x8, 0xff, 0x50, 0x0, 0x1e, 0xfd, 0x0, 0xdf,
    0xf8, 0x0, 0x0, 0x8, 0xff, 0xc0, 0x0, 0x3d,
    0xff, 0x50, 0x2, 0xef, 0xfe, 0x98, 0x9e, 0xff,
    0xfa, 0x88, 0xbf, 0xff, 0x90, 0x0, 0x2, 0xdf,
    0xff, 0xff, 0xff, 0xff, 0xff, 0xff, 0xff, 0x70,
    0x0, 0x0, 0x0, 0x6b, 0xef, 0xff, 0xff, 0xff,
    0xff, 0xd9, 0x20, 0x0, 0x0,

    /* U+F205 "" */
    0x0, 0x0, 0x5b, 0xef, 0xff, 0xff, 0xff, 0xff,
    0xd9, 0x20, 0x0, 0x0, 0x2, 0xdf, 0xff, 0xff,
    0xff, 0xff, 0xff, 0xff, 0xff, 0x70, 0x0, 0x2,
    0xef, 0xff, 0xff, 0xff, 0xff, 0xfb, 0x88, 0xbf,
    0xff, 0x90, 0x0, 0xdf, 0xff, 0xff, 0xff, 0xff,
    0xd3, 0x0, 0x0, 0x3d, 0xff, 0x50, 0x6f, 0xff,
    0xff, 0xff, 0xff, 0xe1, 0x0, 0x0, 0x0, 0x1e,
    0xfd, 0xb, 0xff, 0xff, 0xff, 0xff, 0xf6, 0x0,
    0x0, 0x0, 0x0, 0x6f, 0xf3, 0xef, 0xff, 0xff,
    0xff, 0xff, 0x10, 0x0, 0x0, 0x0, 0x1, 0xff,
    0x6f, 0xff, 0xff, 0xff, 0xff, 0xf0, 0x0, 0x0,
    0x0, 0x0, 0xf, 0xf7, 0xef, 0xff, 0xff, 0xff,
    0xff, 0x10, 0x0, 0x0, 0x0, 0x1, 0xff, 0x6b,
    0xff, 0xff, 0xff, 0xff, 0xf6, 0x0, 0x0, 0x0,
    0x0, 0x6f, 0xf3, 0x6f, 0xff, 0xff, 0xff, 0xff,
    0xe1, 0x0, 0x0, 0x0, 0x1e, 0xfd, 0x0, 0xdf,
    0xff, 0xff, 0xff, 0xff, 0xd3, 0x0, 0x0, 0x3d,
    0xff, 0x50, 0x2, 0xef, 0xff, 0xff, 0xff, 0xff,
    0xfb, 0x88, 0xbf, 0xff, 0x90, 0x0, 0x2, 0xdf,
    0xff, 0xff, 0xff, 0xff, 0xff, 0xff, 0xff, 0x70,
    0x0, 0x0, 0x0, 0x6b, 0xef, 0xff, 0xff, 0xff,
    0xff, 0xd9, 0x20, 0x0, 0x0,

    /* U+F206 "" */
    0x0, 0x0, 0x0, 0x0, 0x0, 0x1, 0x33, 0x20,
    0x0, 0x0, 0x0, 0x0, 0x0, 0x0, 0x0, 0x0,
    0x0, 0x0, 0xb, 0xff, 0xf5, 0x0, 0x0, 0x0,
    0x0, 0x0, 0x0, 0x0, 0x6, 0xaa, 0xa8, 0x6,
    0xaa, 0xfe, 0x0, 0x0, 0x0, 0x0, 0x0, 0x0,
    0x0, 0xe, 0xff, 0xff, 0x66, 0x66, 0xdf, 0x80,
    0x0, 0x0, 0x0, 0x0, 0x0, 0x0, 0x1, 0x37,
    0xff, 0xff, 0xff, 0xff, 0xf2, 0x0, 0x0, 0x0,
    0x0, 0x0, 0x0, 0x0, 0xd, 0xfb, 0xaa, 0xaa,
    0xff, 0xfb, 0x0, 0x0, 0x0, 0x0, 0x0, 0x4b,
    0xff, 0xdf, 0xc0, 0x0, 0x4, 0xfe, 0xdf, 0xcf,
    0xfc, 0x50, 0x0, 0x8, 0xff, 0xff, 0xff, 0xa0,
    0x0, 0xe, 0xf4, 0xaf, 0xfe, 0xff, 0xf8, 0x0,
    0x4f, 0xe5, 0xa, 0xfe, 0xf5, 0x0, 0x8f, 0xa5,
    0xff, 0xf9, 0x5, 0xef, 0x50, 0xcf, 0x50, 0x5f,
    0xc3, 0xfc, 0x3, 0xfe, 0x1c, 0xf5, 0xef, 0x30,
    0x5f, 0xc0, 0xff, 0x0, 0xef, 0xed, 0xff, 0xde,
    0xf6, 0xf, 0xf0, 0x5f, 0xd0, 0xf, 0xf0, 0xff,
    0x2, 0xff, 0xff, 0xff, 0xff, 0xb0, 0xf, 0xf0,
    0xa, 0xa0, 0xf, 0xf0, 0xcf, 0x50, 0x0, 0x6,
    0xfa, 0x0, 0x0, 0xc, 0xf5, 0x0, 0x0, 0x5f,
    0xc0, 0x4f, 0xe5, 0x0, 0x5f, 0xf3, 0x0, 0x0,
    0x4, 0xfe, 0x50, 0x4, 0xef, 0x50, 0x8, 0xff,
    0xff, 0xff, 0x60, 0x0, 0x0, 0x0, 0x7f, 0xff,
    0xef, 0xf8, 0x0, 0x0, 0x4c, 0xff, 0xb4, 0x0,
    0x0, 0x0, 0x0, 0x4, 0xbf, 0xfc, 0x50, 0x0,
    0x0, 0x0, 0x0, 0x0, 0x0, 0x0, 0x0, 0x0,
    0x0, 0x0, 0x0, 0x0, 0x0,

    /* U+F207 "" */
    0x0, 0x0, 0x0, 0x36, 0x8a, 0xaa, 0xa8, 0x63,
    0x0, 0x0, 0x0, 0x0, 0x2, 0x9e, 0xff, 0xff,
    0xff, 0xff, 0xff, 0xe9, 0x20, 0x0, 0x0, 0x4f,
    0xff, 0xff, 0xff, 0xff, 0xff, 0xff, 0xff, 0xf4,
    0x0, 0x0, 0xbf, 0xff, 0xff, 0xff, 0xff, 0xff,
    0xff, 0xff, 0xfb, 0x0, 0x0, 0xcf, 0xf3, 0x0,
    0x0, 0x0, 0x0, 0x0, 0x3f, 0xfc, 0x0, 0x2,
    0xdf, 0xb0, 0x0, 0x0, 0x0, 0x0, 0x0, 0xb,
    0xfd, 0x20, 0xf, 0xff, 0xb0, 0x0, 0x0, 0x0,
    0x0, 0x0, 0xb, 0xff, 0xf0, 0xf, 0xff, 0xb0,
    0x0, 0x0, 0x0, 0x0, 0x0, 0xb, 0xff, 0xf0,
    0xf, 0xff, 0xb0, 0x0, 0x0, 0x0, 0x0, 0x0,
    0xb, 0xff, 0xf0, 0xf, 0xff, 0xb0, 0x0, 0x0,
    0x0, 0x0, 0x0, 0xb, 0xff, 0xf0, 0x8, 0xff,
    0xb0, 0x0, 0x0, 0x0, 0x0, 0x0, 0xb, 0xff,
    0x80, 0x0, 0xcf, 0xf3, 0x0, 0x0, 0x0, 0x0,
    0x0, 0x3f, 0xfc, 0x0, 0x0, 0xcf, 0xff, 0xff,
    0xff, 0xff, 0xff, 0xff, 0xff, 0xfc, 0x0, 0x0,
    0xcf, 0xfe, 0xff, 0xff, 0xff, 0xff, 0xff, 0xdf,
    0xfc, 0x0, 0x0, 0xcf, 0x40, 0xbf, 0xff, 0xff,
    0xff, 0xf7, 0x4, 0xfc, 0x0, 0x0, 0xcf, 0x40,
    0xbf, 0xff, 0xff, 0xff, 0xf7, 0x5, 0xfc, 0x0,
    0x0, 0xcf, 0xfe, 0xff, 0xff, 0xff, 0xff, 0xff,
    0xef, 0xfc, 0x0, 0x0, 0x9f, 0xff, 0xff, 0xff,
    0xff, 0xff, 0xff, 0xff, 0xfb, 0x0, 0x0, 0x9,
    0xff, 0xf4, 0x33, 0x33, 0x33, 0x8f, 0xff, 0xa0,
    0x0, 0x0, 0x7, 0xff, 0xf1, 0x0, 0x0, 0x0,
    0x5f, 0xff, 0x70, 0x0, 0x0, 0x0, 0x77, 0x40,
    0x0, 0x0, 0x0, 0x6, 0x87, 0x0, 0x0,

    /* U+F208 "" */
    0x0, 0x0, 0x0, 0x0, 0x0, 0x0, 0x11, 0x0,
    0x0, 0x0, 0x0, 0x0, 0x0, 0x0, 0x0, 0x0,
    0x4, 0xae, 0xff, 0xfe, 0xa3, 0x0, 0x0, 0x0,
    0x0, 0x0, 0x0, 0x0, 0x2c, 0xff, 0xfd, 0xcd,
    0xff, 0xfa, 0x10, 0x0, 0x0, 0x0, 0x0, 0x0,
    0x3e, 0xfc, 0x50, 0x0, 0x0, 0x5d, 0xfe, 0x20,
    0x0, 0x0, 0x0, 0x0, 0x2f, 0xf8, 0x0, 0x0,
    0x0, 0x0, 0xb, 0xfe, 0x10, 0x0, 0x0, 0x0,
    0xd, 0xf8, 0x0, 0x0, 0x0, 0x0, 0x0, 0xa,
    0xfa, 0x0, 0x0, 0x0, 0x5, 0xfc, 0x0, 0x0,
    0x0, 0x0, 0x0, 0x0, 0x1e, 0xf3, 0x0, 0x0,
    0x0, 0xbf, 0x40, 0x5f, 0xff, 0xff, 0xff, 0xff,
    0xff, 0xff, 0xff, 0xfd, 0x0, 0xf, 0xe0, 0x3,
    0xcd, 0xdd, 0xdd, 0xdd, 0xdd, 0xdd, 0xff, 0xdd,
    0xa0, 0x1, 0xfc, 0x0, 0x4, 0x55, 0x55, 0x55,
    0x54, 0x0, 0xd, 0xf1, 0x0, 0x0, 0x2f, 0xb0,
    0x6, 0xff, 0xff, 0xff, 0xff, 0xf6, 0x0, 0xbf,
    0x20, 0x0, 0x0, 0xfd, 0x0, 0x4, 0x55, 0x55,
    0x55, 0x54, 0x0, 0xc, 0xf1, 0x0, 0xad, 0xdf,
    0xfd, 0xdd, 0xdd, 0xdd, 0xdd, 0xdd, 0xc3, 0x0,
    0xef, 0x0, 0xd, 0xff, 0xff, 0xff, 0xff, 0xff,
    0xff, 0xff, 0xff, 0x50, 0x4f, 0xb0, 0x0, 0x0,
    0x3, 0xfe, 0x10, 0x0, 0x0, 0x0, 0x0, 0x0,
    0xc, 0xf5, 0x0, 0x0, 0x0, 0xa, 0xfa, 0x0,
    0x0, 0x0, 0x0, 0x0, 0x8, 0xfd, 0x0, 0x0,
    0x0, 0x0, 0x1e, 0xfa, 0x0, 0x0, 0x0, 0x0,
    0x8, 0xff, 0x20, 0x0, 0x0, 0x0, 0x0, 0x2e,
    0xfd, 0x50, 0x0, 0x0, 0x5c, 0xfe, 0x30, 0x0,
    0x0, 0x0, 0x0, 0x0, 0x1a, 0xff, 0xfd, 0xcd,
    0xff, 0xfc, 0x20, 0x0, 0x0, 0x0, 0x0, 0x0,
    0x0, 0x3, 0xae, 0xff, 0xfe, 0xa4, 0x0, 0x0,
    0x0, 0x0, 0x0, 0x0, 0x0, 0x0, 0x0, 0x1,
    0x10, 0x0, 0x0, 0x0, 0x0, 0x0, 0x0,

    /* U+F209 "" */
    0x0, 0x0, 0x45, 0x0, 0x0, 0x0, 0x10, 0x0,
    0x0, 0x5f, 0xf6, 0x0, 0x0, 0x6f, 0xd1, 0x0,
    0x8, 0xa4, 0xf1, 0x0, 0x2f, 0x6f, 0x50, 0x0,
    0x6c, 0xd, 0x70, 0x9, 0xb0, 0xf4, 0x0, 0x2,
    0xf1, 0x7e, 0x1, 0xf4, 0x4f, 0x0, 0x0, 0xe,
    0x62, 0xf4, 0x7e, 0xa, 0xc0, 0x0, 0x0, 0x9c,
    0xc, 0xad, 0x90, 0xf7, 0x0, 0x0, 0x4, 0xf2,
    0x7f, 0xf3, 0x5f, 0x10, 0x0, 0x1, 0x4f, 0xee,
    0xff, 0x8c, 0xc0, 0x0, 0x0, 0xdf, 0xff, 0x56,
    0x7a, 0xdf, 0xb0, 0x0, 0x6e, 0x2a, 0xf3, 0x0,
    0x0, 0x3f, 0x70, 0x4, 0xe0, 0xe, 0xfd, 0xa9,
    0x90, 0xab, 0x5, 0xef, 0x90, 0x6f, 0x9f, 0xfa,
    0x8, 0xc0, 0xf7, 0x4f, 0x50, 0xfe, 0xd1, 0x0,
    0xab, 0x2f, 0x63, 0x6f, 0x8f, 0xd1, 0x0, 0xd,
    0x81, 0xfa, 0xd1, 0xdf, 0xf7, 0x0, 0x3, 0xf4,
    0xd, 0xdb, 0xff, 0x8c, 0x70, 0x0, 0xbd, 0x0,
    0x4f, 0x95, 0x60, 0x7a, 0x0, 0x8f, 0x40, 0x0,
    0x7f, 0xb3, 0x0, 0x23, 0xbf, 0x60, 0x0, 0x0,
    0x4d, 0xff, 0xef, 0xfc, 0x30, 0x0, 0x0, 0x0,
    0x2, 0x56, 0x51, 0x0, 0x0, 0x0,

    /* U+F20A "" */
    0x5e, 0xff, 0xff, 0xff, 0xff, 0xff, 0xff, 0xff,
    0xff, 0xe5, 0xef, 0xff, 0xff, 0xff, 0xff, 0xff,
    0xff, 0xff, 0xff, 0xfe, 0xff, 0xff, 0xff, 0xff,
    0xff, 0xff, 0xff, 0xff, 0xff, 0xff, 0xff, 0xff,
    0xff, 0xcd, 0xff, 0xff, 0xfd, 0xce, 0xff, 0xff,
    0xff, 0xff, 0x70, 0x0, 0x1b, 0xfc, 0x20, 0x0,
    0x6f, 0xff, 0xff, 0xf7, 0x0, 0x54, 0xa, 0xd0,
    0x3, 0x51, 0x3f, 0xff, 0xff, 0xf0, 0xc, 0xff,
    0xdf, 0x70, 0x5f, 0xff, 0xef, 0xff, 0xff, 0xe0,
    0xf, 0xff, 0xff, 0x50, 0xaf, 0xff, 0xff, 0xff,
    0xff, 0xf0, 0xd, 0xff, 0xdf, 0x70, 0x6f, 0xff,
    0xef, 0xff, 0xff, 0xf6, 0x1, 0x65, 0x9, 0xd0,
    0x4, 0x71, 0x3f, 0xff, 0xff, 0xff, 0x50, 0x0,
    0x1c, 0xfb, 0x10, 0x0, 0x6f, 0xff, 0xff, 0xff,
    0xfd, 0xac, 0xff, 0xff, 0xfb, 0xbe, 0xff, 0xff,
    0xff, 0xff, 0xff, 0xff, 0xff, 0xff, 0xff, 0xff,
    0xff, 0xff, 0xef, 0xff, 0xff, 0xff, 0xff, 0xff,
    0xff, 0xff, 0xff, 0xfe, 0x5e, 0xff, 0xff, 0xff,
    0xff, 0xff, 0xff, 0xff, 0xff, 0xe5,

    /* U+F20B "" */
    0x12, 0x22, 0x22, 0x22, 0x10, 0x0, 0x0, 0x12,
    0x20, 0xef, 0xff, 0xff, 0xff, 0xfc, 0x40, 0x0,
    0xcf, 0xf3, 0xff, 0xff, 0xff, 0xff, 0xff, 0xf6,
    0x0, 0xdf, 0xf4, 0xff, 0xff, 0xff, 0xff, 0xff,
    0xff, 0x30, 0xdf, 0xf4, 0xff, 0xf2, 0x0, 0x0,
    0x3e, 0xff, 0xa0, 0xdf, 0xf4, 0xff, 0xf2, 0x2,
    0x31, 0x5, 0xff, 0xd0, 0xdf, 0xf4, 0xff, 0xf2,
    0x2f, 0xfe, 0x3, 0xff, 0xe0, 0xdf, 0xf4, 0xff,
    0xf2, 0x3f, 0xfe, 0x3, 0xff, 0xe0, 0xdf, 0xf4,
    0xff, 0xf2, 0x3f, 0xfe, 0x3, 0xff, 0xe0, 0xdf,
    0xf4, 0xff, 0xf2, 0x3f, 0xfe, 0x3, 0xff, 0xe0,
    0xdf, 0xf4, 0xff, 0xf2, 0x3f, 0xfe, 0x3, 0xff,
    0xe0, 0xdf, 0xf4, 0xff, 0xf2, 0x3f, 0xfe, 0x3,
    0xff, 0xe0, 0xdf, 0xf4, 0xff, 0xf2, 0x3f, 0xfe,
    0x2, 0xff, 0xe0, 0xdf, 0xf4, 0xff, 0xf2, 0x3f,
    0xfe, 0x0, 0x23, 0x10, 0xff, 0xf3, 0xff, 0xf2,
    0x3f, 0xfe, 0x0, 0x0, 0x9, 0xff, 0xf0, 0xff,
    0xf2, 0x3f, 0xff, 0xff, 0xff, 0xff, 0xff, 0x90,
    0xff, 0xf2, 0x3f, 0xff, 0xff, 0xff, 0xff, 0xfc,
    0x0, 0xff, 0xf1, 0x1f, 0xff, 0xff, 0xff, 0xff,
    0x80, 0x0, 0x12, 0x10, 0x1, 0x22, 0x22, 0x22,
    0x20, 0x0, 0x0,

    /* U+F20D "" */
    0x0, 0x0, 0x0, 0x0, 0x0, 0x0, 0x0, 0x0,
    0x0, 0x6f, 0xff, 0xff, 0xff, 0xff, 0xff, 0xff,
    0xff, 0xc1, 0xff, 0xff, 0xff, 0xff, 0xff, 0xff,
    0xff, 0xff, 0xf7, 0xff, 0xff, 0xff, 0xee, 0xee,
    0xef, 0xff, 0xff, 0xf8, 0xff, 0xff, 0xff, 0x10,
    0x0, 0x8, 0xff, 0xff, 0xf8, 0xff, 0xff, 0xfb,
    0x0, 0x0, 0x3, 0xff, 0xff, 0xf8, 0xff, 0xff,
    0xf6, 0x0, 0x70, 0x0, 0xef, 0xff, 0xf8, 0xff,
    0xff, 0xf1, 0x0, 0xc4, 0x0, 0x8f, 0xff, 0xf8,
    0xff, 0xff, 0xb0, 0x0, 0xf8, 0x0, 0x3f, 0xff,
    0xf8, 0xff, 0xff, 0x60, 0x4, 0xfc, 0x0, 0xe,
    0xff, 0xf8, 0xff, 0xff, 0x10, 0x9, 0xff, 0x10,
    0x8, 0xff, 0xf8, 0xff, 0xfb, 0x0, 0xa, 0xdd,
    0x40, 0x3, 0xff, 0xf8, 0xff, 0xf6, 0x0, 0x0,
    0x5, 0x90, 0x0, 0xef, 0xf8, 0xff, 0xf1, 0x0,
    0x0, 0xaf, 0xe0, 0x0, 0x9f, 0xf8, 0xff, 0xb0,
    0x0, 0x3d, 0xff, 0xf3, 0x0, 0x3f, 0xf8, 0xff,
    0xfe, 0xee, 0xff, 0xff, 0xfe, 0xee, 0xef, 0xf8,
    0xff, 0xff, 0xff, 0xff, 0xff, 0xff, 0xff, 0xff,
    0xf7, 0x6f, 0xff, 0xff, 0xff, 0xff, 0xff, 0xff,
    0xff, 0xc1, 0x0, 0x0, 0x0, 0x0, 0x0, 0x0,
    0x0, 0x0, 0x0,

    /* U+F20E "" */
    0x0, 0x0, 0x0, 0x0, 0x0, 0x0, 0x0, 0x0,
    0x0, 0x0, 0x0, 0x0, 0x0, 0x4, 0xec, 0xcc,
    0xce, 0xcc, 0xcc, 0xd0, 0x0, 0x0, 0x0, 0x0,
    0xb, 0x84, 0x0, 0x1, 0x35, 0x56, 0x95, 0x0,
    0x0, 0x0, 0x0, 0x5a, 0x53, 0x32, 0x55, 0x10,
    0x60, 0x1d, 0x0, 0x0, 0x0, 0x0, 0xd1, 0x64,
    0x76, 0x0, 0x5, 0x0, 0x6, 0x80, 0x0, 0x0,
    0x8, 0xb5, 0x70, 0x4, 0x30, 0x50, 0x0, 0x0,
    0xc3, 0x0, 0x0, 0x1d, 0x50, 0x50, 0x0, 0x46,
    0x10, 0x0, 0x0, 0x8b, 0x0, 0x0, 0x95, 0x23,
    0x50, 0x0, 0x55, 0x20, 0x0, 0x5, 0x6b, 0x30,
    0x3, 0xb0, 0x2, 0x60, 0x4, 0x20, 0x41, 0x0,
    0x51, 0x42, 0xc0, 0xc, 0x20, 0x0, 0x73, 0x42,
    0x0, 0x5, 0x15, 0x20, 0x40, 0x86, 0x4d, 0x0,
    0x0, 0x55, 0x50, 0x0, 0x0, 0x83, 0x0, 0x40,
    0x3d, 0x9, 0x40, 0x0, 0x83, 0x22, 0x0, 0x4,
    0x26, 0x2, 0x20, 0xb3, 0x1, 0xc0, 0x3, 0x60,
    0x2, 0x20, 0x42, 0x0, 0x65, 0x5, 0xa0, 0x0,
    0x77, 0x24, 0x50, 0x0, 0x36, 0x30, 0x0, 0x9,
    0xc, 0x10, 0x0, 0xd, 0x95, 0x85, 0x55, 0x6b,
    0x55, 0x55, 0x58, 0xc8, 0x0, 0x0, 0x6, 0x90,
    0x50, 0x3, 0x40, 0x42, 0x0, 0x5, 0xd1, 0x0,
    0x0, 0x0, 0xc2, 0x50, 0x24, 0x0, 0x4, 0x10,
    0x3a, 0x60, 0x0, 0x0, 0x0, 0x4a, 0x51, 0x50,
    0x0, 0x0, 0x50, 0x6d, 0x0, 0x0, 0x0, 0x0,
    0xb, 0x76, 0x0, 0x1, 0x0, 0x6, 0xb4, 0x0,
    0x0, 0x0, 0x0, 0x4, 0xed, 0xdd, 0xde, 0xdd,
    0xdd, 0xd0, 0x0, 0x0, 0x0, 0x0, 0x0, 0x0,
    0x0, 0x0, 0x0, 0x0, 0x0, 0x0, 0x0,

    /* U+F210 "" */
    0x0, 0x0, 0x0, 0x0, 0x0, 0x0, 0x0, 0x0,
    0x0, 0x0, 0x0, 0x0, 0x0, 0x0, 0x0, 0x0,
    0xb, 0x0, 0x0, 0x0, 0x0, 0x0, 0x0, 0x0,
    0xc, 0xe0, 0x0, 0x0, 0x0, 0x0, 0x0, 0x0,
    0xc, 0xfe, 0x0, 0x1, 0x33, 0x33, 0x33, 0x33,
    0x3b, 0xff, 0xe0, 0x9, 0xff, 0xff, 0xff, 0xff,
    0xff, 0xff, 0xfe, 0x8, 0xff, 0xff, 0xff, 0xff,
    0xff, 0xff, 0xff, 0xe0, 0xff, 0xff, 0xff, 0xff,
    0xff, 0xff, 0xff, 0xfe, 0x1f, 0xff, 0xff, 0xdd,
    0xdd, 0xdd, 0xff, 0xff, 0xe1, 0xff, 0xff, 0x20,
    0x0, 0x0, 0x5, 0xff, 0xfe, 0x1f, 0xff, 0xe0,
    0x0, 0x0, 0x0, 0x1f, 0xff, 0xe1, 0xff, 0xfe,
    0x0, 0x0, 0x0, 0x1, 0xff, 0xfe, 0x1f, 0xff,
    0xe0, 0x0, 0x0, 0x0, 0x1f, 0xff, 0xe1, 0xff,
    0xfe, 0x0, 0x0, 0x0, 0x1, 0xff, 0xfe, 0x1f,
    0xff, 0xe0, 0x0, 0x0, 0x0, 0xf, 0xff, 0xe1,
    0xff, 0xfe, 0x0, 0x0, 0x0, 0x0, 0x7f, 0xfe,
    0x1f, 0xff, 0xf5, 0x0, 0x0, 0x0, 0x0, 0x8f,
    0xe1, 0xff, 0xff, 0xff, 0xff, 0xff, 0xff, 0xff,
    0xfe, 0xd, 0xff, 0xff, 0xff, 0xff, 0xff, 0xff,
    0xff, 0xb0, 0x4f, 0xff, 0xff, 0xff, 0xff, 0xff,
    0xff, 0xe2, 0x0, 0x18, 0xaa, 0xaa, 0xaa, 0xaa,
    0xaa, 0x70, 0x0,

    /* U+F211 "" */
    0x0, 0x0, 0x0, 0x0, 0x10, 0x0, 0x0, 0x0,
    0x0, 0x0, 0x0, 0x18, 0xdf, 0xf9, 0x10, 0x0,
    0x0, 0x0, 0x0, 0x5, 0xff, 0xfa, 0x10, 0x0,
    0x27, 0x10, 0x0, 0x0, 0x7f, 0xff, 0x50, 0x0,
    0x3b, 0xff, 0xd1, 0x0, 0x5, 0xff, 0xe2, 0x0,
    0x1a, 0xff, 0xfe, 0x92, 0x0, 0xe, 0xfe, 0x20,
    0x4, 0xef, 0xfe, 0x70, 0x0, 0x0, 0x6f, 0xf3,
    0x0, 0x5f, 0xff, 0xa1, 0x0, 0x5, 0x90, 0xbf,
    0x60, 0x5, 0xff, 0xf5, 0x0, 0x5, 0xef, 0xf2,
    0xeb, 0x0, 0x3f, 0xff, 0x40, 0x1, 0xbf, 0xff,
    0xc2, 0xf2, 0x0, 0xef, 0xf4, 0x0, 0x3e, 0xff,
    0xd4, 0x0, 0x90, 0x9, 0xff, 0x60, 0x4, 0xff,
    0xf9, 0x0, 0x0, 0x10, 0x2f, 0xfb, 0x0, 0x2f,
    0xff, 0x60, 0x1, 0xa2, 0x0, 0x9f, 0xf1, 0x0,
    0xef, 0xf5, 0x0, 0x3e, 0xe0, 0x0, 0xff, 0x90,
    0x9, 0xff, 0x70, 0x5, 0xff, 0x70, 0x4, 0xff,
    0x10, 0x3f, 0xfb, 0x0, 0x4f, 0xff, 0x50, 0x0,
    0xab, 0x0, 0xbf, 0xe1, 0x2, 0xff, 0xff, 0xa0,
    0x0, 0x2, 0x2, 0xff, 0x60, 0xd, 0xff, 0xff,
    0xf0, 0x0, 0x0, 0x6, 0xfe, 0x0, 0x8e, 0x72,
    0x6b, 0xf4, 0x0, 0x0, 0x0, 0x12, 0x0, 0x20,
    0x0, 0x0, 0x12,

    /* U+F212 "" */
    0x0, 0x5, 0xad, 0xff, 0xea, 0x41, 0x8c, 0xff,
    0xec, 0x82, 0x0, 0x0, 0x1e, 0xfe, 0xaa, 0xaa,
    0xef, 0xff, 0xba, 0x89, 0xcf, 0xf7, 0x0, 0x3,
    0xf9, 0xbf, 0xff, 0xfb, 0x9b, 0x8d, 0xf2, 0x0,
    0x1c, 0xb0, 0x0, 0x5f, 0x9f, 0xff, 0xff, 0xff,
    0xbf, 0xff, 0x30, 0x0, 0xad, 0x0, 0x7, 0xf9,
    0xff, 0xff, 0xff, 0xff, 0xff, 0xf4, 0x0, 0x8,
    0xf0, 0x0, 0x9e, 0xbf, 0xff, 0xff, 0xff, 0xff,
    0xff, 0x50, 0x0, 0x6f, 0x10, 0xb, 0xcd, 0xff,
    0xff, 0xff, 0xff, 0xff, 0xf6, 0x0, 0x4, 0xf3,
    0x0, 0xda, 0xff, 0xff, 0xff, 0xff, 0xff, 0xff,
    0x70, 0x0, 0x2f, 0x50, 0xf, 0x9f, 0xff, 0xff,
    0xff, 0xff, 0xff, 0xf8, 0x0, 0x0, 0xf7, 0x0,
    0xf9, 0xff, 0xff, 0xff, 0xff, 0xff, 0xff, 0x90,
    0x0, 0xe, 0x90, 0x2f, 0x9f, 0xff, 0xff, 0xff,
    0xff, 0xff, 0xfa, 0x0, 0x0, 0xcb, 0x4, 0xf9,
    0xff, 0xb9, 0x9a, 0xef, 0xff, 0xc9, 0x60, 0x0,
    0xa, 0xc0, 0x6f, 0x6a, 0xbe, 0xff, 0xeb, 0x99,
    0x9d, 0xff, 0xfc, 0x72, 0x8e, 0x8, 0xff, 0xfd,
    0x97, 0x68, 0xdf, 0xff, 0xa7, 0x68, 0xbf, 0xfe,
    0xf0, 0xad, 0x83, 0x0, 0x0, 0x0, 0x6b, 0x10,
    0x0, 0x0, 0x6, 0xbe, 0x20,

    /* U+F213 "" */
    0x0, 0x0, 0x0, 0x0, 0x0, 0x0, 0x2, 0x32,
    0x0, 0x0, 0x0, 0x0, 0x0, 0x0, 0x0, 0x0,
    0x0, 0x0, 0x6d, 0xff, 0xfe, 0x80, 0x0, 0x0,
    0x0, 0x0, 0x0, 0x0, 0x0, 0x0, 0xbf, 0xff,
    0xff, 0xff, 0xd1, 0x0, 0x0, 0x0, 0x0, 0x0,
    0x0, 0x0, 0x9f, 0xff, 0xff, 0xff, 0xff, 0xc0,
    0x0, 0x0, 0x0, 0x0, 0x0, 0x0, 0x3f, 0xff,
    0xff, 0xff, 0xff, 0xff, 0x70, 0x0, 0x0, 0x0,
    0x1a, 0xff, 0xbb, 0xff, 0xff, 0xff, 0xfd, 0xdf,
    0xfd, 0x0, 0x0, 0x0, 0xc, 0xff, 0xff, 0xff,
    0xff, 0xff, 0xff, 0x0, 0xff, 0xf0, 0x0, 0x0,
    0x3, 0xff, 0xff, 0xff, 0xff, 0xff, 0xff, 0xe0,
    0xf, 0xff, 0x0, 0x0, 0x0, 0x4f, 0xff, 0xff,
    0xff, 0xff, 0x74, 0x7e, 0x0, 0xff, 0xf0, 0x0,
    0x0, 0x1b, 0xff, 0xff, 0xff, 0x88, 0xf2, 0x2,
    0xe0, 0xf, 0xff, 0xf7, 0x0, 0xd, 0xff, 0xf8,
    0x37, 0xe0, 0xe, 0x20, 0x2e, 0x0, 0xff, 0xff,
    0xf9, 0x7, 0xff, 0xff, 0x30, 0x2e, 0x0, 0xe2,
    0x2, 0xe0, 0xf, 0xff, 0xff, 0xf3, 0xcf, 0xff,
    0xf3, 0x2, 0xe0, 0xe, 0x20, 0x2e, 0x0, 0xff,
    0xff, 0xff, 0x7e, 0xff, 0xff, 0x30, 0x2e, 0x0,
    0xe2, 0x2, 0xe0, 0xf, 0xff, 0xff, 0xf9, 0xcf,
    0xff, 0xf3, 0x2, 0xe0, 0xe, 0x20, 0x2e, 0x0,
    0xff, 0xff, 0xff, 0x77, 0xff, 0xff, 0x83, 0x7f,
    0x44, 0xf7, 0x37, 0xf4, 0x4f, 0xff, 0xff, 0xf2,
    0xc, 0xff, 0xff, 0xff, 0xff, 0xff, 0xff, 0xff,
    0xff, 0xff, 0xff, 0xf7, 0x0, 0x9, 0xff, 0xff,
    0xff, 0xff, 0xff, 0xff, 0xff, 0xff, 0xff, 0xe6,
    0x0, 0x0, 0x0, 0x34, 0x44, 0x44, 0x44, 0x44,
    0x44, 0x44, 0x43, 0x20, 0x0, 0x0,

    /* U+F214 "" */
    0x55, 0x55, 0x55, 0x55, 0x55, 0x55, 0x55, 0x55,
    0x52, 0xfc, 0xcc, 0xcc, 0xcc, 0xcc, 0xcc, 0xcc,
    0xcc, 0xe8, 0xf4, 0x62, 0x53, 0x35, 0x26, 0x36,
    0x26, 0x25, 0xa8, 0xf2, 0x0, 0x0, 0x0, 0x0,
    0x0, 0x0, 0x0, 0xa8, 0xff, 0xff, 0xff, 0xff,
    0xff, 0xff, 0xff, 0xff, 0xf8, 0xf5, 0x73, 0x75,
    0x47, 0x37, 0x47, 0x47, 0x46, 0xa8, 0xf7, 0x10,
    0x0, 0x0, 0x0, 0x0, 0x0, 0x6, 0xa8, 0xf6,
    0x0, 0x0, 0x0, 0x20, 0x0, 0x0, 0x5, 0xa8,
    0xf5, 0x0, 0x0, 0x6e, 0xff, 0x90, 0x0, 0x4,
    0xa8, 0xf7, 0x10, 0x4, 0xfb, 0x79, 0xf9, 0x0,
    0x6, 0xa8, 0xf5, 0x0, 0xb, 0xc6, 0xfc, 0xef,
    0x0, 0x3, 0xa8, 0xf8, 0x10, 0xc, 0xf5, 0x32,
    0xcf, 0x10, 0x6, 0xa8, 0xf5, 0x0, 0xa, 0xe9,
    0xd8, 0xae, 0x0, 0x4, 0xa8, 0xf6, 0x0, 0x2,
    0xfc, 0xac, 0xf6, 0x0, 0x5, 0xa8, 0xf7, 0x10,
    0x0, 0x3b, 0xed, 0x60, 0x0, 0x6, 0xa8, 0xf7,
    0x44, 0x0, 0x0, 0x0, 0x0, 0x1, 0x63, 0xb8,
    0x9f, 0xc6, 0x63, 0x0, 0x0, 0x2, 0x66, 0x9f,
    0xc3, 0x1, 0x7e, 0xd8, 0x56, 0x5, 0x58, 0xbf,
    0xa3, 0x0, 0x0, 0x0, 0x5c, 0xf9, 0x38, 0xde,
    0x81, 0x0, 0x0, 0x0, 0x0, 0x0, 0x4b, 0xfc,
    0x50, 0x0, 0x0, 0x0, 0x0, 0x0, 0x0, 0x0,
    0x10, 0x0, 0x0, 0x0, 0x0,

    /* U+F215 "" */
    0x2, 0x22, 0x21, 0x0, 0x0, 0x0, 0x0, 0x12,
    0x22, 0x20, 0xcf, 0xff, 0xff, 0x20, 0x0, 0x0,
    0x2, 0xff, 0xff, 0xfc, 0xef, 0xff, 0xff, 0x40,
    0x0, 0x0, 0x4, 0xff, 0xff, 0xfe, 0xef, 0xff,
    0xff, 0xb9, 0x99, 0x99, 0x9b, 0xff, 0xff, 0xfe,
    0xef, 0xff, 0xff, 0xff, 0xff, 0xff, 0xff, 0xff,
    0xff, 0xfe, 0xef, 0xff, 0xff, 0xff, 0xff, 0xff,
    0xff, 0xff, 0xff, 0xfe, 0xef, 0xff, 0xff, 0xff,
    0xff, 0xff, 0xff, 0xff, 0xff, 0xfe, 0xef, 0xff,
    0x61, 0x3d, 0xff, 0xff, 0x92, 0x27, 0xff, 0xfe,
    0xef, 0xf8, 0x0, 0x2, 0xff, 0xfb, 0x0, 0x0,
    0x8f, 0xfe, 0xef, 0xf3, 0x0, 0x0, 0xdf, 0xf6,
    0x0, 0x0, 0x3f, 0xfe, 0xef, 0xf5, 0x0, 0x0,
    0xef, 0xf8, 0x0, 0x0, 0x5f, 0xfe, 0xef, 0xfd,
    0x10, 0x7, 0xff, 0xff, 0x20, 0x1, 0xdf, 0xfe,
    0xef, 0xff, 0xea, 0xcf, 0xff, 0xff, 0xfb, 0xae,
    0xff, 0xfe, 0xef, 0xff, 0xff, 0xff, 0xff, 0xff,
    0xff, 0xff, 0xff, 0xfe, 0xef, 0xff, 0xff, 0xff,
    0xff, 0xff, 0xff, 0xff, 0xff, 0xfe, 0xaf, 0xff,
    0xff, 0xff, 0xff, 0xff, 0xff, 0xff, 0xff, 0xfa,

    /* U+F216 "" */
    0x0, 0x0, 0x0, 0x0, 0x0, 0x5, 0xbd, 0xc9,
    0x30, 0x0, 0x0, 0x0, 0x0, 0x0, 0x0, 0x0,
    0x0, 0xb, 0xe8, 0x78, 0xdf, 0x70, 0x0, 0x0,
    0x0, 0x0, 0x0, 0x0, 0x0, 0x5, 0x80, 0x0,
    0x0, 0x8f, 0x50, 0x0, 0x0, 0x0, 0x0, 0x17,
    0x99, 0x73, 0x0, 0x0, 0x0, 0x0, 0xad, 0x0,
    0x0, 0x0, 0x0, 0x8f, 0xff, 0xff, 0xfc, 0x20,
    0x0, 0x0, 0x3, 0xf2, 0x0, 0x0, 0x0, 0xaf,
    0xe7, 0x31, 0x37, 0xef, 0x40, 0x0, 0x0, 0xf,
    0x30, 0x0, 0x0, 0x5f, 0xe2, 0x0, 0x0, 0x1,
    0xbf, 0x40, 0x0, 0x1, 0xfc, 0xdc, 0x70, 0xb,
    0xf7, 0x0, 0x0, 0x0, 0x0, 0xbf, 0x30, 0x0,
    0x1d, 0x98, 0xcf, 0xc0, 0xef, 0x30, 0x0, 0x0,
    0x0, 0x0, 0xce, 0x10, 0x0, 0x0, 0x0, 0x9f,
    0x8f, 0xf2, 0x0, 0x0, 0x0, 0x0, 0x1, 0xec,
    0x0, 0x0, 0x0, 0x2, 0xfe, 0xdf, 0x50, 0x0,
    0x0, 0x0, 0x0, 0x3, 0xfa, 0x0, 0x0, 0x0,
    0x1f, 0xf7, 0xfc, 0x0, 0x0, 0x0, 0x0, 0x59,
    0x6, 0xfa, 0x0, 0x0, 0x5, 0xfd, 0xd, 0xfb,
    0x20, 0x0, 0x3, 0xad, 0x10, 0x7, 0xfe, 0x51,
    0x15, 0xff, 0x70, 0x1c, 0xff, 0xca, 0xbe, 0xf8,
    0x0, 0x0, 0x5, 0xff, 0xff, 0xff, 0xa0, 0x0,
    0x5, 0xac, 0xca, 0x61, 0x0, 0x0, 0x0, 0x1,
    0x8c, 0xdb, 0x50, 0x0,

    /* U+F217 "" */
    0x5, 0x88, 0x87, 0x30, 0x0, 0x0, 0x0, 0x0,
    0x0, 0x0, 0x0, 0x0, 0xf, 0xff, 0xff, 0xd0,
    0x0, 0x0, 0x0, 0x0, 0x0, 0x0, 0x0, 0x0,
    0xd, 0xff, 0xff, 0xf0, 0x0, 0x0, 0x0, 0x0,
    0x0, 0x0, 0x0, 0x0, 0x0, 0x0, 0x4f, 0xff,
    0xff, 0xff, 0xff, 0xff, 0xff, 0xff, 0xff, 0xf3,
    0x0, 0x0, 0x1f, 0xff, 0xff, 0xff, 0xff, 0xef,
    0xff, 0xff, 0xff, 0xf4, 0x0, 0x0, 0xe, 0xff,
    0xff, 0xff, 0xf2, 0x1f, 0xff, 0xff, 0xff, 0xf1,
    0x0, 0x0, 0xb, 0xff, 0xff, 0xff, 0xf1, 0xf,
    0xff, 0xff, 0xff, 0xd0, 0x0, 0x0, 0x8, 0xff,
    0xff, 0xb1, 0x10, 0x1, 0x1a, 0xff, 0xff, 0x90,
    0x0, 0x0, 0x4, 0xff, 0xff, 0xb1, 0x10, 0x1,
    0x1a, 0xff, 0xff, 0x60, 0x0, 0x0, 0x1, 0xff,
    0xff, 0xff, 0xf1, 0xf, 0xff, 0xff, 0xff, 0x20,
    0x0, 0x0, 0x0, 0xef, 0xff, 0xff, 0xf2, 0x1f,
    0xff, 0xff, 0xfe, 0x0, 0x0, 0x0, 0x0, 0xbf,
    0xff, 0xff, 0xff, 0xef, 0xff, 0xff, 0xfb, 0x0,
    0x0, 0x0, 0x0, 0x7f, 0xff, 0xff, 0xff, 0xff,
    0xff, 0xff, 0xf6, 0x0, 0x0, 0x0, 0x0, 0x4f,
    0xf4, 0x0, 0x0, 0x0, 0x0, 0x0, 0x0, 0x0,
    0x0, 0x0, 0x0, 0x1f, 0xfb, 0x88, 0x88, 0x88,
    0x88, 0x88, 0x40, 0x0, 0x0, 0x0, 0x0, 0xe,
    0xff, 0xff, 0xff, 0xff, 0xff, 0xff, 0xc0, 0x0,
    0x0, 0x0, 0x0, 0xc, 0xff, 0xff, 0xff, 0xff,
    0xff, 0xff, 0xc0, 0x0, 0x0, 0x0, 0x0, 0x7f,
    0xff, 0x40, 0x0, 0x0, 0x3, 0xff, 0xf9, 0x0,
    0x0, 0x0, 0x0, 0xbf, 0xff, 0x80, 0x0, 0x0,
    0x7, 0xff, 0xfd, 0x0, 0x0, 0x0, 0x0, 0x7f,
    0xff, 0x50, 0x0, 0x0, 0x3, 0xff, 0xf9, 0x0,
    0x0, 0x0, 0x0, 0x7, 0xa5, 0x0, 0x0, 0x0,
    0x0, 0x4a, 0x70, 0x0,

    /* U+F218 "" */
    0x5, 0x88, 0x87, 0x30, 0x0, 0x0, 0x0, 0x0,
    0x0, 0x0, 0x0, 0x0, 0xf, 0xff, 0xff, 0xd0,
    0x0, 0x0, 0x0, 0x0, 0x0, 0x0, 0x0, 0x0,
    0xd, 0xff, 0xff, 0xf0, 0x0, 0x0, 0x0, 0x0,
    0x0, 0x0, 0x0, 0x0, 0x0, 0x0, 0x4f, 0xff,
    0xff, 0xff, 0xff, 0xff, 0xff, 0xff, 0xff, 0xf3,
    0x0, 0x0, 0x1f, 0xff, 0xff, 0xff, 0xff, 0xff,
    0xff, 0xff, 0xff, 0xf4, 0x0, 0x0, 0xe, 0xff,
    0xff, 0xff, 0xf5, 0x4f, 0xff, 0xff, 0xff, 0xf1,
    0x0, 0x0, 0xb, 0xff, 0xff, 0xff, 0xf1, 0xf,
    0xff, 0xff, 0xff, 0xd0, 0x0, 0x0, 0x8, 0xff,
    0xff, 0xff, 0xf1, 0xf, 0xff, 0xff, 0xff, 0x90,
    0x0, 0x0, 0x4, 0xff, 0xff, 0xf1, 0x0, 0x0,
    0xf, 0xff, 0xff, 0x60, 0x0, 0x0, 0x1, 0xff,
    0xff, 0xfc, 0x0, 0x0, 0xaf, 0xff, 0xff, 0x20,
    0x0, 0x0, 0x0, 0xef, 0xff, 0xff, 0xc0, 0xa,
    0xff, 0xff, 0xfe, 0x0, 0x0, 0x0, 0x0, 0xbf,
    0xff, 0xff, 0xfc, 0xbf, 0xff, 0xff, 0xfb, 0x0,
    0x0, 0x0, 0x0, 0x7f, 0xff, 0xff, 0xff, 0xff,
    0xff, 0xff, 0xf6, 0x0, 0x0, 0x0, 0x0, 0x4f,
    0xf4, 0x0, 0x0, 0x0, 0x0, 0x0, 0x0, 0x0,
    0x0, 0x0, 0x0, 0x1f, 0xfb, 0x88, 0x88, 0x88,
    0x88, 0x88, 0x40, 0x0, 0x0, 0x0, 0x0, 0xe,
    0xff, 0xff, 0xff, 0xff, 0xff, 0xff, 0xc0, 0x0,
    0x0, 0x0, 0x0, 0xc, 0xff, 0xff, 0xff, 0xff,
    0xff, 0xff, 0xc0, 0x0, 0x0, 0x0, 0x0, 0x7f,
    0xff, 0x40, 0x0, 0x0, 0x3, 0xff, 0xf9, 0x0,
    0x0, 0x0, 0x0, 0xbf, 0xff, 0x80, 0x0, 0x0,
    0x7, 0xff, 0xfd, 0x0, 0x0, 0x0, 0x0, 0x7f,
    0xff, 0x50, 0x0, 0x0, 0x3, 0xff, 0xf9, 0x0,
    0x0, 0x0, 0x0, 0x7, 0xa5, 0x0, 0x0, 0x0,
    0x0, 0x4a, 0x70, 0x0,

    /* U+F21A "" */
    0x0, 0x0, 0x0, 0x0, 0x6, 0x88, 0x88, 0x86,
    0x0, 0x0, 0x0, 0x0, 0x0, 0x0, 0x0, 0x0,
    0x3, 0xff, 0xff, 0xff, 0xf3, 0x0, 0x0, 0x0,
    0x0, 0x0, 0x0, 0x0, 0x0, 0x4f, 0xff, 0xff,
    0xff, 0x40, 0x0, 0x0, 0x0, 0x0, 0x0, 0x0,
    0xaf, 0xff, 0xff, 0xff, 0xff, 0xff, 0xff, 0xa0,
    0x0, 0x0, 0x0, 0x0, 0xf, 0xff, 0xff, 0xff,
    0xff, 0xff, 0xff, 0xff, 0x0, 0x0, 0x0, 0x0,
    0x0, 0xff, 0xc8, 0x88, 0x88, 0x88, 0x88, 0xcf,
    0xf0, 0x0, 0x0, 0x0, 0x0, 0xf, 0xf8, 0x0,
    0x0, 0x0, 0x0, 0x8, 0xff, 0x0, 0x0, 0x0,
    0x0, 0x0, 0xff, 0x80, 0x0, 0x59, 0x50, 0x0,
    0x8f, 0xf0, 0x0, 0x0, 0x0, 0x0, 0xf, 0xf9,
    0x6b, 0xff, 0xff, 0xfb, 0x69, 0xff, 0x0, 0x0,
    0x0, 0x0, 0x1, 0xff, 0xff, 0xff, 0xff, 0xff,
    0xff, 0xff, 0xf1, 0x0, 0x0, 0x0, 0x2c, 0xff,
    0xff, 0xff, 0xff, 0xff, 0xff, 0xff, 0xff, 0xfc,
    0x20, 0x0, 0x6, 0xff, 0xff, 0xff, 0xff, 0xff,
    0xff, 0xff, 0xff, 0xff, 0xf7, 0x0, 0x0, 0x1d,
    0xff, 0xff, 0xff, 0xff, 0xff, 0xff, 0xff, 0xff,
    0xfd, 0x10, 0x0, 0x0, 0x1d, 0xff, 0xff, 0xff,
    0xff, 0xff, 0xff, 0xff, 0xfd, 0x10, 0x0, 0x0,
    0x0, 0x1d, 0xff, 0xff, 0xff, 0xff, 0xff, 0xff,
    0xfd, 0x10, 0x0, 0x0, 0x0, 0x0, 0xaf, 0xff,
    0xff, 0xff, 0xff, 0xff, 0xff, 0xa0, 0x0, 0x0,
    0x0, 0x0, 0x6f, 0xff, 0xff, 0xff, 0xff, 0xff,
    0xff, 0xff, 0x60, 0x0, 0x0, 0x13, 0xaf, 0xff,
    0xff, 0xff, 0xff, 0xff, 0xff, 0xff, 0xff, 0xa3,
    0x10, 0xcf, 0xff, 0xfe, 0x8f, 0xff, 0xff, 0xff,
    0xff, 0xff, 0x7e, 0xff, 0xff, 0xcf, 0xff, 0xfa,
    0x20, 0x7f, 0xff, 0xff, 0xff, 0xff, 0x70, 0x2a,
    0xff, 0xff, 0x57, 0x51, 0x0, 0x0, 0x27, 0x88,
    0x88, 0x86, 0x20, 0x0, 0x1, 0x57, 0x50,

    /* U+F21B "" */
    0x0, 0x0, 0x3, 0xa6, 0x2, 0x98, 0x0, 0x0,
    0x0, 0x0, 0x0, 0xd, 0xff, 0xff, 0xff, 0x60,
    0x0, 0x0, 0x0, 0x0, 0x6f, 0xff, 0xff, 0xff,
    0xe0, 0x0, 0x0, 0x0, 0x0, 0xdf, 0xff, 0xff,
    0xff, 0xf5, 0x0, 0x0, 0x2, 0x9e, 0xff, 0xff,
    0xff, 0xff, 0xff, 0xc6, 0x0, 0x8, 0xff, 0xff,
    0xff, 0xff, 0xff, 0xff, 0xff, 0x10, 0x0, 0x39,
    0xfc, 0xde, 0xff, 0xed, 0xed, 0x50, 0x0, 0x0,
    0x1, 0xf3, 0x0, 0x40, 0x0, 0xb9, 0x0, 0x0,
    0x0, 0x0, 0xcc, 0x12, 0xe9, 0x5, 0xf4, 0x0,
    0x0, 0x4, 0xff, 0xff, 0xff, 0xff, 0xff, 0xff,
    0xfd, 0x0, 0x1, 0xff, 0xff, 0xff, 0xff, 0xff,
    0xff, 0xfb, 0x0, 0x0, 0xbf, 0xfd, 0xff, 0xff,
    0xfe, 0xef, 0xf5, 0x0, 0x0, 0xbf, 0xf7, 0x5f,
    0xff, 0xb1, 0xff, 0xf4, 0x0, 0xb, 0xff, 0xfa,
    0x6, 0xfd, 0x2, 0xff, 0xff, 0x40, 0x6f, 0xff,
    0xfe, 0x0, 0xf7, 0x6, 0xff, 0xff, 0xe0, 0xcf,
    0xff, 0xff, 0x12, 0xfa, 0x9, 0xff, 0xff, 0xf4,
    0xff, 0xff, 0xff, 0x57, 0xfe, 0xd, 0xff, 0xff,
    0xf7, 0xff, 0xff, 0xff, 0x8b, 0xff, 0x4f, 0xff,
    0xff, 0xf8, 0xff, 0xff, 0xff, 0xcf, 0xff, 0xbf,
    0xff, 0xff, 0xf7, 0xaf, 0xff, 0xff, 0xff, 0xff,
    0xff, 0xff, 0xff, 0xf3, 0x3, 0x44, 0x44, 0x44,
    0x44, 0x44, 0x44, 0x44, 0x10,

    /* U+F21C "" */
    0x0, 0x0, 0x0, 0x0, 0x0, 0x0, 0x1, 0x11,
    0x0, 0x0, 0x10, 0x0, 0x0, 0x0, 0x0, 0x0,
    0x0, 0x0, 0x0, 0xf, 0xff, 0xf8, 0x6, 0xff,
    0xf2, 0x0, 0x0, 0x0, 0x6, 0x88, 0x75, 0x10,
    0x0, 0xbc, 0xcf, 0xf7, 0xff, 0xff, 0x40, 0x0,
    0x0, 0x1, 0xff, 0xff, 0xff, 0x50, 0x0, 0x0,
    0x6f, 0xff, 0xff, 0xf2, 0x0, 0x0, 0x0, 0x3,
    0x55, 0x7e, 0xff, 0xff, 0xff, 0xff, 0xff, 0x60,
    0x0, 0x0, 0x0, 0x0, 0x0, 0x0, 0x0, 0x5f,
    0xff, 0xff, 0xff, 0xff, 0xfe, 0x0, 0x0, 0x0,
    0x0, 0x0, 0x6, 0xdf, 0xff, 0xff, 0xff, 0xff,
    0xff, 0xeb, 0xfe, 0xff, 0xd6, 0x0, 0x0, 0x9,
    0xff, 0xee, 0xff, 0xff, 0xff, 0xff, 0xf3, 0x9f,
    0xfe, 0xef, 0xf9, 0x0, 0x5, 0xfe, 0x30, 0xdf,
    0xff, 0xff, 0xff, 0xf9, 0x5f, 0xff, 0xc0, 0x4e,
    0xf5, 0x0, 0xcf, 0x40, 0x7f, 0xff, 0xff, 0xff,
    0xff, 0x4c, 0xf4, 0xcf, 0x50, 0x4f, 0xc0, 0xf,
    0xf0, 0xe, 0xff, 0xff, 0xff, 0xff, 0xf1, 0xff,
    0x3, 0xfe, 0x10, 0xef, 0x0, 0xff, 0x2, 0xff,
    0xff, 0xff, 0xff, 0xff, 0xf, 0xf0, 0x9, 0xf3,
    0xf, 0xf0, 0xb, 0xf5, 0x1, 0x22, 0x7f, 0xb2,
    0x22, 0x10, 0xbf, 0x50, 0x2, 0x5, 0xfc, 0x0,
    0x4f, 0xe5, 0x0, 0x5f, 0xf4, 0x0, 0x0, 0x4,
    0xfe, 0x40, 0x5, 0xef, 0x50, 0x0, 0x8f, 0xff,
    0xff, 0xf7, 0x0, 0x0, 0x0, 0x8, 0xff, 0xef,
    0xff, 0x80, 0x0, 0x0, 0x4c, 0xff, 0xc4, 0x0,
    0x0, 0x0, 0x0, 0x4, 0xcf, 0xfc, 0x50, 0x0,
    0x0, 0x0, 0x0, 0x0, 0x0, 0x0, 0x0, 0x0,
    0x0, 0x0, 0x0, 0x0, 0x0, 0x0,

    /* U+F21D "" */
    0x0, 0x0, 0x0, 0x0, 0x16, 0x50, 0x0, 0x0,
    0x0, 0x0, 0x0, 0x0, 0x0, 0x2, 0xff, 0xfc,
    0x0, 0x0, 0x0, 0x0, 0x0, 0x0, 0x0, 0x9,
    0xff, 0xff, 0x30, 0x0, 0x0, 0x0, 0x0, 0x0,
    0x0, 0x9, 0xff, 0xff, 0x30, 0x0, 0x0, 0x0,
    0x0, 0x0, 0x0, 0x2, 0xff, 0xfc, 0x0, 0x0,
    0x0, 0x0, 0x0, 0x0, 0x0, 0x0, 0x16, 0x50,
    0x0, 0x0, 0x0, 0x0, 0x0, 0x0, 0x0, 0x3c,
    0xd9, 0xad, 0xa0, 0x0, 0x0, 0x0, 0x0, 0x0,
    0x0, 0xcf, 0xff, 0xff, 0xf7, 0x0, 0x0, 0x0,
    0x0, 0x0, 0x0, 0xef, 0xff, 0xff, 0xf9, 0x0,
    0x0, 0x0, 0x0, 0x0, 0x0, 0xef, 0xff, 0xff,
    0xf9, 0x0, 0x0, 0x0, 0x0, 0x0, 0x0, 0xef,
    0xff, 0xff, 0xf9, 0x0, 0x0, 0x0, 0x0, 0x0,
    0x0, 0xef, 0xff, 0xff, 0xf9, 0x0, 0x0, 0x0,
    0x0, 0x0, 0x0, 0x9f, 0xff, 0xff, 0xf4, 0x0,
    0x0, 0x0, 0x0, 0x1, 0x57, 0xa, 0xff, 0xff,
    0x51, 0x85, 0x10, 0x0, 0x3, 0xbf, 0xfe, 0x1a,
    0xff, 0xff, 0x55, 0xff, 0xfa, 0x20, 0x6f, 0xd6,
    0x10, 0xa, 0xff, 0xff, 0x50, 0x2, 0x7e, 0xf6,
    0xef, 0x0, 0x0, 0xa, 0xff, 0xff, 0x50, 0x0,
    0x1, 0xfe, 0xcf, 0x70, 0x0, 0x5, 0xff, 0xfd,
    0x10, 0x0, 0x7, 0xfb, 0x1b, 0xfe, 0xa7, 0x43,
    0x21, 0x12, 0x34, 0x7a, 0xef, 0xb1, 0x0, 0x39,
    0xef, 0xff, 0xff, 0xff, 0xff, 0xfe, 0x93, 0x0,
    0x0, 0x0, 0x1, 0x46, 0x77, 0x77, 0x64, 0x10,
    0x0, 0x0,

    /* U+F21E "" */
    0x0, 0x0, 0x2, 0x31, 0x0, 0x0, 0x0, 0x13,
    0x20, 0x0, 0x0, 0x0, 0x6, 0xef, 0xff, 0xb1,
    0x0, 0x2b, 0xff, 0xfe, 0x70, 0x0, 0x0, 0x9f,
    0xff, 0xff, 0xfe, 0x23, 0xef, 0xff, 0xff, 0xf9,
    0x0, 0x5, 0xff, 0xff, 0xff, 0xff, 0xee, 0xff,
    0xff, 0xff, 0xff, 0x50, 0xc, 0xff, 0xff, 0xff,
    0xff, 0xff, 0xff, 0xff, 0xff, 0xff, 0xb0, 0xf,
    0xff, 0xff, 0xff, 0xdf, 0xff, 0xff, 0xff, 0xff,
    0xff, 0xf0, 0xf, 0xff, 0xff, 0xf7, 0x1f, 0xff,
    0xff, 0xff, 0xff, 0xff, 0xf0, 0xc, 0xff, 0xff,
    0xf1, 0x9, 0xff, 0xd1, 0xdf, 0xff, 0xff, 0xc0,
    0x6, 0xff, 0xff, 0x90, 0x72, 0xff, 0x50, 0x5f,
    0xff, 0xff, 0x60, 0x0, 0x78, 0x88, 0x26, 0xe0,
    0xbd, 0x8, 0x7, 0x88, 0x87, 0x0, 0x0, 0x2,
    0x44, 0x4d, 0xf6, 0x35, 0x4f, 0x64, 0x44, 0x20,
    0x0, 0x0, 0x0, 0xcf, 0xff, 0xfd, 0x0, 0xcf,
    0xff, 0xfc, 0x0, 0x0, 0x0, 0x0, 0xc, 0xff,
    0xff, 0x54, 0xff, 0xff, 0xc1, 0x0, 0x0, 0x0,
    0x0, 0x1, 0xcf, 0xff, 0xff, 0xff, 0xfc, 0x10,
    0x0, 0x0, 0x0, 0x0, 0x0, 0x1c, 0xff, 0xff,
    0xff, 0xc1, 0x0, 0x0, 0x0, 0x0, 0x0, 0x0,
    0x1, 0xcf, 0xff, 0xfd, 0x10, 0x0, 0x0, 0x0,
    0x0, 0x0, 0x0, 0x0, 0x1d, 0xff, 0xd1, 0x0,
    0x0, 0x0, 0x0, 0x0, 0x0, 0x0, 0x0, 0x1,
    0xdd, 0x10, 0x0, 0x0, 0x0, 0x0, 0x0, 0x0,
    0x0, 0x0, 0x0, 0x0, 0x0, 0x0, 0x0, 0x0,
    0x0,

    /* U+F221 "" */
    0x0, 0x0, 0x35, 0x40, 0x0, 0x0, 0x0, 0x6e,
    0xff, 0xff, 0x90, 0x0, 0x8, 0xff, 0xff, 0xff,
    0xfc, 0x0, 0x4f, 0xfe, 0x63, 0x4c, 0xff, 0x80,
    0xbf, 0xf2, 0x0, 0x0, 0xdf, 0xf0, 0xef, 0xa0,
    0x0, 0x0, 0x5f, 0xf3, 0xff, 0x90, 0x0, 0x0,
    0x4f, 0xf3, 0xdf, 0xd0, 0x0, 0x0, 0x9f, 0xf1,
    0x7f, 0xf9, 0x0, 0x6, 0xff, 0xc0, 0xd, 0xff,
    0xec, 0xdf, 0xff, 0x30, 0x1, 0xcf, 0xff, 0xff,
    0xe4, 0x0, 0x0, 0x5, 0xdf, 0xf7, 0x10, 0x0,
    0x0, 0x0, 0xaf, 0xe0, 0x0, 0x0, 0x0, 0x15,
    0xbf, 0xe5, 0x30, 0x0, 0x0, 0x7f, 0xff, 0xff,
    0xc0, 0x0, 0x0, 0x7f, 0xff, 0xff, 0xc0, 0x0,
    0x0, 0x2, 0xbf, 0xe2, 0x10, 0x0, 0x0, 0x0,
    0x9f, 0xd0, 0x0, 0x0, 0x0, 0x0, 0x0, 0x0,
    0x0, 0x0,

    /* U+F222 "" */
    0x0, 0x0, 0x0, 0x0, 0x0, 0x1, 0x11, 0x10,
    0x0, 0x0, 0x0, 0x0, 0x0, 0xd, 0xff, 0xf0,
    0x0, 0x0, 0x0, 0x0, 0x0, 0x7, 0xff, 0xf0,
    0x0, 0x0, 0x0, 0x0, 0x0, 0x6f, 0xff, 0xf0,
    0x0, 0x0, 0x35, 0x30, 0x6, 0xff, 0xf6, 0xc0,
    0x0, 0x6e, 0xff, 0xff, 0xaf, 0xff, 0x30, 0x0,
    0x8, 0xff, 0xff, 0xff, 0xff, 0xf3, 0x0, 0x0,
    0x4f, 0xfe, 0x63, 0x5d, 0xff, 0x80, 0x0, 0x0,
    0xbf, 0xf2, 0x0, 0x0, 0xdf, 0xe0, 0x0, 0x0,
    0xef, 0xa0, 0x0, 0x0, 0x6f, 0xf2, 0x0, 0x0,
    0xff, 0x80, 0x0, 0x0, 0x4f, 0xf3, 0x0, 0x0,
    0xdf, 0xc0, 0x0, 0x0, 0x8f, 0xf2, 0x0, 0x0,
    0x9f, 0xf7, 0x0, 0x3, 0xff, 0xd0, 0x0, 0x0,
    0x1e, 0xff, 0xc8, 0xaf, 0xff, 0x40, 0x0, 0x0,
    0x3, 0xef, 0xff, 0xff, 0xf6, 0x0, 0x0, 0x0,
    0x0, 0x19, 0xdf, 0xea, 0x30, 0x0, 0x0, 0x0,

    /* U+F223 "" */
    0x68, 0x30, 0x0, 0x0, 0x17, 0x71, 0xdf, 0xc0,
    0x0, 0x0, 0x8f, 0xf2, 0x8f, 0xfb, 0x30, 0x28,
    0xff, 0xc0, 0xc, 0xff, 0xff, 0xff, 0xfe, 0x20,
    0x4, 0xff, 0xff, 0xff, 0xf8, 0x0, 0x1e, 0xff,
    0xc8, 0xaf, 0xff, 0x40, 0x8f, 0xf7, 0x0, 0x3,
    0xff, 0xd0, 0xdf, 0xc0, 0x0, 0x0, 0x8f, 0xf2,
    0xff, 0x80, 0x0, 0x0, 0x4f, 0xf3, 0xef, 0xa0,
    0x0, 0x0, 0x6f, 0xf3, 0xbf, 0xf2, 0x0, 0x0,
    0xcf, 0xf0, 0x4f, 0xfe, 0x51, 0x3b, 0xff, 0x80,
    0x9, 0xff, 0xff, 0xff, 0xfc, 0x0, 0x0, 0x7f,
    0xff, 0xff, 0xa0, 0x0, 0x0, 0x0, 0xbf, 0xe1,
    0x0, 0x0, 0x0, 0x0, 0xaf, 0xe0, 0x0, 0x0,
    0x0, 0x4a, 0xef, 0xfa, 0x70, 0x0, 0x0, 0x8f,
    0xff, 0xff, 0xc0, 0x0, 0x0, 0x5d, 0xef, 0xfd,
    0x90, 0x0, 0x0, 0x0, 0xaf, 0xe0, 0x0, 0x0,
    0x0, 0x0, 0x6b, 0x90, 0x0, 0x0,

    /* U+F224 "" */
    0x0, 0x0, 0x0, 0x0, 0x0, 0x5, 0x66, 0x50,
    0x0, 0x0, 0x0, 0x0, 0x0, 0xb, 0xff, 0xf0,
    0x0, 0x0, 0x0, 0x0, 0x0, 0xa, 0xff, 0xf0,
    0x0, 0x0, 0x0, 0x0, 0x0, 0xaf, 0xff, 0xf0,
    0x0, 0x3, 0x89, 0x84, 0xa, 0xff, 0xd1, 0x80,
    0x0, 0xaf, 0xff, 0xff, 0xef, 0xfd, 0x10, 0x0,
    0xc, 0xff, 0xfe, 0xff, 0xff, 0xc1, 0x0, 0x0,
    0x6f, 0xfb, 0x10, 0x8, 0xff, 0xa0, 0x0, 0x0,
    0xcf, 0xd0, 0x0, 0x0, 0xaf, 0xf0, 0x0, 0x0,
    0xff, 0x90, 0x0, 0x0, 0x5f, 0xf3, 0x0, 0x0,
    0xff, 0x90, 0x0, 0x0, 0x5f, 0xf3, 0x0, 0x0,
    0xcf, 0xe1, 0x0, 0x0, 0xbf, 0xf0, 0x0, 0x0,
    0x5f, 0xfd, 0x40, 0x2a, 0xff, 0x90, 0x0, 0x0,
    0xa, 0xff, 0xff, 0xff, 0xfd, 0x10, 0x0, 0x0,
    0x0, 0x8f, 0xff, 0xff, 0xb1, 0x0, 0x0, 0x0,
    0x0, 0x1, 0xbf, 0xe2, 0x0, 0x0, 0x0, 0x0,
    0x0, 0x39, 0xdf, 0xf9, 0x60, 0x0, 0x0, 0x0,
    0x0, 0x8f, 0xff, 0xff, 0xc0, 0x0, 0x0, 0x0,
    0x0, 0x6f, 0xff, 0xff, 0xa0, 0x0, 0x0, 0x0,
    0x0, 0x0, 0xaf, 0xe0, 0x0, 0x0, 0x0, 0x0,
    0x0, 0x0, 0x48, 0x60, 0x0, 0x0, 0x0, 0x0,

    /* U+F225 "" */
    0x56, 0x65, 0x0, 0x0, 0x0, 0x0, 0x0, 0x6,
    0x66, 0x3f, 0xff, 0xb0, 0x0, 0x0, 0x0, 0x0,
    0x1, 0xef, 0xfb, 0xff, 0xfa, 0xbc, 0x10, 0x0,
    0x0, 0x0, 0x1d, 0xff, 0xcf, 0xff, 0xff, 0xf8,
    0x0, 0x0, 0x0, 0x1d, 0xff, 0xfc, 0x82, 0xff,
    0xff, 0x14, 0x89, 0x72, 0x1d, 0xff, 0xa2, 0x60,
    0x8f, 0xff, 0xfe, 0xff, 0xff, 0xfe, 0xff, 0x90,
    0x0, 0x2, 0xec, 0xcf, 0xff, 0xfe, 0xff, 0xff,
    0x90, 0x0, 0x0, 0x1, 0xa, 0xff, 0x80, 0x1,
    0xbf, 0xf6, 0x0, 0x0, 0x0, 0x0, 0xff, 0xa0,
    0x0, 0x0, 0xef, 0xc0, 0x0, 0x0, 0x0, 0x3f,
    0xf5, 0x0, 0x0, 0x9, 0xfe, 0x0, 0x0, 0x0,
    0x3, 0xff, 0x50, 0x0, 0x0, 0x9f, 0xf0, 0x0,
    0x0, 0x0, 0xf, 0xfc, 0x0, 0x0, 0x1e, 0xfc,
    0x0, 0x0, 0x0, 0x0, 0x9f, 0xfb, 0x20, 0x4d,
    0xff, 0x50, 0x0, 0x0, 0x0, 0x1, 0xdf, 0xff,
    0xff, 0xff, 0xa0, 0x0, 0x0, 0x0, 0x0, 0x1,
    0xaf, 0xff, 0xff, 0x80, 0x0, 0x0, 0x0, 0x0,
    0x0, 0x0, 0x2e, 0xfb, 0x10, 0x0, 0x0, 0x0,
    0x0, 0x0, 0x0, 0x59, 0xff, 0xd9, 0x30, 0x0,
    0x0, 0x0, 0x0, 0x0, 0xc, 0xff, 0xff, 0xf8,
    0x0, 0x0, 0x0, 0x0, 0x0, 0x0, 0xaf, 0xff,
    0xff, 0x60, 0x0, 0x0, 0x0, 0x0, 0x0, 0x0,
    0xe, 0xfa, 0x0, 0x0, 0x0, 0x0, 0x0, 0x0,
    0x0, 0x0, 0x68, 0x40, 0x0, 0x0, 0x0, 0x0,

    /* U+F226 "" */
    0x0, 0x0, 0x35, 0x40, 0x0, 0x0, 0x4, 0x53,
    0x0, 0x0, 0x0, 0x6e, 0xff, 0xff, 0x90, 0x8,
    0xff, 0xff, 0xe6, 0x0, 0x8, 0xff, 0xff, 0xff,
    0xfc, 0xa, 0xff, 0xff, 0xff, 0x80, 0x4f, 0xfe,
    0x63, 0x4c, 0xff, 0x81, 0xc5, 0x36, 0xef, 0xf4,
    0xbf, 0xf2, 0x0, 0x0, 0xdf, 0xf0, 0x0, 0x0,
    0x2f, 0xfb, 0xef, 0xa0, 0x0, 0x0, 0x5f, 0xf3,
    0x0, 0x0, 0xa, 0xfe, 0xff, 0x90, 0x0, 0x0,
    0x4f, 0xf3, 0x0, 0x0, 0x9, 0xff, 0xdf, 0xd0,
    0x0, 0x0, 0x9f, 0xf1, 0x0, 0x0, 0xd, 0xfd,
    0x7f, 0xf9, 0x0, 0x6, 0xff, 0xc0, 0x50, 0x0,
    0x9f, 0xf7, 0xd, 0xff, 0xec, 0xdf, 0xff, 0x36,
    0xfe, 0xce, 0xff, 0xd0, 0x1, 0xcf, 0xff, 0xff,
    0xe4, 0xd, 0xff, 0xff, 0xfc, 0x10, 0x0, 0x5,
    0xdf, 0xf7, 0x10, 0x0, 0x6f, 0xfd, 0x50, 0x0,
    0x0, 0x0, 0xaf, 0xe0, 0x0, 0x0, 0xd, 0xfa,
    0x0, 0x0, 0x0, 0x15, 0xbf, 0xe5, 0x30, 0x3,
    0x5e, 0xfb, 0x51, 0x0, 0x0, 0x7f, 0xff, 0xff,
    0xc0, 0xb, 0xff, 0xff, 0xf7, 0x0, 0x0, 0x7f,
    0xff, 0xff, 0xc0, 0xb, 0xff, 0xff, 0xf7, 0x0,
    0x0, 0x2, 0xbf, 0xe2, 0x10, 0x1, 0x2e, 0xfb,
    0x20, 0x0, 0x0, 0x0, 0x9f, 0xd0, 0x0, 0x0,
    0xd, 0xf9, 0x0, 0x0, 0x0, 0x0, 0x0, 0x0,
    0x0, 0x0, 0x0, 0x0, 0x0, 0x0,

    /* U+F227 "" */
    0x0, 0x0, 0x0, 0x0, 0x1, 0x78, 0x85, 0x0,
    0x0, 0x0, 0x0, 0x0, 0x0, 0x0, 0x0, 0x1d,
    0xff, 0xc0, 0x0, 0x0, 0x0, 0x0, 0x0, 0x0,
    0x0, 0x2, 0xef, 0xfc, 0x0, 0x0, 0x0, 0x0,
    0x1, 0x9d, 0xfe, 0xa4, 0xef, 0xfe, 0xc0, 0x0,
    0x0, 0x0, 0x3, 0xef, 0xff, 0xff, 0xff, 0xf8,
    0x14, 0x0, 0x0, 0x0, 0x1, 0xef, 0xfc, 0x8a,
    0xff, 0xfa, 0x0, 0x0, 0x0, 0x0, 0x0, 0x9f,
    0xf6, 0x0, 0x3, 0xff, 0xc0, 0x0, 0x0, 0x34,
    0x43, 0xe, 0xfb, 0x0, 0x0, 0x7, 0xff, 0x10,
    0x0, 0xd, 0xff, 0xf0, 0xff, 0x80, 0x0, 0x0,
    0x4f, 0xf3, 0x0, 0x0, 0x9f, 0xff, 0xe, 0xfb,
    0x0, 0x0, 0x6, 0xff, 0x26, 0x71, 0x8f, 0xff,
    0xf0, 0xaf, 0xf4, 0x0, 0x1, 0xef, 0xe0, 0xcf,
    0xff, 0xfd, 0x3a, 0x2, 0xff, 0xf9, 0x68, 0xef,
    0xf6, 0x1d, 0xff, 0xfd, 0x10, 0x0, 0x5, 0xff,
    0xff, 0xff, 0xf9, 0x0, 0x3, 0xef, 0xe0, 0x0,
    0x0, 0x3, 0xbf, 0xff, 0xd5, 0x0, 0x0, 0x5,
    0xff, 0x50, 0x0, 0x0, 0x0, 0x1, 0x0, 0x20,
    0x0, 0x0, 0xf, 0xf7, 0x0, 0x0, 0x0, 0x0,
    0x6, 0xde, 0x0, 0x0, 0x1, 0xff, 0x60, 0x0,
    0x0, 0x0, 0x0, 0x7f, 0xf5, 0x0, 0x0, 0x8f,
    0xf3, 0x0, 0x0, 0x0, 0x0, 0x1, 0xff, 0xf6,
    0x11, 0x8f, 0xfd, 0x0, 0x0, 0x0, 0x0, 0x0,
    0x5, 0xff, 0xff, 0xff, 0xff, 0x20, 0x0, 0x0,
    0x0, 0x0, 0x0, 0x5, 0xef, 0xff, 0xfd, 0x30,
    0x0, 0x0, 0x0, 0x0, 0x0, 0x0, 0x0, 0x47,
    0x74, 0x0, 0x0, 0x0, 0x0,

    /* U+F228 "" */
    0x0, 0x0, 0x0, 0x0, 0x0, 0x0, 0x0, 0x0,
    0x0, 0x38, 0x88, 0x30, 0x0, 0x0, 0x0, 0x0,
    0x0, 0x0, 0x0, 0x0, 0x3, 0xff, 0xf8, 0x0,
    0x0, 0x0, 0x0, 0x0, 0x0, 0x0, 0x0, 0x0,
    0x4f, 0xff, 0x80, 0x1, 0x9d, 0xfe, 0xa3, 0x0,
    0x3a, 0xef, 0xd8, 0x5f, 0xff, 0xf8, 0x3, 0xef,
    0xff, 0xff, 0xf6, 0xd, 0xff, 0xff, 0xff, 0xff,
    0x43, 0x31, 0xef, 0xfc, 0x8a, 0xff, 0xf4, 0x4f,
    0xa8, 0xcf, 0xff, 0x50, 0x0, 0x8f, 0xf7, 0x0,
    0x3, 0xff, 0xd0, 0x30, 0x0, 0x7f, 0xf8, 0x0,
    0xd, 0xfc, 0x0, 0x0, 0x8, 0xff, 0x10, 0x0,
    0x0, 0xcf, 0xd0, 0x0, 0xff, 0x80, 0x0, 0x0,
    0x4f, 0xf3, 0x0, 0x0, 0x8, 0xff, 0x0, 0xe,
    0xfa, 0x0, 0x0, 0x6, 0xff, 0x30, 0x0, 0x0,
    0xaf, 0xe0, 0x0, 0xbf, 0xf2, 0x0, 0x0, 0xcf,
    0xf0, 0x0, 0x0, 0x2f, 0xfb, 0x0, 0x4, 0xff,
    0xe5, 0x13, 0xbf, 0xf8, 0x1b, 0x31, 0x5e, 0xff,
    0x40, 0x0, 0x9, 0xff, 0xff, 0xff, 0xfc, 0x9,
    0xff, 0xff, 0xff, 0x90, 0x0, 0x0, 0x7, 0xff,
    0xff, 0xfa, 0x0, 0x9f, 0xff, 0xff, 0x70, 0x0,
    0x0, 0x0, 0x0, 0xbf, 0xe1, 0x0, 0x0, 0x15,
    0x65, 0x10, 0x0, 0x0, 0x0, 0x0, 0xa, 0xfe,
    0x0, 0x0, 0x0, 0x0, 0x0, 0x0, 0x0, 0x0,
    0x0, 0x4a, 0xef, 0xfa, 0x70, 0x0, 0x0, 0x0,
    0x0, 0x0, 0x0, 0x0, 0x8, 0xff, 0xff, 0xfc,
    0x0, 0x0, 0x0, 0x0, 0x0, 0x0, 0x0, 0x0,
    0x5d, 0xef, 0xfd, 0x90, 0x0, 0x0, 0x0, 0x0,
    0x0, 0x0, 0x0, 0x0, 0xa, 0xfe, 0x0, 0x0,
    0x0, 0x0, 0x0, 0x0, 0x0, 0x0, 0x0, 0x0,
    0x6b, 0x90, 0x0, 0x0, 0x0, 0x0, 0x0, 0x0,
    0x0, 0x0,

    /* U+F229 "" */
    0x0, 0x0, 0x0, 0x0, 0x0, 0x1, 0x11, 0x10,
    0x0, 0x0, 0x0, 0x0, 0x0, 0xd, 0xff, 0xf0,
    0x0, 0x0, 0x0, 0x0, 0x3, 0x77, 0xff, 0xf0,
    0x0, 0x0, 0x0, 0x0, 0x2e, 0xff, 0xff, 0xf0,
    0x0, 0x0, 0x35, 0x30, 0x1e, 0xff, 0xf5, 0xc0,
    0x0, 0x5d, 0xff, 0xff, 0xaf, 0xff, 0xf6, 0x0,
    0x7, 0xff, 0xff, 0xff, 0xff, 0xfd, 0xd1, 0x0,
    0x3f, 0xfe, 0x63, 0x5d, 0xff, 0x81, 0x10, 0x0,
    0xaf, 0xf2, 0x0, 0x0, 0xdf, 0xe0, 0x0, 0x0,
    0xef, 0xa0, 0x0, 0x0, 0x6f, 0xf2, 0x0, 0x0,
    0xff, 0x80, 0x0, 0x0, 0x4f, 0xf3, 0x0, 0x0,
    0xdf, 0xc0, 0x0, 0x0, 0x8f, 0xf2, 0x0, 0x0,
    0x9f, 0xf7, 0x0, 0x3, 0xff, 0xd0, 0x0, 0x0,
    0x1e, 0xff, 0xc8, 0xaf, 0xff, 0x40, 0x0, 0x0,
    0x3, 0xef, 0xff, 0xff, 0xf6, 0x0, 0x0, 0x0,
    0x0, 0x19, 0xdf, 0xea, 0x30, 0x0, 0x0, 0x0,

    /* U+F22A "" */
    0x0, 0x0, 0x5, 0x0, 0x0, 0x0, 0x0, 0x0,
    0x7f, 0xb0, 0x0, 0x0, 0x0, 0x7, 0xff, 0xfb,
    0x0, 0x0, 0x0, 0xa, 0xef, 0xfa, 0x20, 0x0,
    0x0, 0x4, 0xcf, 0xe5, 0x0, 0x0, 0x0, 0xd,
    0xff, 0xff, 0x20, 0x0, 0x0, 0xd, 0xff, 0xff,
    0x10, 0x0, 0x0, 0x1, 0xaf, 0xe1, 0x0, 0x0,
    0x0, 0x18, 0xef, 0xfa, 0x30, 0x0, 0x4, 0xef,
    0xff, 0xff, 0xf7, 0x0, 0x1f, 0xff, 0xb8, 0xaf,
    0xff, 0x50, 0x9f, 0xf6, 0x0, 0x2, 0xff, 0xd0,
    0xef, 0xb0, 0x0, 0x0, 0x7f, 0xf2, 0xff, 0x80,
    0x0, 0x0, 0x4f, 0xf3, 0xef, 0xb0, 0x0, 0x0,
    0x7f, 0xf2, 0xaf, 0xf4, 0x0, 0x1, 0xef, 0xe0,
    0x2f, 0xff, 0x96, 0x8e, 0xff, 0x60, 0x5, 0xff,
    0xff, 0xff, 0xf9, 0x0, 0x0, 0x3b, 0xff, 0xfd,
    0x50, 0x0, 0x0, 0x0, 0x1, 0x0, 0x0, 0x0,

    /* U+F22B "" */
    0x0, 0x0, 0x1, 0x0, 0x0, 0x0, 0x0, 0x0,
    0x0, 0x0, 0x3, 0xbf, 0xff, 0xc5, 0x0, 0x0,
    0x0, 0x0, 0x0, 0x5, 0xff, 0xff, 0xff, 0xf8,
    0x0, 0x0, 0x0, 0x0, 0x2, 0xff, 0xfa, 0x68,
    0xff, 0xf5, 0x0, 0x0, 0x0, 0x0, 0xaf, 0xf5,
    0x0, 0x2, 0xef, 0xd0, 0xcf, 0xa5, 0xd1, 0xe,
    0xfb, 0x0, 0x0, 0x7, 0xff, 0xcf, 0xfe, 0xdf,
    0xd1, 0xff, 0x80, 0x0, 0x0, 0x4f, 0xff, 0xff,
    0xff, 0xff, 0x9e, 0xfb, 0x0, 0x0, 0x7, 0xff,
    0xcf, 0xfe, 0xdf, 0xd1, 0xaf, 0xf5, 0x0, 0x2,
    0xef, 0xd0, 0xcf, 0xa5, 0xd1, 0x2, 0xff, 0xfa,
    0x68, 0xff, 0xf5, 0x0, 0x0, 0x0, 0x0, 0x5,
    0xff, 0xff, 0xff, 0xf8, 0x0, 0x0, 0x0, 0x0,
    0x0, 0x3, 0xbf, 0xff, 0xc5, 0x0, 0x0, 0x0,
    0x0, 0x0, 0x0, 0x0, 0x1, 0x0, 0x0, 0x0,
    0x0, 0x0, 0x0, 0x0,

    /* U+F22C "" */
    0x0, 0x0, 0x35, 0x41, 0x0, 0x0, 0x0, 0x6e,
    0xff, 0xff, 0x90, 0x0, 0x8, 0xff, 0xff, 0xff,
    0xfd, 0x0, 0x4f, 0xfe, 0x63, 0x4c, 0xff, 0x90,
    0xbf, 0xf2, 0x0, 0x0, 0xcf, 0xf1, 0xef, 0xa0,
    0x0, 0x0, 0x4f, 0xf4, 0xff, 0x90, 0x0, 0x0,
    0x3f, 0xf5, 0xdf, 0xd0, 0x0, 0x0, 0x8f, 0xf2,
    0x7f, 0xf9, 0x0, 0x5, 0xff, 0xd0, 0xd, 0xff,
    0xec, 0xdf, 0xff, 0x30, 0x1, 0xcf, 0xff, 0xff,
    0xf4, 0x0, 0x0, 0x5, 0xdf, 0xf7, 0x10, 0x0,
    0x0, 0x0, 0x9f, 0xe0, 0x0, 0x0, 0x0, 0x0,
    0x9f, 0xe0, 0x0, 0x0, 0x0, 0x0, 0x9f, 0xe0,
    0x0, 0x0, 0x0, 0x0, 0x9f, 0xe0, 0x0, 0x0,
    0x0, 0x0, 0x9f, 0xe0, 0x0, 0x0, 0x0, 0x0,
    0x8f, 0xe0, 0x0, 0x0, 0x0, 0x0, 0x0, 0x0,
    0x0, 0x0,

    /* U+F22D "" */
    0x0, 0x0, 0x1, 0x0, 0x0, 0x0, 0x0, 0x3b,
    0xff, 0xfc, 0x50, 0x0, 0x5, 0xff, 0xff, 0xff,
    0xf8, 0x0, 0x2f, 0xff, 0xa6, 0x8f, 0xff, 0x60,
    0xaf, 0xf5, 0x0, 0x2, 0xef, 0xe0, 0xef, 0xb0,
    0x0, 0x0, 0x7f, 0xf2, 0xff, 0x80, 0x0, 0x0,
    0x4f, 0xf3, 0xef, 0xb0, 0x0, 0x0, 0x7f, 0xf2,
    0xaf, 0xf5, 0x0, 0x2, 0xef, 0xe0, 0x2f, 0xff,
    0xa6, 0x8f, 0xff, 0x60, 0x5, 0xff, 0xff, 0xff,
    0xf8, 0x0, 0x0, 0x3b, 0xff, 0xfc, 0x50, 0x0,
    0x0, 0x0, 0x1, 0x0, 0x0, 0x0,

    /* U+F231 "" */
    0x0, 0x0, 0x0, 0x1, 0x10, 0x0, 0x0, 0x0,
    0x0, 0x6, 0xcf, 0xff, 0xfb, 0x40, 0x0, 0x0,
    0x4e, 0xff, 0xec, 0xdf, 0xff, 0xa0, 0x0, 0x5f,
    0xfb, 0x20, 0x0, 0x18, 0xff, 0xb0, 0x1f, 0xf9,
    0x0, 0x0, 0x0, 0x7, 0xff, 0x58, 0xfd, 0x0,
    0x9e, 0x70, 0x0, 0xf, 0xfb, 0xdf, 0x60, 0x7f,
    0xfe, 0x0, 0x0, 0xcf, 0xef, 0xf3, 0xa, 0xff,
    0xd0, 0x0, 0xc, 0xff, 0xef, 0x30, 0xaf, 0xf9,
    0x0, 0x0, 0xef, 0xec, 0xf8, 0x6, 0xff, 0x40,
    0x0, 0x1f, 0xfb, 0x5f, 0xe0, 0x7f, 0xf0, 0x0,
    0x6, 0xff, 0x60, 0x9e, 0xc, 0xff, 0x0, 0x0,
    0xdf, 0xf1, 0x0, 0x0, 0xff, 0xf9, 0x23, 0xcf,
    0xf7, 0x0, 0x0, 0x4f, 0xfd, 0xff, 0xff, 0xf8,
    0x0, 0x0, 0x7, 0xff, 0x17, 0xcc, 0x93, 0x0,
    0x0, 0x0, 0xbf, 0xc0, 0x0, 0x0, 0x0, 0x0,
    0x0, 0xd, 0xf8, 0x0, 0x0, 0x0, 0x0, 0x0,
    0x0, 0xef, 0x20, 0x0, 0x0, 0x0, 0x0, 0x0,
    0xe, 0x90, 0x0, 0x0, 0x0, 0x0, 0x0, 0x0,
    0xc1, 0x0, 0x0, 0x0, 0x0, 0x0, 0x0, 0x1,
    0x0, 0x0, 0x0, 0x0, 0x0, 0x0,

    /* U+F232 "" */
    0x0, 0x0, 0x0, 0x2, 0x32, 0x10, 0x0, 0x0,
    0x0, 0x0, 0x0, 0x29, 0xef, 0xff, 0xfc, 0x60,
    0x0, 0x0, 0x0, 0x7, 0xff, 0x95, 0x44, 0x7c,
    0xfc, 0x10, 0x0, 0x0, 0x8f, 0xa1, 0x0, 0x0,
    0x0, 0x5e, 0xe2, 0x0, 0x5, 0xf8, 0x0, 0x0,
    0x0, 0x0, 0x2, 0xed, 0x0, 0xe, 0xb0, 0x7,
    0x40, 0x0, 0x0, 0x0, 0x3f, 0x80, 0x6f, 0x20,
    0x6f, 0xd0, 0x0, 0x0, 0x0, 0xa, 0xf0, 0xbc,
    0x0, 0x9f, 0xf3, 0x0, 0x0, 0x0, 0x4, 0xf4,
    0xd9, 0x0, 0x6f, 0xc0, 0x0, 0x0, 0x0, 0x1,
    0xf6, 0xe8, 0x0, 0xd, 0xe1, 0x0, 0x0, 0x0,
    0x0, 0xf7, 0xda, 0x0, 0x3, 0xfc, 0x10, 0x25,
    0x0, 0x1, 0xf6, 0xad, 0x0, 0x0, 0x4f, 0xf8,
    0xef, 0xd1, 0x5, 0xf3, 0x5f, 0x40, 0x0, 0x2,
    0xcf, 0xff, 0xe0, 0xb, 0xe0, 0xe, 0xb0, 0x0,
    0x0, 0x3, 0x78, 0x20, 0x5f, 0x60, 0xf, 0x80,
    0x0, 0x0, 0x0, 0x0, 0x3, 0xfc, 0x0, 0x3f,
    0x43, 0x72, 0x0, 0x0, 0x0, 0x7f, 0xd1, 0x0,
    0x8f, 0xff, 0xff, 0xb7, 0x67, 0x9e, 0xfa, 0x0,
    0x0, 0xcd, 0x95, 0x16, 0xcf, 0xff, 0xea, 0x30,
    0x0, 0x0, 0x10, 0x0, 0x0, 0x0, 0x0, 0x0,
    0x0, 0x0, 0x0,

    /* U+F233 "" */
    0x0, 0x0, 0x0, 0x0, 0x0, 0x0, 0x0, 0x0,
    0x0, 0x0, 0xbf, 0xff, 0xff, 0xff, 0xff, 0xff,
    0xff, 0xff, 0xff, 0xfb, 0xff, 0xff, 0xff, 0xff,
    0xff, 0xff, 0xfe, 0x9f, 0xac, 0xff, 0xff, 0xff,
    0xff, 0xff, 0xff, 0xff, 0xf9, 0xc, 0x15, 0xff,
    0xff, 0xff, 0xff, 0xff, 0xff, 0xff, 0xff, 0xff,
    0xff, 0xff, 0x49, 0x99, 0x99, 0x99, 0x99, 0x99,
    0x99, 0x99, 0x99, 0x94, 0x0, 0x0, 0x0, 0x0,
    0x0, 0x0, 0x0, 0x0, 0x0, 0x0, 0xaf, 0xff,
    0xff, 0xff, 0xff, 0xff, 0xff, 0xff, 0xff, 0xfa,
    0xff, 0xff, 0xff, 0xff, 0xff, 0xff, 0xfe, 0xaf,
    0xbd, 0xff, 0xff, 0xff, 0xff, 0xff, 0xff, 0xff,
    0xf7, 0xb, 0x3, 0xff, 0xff, 0xff, 0xff, 0xff,
    0xff, 0xff, 0xfe, 0xaf, 0xbd, 0xff, 0xaf, 0xff,
    0xff, 0xff, 0xff, 0xff, 0xff, 0xff, 0xff, 0xfa,
    0x0, 0x0, 0x0, 0x0, 0x0, 0x0, 0x0, 0x0,
    0x0, 0x0, 0x49, 0x99, 0x99, 0x99, 0x99, 0x99,
    0x99, 0x99, 0x99, 0x94, 0xff, 0xff, 0xff, 0xff,
    0xff, 0xff, 0xff, 0xff, 0xff, 0xff, 0xff, 0xff,
    0xff, 0xff, 0xff, 0xff, 0xf9, 0xc, 0x15, 0xff,
    0xff, 0xff, 0xff, 0xff, 0xff, 0xff, 0xfe, 0x9f,
    0xac, 0xff, 0xbf, 0xff, 0xff, 0xff, 0xff, 0xff,
    0xff, 0xff, 0xff, 0xfb, 0x0, 0x0, 0x0, 0x0,
    0x0, 0x0, 0x0, 0x0, 0x0, 0x0,

    /* U+F234 "" */
    0x0, 0x0, 0x0, 0x1, 0x43, 0x0, 0x0, 0x0,
    0x0, 0x0, 0x0, 0x0, 0x0, 0x0, 0x0, 0x2b,
    0xff, 0xfe, 0x60, 0x0, 0x0, 0x0, 0x0, 0x0,
    0x0, 0x0, 0x0, 0x2e, 0xff, 0xff, 0xff, 0x80,
    0x0, 0x0, 0x0, 0x0, 0x0, 0x0, 0x0, 0xb,
    0xff, 0xff, 0xff, 0xff, 0x30, 0x0, 0x0, 0x0,
    0x0, 0x0, 0x0, 0x1, 0xff, 0xff, 0xff, 0xff,
    0xf9, 0x0, 0x0, 0x0, 0x0, 0x0, 0x0, 0x0,
    0x3f, 0xff, 0xff, 0xff, 0xff, 0xb0, 0x0, 0x0,
    0x14, 0x20, 0x0, 0x0, 0x2, 0xff, 0xff, 0xff,
    0xff, 0xfa, 0x0, 0x0, 0x9, 0xfd, 0x0, 0x0,
    0x0, 0xe, 0xff, 0xff, 0xff, 0xff, 0x60, 0x0,
    0x0, 0xaf, 0xe0, 0x0, 0x0, 0x0, 0x6f, 0xff,
    0xff, 0xff, 0xd0, 0x0, 0x2, 0x2a, 0xfe, 0x22,
    0x10, 0x0, 0x0, 0x7f, 0xff, 0xff, 0xd2, 0x0,
    0xb, 0xff, 0xff, 0xff, 0xff, 0x0, 0x0, 0x0,
    0x28, 0xba, 0x60, 0x0, 0x0, 0xbf, 0xff, 0xff,
    0xff, 0xf0, 0x0, 0x26, 0x74, 0x0, 0x1, 0x67,
    0x40, 0x0, 0x22, 0xaf, 0xe2, 0x21, 0x0, 0xaf,
    0xff, 0xff, 0xee, 0xff, 0xff, 0xe4, 0x0, 0xa,
    0xfe, 0x0, 0x0, 0xcf, 0xff, 0xff, 0xff, 0xff,
    0xff, 0xff, 0xf4, 0x0, 0x8f, 0xc0, 0x0, 0x7f,
    0xff, 0xff, 0xff, 0xff, 0xff, 0xff, 0xff, 0xe0,
    0x0, 0x0, 0x0, 0xd, 0xff, 0xff, 0xff, 0xff,
    0xff, 0xff, 0xff, 0xff, 0x50, 0x0, 0x0, 0x0,
    0xff, 0xff, 0xff, 0xff, 0xff, 0xff, 0xff, 0xff,
    0xf7, 0x0, 0x0, 0x0, 0xf, 0xff, 0xff, 0xff,
    0xff, 0xff, 0xff, 0xff, 0xff, 0x80, 0x0, 0x0,
    0x0, 0xff, 0xff, 0xff, 0xff, 0xff, 0xff, 0xff,
    0xff, 0xf7, 0x0, 0x0, 0x0, 0x9, 0xff, 0xff,
    0xff, 0xff, 0xff, 0xff, 0xff, 0xfe, 0x20, 0x0,
    0x0, 0x0, 0x3, 0x44, 0x44, 0x44, 0x44, 0x44,
    0x44, 0x44, 0x10, 0x0, 0x0, 0x0, 0x0,

    /* U+F235 "" */
    0x0, 0x0, 0x0, 0x1, 0x43, 0x0, 0x0, 0x0,
    0x0, 0x0, 0x0, 0x0, 0x0, 0x0, 0x0, 0x2,
    0xbf, 0xff, 0xe6, 0x0, 0x0, 0x0, 0x0, 0x0,
    0x0, 0x0, 0x0, 0x0, 0x2e, 0xff, 0xff, 0xff,
    0x80, 0x0, 0x0, 0x0, 0x0, 0x0, 0x0, 0x0,
    0x0, 0xbf, 0xff, 0xff, 0xff, 0xf3, 0x0, 0x0,
    0x0, 0x0, 0x0, 0x0, 0x0, 0x1, 0xff, 0xff,
    0xff, 0xff, 0xf9, 0x0, 0x0, 0x0, 0x0, 0x0,
    0x0, 0x0, 0x3, 0xff, 0xff, 0xff, 0xff, 0xfb,
    0x0, 0x0, 0x0, 0x0, 0x0, 0x0, 0x0, 0x2,
    0xff, 0xff, 0xff, 0xff, 0xfa, 0x0, 0x0, 0x56,
    0x0, 0x19, 0x10, 0x0, 0x0, 0xef, 0xff, 0xff,
    0xff, 0xf6, 0x0, 0x4, 0xff, 0x71, 0xdf, 0xc0,
    0x0, 0x0, 0x6f, 0xff, 0xff, 0xff, 0xd0, 0x0,
    0x2, 0xef, 0xfe, 0xff, 0x80, 0x0, 0x0, 0x7,
    0xff, 0xff, 0xfd, 0x20, 0x0, 0x0, 0x3e, 0xff,
    0xf7, 0x0, 0x0, 0x0, 0x0, 0x28, 0xba, 0x60,
    0x0, 0x0, 0x0, 0x2e, 0xff, 0xfa, 0x0, 0x0,
    0x2, 0x67, 0x40, 0x0, 0x16, 0x74, 0x0, 0x4,
    0xff, 0xfc, 0xff, 0xb0, 0x0, 0xaf, 0xff, 0xff,
    0xee, 0xff, 0xff, 0xe4, 0x2, 0xef, 0x40, 0xaf,
    0x90, 0xc, 0xff, 0xff, 0xff, 0xff, 0xff, 0xff,
    0xff, 0x40, 0x23, 0x0, 0x5, 0x0, 0x7f, 0xff,
    0xff, 0xff, 0xff, 0xff, 0xff, 0xff, 0xe0, 0x0,
    0x0, 0x0, 0x0, 0xdf, 0xff, 0xff, 0xff, 0xff,
    0xff, 0xff, 0xff, 0xf5, 0x0, 0x0, 0x0, 0x0,
    0xff, 0xff, 0xff, 0xff, 0xff, 0xff, 0xff, 0xff,
    0xf7, 0x0, 0x0, 0x0, 0x0, 0xff, 0xff, 0xff,
    0xff, 0xff, 0xff, 0xff, 0xff, 0xf8, 0x0, 0x0,
    0x0, 0x0, 0xff, 0xff, 0xff, 0xff, 0xff, 0xff,
    0xff, 0xff, 0xf7, 0x0, 0x0, 0x0, 0x0, 0x9f,
    0xff, 0xff, 0xff, 0xff, 0xff, 0xff, 0xff, 0xe2,
    0x0, 0x0, 0x0, 0x0, 0x3, 0x44, 0x44, 0x44,
    0x44, 0x44, 0x44, 0x44, 0x10, 0x0, 0x0, 0x0,
    0x0,

    /* U+F236 "" */
    0xef, 0x60, 0x0, 0x0, 0x0, 0x0, 0x0, 0x0,
    0x0, 0x0, 0x0, 0x0, 0xf, 0xf8, 0x0, 0x5a,
    0xa3, 0x0, 0x0, 0x0, 0x0, 0x0, 0x0, 0x0,
    0x0, 0xff, 0x80, 0x8f, 0xff, 0xf4, 0x4, 0x88,
    0x88, 0x88, 0x88, 0x76, 0x10, 0xf, 0xf8, 0x1f,
    0xff, 0xff, 0xd0, 0xbf, 0xff, 0xff, 0xff, 0xff,
    0xff, 0x50, 0xff, 0x83, 0xff, 0xff, 0xff, 0xc,
    0xff, 0xff, 0xff, 0xff, 0xff, 0xff, 0x4f, 0xf8,
    0xf, 0xff, 0xff, 0xb0, 0xcf, 0xff, 0xff, 0xff,
    0xff, 0xff, 0xfc, 0xff, 0x80, 0x5f, 0xff, 0xe2,
    0xc, 0xff, 0xff, 0xff, 0xff, 0xff, 0xff, 0xff,
    0xf8, 0x0, 0x26, 0x61, 0x0, 0xcf, 0xff, 0xff,
    0xff, 0xff, 0xff, 0xff, 0xff, 0xa4, 0x44, 0x44,
    0x44, 0x4d, 0xff, 0xff, 0xff, 0xff, 0xff, 0xff,
    0xff, 0xff, 0xff, 0xff, 0xff, 0xff, 0xff, 0xff,
    0xff, 0xff, 0xff, 0xff, 0xff, 0xff, 0xff, 0xff,
    0xff, 0xff, 0xff, 0xff, 0xff, 0xff, 0xff, 0xff,
    0xff, 0xff, 0xff, 0xff, 0xff, 0xff, 0xff, 0xff,
    0xff, 0xff, 0xff, 0xff, 0xff, 0xff, 0xff, 0xc8,
    0x88, 0x88, 0x88, 0x88, 0x88, 0x88, 0x88, 0x88,
    0x88, 0xcf, 0xff, 0xf8, 0x0, 0x0, 0x0, 0x0,
    0x0, 0x0, 0x0, 0x0, 0x0, 0x8, 0xff, 0xef,
    0x60, 0x0, 0x0, 0x0, 0x0, 0x0, 0x0, 0x0,
    0x0, 0x0, 0x6f, 0xe0,

    /* U+F237 "" */
    0x34, 0x20, 0x0, 0x0, 0x0, 0x0, 0x24, 0x3a,
    0xfd, 0x0, 0x0, 0x0, 0x0, 0xd, 0xfa, 0x4f,
    0xf3, 0x0, 0x0, 0x0, 0x3, 0xff, 0x30, 0xdf,
    0xa0, 0x0, 0x0, 0x0, 0xaf, 0xd0, 0x6, 0xff,
    0x10, 0x0, 0x0, 0x1f, 0xf6, 0xe, 0xef, 0xf8,
    0x0, 0x0, 0x8, 0xff, 0xee, 0xff, 0xff, 0xe0,
    0x0, 0x0, 0xef, 0xff, 0xf0, 0x2, 0xff, 0x60,
    0x0, 0x5f, 0xf2, 0x0, 0xdd, 0xdf, 0xfe, 0xdd,
    0xde, 0xff, 0xdd, 0xdf, 0xff, 0xff, 0xff, 0xff,
    0xff, 0xff, 0xff, 0x0, 0x0, 0xcf, 0xa0, 0xaf,
    0xc0, 0x0, 0x0, 0x0, 0x5, 0xff, 0x2f, 0xf5,
    0x0, 0x0, 0x0, 0x0, 0xe, 0xfd, 0xfe, 0x0,
    0x0, 0x0, 0x0, 0x0, 0x7f, 0xff, 0x80, 0x0,
    0x0, 0x0, 0x0, 0x1, 0xff, 0xf1, 0x0, 0x0,
    0x0, 0x0, 0x0, 0xa, 0xfa, 0x0, 0x0, 0x0,
    0x0, 0x0, 0x0, 0x3f, 0x30, 0x0, 0x0, 0x0,
    0x0, 0x0, 0x0, 0x90, 0x0, 0x0, 0x0, 0x0,
    0x0, 0x0, 0x0, 0x0, 0x0, 0x0, 0x0,

    /* U+F238 "" */
    0x0, 0x27, 0xab, 0xbb, 0xbb, 0xbb, 0xba, 0x60,
    0x0, 0x7, 0xff, 0xff, 0xff, 0xff, 0xff, 0xff,
    0xfe, 0x40, 0x7f, 0xff, 0xff, 0xff, 0xff, 0xff,
    0xff, 0xff, 0xf3, 0xef, 0xff, 0xff, 0xff, 0xff,
    0xff, 0xff, 0xff, 0xf9, 0xff, 0x20, 0x0, 0x0,
    0x0, 0x0, 0x0, 0x6, 0xfb, 0xfe, 0x0, 0x0,
    0x0, 0x0, 0x0, 0x0, 0x2, 0xfb, 0xfe, 0x0,
    0x0, 0x0, 0x0, 0x0, 0x0, 0x2, 0xfb, 0xfe,
    0x0, 0x0, 0x0, 0x0, 0x0, 0x0, 0x2, 0xfb,
    0xfe, 0x0, 0x0, 0x0, 0x0, 0x0, 0x0, 0x2,
    0xfb, 0xfe, 0x0, 0x0, 0x0, 0x0, 0x0, 0x0,
    0x2, 0xfb, 0xff, 0xa8, 0x88, 0x88, 0x88, 0x88,
    0x88, 0x8c, 0xfb, 0xff, 0xff, 0xff, 0xff, 0xff,
    0xff, 0xff, 0xff, 0xfb, 0xff, 0xff, 0xff, 0xf8,
    0x12, 0xbf, 0xff, 0xff, 0xfb, 0xff, 0xff, 0xff,
    0xb0, 0x0, 0xf, 0xff, 0xff, 0xfb, 0xff, 0xff,
    0xff, 0xa0, 0x0, 0xe, 0xff, 0xff, 0xfa, 0xaf,
    0xff, 0xff, 0xf4, 0x0, 0x7f, 0xff, 0xff, 0xf5,
    0x1c, 0xff, 0xff, 0xff, 0xde, 0xff, 0xff, 0xff,
    0x90, 0x0, 0x6c, 0xff, 0xff, 0xff, 0xff, 0xfe,
    0xb4, 0x0, 0x0, 0x0, 0x9f, 0xff, 0xff, 0xff,
    0xf6, 0x0, 0x0, 0x0, 0x2d, 0xff, 0xff, 0xff,
    0xff, 0xff, 0xa0, 0x0, 0x0, 0x14, 0x44, 0x44,
    0x44, 0x44, 0x44, 0x40, 0x0,

    /* U+F239 "" */
    0x0, 0x27, 0xab, 0xbb, 0xbb, 0xbb, 0xba, 0x60,
    0x0, 0x7, 0xff, 0xff, 0xff, 0xff, 0xff, 0xff,
    0xfe, 0x40, 0x7f, 0xff, 0xff, 0xff, 0xff, 0xff,
    0xff, 0xff, 0xf3, 0xef, 0xff, 0xff, 0xff, 0xff,
    0xff, 0xff, 0xff, 0xf9, 0xff, 0x20, 0x0, 0x5,
    0xfe, 0x20, 0x0, 0x6, 0xfb, 0xfe, 0x0, 0x0,
    0x1, 0xfc, 0x0, 0x0, 0x2, 0xfb, 0xfe, 0x0,
    0x0, 0x1, 0xfc, 0x0, 0x0, 0x2, 0xfb, 0xfe,
    0x0, 0x0, 0x1, 0xfc, 0x0, 0x0, 0x2, 0xfb,
    0xfe, 0x0, 0x0, 0x1, 0xfc, 0x0, 0x0, 0x2,
    0xfb, 0xfe, 0x0, 0x0, 0x1, 0xfc, 0x0, 0x0,
    0x2, 0xfb, 0xff, 0x64, 0x44, 0x48, 0xff, 0x64,
    0x44, 0x49, 0xfb, 0xff, 0xff, 0xff, 0xff, 0xff,
    0xff, 0xff, 0xff, 0xfb, 0xff, 0x70, 0x1c, 0xff,
    0xff, 0xff, 0x90, 0x1b, 0xfb, 0xfe, 0x0, 0x5,
    0xff, 0xff, 0xff, 0x0, 0x3, 0xfb, 0xff, 0x20,
    0x8, 0xff, 0xff, 0xff, 0x30, 0x6, 0xfa, 0xaf,
    0xe8, 0xaf, 0xff, 0xff, 0xff, 0xf9, 0xaf, 0xf5,
    0x1c, 0xff, 0xff, 0xff, 0xff, 0xff, 0xff, 0xff,
    0x90, 0x0, 0x6c, 0xff, 0xff, 0xff, 0xff, 0xfe,
    0xb4, 0x0, 0x0, 0x0, 0x7f, 0xff, 0xff, 0xff,
    0xe4, 0x0, 0x0, 0x0, 0xa, 0xff, 0xff, 0xff,
    0xff, 0xff, 0x70, 0x0, 0x0, 0x28, 0x88, 0x88,
    0x88, 0x88, 0x88, 0x70, 0x0,

    /* U+F23A "" */
    0x0, 0x0, 0x0, 0x0, 0x0, 0x0, 0x0, 0x0,
    0x0, 0xff, 0xff, 0xff, 0xff, 0xff, 0xff, 0xff,
    0xff, 0xfb, 0xff, 0xff, 0xff, 0xff, 0xff, 0xff,
    0xff, 0xff, 0xfb, 0xff, 0xff, 0xff, 0xff, 0xff,
    0xff, 0xff, 0xff, 0xfb, 0xff, 0xfe, 0xee, 0xff,
    0xff, 0xfe, 0xee, 0xef, 0xfb, 0xff, 0xf4, 0x0,
    0x6f, 0xff, 0xf1, 0x0, 0xaf, 0xfb, 0xff, 0xff,
    0x10, 0xe, 0xff, 0xa0, 0x4, 0xff, 0xfb, 0xff,
    0xff, 0x30, 0x7, 0xff, 0x40, 0x4, 0xff, 0xfb,
    0xff, 0xff, 0x46, 0x0, 0xed, 0x60, 0x4, 0xff,
    0xfb, 0xff, 0xff, 0x4d, 0x0, 0x86, 0xc0, 0x4,
    0xff, 0xfb, 0xff, 0xff, 0x4f, 0x50, 0x15, 0xf0,
    0x4, 0xff, 0xfb, 0xff, 0xff, 0x4f, 0xc0, 0xa,
    0xf0, 0x4, 0xff, 0xfb, 0xff, 0xfd, 0xc, 0xf4,
    0x1f, 0xe0, 0x4, 0xff, 0xfb, 0xff, 0xe2, 0x1,
    0xeb, 0x7f, 0x40, 0x0, 0x9f, 0xfb, 0xff, 0xff,
    0xff, 0xff, 0xff, 0xff, 0xff, 0xff, 0xfb, 0xff,
    0xff, 0xff, 0xff, 0xff, 0xff, 0xff, 0xff, 0xfb,
    0xff, 0xff, 0xff, 0xff, 0xff, 0xff, 0xff, 0xff,
    0xfb, 0xff, 0xff, 0xff, 0xff, 0xff, 0xff, 0xff,
    0xff, 0xfb, 0x44, 0x44, 0x44, 0x44, 0x44, 0x44,
    0x44, 0x44, 0x42,

    /* U+F23B "" */
    0x44, 0x44, 0x44, 0x44, 0x44, 0x44, 0x44, 0x44,
    0x41, 0xff, 0xff, 0xff, 0xff, 0xff, 0xff, 0xff,
    0xff, 0xf5, 0xff, 0xff, 0xff, 0xff, 0xff, 0xff,
    0xff, 0xff, 0xf5, 0xff, 0xff, 0xff, 0xff, 0xff,
    0xff, 0xff, 0xff, 0xf5, 0xff, 0xff, 0xff, 0xff,
    0xff, 0xff, 0xff, 0xff, 0xf5, 0xff, 0xff, 0xf5,
    0x5f, 0xff, 0x93, 0xff, 0xff, 0xf5, 0xff, 0xff,
    0xfd, 0xd, 0xff, 0x2a, 0xff, 0xff, 0xf5, 0xff,
    0xff, 0xff, 0x65, 0xf9, 0x3f, 0xff, 0xff, 0xf5,
    0xff, 0xff, 0xff, 0xe0, 0xd2, 0xcf, 0xff, 0xff,
    0xf5, 0xff, 0xff, 0xff, 0xf7, 0x24, 0xff, 0xff,
    0xff, 0xf5, 0xff, 0xff, 0xff, 0xff, 0xd, 0xff,
    0xff, 0xff, 0xf5, 0xff, 0xff, 0xff, 0xff, 0xe,
    0xff, 0xff, 0xff, 0xf5, 0xff, 0xff, 0xff, 0xff,
    0xe, 0xff, 0xff, 0xff, 0xf5, 0xff, 0xff, 0xff,
    0xff, 0xe, 0xff, 0xff, 0xff, 0xf5, 0xff, 0xff,
    0xff, 0xff, 0xdf, 0xff, 0xff, 0xff, 0xf5, 0xff,
    0xff, 0xff, 0xff, 0xff, 0xff, 0xff, 0xff, 0xf5,
    0xff, 0xff, 0xff, 0xff, 0xff, 0xff, 0xff, 0xff,
    0xf5, 0xff, 0xff, 0xff, 0xff, 0xff, 0xff, 0xff,
    0xff, 0xf5, 0x0, 0x0, 0x0, 0x0, 0x0, 0x0,
    0x0, 0x0, 0x0,

    /* U+F23C "" */
    0x0, 0x0, 0x0, 0x0, 0x0, 0x0, 0x0, 0x0,
    0x0, 0x0, 0x0, 0x0, 0x0, 0x0, 0x0, 0x0,
    0x0, 0x6, 0xdd, 0x70, 0x0, 0x0, 0x0, 0x0,
    0x0, 0x0, 0x0, 0x0, 0x0, 0x24, 0x2, 0x95,
    0x0, 0x0, 0x0, 0x0, 0x0, 0x0, 0x0, 0x0,
    0x6d, 0xfd, 0xcd, 0xa5, 0x0, 0x0, 0x0, 0x0,
    0x0, 0x0, 0x0, 0x6, 0xcf, 0x50, 0x1, 0xbf,
    0xa0, 0x0, 0x0, 0x0, 0x0, 0x3, 0x4, 0xef,
    0xf9, 0x0, 0x30, 0x1f, 0xfb, 0x0, 0x20, 0x0,
    0x0, 0x28, 0x67, 0xff, 0xf5, 0x0, 0xed, 0x1c,
    0xff, 0x50, 0x87, 0x0, 0x0, 0x65, 0x8b, 0xff,
    0xf7, 0x57, 0xff, 0x5e, 0xff, 0xf9, 0x59, 0x0,
    0x0, 0x72, 0x57, 0xff, 0xfe, 0x7f, 0xff, 0x8f,
    0xff, 0xf5, 0x3a, 0x0, 0x0, 0x35, 0x5c, 0xff,
    0xff, 0xec, 0xdc, 0xff, 0xff, 0xf6, 0x67, 0x0,
    0x0, 0x2, 0xbb, 0xfd, 0x8c, 0x77, 0xb7, 0x9a,
    0x9f, 0xea, 0x80, 0x0, 0x0, 0xa, 0xfe, 0xc9,
    0x8, 0x0, 0x80, 0x46, 0x5c, 0xcf, 0xe4, 0x0,
    0x0, 0x4f, 0xff, 0x54, 0x6b, 0x56, 0xa7, 0x77,
    0x90, 0xcf, 0xfb, 0x0, 0x0, 0x1e, 0xff, 0x75,
    0x20, 0x11, 0x0, 0x1, 0x2a, 0x9f, 0xf8, 0x0,
    0x0, 0x2, 0xa3, 0x6, 0x80, 0x0, 0x0, 0x3,
    0x91, 0xa, 0x51, 0x0, 0x1, 0x9f, 0xe2, 0x0,
    0x3b, 0x40, 0x1, 0x86, 0x0, 0x9, 0xee, 0x50,
    0xb, 0xb9, 0xa6, 0x0, 0x49, 0x9a, 0x98, 0x87,
    0x10, 0xa, 0xa8, 0xe3, 0xa, 0xbf, 0x97, 0x5a,
    0x40, 0x0, 0x0, 0x1, 0x78, 0x46, 0xff, 0x86,
    0x4, 0xaa, 0xda, 0xd8, 0x77, 0x77, 0x67, 0x77,
    0x89, 0xfa, 0xbb, 0x81, 0x0, 0x35, 0x82, 0x0,
    0x11, 0x11, 0x11, 0x11, 0x10, 0x7, 0x84, 0x10,

    /* U+F23D "" */
    0x10, 0x0, 0x0, 0x0, 0x0, 0x0, 0x0, 0x0,
    0x0, 0x0, 0x0, 0x0, 0x0, 0x53, 0x0, 0x0,
    0x0, 0x0, 0x0, 0x0, 0x0, 0x0, 0x0, 0x0,
    0x0, 0x0, 0xb, 0x91, 0x0, 0x0, 0x0, 0x0,
    0x0, 0x0, 0x0, 0x0, 0x0, 0x0, 0x0, 0x0,
    0xaf, 0xa6, 0x20, 0x0, 0x0, 0x0, 0x0, 0x0,
    0x0, 0x0, 0x0, 0x0, 0x0, 0x5, 0xcf, 0xff,
    0xed, 0xcb, 0xba, 0xaa, 0xaa, 0x99, 0x98, 0x63,
    0x0, 0x0, 0x0, 0x2, 0x6a, 0xde, 0xff, 0xff,
    0xff, 0xff, 0xff, 0xff, 0xff, 0xc0, 0x0, 0x0,
    0x0, 0x0, 0x0, 0x1, 0x12, 0x22, 0x22, 0x46,
    0x9e, 0xff, 0xc0, 0x0, 0x0, 0x0, 0x0, 0x0,
    0x0, 0x0, 0x0, 0x0, 0x0, 0x3, 0xfe, 0x20,
    0x0, 0x0, 0x0, 0x0, 0x0, 0x0, 0x0, 0x0,
    0x0, 0x0, 0x7, 0xe3, 0x0, 0x0, 0x0, 0x0,
    0x0, 0x0, 0x0, 0x0, 0x0, 0x0, 0x0, 0x4c,
    0x20, 0x0, 0x0, 0x0, 0x0, 0x0, 0x0, 0x0,
    0x0, 0x0, 0x0, 0x3, 0xb1, 0x0, 0x0, 0x0,
    0x0, 0x0, 0x0, 0x0, 0x0, 0x0, 0x0, 0x0,
    0x29, 0x0, 0x0, 0x0, 0x0, 0x0, 0x0, 0x0,
    0x0, 0x0, 0x0, 0x0, 0x1, 0x60, 0x0, 0x0,
    0x0, 0x0, 0x0, 0x0, 0x0, 0x0, 0x0, 0x0,
    0x0, 0x1, 0x0, 0x0, 0x0, 0x0, 0x0, 0x0,
    0x0, 0x0, 0x0, 0x0, 0x0, 0x0, 0x0, 0x0,
    0x0, 0x0, 0x0, 0x0, 0x0, 0x9, 0xfc, 0x0,
    0x0, 0x7, 0xfd, 0x10, 0x0, 0x0, 0x0, 0x0,
    0x0, 0x0, 0x1f, 0xff, 0x50, 0x0, 0xf, 0xff,
    0x70, 0x0, 0x0, 0x0, 0x0, 0x0, 0x0, 0xe,
    0xff, 0x20, 0x0, 0xc, 0xff, 0x40, 0x0, 0x0,
    0x0, 0x0, 0x0, 0x0, 0x2, 0x73, 0x0, 0x0,
    0x1, 0x64, 0x0, 0x0, 0x0, 0x0, 0x0,

    /* U+F23E "" */
    0x0, 0x0, 0x0, 0x0, 0x13, 0x20, 0x0, 0x0,
    0x0, 0x0, 0x0, 0x0, 0x4, 0xab, 0x98, 0x8a,
    0xb7, 0x0, 0x0, 0x0, 0x0, 0x1, 0xa8, 0x48,
    0xbd, 0xca, 0x55, 0xc4, 0x0, 0x0, 0x0, 0x2c,
    0x4b, 0xff, 0xc9, 0xaf, 0xfe, 0x5a, 0x60, 0x0,
    0x1, 0xc4, 0xef, 0xf5, 0x0, 0x1, 0xcf, 0xf7,
    0x94, 0x0, 0xa, 0x4d, 0xff, 0x70, 0x9d, 0xb2,
    0x1f, 0xff, 0x5b, 0x10, 0x29, 0x9f, 0xff, 0x8,
    0xff, 0xfd, 0xa, 0xff, 0xe5, 0x80, 0x84, 0xff,
    0xfe, 0xb, 0xff, 0xff, 0x18, 0xff, 0xf7, 0xb0,
    0xb6, 0xff, 0xfe, 0x1c, 0xff, 0xff, 0x39, 0xff,
    0xfc, 0x82, 0xb8, 0xff, 0x94, 0x44, 0x44, 0x44,
    0x44, 0x4e, 0xfe, 0x64, 0xb9, 0xff, 0x4a, 0x0,
    0x4, 0x10, 0x0, 0xc, 0xff, 0x55, 0xb8, 0xff,
    0x4b, 0x0, 0x8f, 0xe0, 0x0, 0xc, 0xfe, 0x64,
    0xb5, 0xff, 0x4b, 0x0, 0x9f, 0xe0, 0x0, 0xc,
    0xfb, 0x92, 0x75, 0xff, 0x4b, 0x0, 0xf, 0x60,
    0x0, 0xc, 0xf6, 0xb0, 0x1b, 0x8f, 0x4b, 0x0,
    0xc, 0x40, 0x0, 0xc, 0xd6, 0x70, 0x8, 0x6c,
    0x55, 0x0, 0x0, 0x0, 0x0, 0xc, 0x5c, 0x0,
    0x0, 0xb5, 0xcd, 0xdd, 0xdd, 0xdd, 0xdd, 0xd5,
    0xb2, 0x0, 0x0, 0xb, 0x68, 0xff, 0xff, 0xff,
    0xfb, 0x5b, 0x30, 0x0, 0x0, 0x0, 0x7b, 0x56,
    0x9a, 0x97, 0x58, 0xa2, 0x0, 0x0, 0x0, 0x0,
    0x1, 0x7b, 0xbb, 0xbb, 0x93, 0x0, 0x0, 0x0,

    /* U+F240 "" */
    0x17, 0x88, 0x88, 0x88, 0x88, 0x88, 0x88, 0x88,
    0x88, 0x88, 0x88, 0x60, 0xc, 0xff, 0xff, 0xff,
    0xff, 0xff, 0xff, 0xff, 0xff, 0xff, 0xff, 0xff,
    0x80, 0xff, 0xff, 0xff, 0xff, 0xff, 0xff, 0xff,
    0xff, 0xff, 0xff, 0xff, 0xfc, 0xf, 0xf8, 0x0,
    0x0, 0x0, 0x0, 0x0, 0x0, 0x0, 0x0, 0x0,
    0xcf, 0xfd, 0xff, 0x84, 0xff, 0xff, 0xff, 0xff,
    0xff, 0xff, 0xff, 0xff, 0xc, 0xff, 0xff, 0xf8,
    0x4f, 0xff, 0xff, 0xff, 0xff, 0xff, 0xff, 0xff,
    0xf0, 0x5b, 0xff, 0xff, 0x84, 0xff, 0xff, 0xff,
    0xff, 0xff, 0xff, 0xff, 0xff, 0x0, 0x8f, 0xff,
    0xf8, 0x4f, 0xff, 0xff, 0xff, 0xff, 0xff, 0xff,
    0xff, 0xf0, 0x8, 0xff, 0xff, 0x84, 0xff, 0xff,
    0xff, 0xff, 0xff, 0xff, 0xff, 0xff, 0xc, 0xff,
    0xff, 0xf8, 0x0, 0x0, 0x0, 0x0, 0x0, 0x0,
    0x0, 0x0, 0x0, 0xcf, 0xff, 0xff, 0xc8, 0x88,
    0x88, 0x88, 0x88, 0x88, 0x88, 0x88, 0x88, 0x8e,
    0xfd, 0x4e, 0xff, 0xff, 0xff, 0xff, 0xff, 0xff,
    0xff, 0xff, 0xff, 0xff, 0xff, 0xa0, 0x4e, 0xff,
    0xff, 0xff, 0xff, 0xff, 0xff, 0xff, 0xff, 0xff,
    0xff, 0xc2, 0x0,

    /* U+F241 "" */
    0x17, 0x88, 0x88, 0x88, 0x88, 0x88, 0x88, 0x88,
    0x88, 0x88, 0x88, 0x60, 0xc, 0xff, 0xff, 0xff,
    0xff, 0xff, 0xff, 0xff, 0xff, 0xff, 0xff, 0xff,
    0x80, 0xff, 0xff, 0xff, 0xff, 0xff, 0xff, 0xff,
    0xff, 0xff, 0xff, 0xff, 0xfc, 0xf, 0xf8, 0x0,
    0x0, 0x0, 0x0, 0x0, 0x0, 0x0, 0x0, 0x0,
    0xcf, 0xfd, 0xff, 0x81, 0xff, 0xff, 0xff, 0xff,
    0xff, 0xff, 0x60, 0x0, 0xc, 0xff, 0xff, 0xf8,
    0x1f, 0xff, 0xff, 0xff, 0xff, 0xff, 0xf6, 0x0,
    0x0, 0x5b, 0xff, 0xff, 0x81, 0xff, 0xff, 0xff,
    0xff, 0xff, 0xff, 0x60, 0x0, 0x0, 0x8f, 0xff,
    0xf8, 0x1f, 0xff, 0xff, 0xff, 0xff, 0xff, 0xf6,
    0x0, 0x0, 0x8, 0xff, 0xff, 0x81, 0xff, 0xff,
    0xff, 0xff, 0xff, 0xff, 0x60, 0x0, 0xc, 0xff,
    0xff, 0xf8, 0x0, 0x0, 0x0, 0x0, 0x0, 0x0,
    0x0, 0x0, 0x0, 0xcf, 0xff, 0xff, 0xc8, 0x88,
    0x88, 0x88, 0x88, 0x88, 0x88, 0x88, 0x88, 0x8e,
    0xfd, 0x4e, 0xff, 0xff, 0xff, 0xff, 0xff, 0xff,
    0xff, 0xff, 0xff, 0xff, 0xff, 0xa0, 0x4e, 0xff,
    0xff, 0xff, 0xff, 0xff, 0xff, 0xff, 0xff, 0xff,
    0xff, 0xc2, 0x0,

    /* U+F242 "" */
    0x17, 0x88, 0x88, 0x88, 0x88, 0x88, 0x88, 0x88,
    0x88, 0x88, 0x88, 0x60, 0xc, 0xff, 0xff, 0xff,
    0xff, 0xff, 0xff, 0xff, 0xff, 0xff, 0xff, 0xff,
    0x80, 0xff, 0xff, 0xff, 0xff, 0xff, 0xff, 0xff,
    0xff, 0xff, 0xff, 0xff, 0xfc, 0xf, 0xf8, 0x0,
    0x0, 0x0, 0x0, 0x0, 0x0, 0x0, 0x0, 0x0,
    0xcf, 0xfd, 0xff, 0x81, 0xff, 0xff, 0xff, 0xff,
    0xa0, 0x0, 0x0, 0x0, 0xc, 0xff, 0xff, 0xf8,
    0x1f, 0xff, 0xff, 0xff, 0xfa, 0x0, 0x0, 0x0,
    0x0, 0x5b, 0xff, 0xff, 0x81, 0xff, 0xff, 0xff,
    0xff, 0xa0, 0x0, 0x0, 0x0, 0x0, 0x8f, 0xff,
    0xf8, 0x1f, 0xff, 0xff, 0xff, 0xfa, 0x0, 0x0,
    0x0, 0x0, 0x8, 0xff, 0xff, 0x81, 0xff, 0xff,
    0xff, 0xff, 0xa0, 0x0, 0x0, 0x0, 0xc, 0xff,
    0xff, 0xf8, 0x0, 0x0, 0x0, 0x0, 0x0, 0x0,
    0x0, 0x0, 0x0, 0xcf, 0xff, 0xff, 0xc8, 0x88,
    0x88, 0x88, 0x88, 0x88, 0x88, 0x88, 0x88, 0x8e,
    0xfd, 0x4e, 0xff, 0xff, 0xff, 0xff, 0xff, 0xff,
    0xff, 0xff, 0xff, 0xff, 0xff, 0xa0, 0x4e, 0xff,
    0xff, 0xff, 0xff, 0xff, 0xff, 0xff, 0xff, 0xff,
    0xff, 0xc2, 0x0,

    /* U+F243 "" */
    0x17, 0x88, 0x88, 0x88, 0x88, 0x88, 0x88, 0x88,
    0x88, 0x88, 0x88, 0x60, 0xc, 0xff, 0xff, 0xff,
    0xff, 0xff, 0xff, 0xff, 0xff, 0xff, 0xff, 0xff,
    0x80, 0xff, 0xff, 0xff, 0xff, 0xff, 0xff, 0xff,
    0xff, 0xff, 0xff, 0xff, 0xfc, 0xf, 0xf8, 0x0,
    0x0, 0x0, 0x0, 0x0, 0x0, 0x0, 0x0, 0x0,
    0xcf, 0xfd, 0xff, 0x81, 0xff, 0xff, 0xe0, 0x0,
    0x0, 0x0, 0x0, 0x0, 0xc, 0xff, 0xff, 0xf8,
    0x1f, 0xff, 0xfe, 0x0, 0x0, 0x0, 0x0, 0x0,
    0x0, 0x5b, 0xff, 0xff, 0x81, 0xff, 0xff, 0xe0,
    0x0, 0x0, 0x0, 0x0, 0x0, 0x0, 0x8f, 0xff,
    0xf8, 0x1f, 0xff, 0xfe, 0x0, 0x0, 0x0, 0x0,
    0x0, 0x0, 0x8, 0xff, 0xff, 0x81, 0xff, 0xff,
    0xe0, 0x0, 0x0, 0x0, 0x0, 0x0, 0xc, 0xff,
    0xff, 0xf8, 0x0, 0x0, 0x0, 0x0, 0x0, 0x0,
    0x0, 0x0, 0x0, 0xcf, 0xff, 0xff, 0xc8, 0x88,
    0x88, 0x88, 0x88, 0x88, 0x88, 0x88, 0x88, 0x8e,
    0xfd, 0x4e, 0xff, 0xff, 0xff, 0xff, 0xff, 0xff,
    0xff, 0xff, 0xff, 0xff, 0xff, 0xa0, 0x4e, 0xff,
    0xff, 0xff, 0xff, 0xff, 0xff, 0xff, 0xff, 0xff,
    0xff, 0xc2, 0x0,

    /* U+F244 "" */
    0x17, 0x88, 0x88, 0x88, 0x88, 0x88, 0x88, 0x88,
    0x88, 0x88, 0x88, 0x60, 0xc, 0xff, 0xff, 0xff,
    0xff, 0xff, 0xff, 0xff, 0xff, 0xff, 0xff, 0xff,
    0x80, 0xff, 0xff, 0xff, 0xff, 0xff, 0xff, 0xff,
    0xff, 0xff, 0xff, 0xff, 0xfc, 0xf, 0xf8, 0x0,
    0x0, 0x0, 0x0, 0x0, 0x0, 0x0, 0x0, 0x0,
    0xcf, 0xfd, 0xff, 0x80, 0x0, 0x0, 0x0, 0x0,
    0x0, 0x0, 0x0, 0x0, 0xc, 0xff, 0xff, 0xf8,
    0x0, 0x0, 0x0, 0x0, 0x0, 0x0, 0x0, 0x0,
    0x0, 0x5b, 0xff, 0xff, 0x80, 0x0, 0x0, 0x0,
    0x0, 0x0, 0x0, 0x0, 0x0, 0x0, 0x8f, 0xff,
    0xf8, 0x0, 0x0, 0x0, 0x0, 0x0, 0x0, 0x0,
    0x0, 0x0, 0x8, 0xff, 0xff, 0x80, 0x0, 0x0,
    0x0, 0x0, 0x0, 0x0, 0x0, 0x0, 0xc, 0xff,
    0xff, 0xf8, 0x0, 0x0, 0x0, 0x0, 0x0, 0x0,
    0x0, 0x0, 0x0, 0xcf, 0xff, 0xff, 0xc8, 0x88,
    0x88, 0x88, 0x88, 0x88, 0x88, 0x88, 0x88, 0x8e,
    0xfd, 0x4e, 0xff, 0xff, 0xff, 0xff, 0xff, 0xff,
    0xff, 0xff, 0xff, 0xff, 0xff, 0xa0, 0x4e, 0xff,
    0xff, 0xff, 0xff, 0xff, 0xff, 0xff, 0xff, 0xff,
    0xff, 0xc2, 0x0,

    /* U+F245 "" */
    0x51, 0x0, 0x0, 0x0, 0x0, 0x0, 0xf, 0xd1,
    0x0, 0x0, 0x0, 0x0, 0x0, 0xff, 0xd1, 0x0,
    0x0, 0x0, 0x0, 0xf, 0xff, 0xd1, 0x0, 0x0,
    0x0, 0x0, 0xff, 0xff, 0xc1, 0x0, 0x0, 0x0,
    0xf, 0xff, 0xff, 0xc0, 0x0, 0x0, 0x0, 0xff,
    0xff, 0xff, 0xc0, 0x0, 0x0, 0xf, 0xff, 0xff,
    0xff, 0xc0, 0x0, 0x0, 0xff, 0xff, 0xff, 0xff,
    0xb0, 0x0, 0xf, 0xff, 0xff, 0xff, 0xff, 0xb0,
    0x0, 0xff, 0xff, 0xff, 0xff, 0xff, 0xb0, 0xf,
    0xff, 0xff, 0xff, 0xff, 0xff, 0xa0, 0xff, 0xff,
    0xff, 0xff, 0xff, 0xff, 0x6f, 0xff, 0xff, 0xff,
    0xd5, 0x55, 0x51, 0xff, 0xff, 0xff, 0xff, 0x20,
    0x0, 0xf, 0xff, 0xe6, 0xff, 0xf8, 0x0, 0x0,
    0xff, 0xf3, 0xd, 0xff, 0xe0, 0x0, 0xf, 0xf3,
    0x0, 0x6f, 0xff, 0x50, 0x0, 0x93, 0x0, 0x0,
    0xff, 0xfc, 0x0, 0x0, 0x0, 0x0, 0x9, 0xff,
    0x70, 0x0, 0x0, 0x0, 0x0, 0x16, 0x10, 0x0,
    0x0,

    /* U+F246 "" */
    0x77, 0x50, 0x0, 0x5, 0x76, 0xff, 0xfe, 0x66,
    0xff, 0xff, 0xff, 0xff, 0xff, 0xff, 0xfe, 0x1,
    0x5e, 0xff, 0xe5, 0x10, 0x0, 0x5, 0xff, 0x50,
    0x0, 0x0, 0x4, 0xff, 0x40, 0x0, 0x0, 0x4,
    0xff, 0x40, 0x0, 0x0, 0x4, 0xff, 0x40, 0x0,
    0x0, 0x4, 0xff, 0x40, 0x0, 0x0, 0x8a, 0xff,
    0xa8, 0x0, 0x2, 0xff, 0xff, 0xff, 0x20, 0x1,
    0xef, 0xff, 0xfe, 0x10, 0x0, 0x4, 0xff, 0x40,
    0x0, 0x0, 0x4, 0xff, 0x40, 0x0, 0x0, 0x4,
    0xff, 0x40, 0x0, 0x0, 0x4, 0xff, 0x40, 0x0,
    0x0, 0x5, 0xff, 0x50, 0x0, 0x1, 0x5e, 0xff,
    0xd4, 0x10, 0xff, 0xff, 0xff, 0xff, 0xff, 0xff,
    0xff, 0x66, 0xef, 0xff, 0x67, 0x50, 0x0, 0x5,
    0x76,

    /* U+F247 "" */
    0x34, 0x10, 0x0, 0x0, 0x0, 0x0, 0x0, 0x0,
    0x1, 0x42, 0xff, 0x70, 0x0, 0x0, 0x0, 0x0,
    0x0, 0x0, 0xa, 0xfd, 0xff, 0xff, 0xff, 0xff,
    0xff, 0xff, 0xff, 0xff, 0xff, 0xfd, 0x3d, 0xff,
    0xff, 0xff, 0xff, 0xff, 0xff, 0xff, 0xff, 0xa2,
    0xc, 0xfe, 0x88, 0x88, 0x88, 0x8f, 0xff, 0xff,
    0xff, 0x90, 0xc, 0xfc, 0x0, 0x0, 0x0, 0xe,
    0xff, 0xff, 0xff, 0x90, 0xc, 0xfc, 0x0, 0x0,
    0x0, 0xe, 0xff, 0xff, 0xff, 0x90, 0xc, 0xfc,
    0x0, 0x0, 0x0, 0xe, 0xff, 0xff, 0xff, 0x90,
    0xc, 0xfc, 0x0, 0x0, 0x0, 0xe, 0x74, 0x44,
    0xff, 0x90, 0xc, 0xfc, 0x0, 0x0, 0x0, 0xe,
    0x50, 0x0, 0xef, 0x90, 0xc, 0xfd, 0x44, 0x44,
    0x44, 0x4f, 0x50, 0x0, 0xef, 0x90, 0xc, 0xff,
    0xff, 0xff, 0xff, 0xff, 0x20, 0x0, 0xef, 0x90,
    0xc, 0xff, 0xff, 0xff, 0xc0, 0x0, 0x0, 0x0,
    0xef, 0x90, 0xc, 0xff, 0xff, 0xff, 0xc0, 0x0,
    0x0, 0x0, 0xef, 0x90, 0xc, 0xff, 0xff, 0xff,
    0xfa, 0xaa, 0xaa, 0xaa, 0xff, 0x90, 0x6d, 0xff,
    0xff, 0xff, 0xff, 0xff, 0xff, 0xff, 0xff, 0xc5,
    0xff, 0xec, 0xcc, 0xcc, 0xcc, 0xcc, 0xcc, 0xcc,
    0xce, 0xfd, 0xff, 0x70, 0x0, 0x0, 0x0, 0x0,
    0x0, 0x0, 0xa, 0xfc, 0x0, 0x0, 0x0, 0x0,
    0x0, 0x0, 0x0, 0x0, 0x0, 0x0,

    /* U+F248 "" */
    0x67, 0x30, 0x0, 0x0, 0x0, 0x0, 0x0, 0x77,
    0x20, 0x0, 0x0, 0xf, 0xf9, 0x33, 0x33, 0x33,
    0x33, 0x33, 0x4f, 0xf6, 0x0, 0x0, 0x0, 0xff,
    0xff, 0xff, 0xff, 0xff, 0xff, 0xff, 0xff, 0x60,
    0x0, 0x0, 0x0, 0xcf, 0xff, 0xff, 0xff, 0xff,
    0xff, 0xff, 0x10, 0x0, 0x0, 0x0, 0xc, 0xff,
    0xff, 0xff, 0xff, 0xff, 0xff, 0xf1, 0x0, 0x0,
    0x0, 0x0, 0xcf, 0xff, 0xff, 0xff, 0xff, 0xff,
    0xff, 0x10, 0x0, 0x6, 0x73, 0xc, 0xff, 0xff,
    0xff, 0xff, 0xff, 0xff, 0xf1, 0x33, 0x33, 0xff,
    0x80, 0xcf, 0xff, 0xff, 0xff, 0xff, 0xff, 0xff,
    0x2f, 0xff, 0xff, 0xf7, 0xc, 0xff, 0xff, 0xff,
    0xff, 0xff, 0xff, 0xf2, 0xff, 0xff, 0xf4, 0x0,
    0xcf, 0xff, 0xff, 0xff, 0xff, 0xff, 0xff, 0x1a,
    0xff, 0xff, 0x40, 0x6d, 0xff, 0xff, 0xff, 0xff,
    0xff, 0xff, 0xf7, 0x2b, 0xff, 0xf4, 0xf, 0xff,
    0xee, 0xee, 0xee, 0xee, 0xee, 0xef, 0xf6, 0xbf,
    0xff, 0x40, 0xff, 0x70, 0x0, 0x0, 0x11, 0x11,
    0x1, 0xff, 0x6b, 0xff, 0xf4, 0x0, 0x0, 0x0,
    0x0, 0xaf, 0xff, 0xff, 0x20, 0x11, 0xdf, 0xff,
    0x40, 0x0, 0x0, 0x0, 0xa, 0xff, 0xff, 0xff,
    0xff, 0xff, 0xff, 0xf4, 0x0, 0x0, 0x0, 0x6,
    0xdf, 0xff, 0xff, 0xff, 0xff, 0xff, 0xff, 0x93,
    0x0, 0x0, 0x0, 0xef, 0xec, 0xcc, 0xcc, 0xcc,
    0xcc, 0xcc, 0xff, 0x80, 0x0, 0x0, 0xe, 0xf8,
    0x0, 0x0, 0x0, 0x0, 0x0, 0xf, 0xf7, 0x0,
    0x0, 0x0, 0x0, 0x0, 0x0, 0x0, 0x0, 0x0,
    0x0, 0x0, 0x0,

    /* U+F249 "" */
    0x14, 0x44, 0x44, 0x44, 0x44, 0x44, 0x44, 0x44,
    0x20, 0xef, 0xff, 0xff, 0xff, 0xff, 0xff, 0xff,
    0xff, 0xf3, 0xff, 0xff, 0xff, 0xff, 0xff, 0xff,
    0xff, 0xff, 0xf4, 0xff, 0xff, 0xff, 0xff, 0xff,
    0xff, 0xff, 0xff, 0xf4, 0xff, 0xff, 0xff, 0xff,
    0xff, 0xff, 0xff, 0xff, 0xf4, 0xff, 0xff, 0xff,
    0xff, 0xff, 0xff, 0xff, 0xff, 0xf4, 0xff, 0xff,
    0xff, 0xff, 0xff, 0xff, 0xff, 0xff, 0xf4, 0xff,
    0xff, 0xff, 0xff, 0xff, 0xff, 0xff, 0xff, 0xf4,
    0xff, 0xff, 0xff, 0xff, 0xff, 0xff, 0xff, 0xff,
    0xf4, 0xff, 0xff, 0xff, 0xff, 0xff, 0xff, 0xff,
    0xff, 0xf4, 0xff, 0xff, 0xff, 0xff, 0xff, 0xff,
    0xff, 0xff, 0xf4, 0xff, 0xff, 0xff, 0xff, 0xff,
    0xff, 0xff, 0xff, 0xf4, 0xff, 0xff, 0xff, 0xff,
    0xff, 0xf7, 0x0, 0x0, 0x0, 0xff, 0xff, 0xff,
    0xff, 0xff, 0xf4, 0xaf, 0xff, 0xf3, 0xff, 0xff,
    0xff, 0xff, 0xff, 0xf4, 0xbf, 0xff, 0x70, 0xff,
    0xff, 0xff, 0xff, 0xff, 0xf4, 0xbf, 0xf7, 0x0,
    0xff, 0xff, 0xff, 0xff, 0xff, 0xf4, 0xbf, 0x70,
    0x0, 0xdf, 0xff, 0xff, 0xff, 0xff, 0xf4, 0xb7,
    0x0, 0x0, 0x0, 0x0, 0x0, 0x0, 0x0, 0x0,
    0x0, 0x0, 0x0,

    /* U+F24B "" */
    0x2, 0x44, 0x44, 0x44, 0x44, 0x44, 0x44, 0x44,
    0x44, 0x44, 0x30, 0x9, 0xff, 0xff, 0xff, 0xff,
    0xff, 0xff, 0xff, 0xff, 0xff, 0xff, 0xd0, 0xff,
    0xff, 0xff, 0xff, 0xff, 0xff, 0xff, 0xff, 0xff,
    0xff, 0xff, 0x4f, 0xff, 0xff, 0xff, 0xff, 0xff,
    0xff, 0xff, 0xff, 0xff, 0xff, 0xf5, 0xff, 0xff,
    0xff, 0xff, 0xff, 0xff, 0xff, 0xff, 0xff, 0xff,
    0xff, 0x5f, 0xff, 0xff, 0xff, 0xff, 0xff, 0xff,
    0xff, 0xff, 0xff, 0xff, 0xf5, 0xff, 0xff, 0xff,
    0xff, 0xff, 0xfe, 0xff, 0xff, 0xff, 0xff, 0xff,
    0x5f, 0xff, 0xfe, 0x0, 0xeb, 0x20, 0x33, 0x2c,
    0x0, 0x31, 0x9, 0xf5, 0xff, 0xff, 0xe0, 0xb,
    0x0, 0xcf, 0xfe, 0xc0, 0x2f, 0xc0, 0x5f, 0x5f,
    0xff, 0xfe, 0x0, 0x80, 0xf, 0xff, 0xfd, 0x0,
    0x32, 0xa, 0xf5, 0xfe, 0xff, 0xb0, 0xd, 0x0,
    0xcf, 0xfe, 0xc0, 0x2f, 0xf0, 0xf, 0x5f, 0x52,
    0x40, 0x9, 0xfa, 0x20, 0x33, 0x2c, 0x0, 0x21,
    0x5, 0xf5, 0xff, 0xfe, 0xef, 0xff, 0xff, 0xfe,
    0xff, 0xff, 0xff, 0xff, 0xff, 0x5f, 0xff, 0xff,
    0xff, 0xff, 0xff, 0xff, 0xff, 0xff, 0xff, 0xff,
    0xf5, 0xff, 0xff, 0xff, 0xff, 0xff, 0xff, 0xff,
    0xff, 0xff, 0xff, 0xff, 0x5f, 0xff, 0xff, 0xff,
    0xff, 0xff, 0xff, 0xff, 0xff, 0xff, 0xff, 0xf5,
    0xff, 0xff, 0xff, 0xff, 0xff, 0xff, 0xff, 0xff,
    0xff, 0xff, 0xff, 0x49, 0xff, 0xff, 0xff, 0xff,
    0xff, 0xff, 0xff, 0xff, 0xff, 0xff, 0xd0, 0x2,
    0x44, 0x44, 0x44, 0x44, 0x44, 0x44, 0x44, 0x44,
    0x44, 0x30, 0x0,

    /* U+F24C "" */
    0x2, 0x44, 0x44, 0x44, 0x44, 0x44, 0x44, 0x44,
    0x44, 0x44, 0x31, 0x8, 0xff, 0xff, 0xff, 0xff,
    0xff, 0xff, 0xff, 0xff, 0xff, 0xff, 0xf4, 0xff,
    0xff, 0xff, 0x95, 0x65, 0x40, 0x0, 0x26, 0xcf,
    0xff, 0xff, 0xaf, 0xff, 0xfb, 0x4b, 0xff, 0xff,
    0xf9, 0x10, 0x0, 0x5f, 0xff, 0xfb, 0xff, 0xfb,
    0x5f, 0xff, 0xff, 0xff, 0xfd, 0x20, 0x0, 0x2f,
    0xff, 0xbf, 0xfe, 0x4f, 0xff, 0xbf, 0xff, 0xbf,
    0xfd, 0x0, 0x0, 0x4f, 0xfb, 0xff, 0x6c, 0xff,
    0x43, 0xff, 0xf0, 0x8f, 0xf8, 0x0, 0x0, 0xbf,
    0xbf, 0xf4, 0xff, 0x80, 0x3f, 0xff, 0x0, 0xdf,
    0xe0, 0x0, 0x6, 0xfb, 0xfe, 0x6f, 0xf2, 0x3,
    0xff, 0xf0, 0x7, 0xff, 0x20, 0x0, 0x2f, 0xbf,
    0xd7, 0xff, 0x0, 0x3f, 0xff, 0x0, 0x5f, 0xf3,
    0x0, 0x1, 0xfb, 0xfe, 0x6f, 0xf2, 0x3, 0xff,
    0xf0, 0x7, 0xff, 0x20, 0x0, 0x2f, 0xbf, 0xf4,
    0xff, 0x80, 0x3f, 0xff, 0x0, 0xdf, 0xe0, 0x0,
    0x6, 0xfb, 0xff, 0x6c, 0xff, 0x53, 0xff, 0xf0,
    0x9f, 0xf8, 0x0, 0x0, 0xcf, 0xbf, 0xfe, 0x4f,
    0xff, 0xbf, 0xff, 0xcf, 0xfd, 0x0, 0x0, 0x5f,
    0xfb, 0xff, 0xfc, 0x5f, 0xff, 0xff, 0xff, 0xfd,
    0x20, 0x0, 0x3f, 0xff, 0xbf, 0xff, 0xfc, 0x4b,
    0xff, 0xff, 0xf9, 0x10, 0x0, 0x6f, 0xff, 0xfb,
    0xff, 0xff, 0xff, 0x95, 0x65, 0x40, 0x0, 0x26,
    0xdf, 0xff, 0xff, 0xa8, 0xff, 0xff, 0xff, 0xff,
    0xff, 0xff, 0xff, 0xff, 0xff, 0xff, 0xf4, 0x2,
    0x44, 0x44, 0x44, 0x44, 0x44, 0x44, 0x44, 0x44,
    0x44, 0x31, 0x0,

    /* U+F24D "" */
    0x0, 0x0, 0x0, 0x34, 0x44, 0x44, 0x44, 0x44,
    0x44, 0x30, 0x0, 0x0, 0x9, 0xff, 0xff, 0xff,
    0xff, 0xff, 0xff, 0xf9, 0x0, 0x0, 0xf, 0xff,
    0xff, 0xff, 0xff, 0xff, 0xff, 0xff, 0x0, 0x0,
    0xf, 0xff, 0xff, 0xff, 0xff, 0xff, 0xff, 0xff,
    0x0, 0x0, 0xf, 0xff, 0xff, 0xff, 0xff, 0xff,
    0xff, 0xff, 0x3, 0x43, 0xf, 0xff, 0xff, 0xff,
    0xff, 0xff, 0xff, 0xff, 0x9f, 0xfc, 0xf, 0xff,
    0xff, 0xff, 0xff, 0xff, 0xff, 0xff, 0xff, 0xfc,
    0xf, 0xff, 0xff, 0xff, 0xff, 0xff, 0xff, 0xff,
    0xff, 0xfc, 0xf, 0xff, 0xff, 0xff, 0xff, 0xff,
    0xff, 0xff, 0xff, 0xfc, 0xf, 0xff, 0xff, 0xff,
    0xff, 0xff, 0xff, 0xff, 0xff, 0xfc, 0xf, 0xff,
    0xff, 0xff, 0xff, 0xff, 0xff, 0xff, 0xff, 0xfc,
    0xf, 0xff, 0xff, 0xff, 0xff, 0xff, 0xff, 0xff,
    0xff, 0xfc, 0xf, 0xff, 0xff, 0xff, 0xff, 0xff,
    0xff, 0xff, 0xff, 0xfc, 0xf, 0xff, 0xff, 0xff,
    0xff, 0xff, 0xff, 0xff, 0xff, 0xfe, 0xd, 0xff,
    0xff, 0xff, 0xff, 0xff, 0xff, 0xfd, 0xff, 0xff,
    0x42, 0xab, 0xbb, 0xbb, 0xbb, 0xbb, 0xbb, 0xa2,
    0xff, 0xff, 0xf6, 0x10, 0x0, 0x0, 0x0, 0x0,
    0x0, 0x0, 0xff, 0xff, 0xff, 0xff, 0xff, 0xff,
    0xff, 0xf0, 0x0, 0x0, 0xff, 0xff, 0xff, 0xff,
    0xff, 0xff, 0xff, 0xf0, 0x0, 0x0, 0xdf, 0xff,
    0xff, 0xff, 0xff, 0xff, 0xff, 0xd0, 0x0, 0x0,
    0x2a, 0xbb, 0xbb, 0xbb, 0xbb, 0xbb, 0xba, 0x20,
    0x0, 0x0,

    /* U+F24E "" */
    0x0, 0x0, 0x0, 0x0, 0x0, 0x5, 0x75, 0x0,
    0x0, 0x0, 0x0, 0x0, 0x0, 0x0, 0x6, 0x77,
    0x77, 0x7d, 0xff, 0xfd, 0x77, 0x77, 0x76, 0x0,
    0x0, 0x0, 0x3, 0xff, 0xff, 0xff, 0xff, 0xff,
    0xff, 0xff, 0xff, 0xf3, 0x0, 0x0, 0x0, 0x2f,
    0xff, 0xff, 0xff, 0xff, 0xff, 0xff, 0xff, 0xff,
    0x20, 0x0, 0x0, 0x0, 0x0, 0x0, 0x7, 0xff,
    0xff, 0xf6, 0x0, 0x0, 0x0, 0x0, 0x0, 0x0,
    0x6, 0x60, 0x0, 0x1e, 0xff, 0xfc, 0x0, 0x0,
    0x66, 0x0, 0x0, 0x0, 0xa, 0xff, 0xa0, 0x0,
    0x2f, 0xfb, 0x0, 0x0, 0xaf, 0xfa, 0x0, 0x0,
    0x2, 0xfe, 0xef, 0x20, 0x0, 0xef, 0x90, 0x0,
    0x2f, 0xee, 0xf2, 0x0, 0x0, 0xaf, 0x67, 0xfa,
    0x0, 0xe, 0xf9, 0x0, 0xa, 0xf6, 0x7f, 0xa0,
    0x0, 0x2f, 0xe0, 0xe, 0xf2, 0x0, 0xef, 0x90,
    0x2, 0xfe, 0x0, 0xef, 0x20, 0xa, 0xf6, 0x0,
    0x7f, 0xa0, 0xe, 0xf9, 0x0, 0xaf, 0x60, 0x7,
    0xfa, 0x2, 0xfe, 0x0, 0x0, 0xef, 0x20, 0xef,
    0x90, 0x2f, 0xe0, 0x0, 0xe, 0xf2, 0xaf, 0x60,
    0x0, 0x7, 0xfa, 0xe, 0xf9, 0xa, 0xf6, 0x0,
    0x0, 0x7f, 0xaf, 0xff, 0xff, 0xff, 0xff, 0xf0,
    0xef, 0x90, 0xff, 0xff, 0xff, 0xff, 0xff, 0xcf,
    0xff, 0xff, 0xff, 0xfc, 0xe, 0xf9, 0xc, 0xff,
    0xff, 0xff, 0xff, 0xc2, 0xcf, 0xff, 0xff, 0xfc,
    0x10, 0xef, 0x90, 0x2c, 0xff, 0xff, 0xff, 0xd2,
    0x0, 0x49, 0xbb, 0x94, 0x0, 0xe, 0xf9, 0x0,
    0x4, 0x9b, 0xb9, 0x50, 0x0, 0x0, 0x0, 0x0,
    0x0, 0x0, 0xef, 0x90, 0x0, 0x0, 0x0, 0x0,
    0x0, 0x0, 0x2, 0xff, 0xff, 0xff, 0xff, 0xff,
    0xff, 0xff, 0xff, 0xf2, 0x0, 0x0, 0x0, 0x3f,
    0xff, 0xff, 0xff, 0xff, 0xff, 0xff, 0xff, 0xff,
    0x30, 0x0, 0x0, 0x0, 0x78, 0x88, 0x88, 0x88,
    0x88, 0x88, 0x88, 0x88, 0x70, 0x0, 0x0,

    /* U+F251 "" */
    0x58, 0x88, 0x88, 0x88, 0x88, 0x88, 0x88, 0x4f,
    0xff, 0xff, 0xff, 0xff, 0xff, 0xff, 0xff, 0xcf,
    0xff, 0xff, 0xff, 0xff, 0xff, 0xff, 0xc0, 0xff,
    0xff, 0xff, 0xff, 0xff, 0xff, 0xf0, 0xe, 0xff,
    0xff, 0xff, 0xff, 0xff, 0xfe, 0x0, 0xaf, 0xff,
    0xff, 0xff, 0xff, 0xff, 0xb0, 0x5, 0xff, 0xff,
    0xff, 0xff, 0xff, 0xf5, 0x0, 0xd, 0xff, 0xff,
    0xff, 0xff, 0xfd, 0x0, 0x0, 0x2f, 0xff, 0xff,
    0xff, 0xff, 0x20, 0x0, 0x0, 0x3e, 0xff, 0xff,
    0xfe, 0x30, 0x0, 0x0, 0x0, 0x1c, 0xff, 0xfc,
    0x10, 0x0, 0x0, 0x0, 0x3e, 0xff, 0xff, 0xfe,
    0x30, 0x0, 0x0, 0x2f, 0xff, 0x96, 0x9f, 0xff,
    0x20, 0x0, 0xd, 0xfe, 0x20, 0x0, 0x2e, 0xfd,
    0x0, 0x5, 0xff, 0x50, 0x0, 0x0, 0x5f, 0xf5,
    0x0, 0xbf, 0xd0, 0x0, 0x0, 0x0, 0xdf, 0xb0,
    0xe, 0xf9, 0x0, 0x0, 0x0, 0x9, 0xfe, 0x0,
    0xff, 0x70, 0x0, 0x0, 0x0, 0x7f, 0xf0, 0xcf,
    0xff, 0xff, 0xff, 0xff, 0xff, 0xff, 0xcf, 0xff,
    0xff, 0xff, 0xff, 0xff, 0xff, 0xff, 0x58, 0x88,
    0x88, 0x88, 0x88, 0x88, 0x88, 0x50,

    /* U+F252 "" */
    0x58, 0x88, 0x88, 0x88, 0x88, 0x88, 0x88, 0x4f,
    0xff, 0xff, 0xff, 0xff, 0xff, 0xff, 0xff, 0xcf,
    0xff, 0xff, 0xff, 0xff, 0xff, 0xff, 0xc0, 0xff,
    0x70, 0x0, 0x0, 0x0, 0x7f, 0xf0, 0xe, 0xfa,
    0x0, 0x0, 0x0, 0xa, 0xfe, 0x0, 0xaf, 0xfb,
    0xbb, 0xbb, 0xbb, 0xff, 0xa0, 0x4, 0xff, 0xff,
    0xff, 0xff, 0xff, 0xf4, 0x0, 0xc, 0xff, 0xff,
    0xff, 0xff, 0xfb, 0x0, 0x0, 0x1e, 0xff, 0xff,
    0xff, 0xfe, 0x10, 0x0, 0x0, 0x1b, 0xff, 0xff,
    0xfb, 0x10, 0x0, 0x0, 0x0, 0x2c, 0xff, 0xfc,
    0x20, 0x0, 0x0, 0x0, 0x5f, 0xff, 0xff, 0xff,
    0x50, 0x0, 0x0, 0x4f, 0xfe, 0x63, 0x6e, 0xff,
    0x40, 0x0, 0xe, 0xfe, 0x10, 0x0, 0x1e, 0xfe,
    0x0, 0x6, 0xff, 0x50, 0x0, 0x0, 0x5f, 0xf6,
    0x0, 0xbf, 0xf8, 0x88, 0x88, 0x88, 0xff, 0xb0,
    0xe, 0xff, 0xff, 0xff, 0xff, 0xff, 0xfe, 0x0,
    0xff, 0xff, 0xff, 0xff, 0xff, 0xff, 0xf0, 0xcf,
    0xff, 0xff, 0xff, 0xff, 0xff, 0xff, 0xcf, 0xff,
    0xff, 0xff, 0xff, 0xff, 0xff, 0xff, 0x58, 0x88,
    0x88, 0x88, 0x88, 0x88, 0x88, 0x50,

    /* U+F253 "" */
    0x58, 0x88, 0x88, 0x88, 0x88, 0x88, 0x88, 0x4f,
    0xff, 0xff, 0xff, 0xff, 0xff, 0xff, 0xff, 0xcf,
    0xff, 0xff, 0xff, 0xff, 0xff, 0xff, 0xc0, 0xff,
    0x70, 0x0, 0x0, 0x0, 0x7f, 0xf0, 0xe, 0xf9,
    0x0, 0x0, 0x0, 0x9, 0xfe, 0x0, 0xaf, 0xd0,
    0x0, 0x0, 0x0, 0xdf, 0xb0, 0x5, 0xff, 0x50,
    0x0, 0x0, 0x5f, 0xf5, 0x0, 0xd, 0xfe, 0x20,
    0x0, 0x2e, 0xfd, 0x0, 0x0, 0x2f, 0xff, 0x96,
    0x9f, 0xff, 0x20, 0x0, 0x0, 0x3e, 0xff, 0xff,
    0xfe, 0x30, 0x0, 0x0, 0x0, 0x1c, 0xff, 0xfc,
    0x10, 0x0, 0x0, 0x0, 0x3e, 0xff, 0xff, 0xfe,
    0x30, 0x0, 0x0, 0x2f, 0xff, 0xff, 0xff, 0xff,
    0x20, 0x0, 0xd, 0xff, 0xff, 0xff, 0xff, 0xfd,
    0x0, 0x5, 0xff, 0xff, 0xff, 0xff, 0xff, 0xf5,
    0x0, 0xbf, 0xff, 0xff, 0xff, 0xff, 0xff, 0xb0,
    0xe, 0xff, 0xff, 0xff, 0xff, 0xff, 0xfe, 0x0,
    0xff, 0xff, 0xff, 0xff, 0xff, 0xff, 0xf0, 0xcf,
    0xff, 0xff, 0xff, 0xff, 0xff, 0xff, 0xcf, 0xff,
    0xff, 0xff, 0xff, 0xff, 0xff, 0xff, 0x58, 0x88,
    0x88, 0x88, 0x88, 0x88, 0x88, 0x50,

    /* U+F254 "" */
    0x58, 0x88, 0x88, 0x88, 0x88, 0x88, 0x88, 0x4f,
    0xff, 0xff, 0xff, 0xff, 0xff, 0xff, 0xff, 0xcf,
    0xff, 0xff, 0xff, 0xff, 0xff, 0xff, 0xc0, 0xff,
    0xff, 0xff, 0xff, 0xff, 0xff, 0xf0, 0xe, 0xff,
    0xff, 0xff, 0xff, 0xff, 0xfe, 0x0, 0xaf, 0xff,
    0xff, 0xff, 0xff, 0xff, 0xb0, 0x5, 0xff, 0xff,
    0xff, 0xff, 0xff, 0xf5, 0x0, 0xd, 0xff, 0xff,
    0xff, 0xff, 0xfd, 0x0, 0x0, 0x2f, 0xff, 0xff,
    0xff, 0xff, 0x20, 0x0, 0x0, 0x3e, 0xff, 0xff,
    0xfe, 0x30, 0x0, 0x0, 0x0, 0x1c, 0xff, 0xfc,
    0x10, 0x0, 0x0, 0x0, 0x3e, 0xff, 0xff, 0xfe,
    0x30, 0x0, 0x0, 0x2f, 0xff, 0xff, 0xff, 0xff,
    0x20, 0x0, 0xd, 0xff, 0xff, 0xff, 0xff, 0xfd,
    0x0, 0x5, 0xff, 0xff, 0xff, 0xff, 0xff, 0xf5,
    0x0, 0xbf, 0xff, 0xff, 0xff, 0xff, 0xff, 0xb0,
    0xe, 0xff, 0xff, 0xff, 0xff, 0xff, 0xfe, 0x0,
    0xff, 0xff, 0xff, 0xff, 0xff, 0xff, 0xf0, 0xcf,
    0xff, 0xff, 0xff, 0xff, 0xff, 0xff, 0xcf, 0xff,
    0xff, 0xff, 0xff, 0xff, 0xff, 0xff, 0x58, 0x88,
    0x88, 0x88, 0x88, 0x88, 0x88, 0x50,

    /* U+F255 "" */
    0x0, 0x0, 0x0, 0x0, 0x5, 0x50, 0x0, 0x0,
    0x0, 0x0, 0x0, 0x0, 0x2b, 0xb1, 0x9f, 0xf8,
    0x2a, 0xb2, 0x0, 0x0, 0x0, 0x0, 0xcf, 0xfa,
    0xdf, 0xfd, 0xbf, 0xfc, 0x6, 0x70, 0x0, 0x0,
    0xef, 0xfc, 0xef, 0xfd, 0xdf, 0xfe, 0x8f, 0xfb,
    0x29, 0x80, 0xff, 0xff, 0xff, 0xff, 0xff, 0xff,
    0xef, 0xff, 0xdf, 0xf9, 0xff, 0xff, 0xff, 0xff,
    0xff, 0xff, 0xff, 0xff, 0xff, 0xfb, 0xff, 0xff,
    0xff, 0xff, 0xff, 0xff, 0xff, 0xff, 0xff, 0xfc,
    0xff, 0xff, 0xff, 0xff, 0xff, 0xff, 0xff, 0xff,
    0xff, 0xff, 0xff, 0xff, 0xff, 0xff, 0xff, 0xff,
    0xff, 0xff, 0xef, 0xff, 0xff, 0xff, 0xff, 0xff,
    0xff, 0xff, 0xff, 0xff, 0x8f, 0xff, 0xff, 0xff,
    0xff, 0xff, 0xff, 0xff, 0xff, 0xfd, 0xc, 0xff,
    0xff, 0xff, 0xff, 0xff, 0xff, 0xff, 0xff, 0xf7,
    0x0, 0xaf, 0xff, 0xff, 0xff, 0xff, 0xff, 0xff,
    0xff, 0xf1, 0x0, 0x9, 0xff, 0xff, 0xff, 0xff,
    0xff, 0xff, 0xff, 0xa0, 0x0, 0x0, 0x7f, 0xff,
    0xff, 0xff, 0xff, 0xff, 0xff, 0x30, 0x0, 0x0,
    0x6, 0xff, 0xff, 0xff, 0xff, 0xff, 0xfd, 0x0,
    0x0, 0x0, 0x0, 0xdf, 0xff, 0xff, 0xff, 0xff,
    0xf8, 0x0, 0x0, 0x0, 0x0, 0x9f, 0xff, 0xff,
    0xff, 0xff, 0xf5, 0x0, 0x0, 0x0, 0x0, 0x0,
    0x0, 0x0, 0x0, 0x0, 0x0, 0x0,

    /* U+F256 "" */
    0x0, 0x0, 0x0, 0x0, 0x1, 0x20, 0x0, 0x0,
    0x0, 0x0, 0x0, 0x0, 0x0, 0x3, 0xff, 0x50,
    0x0, 0x0, 0x0, 0x0, 0x0, 0x3, 0xa5, 0x7f,
    0xf9, 0x5b, 0x50, 0x0, 0x0, 0x0, 0x0, 0xdf,
    0xf9, 0xff, 0xaf, 0xff, 0x0, 0x0, 0x0, 0x0,
    0xf, 0xff, 0xbf, 0xfb, 0xff, 0xf1, 0x0, 0x0,
    0x0, 0x0, 0xff, 0xfb, 0xff, 0xbf, 0xff, 0x12,
    0x20, 0x0, 0x0, 0xf, 0xff, 0xbf, 0xfb, 0xff,
    0xf6, 0xff, 0x30, 0x0, 0x0, 0xff, 0xfb, 0xff,
    0xbf, 0xff, 0xaf, 0xf7, 0x0, 0x0, 0xf, 0xff,
    0xbf, 0xfb, 0xff, 0xfb, 0xff, 0x80, 0x0, 0x0,
    0xff, 0xfb, 0xff, 0xbf, 0xff, 0xbf, 0xf8, 0x0,
    0x30, 0xf, 0xff, 0xcf, 0xfc, 0xff, 0xfc, 0xff,
    0x80, 0xbf, 0xd0, 0xff, 0xff, 0xff, 0xff, 0xff,
    0xff, 0xf8, 0xe, 0xff, 0xaf, 0xff, 0xff, 0xff,
    0xff, 0xff, 0xff, 0x80, 0x7f, 0xff, 0xff, 0xff,
    0xff, 0xff, 0xff, 0xff, 0xf7, 0x0, 0xbf, 0xff,
    0xff, 0xff, 0xff, 0xff, 0xff, 0xff, 0x50, 0x1,
    0xef, 0xff, 0xff, 0xff, 0xff, 0xff, 0xff, 0xf2,
    0x0, 0x4, 0xff, 0xff, 0xff, 0xff, 0xff, 0xff,
    0xfe, 0x0, 0x0, 0x9, 0xff, 0xff, 0xff, 0xff,
    0xff, 0xff, 0xa0, 0x0, 0x0, 0xd, 0xff, 0xff,
    0xff, 0xff, 0xff, 0xf6, 0x0, 0x0, 0x0, 0x2f,
    0xff, 0xff, 0xff, 0xff, 0xff, 0x20, 0x0, 0x0,
    0x0, 0x3a, 0xbb, 0xbb, 0xbb, 0xbb, 0x50, 0x0,

    /* U+F257 "" */
    0x0, 0x16, 0x50, 0x0, 0x0, 0x0, 0x0, 0x0,
    0x0, 0x0, 0x0, 0xdf, 0xfe, 0x82, 0x0, 0x0,
    0x1, 0x20, 0x0, 0x0, 0x1, 0xff, 0xff, 0xff,
    0xc5, 0x0, 0x4f, 0xfa, 0x10, 0x0, 0x0, 0xaf,
    0xff, 0xff, 0xff, 0xe9, 0xef, 0xff, 0xf8, 0x0,
    0x0, 0x5, 0xbf, 0xff, 0xff, 0xff, 0xff, 0xff,
    0xff, 0xe3, 0x0, 0x0, 0x1, 0x8e, 0xff, 0xff,
    0xff, 0xff, 0xff, 0xfe, 0x0, 0x0, 0x0, 0x0,
    0x4a, 0xff, 0xff, 0xff, 0xff, 0xff, 0x18, 0x99,
    0x99, 0x99, 0x99, 0xff, 0xff, 0xff, 0xff, 0xff,
    0xcf, 0xff, 0xff, 0xff, 0xff, 0xff, 0xff, 0xff,
    0xff, 0xff, 0xff, 0xff, 0xff, 0xff, 0xff, 0xff,
    0xff, 0xff, 0xff, 0xff, 0x7f, 0xff, 0xff, 0xff,
    0xff, 0xff, 0xff, 0xff, 0xff, 0xff, 0x1, 0x22,
    0x22, 0x23, 0x9a, 0xff, 0xff, 0xff, 0xff, 0xff,
    0x0, 0x0, 0x0, 0xa, 0xff, 0xff, 0xff, 0xff,
    0xff, 0xff, 0x0, 0x0, 0x0, 0xb, 0xff, 0xff,
    0xff, 0xff, 0xff, 0xff, 0x0, 0x0, 0x0, 0x2,
    0xab, 0xff, 0xff, 0xff, 0xff, 0xff, 0x0, 0x0,
    0x0, 0x0, 0x2d, 0xff, 0xff, 0xff, 0xff, 0xff,
    0x0, 0x0, 0x0, 0x0, 0x8f, 0xff, 0xff, 0xff,
    0xff, 0xe6, 0x0, 0x0, 0x0, 0x0, 0x4f, 0xff,
    0xff, 0xea, 0x62, 0x0, 0x0, 0x0, 0x0, 0x0,
    0x1, 0x22, 0x21, 0x0, 0x0, 0x0,

    /* U+F258 "" */
    0x0, 0x0, 0x0, 0x0, 0x0, 0x0, 0x0, 0x0,
    0x0, 0x0, 0x0, 0xd, 0xff, 0xff, 0xff, 0xff,
    0xff, 0xff, 0xfe, 0x40, 0x0, 0x0, 0x0, 0xff,
    0xff, 0xff, 0xff, 0xff, 0xff, 0xff, 0xfe, 0x10,
    0x0, 0x0, 0xb, 0xff, 0xff, 0xff, 0xff, 0xff,
    0xff, 0xff, 0xfa, 0x0, 0x0, 0x0, 0x18, 0xbb,
    0xbb, 0xbb, 0xbb, 0xbd, 0xff, 0xff, 0xf4, 0x0,
    0x0, 0x0, 0x0, 0x0, 0x0, 0x0, 0x0, 0x3f,
    0xff, 0xff, 0xd0, 0x0, 0x0, 0x0, 0x0, 0x0,
    0x0, 0x0, 0x8, 0xff, 0xff, 0xff, 0x80, 0x0,
    0x0, 0x0, 0x0, 0x0, 0x0, 0x1, 0xff, 0xff,
    0xff, 0xff, 0x30, 0x0, 0x0, 0x3, 0xac, 0xcc,
    0xcc, 0xff, 0xff, 0xff, 0xff, 0xfc, 0x0, 0x0,
    0x2, 0xff, 0xff, 0xff, 0xff, 0xff, 0xff, 0xff,
    0xff, 0xf7, 0x0, 0x0, 0x7f, 0xff, 0xff, 0xff,
    0xff, 0xff, 0xff, 0xff, 0xff, 0xf2, 0x0, 0x5,
    0xff, 0xff, 0xff, 0xff, 0xff, 0xff, 0xff, 0xff,
    0xff, 0xb0, 0x0, 0x0, 0x0, 0x0, 0x0, 0x7f,
    0xff, 0xff, 0xff, 0xff, 0xff, 0x30, 0x0, 0x0,
    0x0, 0x0, 0x0, 0x2b, 0xff, 0xff, 0xff, 0xff,
    0xf7, 0x0, 0x0, 0x0, 0x0, 0x0, 0x0, 0x5,
    0xef, 0xff, 0xff, 0xff, 0x80, 0x0, 0x0, 0x0,
    0x0, 0x0, 0x0, 0x2, 0xff, 0xff, 0xff, 0xf8,
    0x0, 0x0, 0x0, 0x0, 0x0, 0x0, 0x0, 0xf,
    0xff, 0xff, 0xff, 0x80, 0x0, 0x0, 0x0, 0x0,
    0x0, 0x0, 0x0, 0xff, 0xff, 0xff, 0xf8, 0x0,
    0x0, 0x0, 0x0, 0x0, 0x0, 0x0, 0x4, 0x44,
    0x44, 0x44, 0x20,

    /* U+F259 "" */
    0x0, 0x0, 0x0, 0x2, 0x10, 0x0, 0x0, 0x0,
    0x0, 0x0, 0x0, 0x0, 0x0, 0x5, 0xff, 0x30,
    0x0, 0x0, 0x0, 0x0, 0x0, 0x0, 0x0, 0x0,
    0x9f, 0xf9, 0x0, 0x0, 0x9f, 0x80, 0x0, 0x0,
    0x0, 0x5, 0x56, 0xff, 0xd0, 0x0, 0x2f, 0xff,
    0x0, 0x0, 0x0, 0x6, 0xff, 0x9f, 0xff, 0x0,
    0x6, 0xff, 0xd3, 0x72, 0x0, 0x0, 0x7f, 0xfb,
    0xef, 0xf4, 0x0, 0xaf, 0xfa, 0xff, 0xd0, 0x0,
    0x4, 0xff, 0xeb, 0xff, 0x80, 0xe, 0xff, 0xaf,
    0xfe, 0x0, 0x0, 0xf, 0xff, 0x9f, 0xfb, 0x2,
    0xff, 0xf9, 0xff, 0xb0, 0x0, 0x0, 0xdf, 0xf9,
    0xff, 0xf0, 0x6f, 0xfd, 0xcf, 0xf7, 0x0, 0x0,
    0x9, 0xff, 0xaf, 0xff, 0x39, 0xff, 0x9f, 0xff,
    0x30, 0x0, 0x0, 0x5f, 0xfd, 0xdf, 0xf9, 0xef,
    0xfb, 0xff, 0xf0, 0x0, 0x0, 0x2, 0xff, 0xff,
    0xff, 0xff, 0xff, 0xff, 0xfc, 0x0, 0x15, 0x10,
    0xf, 0xff, 0xff, 0xff, 0xff, 0xff, 0xff, 0x80,
    0xc, 0xfe, 0x30, 0xff, 0xff, 0xff, 0xff, 0xff,
    0xff, 0xf7, 0x0, 0xef, 0xff, 0x4f, 0xff, 0xff,
    0xff, 0xff, 0xff, 0xff, 0x60, 0x4, 0xff, 0xff,
    0xff, 0xff, 0xff, 0xff, 0xff, 0xff, 0xf5, 0x0,
    0x4, 0xff, 0xff, 0xff, 0xff, 0xff, 0xff, 0xff,
    0xff, 0x10, 0x0, 0x3, 0xef, 0xff, 0xff, 0xff,
    0xff, 0xff, 0xff, 0xd0, 0x0, 0x0, 0x3, 0xef,
    0xff, 0xff, 0xff, 0xff, 0xff, 0xf8, 0x0, 0x0,
    0x0, 0x2, 0xef, 0xff, 0xff, 0xff, 0xff, 0xff,
    0x30, 0x0, 0x0, 0x0, 0x1, 0x9b, 0xbb, 0xbb,
    0xbb, 0xbb, 0x50, 0x0, 0x0,

    /* U+F25A "" */
    0x0, 0x0, 0x0, 0x31, 0x0, 0x0, 0x0, 0x0,
    0x0, 0x0, 0x0, 0x0, 0xbf, 0xe0, 0x0, 0x0,
    0x0, 0x0, 0x0, 0x0, 0x0, 0xe, 0xff, 0x20,
    0x0, 0x0, 0x0, 0x0, 0x0, 0x0, 0x0, 0xff,
    0xf3, 0x0, 0x0, 0x0, 0x0, 0x0, 0x0, 0x0,
    0xf, 0xff, 0x30, 0x0, 0x0, 0x0, 0x0, 0x0,
    0x0, 0x0, 0xff, 0xf3, 0x0, 0x0, 0x0, 0x0,
    0x0, 0x0, 0x0, 0xf, 0xff, 0x30, 0x0, 0x0,
    0x0, 0x0, 0x0, 0x0, 0x0, 0xff, 0xf5, 0xee,
    0x41, 0x61, 0x0, 0x0, 0x0, 0x0, 0xf, 0xff,
    0xaf, 0xf9, 0xef, 0xe0, 0x76, 0x0, 0x0, 0x0,
    0xff, 0xfb, 0xff, 0xbf, 0xff, 0xaf, 0xf5, 0x1,
    0x72, 0xf, 0xff, 0xff, 0xff, 0xff, 0xff, 0xff,
    0x70, 0xdf, 0xf2, 0xff, 0xff, 0xff, 0xff, 0xff,
    0xff, 0xf8, 0xe, 0xff, 0xcf, 0xff, 0xff, 0xff,
    0xff, 0xff, 0xff, 0x80, 0x5f, 0xff, 0xff, 0xfb,
    0xff, 0xbf, 0xff, 0xbf, 0xf7, 0x0, 0xaf, 0xff,
    0xff, 0xbf, 0xfb, 0xff, 0xfb, 0xff, 0x60, 0x0,
    0xdf, 0xff, 0xfb, 0xff, 0xbf, 0xff, 0xbf, 0xf2,
    0x0, 0x3, 0xff, 0xff, 0xbf, 0xfb, 0xff, 0xfb,
    0xfe, 0x0, 0x0, 0x8, 0xff, 0xff, 0xff, 0xff,
    0xff, 0xff, 0xa0, 0x0, 0x0, 0xc, 0xff, 0xff,
    0xff, 0xff, 0xff, 0xf7, 0x0, 0x0, 0x0, 0x2f,
    0xff, 0xff, 0xff, 0xff, 0xff, 0x30, 0x0, 0x0,
    0x0, 0x3a, 0xbb, 0xbb, 0xbb, 0xbb, 0x60, 0x0,

    /* U+F25B "" */
    0x0, 0x0, 0x0, 0x0, 0x3, 0x10, 0x0, 0x0,
    0x0, 0x0, 0x0, 0x0, 0x0, 0xa, 0xff, 0x40,
    0x0, 0x0, 0x0, 0x0, 0x44, 0x0, 0x0, 0xff,
    0xfa, 0x0, 0x0, 0x0, 0x0, 0x9f, 0xf7, 0x0,
    0x1f, 0xff, 0xa0, 0x0, 0x0, 0x0, 0xe, 0xff,
    0xe0, 0x1, 0xff, 0xfa, 0x0, 0x0, 0x0, 0x0,
    0xbf, 0xff, 0x50, 0x1f, 0xff, 0xa0, 0x0, 0x0,
    0x0, 0x4, 0xff, 0xfb, 0x1, 0xff, 0xfa, 0x0,
    0x0, 0x0, 0x0, 0xe, 0xff, 0xf2, 0x1f, 0xff,
    0xa0, 0x0, 0x0, 0x0, 0x0, 0x8f, 0xff, 0x81,
    0xff, 0xfa, 0xaf, 0x80, 0x0, 0x0, 0x2, 0xff,
    0xfe, 0x1f, 0xff, 0xbf, 0xfe, 0x3c, 0x90, 0x0,
    0xb, 0xff, 0xf8, 0xff, 0xfc, 0xff, 0xec, 0xff,
    0x40, 0x0, 0x5f, 0xff, 0xff, 0xff, 0xff, 0xff,
    0xff, 0xf5, 0x0, 0x1, 0xff, 0xff, 0xff, 0xff,
    0xff, 0xff, 0xff, 0x50, 0x2, 0xdf, 0xff, 0xff,
    0xff, 0xff, 0xff, 0xff, 0xf5, 0x0, 0xaf, 0xff,
    0xff, 0xff, 0xff, 0xff, 0xff, 0xff, 0x30, 0x8,
    0xff, 0xff, 0xff, 0xff, 0xff, 0xff, 0xff, 0xf0,
    0x0, 0xe, 0xff, 0xff, 0xff, 0xff, 0xff, 0xff,
    0xfc, 0x0, 0x0, 0x6f, 0xff, 0xff, 0xff, 0xff,
    0xff, 0xff, 0x80, 0x0, 0x0, 0xdf, 0xff, 0xff,
    0xff, 0xff, 0xff, 0xf4, 0x0, 0x0, 0x4, 0xff,
    0xff, 0xff, 0xff, 0xff, 0xff, 0x10, 0x0, 0x0,
    0x6, 0xbb, 0xbb, 0xbb, 0xbb, 0xbb, 0x50, 0x0,

    /* U+F25C "" */
    0x78, 0x88, 0x88, 0x88, 0x88, 0x40, 0x48, 0x87,
    0x0, 0x0, 0x28, 0x88, 0x0, 0xff, 0xff, 0xff,
    0xff, 0xff, 0xa0, 0xaf, 0xff, 0x20, 0x0, 0xaf,
    0xff, 0x10, 0xff, 0xff, 0xff, 0xff, 0xff, 0x90,
    0xbf, 0xff, 0x70, 0x0, 0xff, 0xff, 0x30, 0x1,
    0x14, 0xff, 0xd1, 0x11, 0x0, 0xcf, 0xff, 0xd0,
    0x5, 0xff, 0xff, 0x40, 0x0, 0x3, 0xff, 0xd0,
    0x0, 0x0, 0xdf, 0xff, 0xf2, 0xa, 0xff, 0xff,
    0x50, 0x0, 0x3, 0xff, 0xd0, 0x0, 0x0, 0xff,
    0xef, 0xf8, 0xf, 0xfd, 0xff, 0x60, 0x0, 0x3,
    0xff, 0xd0, 0x0, 0x0, 0xff, 0xea, 0xfc, 0x5f,
    0xf8, 0xff, 0x80, 0x0, 0x3, 0xff, 0xd0, 0x0,
    0x1, 0xff, 0xd4, 0xff, 0xcf, 0xc6, 0xff, 0x90,
    0x0, 0x3, 0xff, 0xd0, 0x0, 0x3, 0xff, 0xc0,
    0xef, 0xff, 0x75, 0xff, 0xa0, 0x0, 0x3, 0xff,
    0xd0, 0x0, 0x4, 0xff, 0xb0, 0x9f, 0xff, 0x13,
    0xff, 0xc0, 0x0, 0x3, 0xff, 0xd0, 0x0, 0x5,
    0xff, 0xa0, 0x3e, 0xea, 0x2, 0xff, 0xd0, 0x0,
    0x3, 0xff, 0xd0, 0x0, 0x7, 0xff, 0x90, 0x0,
    0x0, 0x1, 0xff, 0xe0, 0x0, 0x2, 0xff, 0xb0,
    0x0, 0x6, 0xff, 0x70, 0x0, 0x0, 0x0, 0xef,
    0xe0,

    /* U+F25D "" */
    0x0, 0x0, 0x0, 0x0, 0x2, 0x20, 0x0, 0x0,
    0x0, 0x0, 0x0, 0x0, 0x1, 0x8d, 0xff, 0xff,
    0xd8, 0x10, 0x0, 0x0, 0x0, 0x0, 0x7f, 0xff,
    0xff, 0xff, 0xff, 0xf7, 0x0, 0x0, 0x0, 0xa,
    0xff, 0xff, 0xff, 0xff, 0xff, 0xff, 0xa0, 0x0,
    0x0, 0x9f, 0xff, 0xff, 0xff, 0xff, 0xff, 0xff,
    0xf8, 0x0, 0x4, 0xff, 0xff, 0x50, 0x0, 0x13,
    0xaf, 0xff, 0xff, 0x40, 0xd, 0xff, 0xff, 0x10,
    0x0, 0x0, 0x9, 0xff, 0xff, 0xc0, 0x3f, 0xff,
    0xff, 0x10, 0x5, 0x30, 0x3, 0xff, 0xff, 0xf2,
    0x7f, 0xff, 0xff, 0x10, 0x2f, 0xf1, 0x1, 0xff,
    0xff, 0xf7, 0x9f, 0xff, 0xff, 0x10, 0x1d, 0xb0,
    0x3, 0xff, 0xff, 0xf9, 0xaf, 0xff, 0xff, 0x10,
    0x0, 0x0, 0xa, 0xff, 0xff, 0xfa, 0x9f, 0xff,
    0xff, 0x10, 0x0, 0x0, 0x5f, 0xff, 0xff, 0xf9,
    0x7f, 0xff, 0xff, 0x10, 0x1c, 0x10, 0xe, 0xff,
    0xff, 0xf7, 0x3f, 0xff, 0xff, 0x10, 0x2f, 0x80,
    0x6, 0xff, 0xff, 0xf2, 0xd, 0xff, 0xff, 0x10,
    0x2f, 0xf1, 0x0, 0xdf, 0xff, 0xc0, 0x4, 0xff,
    0xff, 0x50, 0x5f, 0xfa, 0x1, 0xdf, 0xff, 0x40,
    0x0, 0x9f, 0xff, 0xff, 0xff, 0xff, 0xff, 0xff,
    0xf8, 0x0, 0x0, 0xa, 0xff, 0xff, 0xff, 0xff,
    0xff, 0xff, 0xa0, 0x0, 0x0, 0x0, 0x7f, 0xff,
    0xff, 0xff, 0xff, 0xf7, 0x0, 0x0, 0x0, 0x0,
    0x1, 0x8d, 0xff, 0xff, 0xd8, 0x10, 0x0, 0x0,
    0x0, 0x0, 0x0, 0x0, 0x2, 0x20, 0x0, 0x0,
    0x0, 0x0,

    /* U+F25E "" */
    0x0, 0x0, 0x0, 0x0, 0x1, 0x10, 0x0, 0x0,
    0x0, 0x0, 0x0, 0x0, 0x3, 0x9e, 0xff, 0xff,
    0xb6, 0x0, 0x0, 0x0, 0x0, 0x0, 0x9f, 0xfe,
    0xba, 0xac, 0xff, 0xe5, 0x0, 0x0, 0x0, 0x2d,
    0xfd, 0x40, 0x0, 0x0, 0x18, 0xff, 0x70, 0x0,
    0x0, 0xdf, 0x90, 0x0, 0x0, 0x0, 0x0, 0x2e,
    0xf6, 0x0, 0x9, 0xfa, 0x0, 0x0, 0x0, 0x0,
    0x0, 0x2, 0xef, 0x20, 0x2f, 0xd0, 0x0, 0x0,
    0x0, 0x0, 0x0, 0x0, 0x5f, 0xa0, 0x8f, 0x60,
    0x0, 0x56, 0x10, 0x2, 0x65, 0x0, 0xd, 0xf0,
    0xcf, 0x10, 0x2e, 0xff, 0xf4, 0x6f, 0xef, 0xd0,
    0x8, 0xf4, 0xfd, 0x0, 0xaf, 0x30, 0x61, 0xfc,
    0x2, 0x50, 0x5, 0xf6, 0xfc, 0x0, 0xcf, 0x0,
    0x2, 0xf8, 0x0, 0x0, 0x4, 0xf7, 0xed, 0x0,
    0xaf, 0x30, 0x73, 0xfc, 0x1, 0x70, 0x5, 0xf6,
    0xcf, 0x10, 0x3e, 0xfe, 0xf3, 0x7f, 0xef, 0xc0,
    0x7, 0xf4, 0x7f, 0x60, 0x0, 0x55, 0x10, 0x2,
    0x64, 0x0, 0xd, 0xf0, 0x2f, 0xd0, 0x0, 0x0,
    0x0, 0x0, 0x0, 0x0, 0x5f, 0xa0, 0x9, 0xfa,
    0x0, 0x0, 0x0, 0x0, 0x0, 0x2, 0xef, 0x20,
    0x0, 0xcf, 0x90, 0x0, 0x0, 0x0, 0x0, 0x3e,
    0xf6, 0x0, 0x0, 0x1c, 0xfd, 0x40, 0x0, 0x0,
    0x18, 0xff, 0x70, 0x0, 0x0, 0x0, 0x9f, 0xfe,
    0xba, 0xac, 0xff, 0xd4, 0x0, 0x0, 0x0, 0x0,
    0x2, 0x9d, 0xff, 0xff, 0xb5, 0x0, 0x0, 0x0,
    0x0, 0x0, 0x0, 0x0, 0x1, 0x10, 0x0, 0x0,
    0x0, 0x0,

    /* U+F260 "" */
    0x0, 0x0, 0x0, 0x11, 0x0, 0x0, 0x12, 0x0,
    0x0, 0x0, 0x0, 0x0, 0x1, 0xed, 0x10, 0x1,
    0xde, 0x20, 0x0, 0x0, 0x0, 0x0, 0x1e, 0xee,
    0x60, 0x2e, 0xed, 0xe2, 0x0, 0x0, 0x0, 0x1,
    0xee, 0x10, 0x2, 0xee, 0x21, 0xde, 0x20, 0x0,
    0x0, 0x1e, 0xe1, 0x0, 0xc, 0xf3, 0x0, 0x1d,
    0xe2, 0x0, 0x1, 0xee, 0x10, 0x0, 0x2, 0xed,
    0x10, 0x1, 0xde, 0x20, 0x1e, 0xe1, 0x0, 0x22,
    0x0, 0x2e, 0xd1, 0x0, 0x1d, 0xe2, 0xcf, 0x30,
    0x0, 0xbe, 0x20, 0x2, 0xeb, 0x0, 0x3, 0xfb,
    0x2e, 0xd1, 0x0, 0x1d, 0xe2, 0x0, 0x22, 0x0,
    0x1d, 0xe1, 0x1, 0xdd, 0x10, 0x1, 0xde, 0x20,
    0x0, 0x1, 0xde, 0x10, 0x0, 0x1d, 0xd1, 0x0,
    0x3f, 0xc0, 0x0, 0x1d, 0xe1, 0x0, 0x0, 0x1,
    0xdd, 0x11, 0xee, 0x20, 0x11, 0xde, 0x10, 0x0,
    0x0, 0x0, 0x1d, 0xde, 0xd2, 0x6, 0xed, 0xe1,
    0x0, 0x0, 0x0, 0x0, 0x1, 0xdd, 0x10, 0x1,
    0xde, 0x10, 0x0, 0x0, 0x0, 0x0, 0x0, 0x11,
    0x0, 0x0, 0x11, 0x0, 0x0, 0x0,

    /* U+F261 "" */
    0x0, 0x0, 0x0, 0x0, 0x2, 0x20, 0x0, 0x0,
    0x0, 0x0, 0x0, 0x0, 0x1, 0x8d, 0xff, 0xff,
    0xd8, 0x10, 0x0, 0x0, 0x0, 0x0, 0x6f, 0xff,
    0xff, 0xff, 0xff, 0xf8, 0x0, 0x0, 0x0, 0x9,
    0xff, 0xff, 0xff, 0xff, 0xff, 0xff, 0xb0, 0x0,
    0x0, 0x7f, 0xff, 0xff, 0xff, 0xff, 0xff, 0xff,
    0xfa, 0x0, 0x3, 0xff, 0xff, 0xff, 0xdf, 0xfe,
    0xef, 0xff, 0xff, 0x50, 0xc, 0xff, 0xff, 0xf4,
    0x1d, 0xe2, 0x2e, 0xff, 0xff, 0xe0, 0x1f, 0xff,
    0xff, 0x40, 0x4c, 0x22, 0x22, 0xef, 0xff, 0xf4,
    0x6f, 0xff, 0xf4, 0xc, 0xf5, 0xc, 0xe2, 0x2e,
    0xff, 0xf8, 0x8f, 0xff, 0x40, 0xce, 0xde, 0x31,
    0xde, 0x22, 0xef, 0xfa, 0x9f, 0xf7, 0xa, 0xf5,
    0x1d, 0xe2, 0x3f, 0xc0, 0x5f, 0xfb, 0x8f, 0xff,
    0x41, 0xdf, 0x31, 0xde, 0xdd, 0x13, 0xef, 0xfa,
    0x6f, 0xff, 0xf4, 0x1d, 0xe0, 0x3f, 0xd1, 0x3e,
    0xff, 0xf8, 0x1f, 0xff, 0xff, 0x41, 0x31, 0xb4,
    0x13, 0xef, 0xff, 0xf4, 0xb, 0xff, 0xff, 0xf4,
    0x1c, 0xf3, 0x3e, 0xff, 0xff, 0xe0, 0x3, 0xff,
    0xff, 0xff, 0xdf, 0xfe, 0xef, 0xff, 0xff, 0x50,
    0x0, 0x7f, 0xff, 0xff, 0xff, 0xff, 0xff, 0xff,
    0xfa, 0x0, 0x0, 0x9, 0xff, 0xff, 0xff, 0xff,
    0xff, 0xff, 0xb0, 0x0, 0x0, 0x0, 0x6f, 0xff,
    0xff, 0xff, 0xff, 0xf8, 0x0, 0x0, 0x0, 0x0,
    0x1, 0x8d, 0xff, 0xff, 0xd9, 0x20, 0x0, 0x0,
    0x0, 0x0, 0x0, 0x0, 0x2, 0x20, 0x0, 0x0,
    0x0, 0x0,

    /* U+F262 "" */
    0x0, 0x0, 0x0, 0x0, 0x0, 0x1, 0x20, 0x0,
    0x0, 0x0, 0x0, 0x0, 0x0, 0x0, 0x0, 0x5,
    0x9d, 0xfe, 0xde, 0xeb, 0x71, 0x0, 0x0, 0x0,
    0x1, 0x11, 0x28, 0xea, 0x51, 0x0, 0x0, 0x14,
    0x8e, 0xb4, 0x11, 0x10, 0xa, 0xff, 0xff, 0xff,
    0xc4, 0x0, 0x0, 0x19, 0xef, 0xff, 0xff, 0xf4,
    0x3, 0xff, 0x92, 0x1, 0x6e, 0x70, 0x2, 0xeb,
    0x41, 0x15, 0xdf, 0xc0, 0x1, 0xf5, 0x0, 0x10,
    0x2, 0xe5, 0xd, 0x80, 0x1, 0x0, 0xc, 0xa0,
    0x9, 0x90, 0x4e, 0xee, 0x40, 0x5d, 0x6d, 0x1,
    0xbe, 0xe9, 0x2, 0xf2, 0xe, 0x40, 0xe3, 0x33,
    0xe0, 0xf, 0xc7, 0xa, 0x73, 0x2a, 0x70, 0xc7,
    0xf, 0x22, 0xc5, 0xf5, 0xc2, 0xe, 0xf6, 0xe,
    0x2f, 0xc4, 0xb0, 0xa8, 0xd, 0x40, 0xe3, 0x43,
    0xe0, 0xf, 0xf7, 0xa, 0x73, 0x2a, 0x70, 0xc7,
    0x9, 0xa0, 0x4e, 0xee, 0x40, 0x6f, 0xfd, 0x1,
    0xbe, 0xe9, 0x2, 0xf3, 0x1, 0xf6, 0x0, 0x10,
    0x3, 0xff, 0xff, 0x80, 0x1, 0x10, 0xc, 0xa0,
    0x0, 0x3e, 0xa4, 0x23, 0x8f, 0x79, 0xe3, 0xda,
    0x30, 0x4, 0xdc, 0x0, 0x0, 0x1, 0x9e, 0xfe,
    0xb3, 0x0, 0x40, 0x8, 0xdf, 0xfd, 0x60, 0x0,
    0x0, 0x0, 0x0, 0x0, 0x0, 0x0, 0x0, 0x0,
    0x0, 0x0, 0x0, 0x0,

    /* U+F263 "" */
    0x0, 0x0, 0x26, 0x75, 0x0, 0x0, 0x0, 0x0,
    0xaf, 0xff, 0xfe, 0x40, 0x0, 0x0, 0xcf, 0xff,
    0xff, 0xff, 0x40, 0x0, 0x5f, 0xfd, 0x32, 0x7f,
    0xfd, 0x0, 0xb, 0xff, 0x10, 0x0, 0x8f, 0xf3,
    0x0, 0xcf, 0xc0, 0x0, 0x4, 0xff, 0x50, 0xb,
    0xfe, 0x0, 0x0, 0x7f, 0xf3, 0x0, 0x6f, 0xfb,
    0x20, 0x5f, 0xfe, 0x0, 0x0, 0xdf, 0xff, 0xff,
    0xff, 0x50, 0x0, 0x1, 0xcf, 0xff, 0xff, 0x60,
    0x0, 0x15, 0x10, 0x48, 0x97, 0x10, 0x34, 0xa,
    0xfe, 0x71, 0x0, 0x3, 0xbf, 0xf2, 0x7f, 0xff,
    0xfe, 0xef, 0xff, 0xfe, 0x10, 0x5e, 0xff, 0xff,
    0xff, 0xfa, 0x10, 0x0, 0x4, 0x7f, 0xfb, 0x51,
    0x0, 0x0, 0x0, 0x9, 0xff, 0xe3, 0x0, 0x0,
    0x0, 0x9, 0xff, 0xff, 0xe3, 0x0, 0x0, 0x9,
    0xff, 0xd7, 0xff, 0xe3, 0x0, 0x7, 0xff, 0xd1,
    0x6, 0xff, 0xe1, 0x0, 0xbf, 0xd1, 0x0, 0x6,
    0xff, 0x40, 0x1, 0x61, 0x0, 0x0, 0x4, 0x50,
    0x0,

    /* U+F264 "" */
    0x5, 0x77, 0x77, 0x77, 0x77, 0x77, 0x77, 0x77,
    0x30, 0xbf, 0xff, 0xff, 0xff, 0xff, 0xff, 0xff,
    0xff, 0xf3, 0xff, 0xff, 0xff, 0xff, 0xff, 0xff,
    0xff, 0xff, 0xf7, 0xff, 0xff, 0xff, 0xe5, 0x13,
    0xaf, 0xff, 0xff, 0xf8, 0xff, 0xff, 0xff, 0x30,
    0x10, 0xb, 0xff, 0xff, 0xf8, 0xff, 0xff, 0xfc,
    0x6, 0xfd, 0x14, 0xff, 0xff, 0xf8, 0xff, 0xff,
    0xfa, 0xc, 0xff, 0x41, 0xff, 0xff, 0xf8, 0xff,
    0xff, 0xfc, 0x5, 0xeb, 0x4, 0xff, 0xff, 0xf8,
    0xff, 0xff, 0xff, 0x50, 0x0, 0xc, 0xff, 0xff,
    0xf8, 0xff, 0xff, 0xfe, 0xf8, 0x45, 0xce, 0xff,
    0xff, 0xf8, 0xff, 0xff, 0xf1, 0x18, 0xba, 0x50,
    0x9f, 0xff, 0xf8, 0xff, 0xff, 0xfb, 0x20, 0x0,
    0x5, 0xff, 0xff, 0xf8, 0xff, 0xff, 0xff, 0xfa,
    0x3, 0xef, 0xff, 0xff, 0xf8, 0xff, 0xff, 0xff,
    0xd1, 0x0, 0x6f, 0xff, 0xff, 0xf8, 0xff, 0xff,
    0xfd, 0x11, 0xc5, 0x7, 0xff, 0xff, 0xf8, 0xff,
    0xff, 0xfb, 0x1c, 0xff, 0x63, 0xff, 0xff, 0xf8,
    0xff, 0xff, 0xff, 0xff, 0xff, 0xff, 0xff, 0xff,
    0xf7, 0xbf, 0xff, 0xff, 0xff, 0xff, 0xff, 0xff,
    0xff, 0xf3, 0x6, 0x77, 0x77, 0x77, 0x77, 0x77,
    0x77, 0x77, 0x30,

    /* U+F265 "" */
    0x7f, 0xff, 0xff, 0xff, 0xff, 0xff, 0xff, 0xff,
    0xd1, 0xff, 0xff, 0xff, 0xff, 0xff, 0xff, 0xff,
    0xff, 0xf7, 0xff, 0xff, 0xff, 0xff, 0xff, 0xff,
    0xff, 0xff, 0xf8, 0xff, 0xff, 0xff, 0xff, 0xff,
    0xff, 0xff, 0xff, 0xf8, 0xff, 0xff, 0x8d, 0xff,
    0xff, 0xff, 0xab, 0xff, 0xf8, 0xff, 0xf8, 0x0,
    0xbf, 0xff, 0xf5, 0x0, 0xff, 0xf8, 0xff, 0xfc,
    0x0, 0xb, 0xff, 0x50, 0x4, 0xff, 0xf7, 0xff,
    0xff, 0xc0, 0x0, 0xa4, 0x0, 0x4f, 0xff, 0xf7,
    0xdf, 0xff, 0xfc, 0x0, 0x0, 0x5, 0xff, 0xff,
    0xf5, 0x9f, 0xff, 0xff, 0xc1, 0x0, 0x5f, 0xff,
    0xff, 0xf1, 0x3f, 0xff, 0xff, 0xfd, 0x37, 0xff,
    0xff, 0xff, 0xb0, 0xa, 0xff, 0xff, 0xff, 0xff,
    0xff, 0xff, 0xff, 0x30, 0x1, 0xdf, 0xff, 0xff,
    0xff, 0xff, 0xff, 0xf7, 0x0, 0x0, 0x2d, 0xff,
    0xff, 0xff, 0xff, 0xff, 0x70, 0x0, 0x0, 0x0,
    0x8f, 0xff, 0xff, 0xff, 0xd4, 0x0, 0x0, 0x0,
    0x0, 0x1, 0x58, 0xa9, 0x73, 0x0, 0x0, 0x0,

    /* U+F266 "" */
    0x88, 0x88, 0x88, 0x24, 0x88, 0x88, 0x80, 0x78,
    0x88, 0x80, 0x88, 0x88, 0x82, 0xcf, 0xfd, 0x20,
    0x1, 0x9f, 0xe1, 0x0, 0x7f, 0x60, 0x1, 0xaf,
    0x90, 0x0, 0xcf, 0xb0, 0x0, 0x0, 0xef, 0x20,
    0x8, 0x80, 0x0, 0x5, 0xd0, 0x0, 0x2, 0xff,
    0x20, 0x0, 0x8, 0xf9, 0x0, 0xe1, 0x0, 0x0,
    0xc6, 0x0, 0x0, 0xb, 0xf9, 0x0, 0x0, 0x1f,
    0xf1, 0x79, 0x0, 0x0, 0x3e, 0x0, 0x0, 0x0,
    0x4f, 0xf1, 0x0, 0x0, 0xaf, 0x8e, 0x10, 0x0,
    0xa, 0x80, 0x0, 0x0, 0x0, 0xdf, 0x70, 0x0,
    0x3, 0xff, 0x90, 0x0, 0x1, 0xf1, 0x0, 0x0,
    0x0, 0x6, 0xfd, 0x0, 0x0, 0xc, 0xf9, 0x0,
    0x0, 0x7a, 0x0, 0x0, 0x0, 0x0, 0xe, 0xf5,
    0x0, 0x0, 0xcf, 0xf0, 0x0, 0xe, 0x30, 0x0,
    0x0, 0x0, 0x0, 0x8f, 0xc0, 0x0, 0x4c, 0xcf,
    0x70, 0x5, 0xd0, 0x0, 0x0, 0x0, 0x0, 0x1,
    0xff, 0x30, 0xd, 0x35, 0xfe, 0x0, 0xc6, 0x0,
    0x0, 0x0, 0x0, 0x0, 0xa, 0xfa, 0x5, 0xb0,
    0xe, 0xf5, 0x3e, 0x0, 0x0, 0x0, 0x0, 0x0,
    0x0, 0x2f, 0xf1, 0xd3, 0x0, 0x8f, 0xca, 0x80,
    0x0, 0x0, 0x0, 0x0, 0x0, 0x0, 0xbf, 0xdb,
    0x0, 0x1, 0xff, 0xf1, 0x0, 0x0, 0x0, 0x0,
    0x0, 0x0, 0x4, 0xff, 0x20, 0x0, 0xa, 0xfa,
    0x0, 0x0, 0x0, 0x0, 0x0, 0x0, 0x0, 0xd,
    0xa0, 0x0, 0x0, 0x3f, 0x30, 0x0, 0x0, 0x0,
    0x0, 0x0, 0x0, 0x0, 0x42, 0x0, 0x0, 0x0,
    0x60, 0x0, 0x0, 0x0, 0x0,

    /* U+F267 "" */
    0x0, 0x0, 0x0, 0x0, 0x2, 0x20, 0x0, 0x0,
    0x0, 0x0, 0x0, 0x0, 0x1, 0x8d, 0xfe, 0xef,
    0xd8, 0x10, 0x0, 0x0, 0x0, 0x0, 0x7f, 0x93,
    0x12, 0x31, 0x39, 0xf7, 0x0, 0x0, 0x0, 0xa,
    0xc2, 0x6d, 0xcf, 0xff, 0xc5, 0x2c, 0xa0, 0x0,
    0x0, 0xab, 0x2c, 0xff, 0xff, 0xff, 0xfd, 0xa1,
    0xba, 0x0, 0x5, 0xd2, 0xdf, 0xff, 0xff, 0xff,
    0xfb, 0xec, 0x1d, 0x50, 0xe, 0x47, 0xff, 0xff,
    0xff, 0xff, 0xa9, 0xff, 0x84, 0xd0, 0x4d, 0x3f,
    0xff, 0xff, 0xff, 0xf9, 0x3f, 0xff, 0xf0, 0xd4,
    0x88, 0x8f, 0xff, 0xff, 0xff, 0x80, 0xcf, 0xff,
    0xf3, 0x88, 0xa6, 0xbf, 0xff, 0xff, 0xf8, 0x6,
    0xff, 0xff, 0xf8, 0x6a, 0xb5, 0xcf, 0xff, 0xff,
    0xab, 0x7e, 0xff, 0xff, 0xfa, 0x4b, 0xa6, 0xaf,
    0xff, 0xff, 0x21, 0xbf, 0xff, 0xff, 0xf9, 0x6a,
    0x88, 0x6f, 0xff, 0xf7, 0xc, 0xff, 0xff, 0xff,
    0xf6, 0x88, 0x4d, 0x3f, 0xff, 0xd1, 0xcf, 0xff,
    0xff, 0xff, 0xf1, 0xd4, 0xd, 0x4a, 0xff, 0x6d,
    0xff, 0xff, 0xff, 0xff, 0x54, 0xd0, 0x5, 0xd2,
    0xdd, 0xef, 0xff, 0xff, 0xff, 0xfc, 0x1d, 0x50,
    0x0, 0x9b, 0x2a, 0xdf, 0xff, 0xff, 0xff, 0xb1,
    0xb9, 0x0, 0x0, 0xa, 0xc2, 0x6d, 0xff, 0xfc,
    0xc5, 0x2c, 0xa0, 0x0, 0x0, 0x0, 0x7f, 0x94,
    0x13, 0x21, 0x49, 0xf7, 0x0, 0x0, 0x0, 0x0,
    0x1, 0x8d, 0xfe, 0xef, 0xd8, 0x10, 0x0, 0x0,
    0x0, 0x0, 0x0, 0x0, 0x2, 0x20, 0x0, 0x0,
    0x0, 0x0,

    /* U+F268 "" */
    0x0, 0x0, 0x0, 0x0, 0x1, 0x10, 0x0, 0x0,
    0x0, 0x0, 0x0, 0x0, 0x2, 0x8d, 0xff, 0xfe,
    0xb5, 0x0, 0x0, 0x0, 0x0, 0x0, 0x9f, 0xff,
    0xff, 0xff, 0xff, 0xd3, 0x0, 0x0, 0x0, 0x1c,
    0xff, 0xff, 0xff, 0xff, 0xff, 0xff, 0x50, 0x0,
    0x0, 0xaf, 0xff, 0xff, 0xff, 0xff, 0xff, 0xff,
    0xf3, 0x0, 0x4, 0x3f, 0xff, 0xff, 0xfd, 0xcd,
    0xde, 0xff, 0xfe, 0x0, 0x1f, 0x38, 0xff, 0xf6,
    0x0, 0x0, 0x0, 0x0, 0x12, 0x0, 0x7f, 0xb0,
    0xdf, 0x30, 0x7a, 0x82, 0x5, 0xab, 0xcd, 0xc0,
    0xcf, 0xf3, 0x37, 0xc, 0xff, 0xff, 0x31, 0xff,
    0xff, 0xf2, 0xef, 0xfb, 0x0, 0x5f, 0xff, 0xff,
    0xb0, 0xbf, 0xff, 0xf4, 0xff, 0xff, 0x30, 0x8f,
    0xff, 0xff, 0xe0, 0x9f, 0xff, 0xf5, 0xef, 0xff,
    0xb0, 0x6f, 0xff, 0xff, 0xc0, 0xaf, 0xff, 0xf4,
    0xcf, 0xff, 0xf4, 0xd, 0xff, 0xff, 0x40, 0xef,
    0xff, 0xf2, 0x8f, 0xff, 0xfe, 0x11, 0x9c, 0xb4,
    0x7, 0xff, 0xff, 0xe0, 0x2f, 0xff, 0xff, 0xe4,
    0x0, 0x0, 0x2f, 0xff, 0xff, 0x80, 0xa, 0xff,
    0xff, 0xff, 0xda, 0x50, 0xcf, 0xff, 0xfe, 0x10,
    0x0, 0xdf, 0xff, 0xff, 0xff, 0x16, 0xff, 0xff,
    0xf5, 0x0, 0x0, 0x2e, 0xff, 0xff, 0xf8, 0x1f,
    0xff, 0xff, 0x70, 0x0, 0x0, 0x1, 0xbf, 0xff,
    0xf1, 0xbf, 0xff, 0xe4, 0x0, 0x0, 0x0, 0x0,
    0x4, 0xbf, 0x85, 0xff, 0xd7, 0x0, 0x0, 0x0,
    0x0, 0x0, 0x0, 0x0, 0x3, 0x31, 0x0, 0x0,
    0x0, 0x0,

    /* U+F269 "" */
    0x0, 0x0, 0x0, 0x0, 0x0, 0x0, 0x0, 0x0,
    0x0, 0x0, 0x0, 0x0, 0x0, 0x0, 0x0, 0xa,
    0x0, 0x0, 0x0, 0x0, 0x0, 0x0, 0x0, 0x0,
    0x6, 0xfa, 0x0, 0x0, 0x0, 0x8, 0x0, 0x0,
    0x0, 0x0, 0xbf, 0xfc, 0x60, 0x0, 0x1, 0xf9,
    0x42, 0x7b, 0x10, 0xe, 0xff, 0xfe, 0x10, 0x0,
    0x5f, 0xff, 0xff, 0x30, 0x0, 0xcf, 0xff, 0xfc,
    0x0, 0xa, 0xff, 0xff, 0xf9, 0x40, 0x6, 0xff,
    0xff, 0xf6, 0x3, 0xff, 0xff, 0xff, 0xff, 0x30,
    0xb, 0xff, 0xff, 0xe0, 0x9f, 0xff, 0xff, 0xfa,
    0x20, 0x0, 0xa, 0xff, 0xff, 0x3b, 0xff, 0xff,
    0xfc, 0x20, 0x0, 0x0, 0x2b, 0xff, 0xf8, 0xdf,
    0xff, 0xfe, 0x0, 0x0, 0x0, 0x0, 0xee, 0xff,
    0xbb, 0xff, 0xff, 0xf7, 0x0, 0x20, 0x0, 0xf,
    0xff, 0xfa, 0x9f, 0xff, 0xff, 0xfe, 0xef, 0xd0,
    0x4, 0xff, 0xff, 0x65, 0xff, 0xff, 0xfe, 0xed,
    0x61, 0x0, 0xcf, 0xff, 0xf1, 0xf, 0xff, 0xff,
    0xf4, 0x0, 0x1, 0xbf, 0xff, 0xf9, 0x0, 0x7f,
    0xff, 0xff, 0xfd, 0xab, 0xff, 0xff, 0xff, 0x60,
    0x0, 0xcf, 0xff, 0xff, 0xff, 0xff, 0xff, 0xff,
    0xd0, 0x0, 0x1, 0xcf, 0xff, 0xff, 0xff, 0xff,
    0xff, 0xa1, 0x0, 0x0, 0x0, 0x8f, 0xff, 0xff,
    0xff, 0xff, 0x50, 0x0, 0x0, 0x0, 0x0, 0x29,
    0xdf, 0xff, 0xfb, 0x40, 0x0, 0x0, 0x0, 0x0,
    0x0, 0x0, 0x1, 0x10, 0x0, 0x0, 0x0, 0x0,

    /* U+F26A "" */
    0x0, 0x0, 0x0, 0x2, 0x46, 0x53, 0x0, 0x0,
    0x0, 0x0, 0x0, 0x0, 0x7, 0xdf, 0xff, 0xfe,
    0xd9, 0x20, 0x0, 0x0, 0x0, 0x3, 0xef, 0xff,
    0xe7, 0x10, 0x47, 0xa5, 0x0, 0x0, 0x0, 0x4f,
    0xff, 0xfb, 0x10, 0x6, 0xff, 0xff, 0x90, 0x0,
    0x2, 0xef, 0xff, 0xb0, 0x0, 0x0, 0x3f, 0xff,
    0xf7, 0x0, 0xb, 0xff, 0xfe, 0x10, 0x0, 0x0,
    0x6, 0xff, 0xff, 0x20, 0x4f, 0xff, 0xf7, 0x0,
    0x0, 0x0, 0x0, 0xdf, 0xff, 0x90, 0x9f, 0xff,
    0xf1, 0x0, 0x0, 0x0, 0x0, 0x8f, 0xff, 0xe0,
    0xdf, 0xff, 0xd0, 0x0, 0x0, 0x0, 0x0, 0x4f,
    0xff, 0xf3, 0xef, 0xff, 0xb0, 0x0, 0x0, 0x0,
    0x0, 0x2f, 0xff, 0xf4, 0xff, 0xff, 0xb0, 0x0,
    0x0, 0x0, 0x0, 0x2f, 0xff, 0xf5, 0xef, 0xff,
    0xc0, 0x0, 0x0, 0x0, 0x0, 0x3f, 0xff, 0xf4,
    0xbf, 0xff, 0xf0, 0x0, 0x0, 0x0, 0x0, 0x6f,
    0xff, 0xf1, 0x7f, 0xff, 0xf4, 0x0, 0x0, 0x0,
    0x0, 0xaf, 0xff, 0xc0, 0x1f, 0xff, 0xfb, 0x0,
    0x0, 0x0, 0x2, 0xff, 0xff, 0x60, 0x7, 0xff,
    0xff, 0x50, 0x0, 0x0, 0xc, 0xff, 0xfc, 0x0,
    0x0, 0xaf, 0xff, 0xf4, 0x0, 0x1, 0xbf, 0xff,
    0xe2, 0x0, 0x0, 0xa, 0xff, 0xff, 0x70, 0x5,
    0xdf, 0xfb, 0x20, 0x0, 0x0, 0x0, 0x6e, 0xff,
    0xfe, 0x96, 0x57, 0x61, 0x0, 0x0, 0x0, 0x0,
    0x1, 0x6b, 0xde, 0xdc, 0x82, 0x0, 0x0, 0x0,

    /* U+F26B "" */
    0x0, 0x0, 0x0, 0x0, 0x0, 0x0, 0x0, 0x36,
    0x75, 0x10, 0x0, 0x0, 0x0, 0x0, 0x0, 0x12,
    0x49, 0xff, 0xeb, 0xad, 0x20, 0x0, 0x0, 0x0,
    0x6, 0xdf, 0xff, 0xff, 0xc1, 0x0, 0x38, 0x0,
    0x0, 0x0, 0x2d, 0xff, 0xff, 0xff, 0xff, 0xd3,
    0x0, 0x70, 0x0, 0x0, 0x3f, 0xff, 0xff, 0xff,
    0xff, 0xff, 0xf3, 0x6, 0x0, 0x0, 0x2e, 0xec,
    0xff, 0xff, 0xff, 0xff, 0xff, 0xe3, 0x40, 0x0,
    0xb, 0xc7, 0xff, 0xe6, 0x21, 0x5d, 0xff, 0xff,
    0xe0, 0x0, 0x3, 0xb4, 0xff, 0xe1, 0x0, 0x0,
    0xb, 0xff, 0xff, 0x30, 0x0, 0x52, 0xef, 0xf5,
    0x0, 0x0, 0x0, 0x2f, 0xff, 0xf9, 0x0, 0x0,
    0xbf, 0xff, 0x43, 0x33, 0x33, 0x33, 0xef, 0xff,
    0xd0, 0x0, 0x6f, 0xff, 0xff, 0xff, 0xff, 0xff,
    0xff, 0xff, 0xff, 0x0, 0x1e, 0xff, 0xff, 0xff,
    0xff, 0xff, 0xff, 0xff, 0xff, 0xf0, 0x8, 0xff,
    0xff, 0xf5, 0x44, 0x44, 0x44, 0x44, 0x44, 0x43,
    0x0, 0xff, 0xff, 0xff, 0x50, 0x0, 0x0, 0x0,
    0x0, 0x0, 0x0, 0x5f, 0x9f, 0xff, 0xfd, 0x10,
    0x0, 0x0, 0x8e, 0xee, 0xe4, 0xa, 0xe0, 0xcf,
    0xff, 0xfd, 0x40, 0x2, 0xaf, 0xff, 0xfd, 0x0,
    0xd9, 0x3, 0xff, 0xff, 0xff, 0xff, 0xff, 0xff,
    0xff, 0x30, 0xf, 0x70, 0x5, 0xff, 0xff, 0xff,
    0xff, 0xff, 0xfe, 0x40, 0x0, 0xe9, 0x0, 0x3,
    0xef, 0xff, 0xff, 0xff, 0xfb, 0x20, 0x0, 0x9,
    0xf4, 0x2, 0x87, 0x59, 0xbc, 0xca, 0x72, 0x0,
    0x0, 0x0, 0x7, 0xa9, 0x50, 0x0, 0x0, 0x0,
    0x0, 0x0, 0x0, 0x0, 0x0,

    /* U+F26C "" */
    0x6, 0x88, 0x88, 0x88, 0x88, 0x88, 0x88, 0x88,
    0x88, 0x88, 0x88, 0x86, 0xb, 0xff, 0xff, 0xff,
    0xff, 0xff, 0xff, 0xff, 0xff, 0xff, 0xff, 0xff,
    0xfb, 0xff, 0xff, 0xff, 0xff, 0xff, 0xff, 0xff,
    0xff, 0xff, 0xff, 0xff, 0xff, 0xff, 0xf8, 0x0,
    0x0, 0x0, 0x0, 0x0, 0x0, 0x0, 0x0, 0x0,
    0x8, 0xff, 0xff, 0x80, 0x0, 0x0, 0x0, 0x0,
    0x0, 0x0, 0x0, 0x0, 0x0, 0x8f, 0xff, 0xf8,
    0x0, 0x0, 0x0, 0x0, 0x0, 0x0, 0x0, 0x0,
    0x0, 0x8, 0xff, 0xff, 0x80, 0x0, 0x0, 0x0,
    0x0, 0x0, 0x0, 0x0, 0x0, 0x0, 0x8f, 0xff,
    0xf8, 0x0, 0x0, 0x0, 0x0, 0x0, 0x0, 0x0,
    0x0, 0x0, 0x8, 0xff, 0xff, 0x80, 0x0, 0x0,
    0x0, 0x0, 0x0, 0x0, 0x0, 0x0, 0x0, 0x8f,
    0xff, 0xf8, 0x0, 0x0, 0x0, 0x0, 0x0, 0x0,
    0x0, 0x0, 0x0, 0x8, 0xff, 0xff, 0x80, 0x0,
    0x0, 0x0, 0x0, 0x0, 0x0, 0x0, 0x0, 0x0,
    0x8f, 0xff, 0xf8, 0x0, 0x0, 0x0, 0x0, 0x0,
    0x0, 0x0, 0x0, 0x0, 0x8, 0xff, 0xff, 0x80,
    0x0, 0x0, 0x0, 0x0, 0x0, 0x0, 0x0, 0x0,
    0x0, 0x8f, 0xff, 0xf8, 0x0, 0x0, 0x0, 0x0,
    0x0, 0x0, 0x0, 0x0, 0x0, 0x8, 0xff, 0xff,
    0xc8, 0x88, 0x88, 0x88, 0x88, 0x88, 0x88, 0x88,
    0x88, 0x88, 0xcf, 0xfe, 0xff, 0xff, 0xff, 0xff,
    0xff, 0xff, 0xff, 0xff, 0xff, 0xff, 0xff, 0xfe,
    0x4e, 0xff, 0xff, 0xff, 0xff, 0xff, 0xff, 0xff,
    0xff, 0xff, 0xff, 0xfe, 0x40, 0x0, 0x0, 0x0,
    0x0, 0x0, 0x8f, 0xf0, 0x0, 0x0, 0x0, 0x0,
    0x0, 0x0, 0x0, 0xbf, 0xff, 0xff, 0xff, 0xff,
    0xff, 0xff, 0xff, 0xe2, 0x0, 0x0, 0x0, 0xf,
    0xff, 0xff, 0xff, 0xff, 0xff, 0xff, 0xff, 0xff,
    0x50, 0x0, 0x0, 0x0, 0x37, 0x88, 0x88, 0x88,
    0x88, 0x88, 0x88, 0x88, 0x60, 0x0, 0x0,

    /* U+F26D "" */
    0x27, 0x72, 0x0, 0x0, 0x0, 0x0, 0x0, 0x4,
    0x77, 0x72, 0xef, 0xc0, 0x0, 0x0, 0x0, 0x0,
    0x0, 0x2, 0xff, 0xfe, 0xff, 0x10, 0x0, 0x0,
    0x0, 0x0, 0x0, 0x0, 0x7f, 0xff, 0xf9, 0x0,
    0x0, 0x3, 0xac, 0x70, 0x0, 0x0, 0x1f, 0xff,
    0xf4, 0x0, 0x0, 0x2f, 0xff, 0xf8, 0x26, 0x9d,
    0xff, 0xff, 0xf1, 0x0, 0x0, 0x8f, 0xff, 0xff,
    0xff, 0xff, 0xff, 0xff, 0xf0, 0x0, 0x0, 0x8f,
    0xff, 0xff, 0xff, 0xff, 0xff, 0xff, 0xf1, 0x0,
    0x0, 0x6f, 0xff, 0xff, 0xff, 0xff, 0xff, 0xff,
    0xf3, 0x0, 0x0, 0x3f, 0xff, 0xff, 0xff, 0xff,
    0xff, 0xff, 0xf6, 0x0, 0x0, 0xf, 0xff, 0xff,
    0xff, 0xff, 0xff, 0xff, 0xf9, 0x0, 0x0, 0xd,
    0xff, 0xff, 0xff, 0xff, 0xff, 0xff, 0xfd, 0x0,
    0x0, 0x9, 0xff, 0xff, 0xff, 0xff, 0xfe, 0xcf,
    0xff, 0x10, 0x0, 0x5, 0xff, 0xff, 0xfe, 0x96,
    0x20, 0x2f, 0xff, 0x40, 0x0, 0x1, 0xff, 0xff,
    0xf6, 0x0, 0x0, 0x3f, 0xff, 0x90, 0x0, 0x0,
    0x9f, 0xff, 0xe1, 0x0, 0x0, 0x6f, 0xff, 0xe0,
    0x0, 0x0, 0x8, 0xb9, 0x20, 0x0, 0x0, 0xbf,
    0xff, 0xf6, 0x0, 0x0, 0x0, 0x0, 0x0, 0x0,
    0x3, 0xff, 0xaf, 0xfe, 0x10, 0x0, 0x0, 0x0,
    0x0, 0x0, 0x1d, 0xfa, 0x0, 0x0, 0x0, 0x0,
    0x0, 0x0, 0x0, 0x0, 0x0, 0x0,

    /* U+F26E "" */
    0x0, 0x1, 0x11, 0x11, 0x11, 0x11, 0x10, 0x0,
    0x0, 0xf, 0xff, 0xff, 0xff, 0xff, 0xf1, 0x0,
    0x0, 0xf, 0x21, 0x11, 0x11, 0x11, 0x0, 0x0,
    0x0, 0xf, 0x13, 0xcf, 0xff, 0xda, 0x40, 0x0,
    0x0, 0xf, 0x12, 0x72, 0x0, 0x38, 0xec, 0x20,
    0x0, 0xf, 0x10, 0x5a, 0xcc, 0x93, 0x9, 0xc0,
    0x0, 0xf, 0x3d, 0xe8, 0x66, 0xaf, 0x90, 0x0,
    0x0, 0xf, 0xf9, 0x1, 0x43, 0x2, 0xda, 0x0,
    0x0, 0xf, 0x90, 0x7f, 0xff, 0xe4, 0x1e, 0x50,
    0x0, 0x0, 0x5, 0xf5, 0x0, 0x7f, 0x37, 0xc0,
    0x0, 0x0, 0xd, 0x84, 0x69, 0x1a, 0x92, 0xf0,
    0x0, 0x0, 0xf, 0x41, 0xfb, 0x7, 0xb0, 0xf1,
    0x64, 0x0, 0xf, 0x45, 0x9c, 0x1a, 0x92, 0xf0,
    0x9a, 0xe, 0x2f, 0x40, 0x1, 0x7f, 0x37, 0xc0,
    0x4f, 0x19, 0xbf, 0x45, 0xff, 0xe4, 0x1e, 0x50,
    0xd, 0x91, 0xdf, 0x40, 0x33, 0x2, 0xdb, 0x0,
    0x3, 0xf5, 0x2c, 0xe9, 0x66, 0xaf, 0x90, 0x30,
    0x0, 0x5f, 0x60, 0x59, 0xba, 0x82, 0x9, 0xe1,
    0x0, 0x4, 0xec, 0x62, 0x0, 0x37, 0xec, 0x20,
    0x0, 0x0, 0x7, 0xcf, 0xff, 0xfb, 0x50, 0x0,
    0x0, 0x0, 0x0, 0x0, 0x11, 0x0, 0x0, 0x0,

    /* U+F270 "" */
    0x0, 0x0, 0x0, 0x1, 0x33, 0x0, 0x0, 0x0,
    0x0, 0x0, 0x0, 0x4, 0xdf, 0xff, 0xfa, 0x10,
    0x0, 0x0, 0x0, 0x0, 0x6f, 0xff, 0xff, 0xff,
    0xb0, 0x0, 0x0, 0x0, 0x1, 0xff, 0xfa, 0x36,
    0xff, 0xf3, 0x0, 0x0, 0x0, 0x3, 0xef, 0xd0,
    0x0, 0xff, 0xf5, 0x0, 0x0, 0x0, 0x0, 0x0,
    0x0, 0x1, 0xff, 0xf5, 0x0, 0x0, 0x0, 0x0,
    0x1, 0x7c, 0xff, 0xff, 0xf5, 0x0, 0x0, 0x0,
    0x0, 0x4f, 0xff, 0xeb, 0xff, 0xf5, 0x0, 0x0,
    0x0, 0x1, 0xff, 0xf7, 0x0, 0xff, 0xf5, 0x0,
    0x0, 0x0, 0x6, 0xff, 0xd0, 0x0, 0xff, 0xf5,
    0x0, 0x0, 0x0, 0x8, 0xff, 0xe0, 0x3, 0xff,
    0xf8, 0x0, 0x0, 0x0, 0x6, 0xff, 0xfc, 0x8e,
    0xff, 0xff, 0x40, 0x0, 0x0, 0x1, 0xef, 0xff,
    0xff, 0x6e, 0xfc, 0x0, 0x0, 0x0, 0x0, 0x2a,
    0xee, 0xb3, 0x3, 0xb0, 0x3, 0x30, 0x57, 0x0,
    0x0, 0x0, 0x0, 0x0, 0x0, 0x67, 0xd3, 0x6,
    0xd6, 0x0, 0x0, 0x0, 0x0, 0x2, 0x94, 0xa0,
    0x0, 0x2c, 0xfb, 0x74, 0x34, 0x69, 0xdf, 0x61,
    0x60, 0x0, 0x0, 0x4a, 0xff, 0xff, 0xfc, 0x71,
    0x0, 0x0, 0x0, 0x0, 0x0, 0x2, 0x32, 0x0,
    0x0, 0x0, 0x0,

    /* U+F271 "" */
    0x0, 0x1, 0x77, 0x10, 0x0, 0x5, 0x85, 0x0,
    0x0, 0x0, 0x4, 0xff, 0x40, 0x0, 0xc, 0xfc,
    0x0, 0x0, 0x0, 0x4, 0xff, 0x40, 0x0, 0xc,
    0xfc, 0x0, 0x0, 0x5e, 0xff, 0xff, 0xff, 0xff,
    0xff, 0xff, 0xff, 0xb0, 0xef, 0xff, 0xff, 0xff,
    0xff, 0xff, 0xff, 0xff, 0xf6, 0xff, 0xff, 0xff,
    0xff, 0xff, 0xff, 0xff, 0xff, 0xf8, 0xbc, 0xcc,
    0xcc, 0xcc, 0xcc, 0xcc, 0xcc, 0xcc, 0xc5, 0x0,
    0x0, 0x0, 0x0, 0x0, 0x0, 0x0, 0x0, 0x0,
    0xff, 0xff, 0xff, 0xff, 0xff, 0xff, 0xff, 0xff,
    0xf7, 0xff, 0xff, 0xff, 0xff, 0xff, 0xff, 0xff,
    0xff, 0xf8, 0xff, 0xff, 0xff, 0xfa, 0x33, 0xff,
    0xff, 0xff, 0xf8, 0xff, 0xff, 0xff, 0xf8, 0x0,
    0xff, 0xff, 0xff, 0xf8, 0xff, 0xff, 0xff, 0xf8,
    0x0, 0xff, 0xff, 0xff, 0xf8, 0xff, 0xff, 0xb0,
    0x0, 0x0, 0x0, 0x3f, 0xff, 0xf8, 0xff, 0xff,
    0xb0, 0x0, 0x0, 0x0, 0x3f, 0xff, 0xf8, 0xff,
    0xff, 0xfb, 0xb5, 0x0, 0xbb, 0xdf, 0xff, 0xf8,
    0xff, 0xff, 0xff, 0xf8, 0x0, 0xff, 0xff, 0xff,
    0xf8, 0xff, 0xff, 0xff, 0xf8, 0x0, 0xff, 0xff,
    0xff, 0xf8, 0xff, 0xff, 0xff, 0xff, 0xee, 0xff,
    0xff, 0xff, 0xf7, 0x9f, 0xff, 0xff, 0xff, 0xff,
    0xff, 0xff, 0xff, 0xf2, 0x3, 0x44, 0x44, 0x44,
    0x44, 0x44, 0x44, 0x44, 0x10,

    /* U+F272 "" */
    0x0, 0x1, 0x77, 0x10, 0x0, 0x5, 0x85, 0x0,
    0x0, 0x0, 0x4, 0xff, 0x40, 0x0, 0xc, 0xfc,
    0x0, 0x0, 0x0, 0x4, 0xff, 0x40, 0x0, 0xc,
    0xfc, 0x0, 0x0, 0x5e, 0xff, 0xff, 0xff, 0xff,
    0xff, 0xff, 0xff, 0xb0, 0xef, 0xff, 0xff, 0xff,
    0xff, 0xff, 0xff, 0xff, 0xf6, 0xff, 0xff, 0xff,
    0xff, 0xff, 0xff, 0xff, 0xff, 0xf8, 0xbc, 0xcc,
    0xcc, 0xcc, 0xcc, 0xcc, 0xcc, 0xcc, 0xc5, 0x0,
    0x0, 0x0, 0x0, 0x0, 0x0, 0x0, 0x0, 0x0,
    0xff, 0xff, 0xff, 0xff, 0xff, 0xff, 0xff, 0xff,
    0xf7, 0xff, 0xff, 0xff, 0xff, 0xff, 0xff, 0xff,
    0xff, 0xf8, 0xff, 0xff, 0xff, 0xff, 0xff, 0xff,
    0xff, 0xff, 0xf8, 0xff, 0xff, 0xff, 0xff, 0xff,
    0xff, 0xff, 0xff, 0xf8, 0xff, 0xff, 0xff, 0xff,
    0xff, 0xff, 0xff, 0xff, 0xf8, 0xff, 0xff, 0xb0,
    0x0, 0x0, 0x0, 0x3f, 0xff, 0xf8, 0xff, 0xff,
    0xb0, 0x0, 0x0, 0x0, 0x3f, 0xff, 0xf8, 0xff,
    0xff, 0xd4, 0x44, 0x44, 0x44, 0x7f, 0xff, 0xf8,
    0xff, 0xff, 0xff, 0xff, 0xff, 0xff, 0xff, 0xff,
    0xf8, 0xff, 0xff, 0xff, 0xff, 0xff, 0xff, 0xff,
    0xff, 0xf8, 0xff, 0xff, 0xff, 0xff, 0xff, 0xff,
    0xff, 0xff, 0xf7, 0xdf, 0xff, 0xff, 0xff, 0xff,
    0xff, 0xff, 0xff, 0xf5, 0x2a, 0xbb, 0xbb, 0xbb,
    0xbb, 0xbb, 0xbb, 0xbb, 0x70,

    /* U+F273 "" */
    0x0, 0x1, 0x77, 0x10, 0x0, 0x5, 0x85, 0x0,
    0x0, 0x0, 0x4, 0xff, 0x40, 0x0, 0xc, 0xfc,
    0x0, 0x0, 0x0, 0x4, 0xff, 0x40, 0x0, 0xc,
    0xfc, 0x0, 0x0, 0x5e, 0xff, 0xff, 0xff, 0xff,
    0xff, 0xff, 0xff, 0xb0, 0xef, 0xff, 0xff, 0xff,
    0xff, 0xff, 0xff, 0xff, 0xf6, 0xff, 0xff, 0xff,
    0xff, 0xff, 0xff, 0xff, 0xff, 0xf8, 0xbc, 0xcc,
    0xcc, 0xcc, 0xcc, 0xcc, 0xcc, 0xcc, 0xc5, 0x0,
    0x0, 0x0, 0x0, 0x0, 0x0, 0x0, 0x0, 0x0,
    0xff, 0xff, 0xff, 0xff, 0xff, 0xff, 0xff, 0xff,
    0xf7, 0xff, 0xff, 0xff, 0xff, 0xff, 0xff, 0xff,
    0xff, 0xf8, 0xff, 0xff, 0xff, 0x9f, 0xff, 0xbc,
    0xff, 0xff, 0xf8, 0xff, 0xff, 0xf5, 0x4, 0xfb,
    0x0, 0xcf, 0xff, 0xf8, 0xff, 0xff, 0xf4, 0x0,
    0x30, 0x0, 0xbf, 0xff, 0xf8, 0xff, 0xff, 0xff,
    0x40, 0x0, 0xb, 0xff, 0xff, 0xf8, 0xff, 0xff,
    0xff, 0xa0, 0x0, 0x3f, 0xff, 0xff, 0xf8, 0xff,
    0xff, 0xfb, 0x0, 0x0, 0x4, 0xff, 0xff, 0xf8,
    0xff, 0xff, 0xf1, 0x0, 0xa4, 0x0, 0x9f, 0xff,
    0xf8, 0xff, 0xff, 0xfc, 0x1b, 0xff, 0x45, 0xff,
    0xff, 0xf8, 0xff, 0xff, 0xff, 0xff, 0xff, 0xff,
    0xff, 0xff, 0xf7, 0xbf, 0xff, 0xff, 0xff, 0xff,
    0xff, 0xff, 0xff, 0xf3, 0x6, 0x88, 0x88, 0x88,
    0x88, 0x88, 0x88, 0x87, 0x30,

    /* U+F274 "" */
    0x0, 0x1, 0x77, 0x10, 0x0, 0x5, 0x85, 0x0,
    0x0, 0x0, 0x4, 0xff, 0x40, 0x0, 0xc, 0xfc,
    0x0, 0x0, 0x0, 0x4, 0xff, 0x40, 0x0, 0xc,
    0xfc, 0x0, 0x0, 0x5e, 0xff, 0xff, 0xff, 0xff,
    0xff, 0xff, 0xff, 0xb0, 0xef, 0xff, 0xff, 0xff,
    0xff, 0xff, 0xff, 0xff, 0xf6, 0xff, 0xff, 0xff,
    0xff, 0xff, 0xff, 0xff, 0xff, 0xf8, 0xbc, 0xcc,
    0xcc, 0xcc, 0xcc, 0xcc, 0xcc, 0xcc, 0xc5, 0x0,
    0x0, 0x0, 0x0, 0x0, 0x0, 0x0, 0x0, 0x0,
    0xff, 0xff, 0xff, 0xff, 0xff, 0xff, 0xff, 0xff,
    0xf7, 0xff, 0xff, 0xff, 0xff, 0xff, 0xff, 0xff,
    0xff, 0xf8, 0xff, 0xff, 0xff, 0xff, 0xff, 0xfc,
    0xcf, 0xff, 0xf8, 0xff, 0xff, 0xff, 0xff, 0xff,
    0xc0, 0xb, 0xff, 0xf8, 0xff, 0xff, 0xfe, 0xff,
    0xfc, 0x0, 0xa, 0xff, 0xf8, 0xff, 0xff, 0x80,
    0xaf, 0xc0, 0x0, 0x9f, 0xff, 0xf8, 0xff, 0xff,
    0x10, 0x7, 0x0, 0x9, 0xff, 0xff, 0xf8, 0xff,
    0xff, 0xc0, 0x0, 0x0, 0xaf, 0xff, 0xff, 0xf8,
    0xff, 0xff, 0xfc, 0x0, 0xa, 0xff, 0xff, 0xff,
    0xf8, 0xff, 0xff, 0xff, 0xc0, 0xaf, 0xff, 0xff,
    0xff, 0xf8, 0xff, 0xff, 0xff, 0xff, 0xff, 0xff,
    0xff, 0xff, 0xf7, 0xbf, 0xff, 0xff, 0xff, 0xff,
    0xff, 0xff, 0xff, 0xf3, 0x6, 0x88, 0x88, 0x88,
    0x88, 0x88, 0x88, 0x87, 0x30,

    /* U+F275 "" */
    0x47, 0x77, 0x76, 0x0, 0x0, 0x0, 0x0, 0x0,
    0x0, 0x0, 0xff, 0xff, 0xff, 0x30, 0x0, 0x0,
    0x0, 0x0, 0x0, 0x0, 0xff, 0xff, 0xff, 0x40,
    0x0, 0x0, 0x0, 0x0, 0x0, 0x0, 0xff, 0xff,
    0xff, 0x40, 0x0, 0x0, 0x0, 0x0, 0x0, 0x0,
    0xff, 0xff, 0xff, 0x40, 0x0, 0x0, 0x0, 0x0,
    0x0, 0x0, 0xff, 0xff, 0xff, 0x40, 0x0, 0x2,
    0x50, 0x0, 0x0, 0x34, 0xff, 0xff, 0xff, 0x40,
    0x0, 0x8f, 0xf1, 0x0, 0x19, 0xff, 0xff, 0xff,
    0xff, 0x40, 0x4d, 0xff, 0xf2, 0x5, 0xef, 0xff,
    0xff, 0xff, 0xff, 0x5a, 0xff, 0xff, 0xf4, 0xbf,
    0xff, 0xff, 0xff, 0xff, 0xff, 0xff, 0xff, 0xff,
    0xff, 0xff, 0xff, 0xff, 0xff, 0xff, 0xff, 0xff,
    0xff, 0xff, 0xff, 0xff, 0xff, 0xff, 0xff, 0xff,
    0xff, 0xff, 0xff, 0xff, 0xff, 0xff, 0xff, 0xff,
    0xff, 0xff, 0xff, 0xff, 0xff, 0xff, 0xff, 0xff,
    0xff, 0xff, 0xff, 0xff, 0xff, 0xff, 0xff, 0xff,
    0xff, 0xff, 0xff, 0xff, 0xff, 0xff, 0xff, 0xff,
    0xff, 0xff, 0xff, 0xff, 0xff, 0xff, 0xff, 0xff,
    0xff, 0xff, 0xff, 0xff, 0xff, 0xff, 0xff, 0xff,
    0xff, 0xff, 0xff, 0xff, 0xff, 0xff, 0xff, 0xff,
    0xff, 0xff, 0xdf, 0xff, 0xff, 0xff, 0xff, 0xff,
    0xff, 0xff, 0xff, 0xfd, 0x0, 0x0, 0x0, 0x0,
    0x0, 0x0, 0x0, 0x0, 0x0, 0x0,

    /* U+F276 "" */
    0x0, 0x0, 0x24, 0x30, 0x0, 0x0, 0x0, 0x5d,
    0xff, 0xff, 0x80, 0x0, 0x7, 0xff, 0xec, 0xff,
    0xfb, 0x0, 0x3f, 0xf7, 0x26, 0xff, 0xff, 0x80,
    0xbf, 0x84, 0xff, 0xff, 0xff, 0xf0, 0xef, 0x2d,
    0xff, 0xff, 0xff, 0xf3, 0xff, 0x6f, 0xff, 0xff,
    0xff, 0xf4, 0xdf, 0xff, 0xff, 0xff, 0xff, 0xf2,
    0x8f, 0xff, 0xff, 0xff, 0xff, 0xd0, 0x1e, 0xff,
    0xff, 0xff, 0xff, 0x40, 0x2, 0xdf, 0xff, 0xff,
    0xf5, 0x0, 0x0, 0x6, 0xbd, 0xc8, 0x10, 0x0,
    0x0, 0x0, 0x0, 0x10, 0x0, 0x0, 0x0, 0x0,
    0x9f, 0xe0, 0x0, 0x0, 0x0, 0x0, 0x9f, 0xe0,
    0x0, 0x0, 0x0, 0x0, 0x9f, 0xe0, 0x0, 0x0,
    0x0, 0x0, 0x9f, 0xe0, 0x0, 0x0, 0x0, 0x0,
    0x9f, 0xe0, 0x0, 0x0, 0x0, 0x0, 0x9f, 0xe0,
    0x0, 0x0, 0x0, 0x0, 0x4f, 0x90, 0x0, 0x0,
    0x0, 0x0, 0x5, 0x0, 0x0, 0x0,

    /* U+F277 "" */
    0x0, 0x0, 0x0, 0x0, 0x0, 0x34, 0x0, 0x0,
    0x0, 0x0, 0x0, 0x0, 0x0, 0x0, 0x0, 0x1,
    0xff, 0x60, 0x0, 0x0, 0x0, 0x0, 0x0, 0x6f,
    0xff, 0xff, 0xff, 0xff, 0xff, 0xff, 0xff, 0xf7,
    0x0, 0x0, 0x9f, 0xff, 0xff, 0xff, 0xff, 0xff,
    0xff, 0xff, 0xff, 0x70, 0x0, 0x9f, 0xff, 0xff,
    0xff, 0xff, 0xff, 0xff, 0xff, 0xff, 0xf1, 0x0,
    0x9f, 0xff, 0xff, 0xff, 0xff, 0xff, 0xff, 0xff,
    0xff, 0x60, 0x0, 0x5f, 0xff, 0xff, 0xff, 0xff,
    0xff, 0xff, 0xff, 0xe6, 0x0, 0x0, 0x0, 0x0,
    0x0, 0x0, 0x33, 0x10, 0x0, 0x0, 0x0, 0x0,
    0x0, 0x0, 0x0, 0x0, 0x1, 0xff, 0x60, 0x0,
    0x0, 0x0, 0x0, 0x0, 0x2d, 0xff, 0xff, 0xff,
    0xff, 0xff, 0xff, 0xff, 0xfa, 0x0, 0x2, 0xef,
    0xff, 0xff, 0xff, 0xff, 0xff, 0xff, 0xff, 0xfe,
    0x0, 0xb, 0xff, 0xff, 0xff, 0xff, 0xff, 0xff,
    0xff, 0xff, 0xfe, 0x0, 0x2, 0xef, 0xff, 0xff,
    0xff, 0xff, 0xff, 0xff, 0xff, 0xfe, 0x0, 0x0,
    0x3e, 0xff, 0xff, 0xff, 0xff, 0xff, 0xff, 0xff,
    0xfc, 0x0, 0x0, 0x0, 0x0, 0x0, 0x0, 0x0,
    0x0, 0x0, 0x0, 0x0, 0x0, 0x0, 0x0, 0x0,
    0x0, 0x0, 0x44, 0x10, 0x0, 0x0, 0x0, 0x0,
    0x0, 0x0, 0x0, 0x0, 0x1, 0xff, 0x60, 0x0,
    0x0, 0x0, 0x0, 0x0, 0x0, 0x0, 0x0, 0x1,
    0xff, 0x60, 0x0, 0x0, 0x0, 0x0, 0x0, 0x0,
    0x0, 0x0, 0x1, 0xff, 0x60, 0x0, 0x0, 0x0,
    0x0, 0x0, 0x0, 0x0, 0x0, 0x1, 0xff, 0x60,
    0x0, 0x0, 0x0, 0x0, 0x0, 0x0, 0x0, 0x0,
    0x0, 0xab, 0x30, 0x0, 0x0, 0x0, 0x0,

    /* U+F279 "" */
    0x0, 0x0, 0x0, 0x1, 0x0, 0x0, 0x0, 0x0,
    0x0, 0x0, 0x2, 0x0, 0x0, 0x28, 0xe4, 0x8e,
    0x93, 0x0, 0x0, 0x0, 0x0, 0x5c, 0xf4, 0x5,
    0xbf, 0xff, 0x48, 0xff, 0xfe, 0x93, 0x0, 0x6,
    0xdf, 0xff, 0x5c, 0xff, 0xff, 0xf4, 0x8f, 0xff,
    0xff, 0xfe, 0xd, 0xff, 0xff, 0xf5, 0xff, 0xff,
    0xff, 0x48, 0xff, 0xff, 0xff, 0xf0, 0xef, 0xff,
    0xff, 0x5f, 0xff, 0xff, 0xf4, 0x8f, 0xff, 0xff,
    0xff, 0xe, 0xff, 0xff, 0xf5, 0xff, 0xff, 0xff,
    0x48, 0xff, 0xff, 0xff, 0xf0, 0xef, 0xff, 0xff,
    0x5f, 0xff, 0xff, 0xf4, 0x8f, 0xff, 0xff, 0xff,
    0xe, 0xff, 0xff, 0xf5, 0xff, 0xff, 0xff, 0x48,
    0xff, 0xff, 0xff, 0xf0, 0xef, 0xff, 0xff, 0x5f,
    0xff, 0xff, 0xf4, 0x8f, 0xff, 0xff, 0xff, 0xe,
    0xff, 0xff, 0xf5, 0xff, 0xff, 0xff, 0x48, 0xff,
    0xff, 0xff, 0xf0, 0xef, 0xff, 0xff, 0x5f, 0xff,
    0xff, 0xf4, 0x8f, 0xff, 0xff, 0xff, 0xe, 0xff,
    0xff, 0xf5, 0xff, 0xff, 0xff, 0x48, 0xff, 0xff,
    0xff, 0xf0, 0xef, 0xff, 0xff, 0x5f, 0xff, 0xff,
    0xf4, 0x8f, 0xff, 0xff, 0xff, 0xe, 0xff, 0xff,
    0xf5, 0xff, 0xff, 0xff, 0x48, 0xff, 0xff, 0xff,
    0xf0, 0xef, 0xff, 0xff, 0x5f, 0xff, 0xff, 0xf3,
    0x6f, 0xff, 0xff, 0xff, 0xe, 0xff, 0xff, 0xf2,
    0xff, 0xff, 0x81, 0x0, 0x16, 0xcf, 0xff, 0xf0,
    0xef, 0xfd, 0x71, 0xf, 0xe7, 0x10, 0x0, 0x0,
    0x0, 0x16, 0xcf, 0xe, 0xa4, 0x0, 0x0, 0x20,
    0x0, 0x0, 0x0, 0x0, 0x0, 0x0, 0x10, 0x10,
    0x0, 0x0, 0x0,

    /* U+F27A "" */
    0x1, 0x44, 0x44, 0x44, 0x44, 0x44, 0x44, 0x44,
    0x44, 0x10, 0x4f, 0xff, 0xff, 0xff, 0xff, 0xff,
    0xff, 0xff, 0xff, 0xf4, 0xdf, 0xff, 0xff, 0xff,
    0xff, 0xff, 0xff, 0xff, 0xff, 0xfd, 0xff, 0xff,
    0xff, 0xff, 0xff, 0xff, 0xff, 0xff, 0xff, 0xff,
    0xff, 0xff, 0xff, 0xff, 0xff, 0xff, 0xff, 0xff,
    0xff, 0xff, 0xff, 0xff, 0xff, 0xff, 0xff, 0xff,
    0xff, 0xff, 0xff, 0xff, 0xff, 0xff, 0xff, 0xff,
    0xff, 0xff, 0xff, 0xff, 0xff, 0xff, 0xff, 0xff,
    0xff, 0xff, 0xff, 0xff, 0xff, 0xff, 0xff, 0xff,
    0xff, 0xff, 0xff, 0xff, 0xff, 0xff, 0xff, 0xff,
    0xff, 0xff, 0xff, 0xff, 0xff, 0xff, 0xff, 0xff,
    0xff, 0xff, 0xff, 0xff, 0xff, 0xff, 0xff, 0xff,
    0xff, 0xff, 0xff, 0xff, 0xff, 0xff, 0xff, 0xff,
    0xff, 0xff, 0xff, 0xff, 0xff, 0xff, 0xff, 0xff,
    0xff, 0xff, 0xff, 0xff, 0xff, 0xff, 0xff, 0xff,
    0xff, 0xff, 0xff, 0xff, 0xff, 0xff, 0xff, 0xff,
    0xff, 0xff, 0xff, 0xff, 0xff, 0xff, 0xff, 0xff,
    0xff, 0xff, 0xff, 0xff, 0xff, 0xff, 0xbf, 0xff,
    0xff, 0xff, 0xff, 0xff, 0xff, 0xff, 0xff, 0xfb,
    0x1b, 0xef, 0xff, 0xff, 0xff, 0xff, 0xff, 0xff,
    0xfe, 0xa1, 0x0, 0x0, 0x0, 0xcf, 0xff, 0xe3,
    0x0, 0x0, 0x0, 0x0, 0x0, 0x0, 0x0, 0xcf,
    0xfb, 0x10, 0x0, 0x0, 0x0, 0x0, 0x0, 0x0,
    0x0, 0xcf, 0x70, 0x0, 0x0, 0x0, 0x0, 0x0,
    0x0, 0x0, 0x0, 0x74, 0x0, 0x0, 0x0, 0x0,
    0x0, 0x0,

    /* U+F27C "" */
    0x27, 0x77, 0x60, 0x0, 0x0, 0x0, 0x0, 0x0,
    0x5, 0xff, 0xfe, 0x0, 0x0, 0x0, 0x0, 0x0,
    0x0, 0x5f, 0xff, 0xe0, 0x0, 0x0, 0x0, 0x0,
    0x0, 0x5, 0xff, 0xfe, 0x0, 0x0, 0x0, 0x0,
    0x0, 0x0, 0x5f, 0xff, 0xf3, 0x0, 0x0, 0x0,
    0x0, 0x0, 0x5, 0xff, 0xff, 0xfe, 0xa6, 0x10,
    0x0, 0x0, 0x0, 0x5f, 0xff, 0xff, 0xff, 0xff,
    0xd8, 0x40, 0x0, 0x5, 0xff, 0xff, 0xff, 0xff,
    0xff, 0xff, 0xfb, 0x62, 0x5f, 0xff, 0xff, 0xff,
    0xff, 0xff, 0xff, 0xff, 0xe5, 0xff, 0xff, 0xff,
    0xff, 0xff, 0xff, 0xff, 0xfe, 0x5f, 0xff, 0xff,
    0xff, 0xff, 0xff, 0xff, 0xff, 0xe5, 0xff, 0xff,
    0xff, 0xff, 0xff, 0xff, 0xff, 0xfe, 0x5f, 0xff,
    0xff, 0xc3, 0x33, 0x5f, 0xff, 0xff, 0xe5, 0xff,
    0xff, 0xfb, 0x0, 0x2, 0xff, 0xff, 0xfe, 0x5f,
    0xff, 0xff, 0xb0, 0x0, 0x2f, 0xff, 0xff, 0xe5,
    0xff, 0xff, 0xfb, 0x0, 0x2, 0xff, 0xff, 0xfe,
    0x5f, 0xff, 0xff, 0xb0, 0x0, 0x2f, 0xff, 0xff,
    0xe5, 0xff, 0xff, 0xfb, 0x0, 0x2, 0xff, 0xff,
    0xfe, 0x0, 0x0, 0x0, 0x0, 0x0, 0x0, 0x0,
    0x0, 0x0,

    /* U+F27D "" */
    0x0, 0x0, 0x0, 0x0, 0x0, 0x0, 0x0, 0x0,
    0x0, 0x0, 0x1, 0x8b, 0x50, 0x0, 0x0, 0x6d,
    0xfe, 0x70, 0x0, 0x3e, 0xff, 0xf3, 0x0, 0x9,
    0xff, 0xff, 0xf2, 0x4, 0xff, 0xff, 0xf8, 0x0,
    0x4f, 0xff, 0xff, 0xf6, 0x5f, 0xff, 0xff, 0xfb,
    0x0, 0xbd, 0xff, 0xff, 0xf7, 0xaa, 0x7f, 0xff,
    0xfe, 0x0, 0x0, 0xaf, 0xff, 0xf4, 0x0, 0xb,
    0xff, 0xff, 0x10, 0x0, 0x8f, 0xff, 0xe0, 0x0,
    0x5, 0xff, 0xff, 0x40, 0x0, 0xdf, 0xff, 0x80,
    0x0, 0x0, 0xff, 0xff, 0x80, 0x6, 0xff, 0xfe,
    0x0, 0x0, 0x0, 0xbf, 0xff, 0xc0, 0x2f, 0xff,
    0xf5, 0x0, 0x0, 0x0, 0x7f, 0xff, 0xf7, 0xdf,
    0xff, 0xa0, 0x0, 0x0, 0x0, 0x2f, 0xff, 0xff,
    0xff, 0xfd, 0x0, 0x0, 0x0, 0x0, 0xe, 0xff,
    0xff, 0xff, 0xf2, 0x0, 0x0, 0x0, 0x0, 0x9,
    0xff, 0xff, 0xff, 0x40, 0x0, 0x0, 0x0, 0x0,
    0x2, 0xff, 0xff, 0xf4, 0x0, 0x0, 0x0, 0x0,
    0x0, 0x0, 0x6f, 0xfb, 0x20, 0x0, 0x0, 0x0,
    0x0, 0x0, 0x0, 0x1, 0x10, 0x0, 0x0, 0x0,
    0x0,

    /* U+F27E "" */
    0x33, 0x33, 0x33, 0x33, 0x33, 0x33, 0x33, 0x33,
    0x31, 0xff, 0xff, 0xff, 0xff, 0xff, 0xff, 0xff,
    0xff, 0xf8, 0xff, 0xff, 0xff, 0xff, 0xff, 0xff,
    0xff, 0xff, 0xf8, 0xff, 0xff, 0xf8, 0x0, 0x0,
    0x2, 0xef, 0xff, 0xf8, 0xff, 0xff, 0xff, 0x40,
    0x0, 0xc, 0xff, 0xff, 0xf8, 0xff, 0xff, 0xff,
    0xe1, 0x0, 0x8f, 0xff, 0xff, 0xf8, 0xff, 0xff,
    0xff, 0xf8, 0x0, 0xff, 0xff, 0xff, 0xf8, 0xff,
    0xff, 0xff, 0xf3, 0x0, 0xbf, 0xff, 0xff, 0xf8,
    0xff, 0xff, 0xff, 0xe0, 0x0, 0x6f, 0xff, 0xff,
    0xf8, 0xff, 0xff, 0xff, 0x80, 0x0, 0x1f, 0xff,
    0xff, 0xf8, 0xff, 0xff, 0xff, 0x30, 0x0, 0xb,
    0xff, 0xff, 0xf8, 0xff, 0xff, 0xfd, 0x0, 0x0,
    0x5, 0xff, 0xff, 0xf8, 0xff, 0xff, 0xf8, 0x0,
    0x0, 0x0, 0xff, 0xff, 0xf8, 0xff, 0xff, 0xf5,
    0x0, 0x0, 0x0, 0xdf, 0xff, 0xf8, 0xff, 0xff,
    0xff, 0x30, 0x0, 0xa, 0xff, 0xff, 0xf8, 0xff,
    0xff, 0xff, 0xf4, 0x0, 0xbf, 0xff, 0xff, 0xf8,
    0xff, 0xff, 0xff, 0xff, 0x5b, 0xff, 0xff, 0xff,
    0xf8, 0xff, 0xff, 0xff, 0xff, 0xff, 0xff, 0xff,
    0xff, 0xf8, 0x55, 0x55, 0x55, 0x55, 0x55, 0x55,
    0x55, 0x55, 0x52,

    /* U+F280 "" */
    0x0, 0x0, 0x0, 0x0, 0x0, 0x0, 0x0, 0x0,
    0x0, 0xff, 0xff, 0xff, 0xff, 0xff, 0xff, 0xff,
    0xff, 0xf5, 0xff, 0xff, 0xff, 0xff, 0xff, 0xff,
    0xff, 0xff, 0xf5, 0xff, 0xff, 0xff, 0xff, 0xff,
    0xfd, 0xdf, 0xff, 0xf5, 0xff, 0xff, 0xff, 0xff,
    0xff, 0xa3, 0x29, 0xff, 0xf5, 0xff, 0xff, 0xf6,
    0x11, 0x3c, 0x90, 0x7, 0xff, 0xf5, 0xff, 0xff,
    0x80, 0x8a, 0x27, 0xa4, 0x58, 0xff, 0xf5, 0xff,
    0xff, 0x60, 0xaf, 0xff, 0xff, 0xff, 0xff, 0xf5,
    0xff, 0xf6, 0x10, 0x23, 0x4f, 0x43, 0x3b, 0xff,
    0xf5, 0xff, 0xf8, 0x10, 0x35, 0x9f, 0x70, 0xa,
    0xff, 0xf5, 0xff, 0xff, 0x60, 0xaf, 0xff, 0xf1,
    0xa, 0xff, 0xf5, 0xff, 0xff, 0x60, 0xaf, 0xff,
    0xf1, 0xa, 0xff, 0xf5, 0xff, 0xff, 0x60, 0xaf,
    0xff, 0xf1, 0xa, 0xff, 0xf5, 0xff, 0xff, 0x60,
    0xaf, 0xff, 0xf1, 0xa, 0xff, 0xf5, 0xff, 0xf9,
    0x20, 0x37, 0xef, 0x70, 0x4, 0xff, 0xf5, 0xff,
    0xfa, 0x88, 0x88, 0xef, 0x88, 0x88, 0xff, 0xf5,
    0xff, 0xff, 0xff, 0xff, 0xff, 0xff, 0xff, 0xff,
    0xf5, 0xff, 0xff, 0xff, 0xff, 0xff, 0xff, 0xff,
    0xff, 0xf5, 0x0, 0x0, 0x0, 0x0, 0x0, 0x0,
    0x0, 0x0, 0x0,

    /* U+F281 "" */
    0x0, 0x0, 0x0, 0x0, 0x0, 0x2, 0x0, 0x0,
    0x20, 0x0, 0x0, 0x0, 0x0, 0x0, 0x0, 0x4c,
    0xbb, 0x7c, 0xfa, 0x0, 0x0, 0x0, 0x0, 0x0,
    0x0, 0x83, 0x0, 0x4f, 0xfe, 0x0, 0x0, 0x0,
    0x0, 0x0, 0x0, 0xb0, 0x0, 0x7, 0xd5, 0x0,
    0x0, 0x0, 0x0, 0x0, 0x0, 0xb0, 0x0, 0x0,
    0x0, 0x0, 0x0, 0x0, 0x0, 0x0, 0x3, 0x90,
    0x0, 0x0, 0x0, 0x0, 0x0, 0x0, 0x0, 0x4,
    0x7b, 0xb7, 0x40, 0x0, 0x0, 0x0, 0x2, 0x76,
    0x19, 0xff, 0xff, 0xff, 0xff, 0x92, 0x67, 0x20,
    0xe, 0xff, 0xff, 0xff, 0xff, 0xff, 0xff, 0xff,
    0xff, 0xe0, 0x3f, 0xff, 0xff, 0xff, 0xff, 0xff,
    0xff, 0xff, 0xff, 0xf3, 0xe, 0xff, 0xf8, 0x15,
    0xff, 0xff, 0x60, 0x8f, 0xff, 0xe0, 0x2, 0xff,
    0xf1, 0x0, 0xef, 0xfe, 0x0, 0x1f, 0xff, 0x30,
    0x2, 0xff, 0xf8, 0x15, 0xff, 0xff, 0x61, 0x8f,
    0xff, 0x30, 0x0, 0xff, 0xff, 0xff, 0xff, 0xff,
    0xff, 0xff, 0xff, 0x10, 0x0, 0x9f, 0xff, 0xce,
    0xff, 0xff, 0xec, 0xff, 0xf9, 0x0, 0x0, 0xc,
    0xff, 0xd4, 0x57, 0x75, 0x4d, 0xff, 0xc0, 0x0,
    0x0, 0x0, 0x9f, 0xff, 0xfd, 0xdf, 0xff, 0xf9,
    0x0, 0x0, 0x0, 0x0, 0x2, 0x8d, 0xff, 0xff,
    0xd9, 0x30, 0x0, 0x0, 0x0, 0x0, 0x0, 0x0,
    0x1, 0x10, 0x0, 0x0, 0x0, 0x0,

    /* U+F282 "" */
    0x0, 0x0, 0x0, 0x0, 0x11, 0x0, 0x0, 0x0,
    0x0, 0x0, 0x0, 0x7, 0xcf, 0xff, 0xfd, 0x81,
    0x0, 0x0, 0x0, 0x3, 0xef, 0xff, 0xff, 0xff,
    0xff, 0x50, 0x0, 0x0, 0x4f, 0xff, 0xff, 0xff,
    0xff, 0xff, 0xf8, 0x0, 0x2, 0xff, 0xff, 0xda,
    0x9a, 0xff, 0xff, 0xff, 0x40, 0xb, 0xff, 0x82,
    0x10, 0x0, 0x1a, 0xff, 0xff, 0xe0, 0x3f, 0xd2,
    0x9, 0x60, 0x0, 0x0, 0xdf, 0xff, 0xf6, 0x9a,
    0x0, 0xbf, 0x0, 0x0, 0x0, 0x8f, 0xff, 0xfa,
    0x90, 0x8, 0xfd, 0x66, 0x66, 0x66, 0xbf, 0xff,
    0xfd, 0x0, 0x1f, 0xff, 0xff, 0xff, 0xff, 0xff,
    0xff, 0xff, 0x0, 0x7f, 0xff, 0xff, 0xff, 0xff,
    0xff, 0xff, 0xff, 0x0, 0xaf, 0xff, 0xff, 0xff,
    0xff, 0xff, 0xff, 0xff, 0x0, 0xbf, 0xfc, 0x11,
    0x11, 0x11, 0x11, 0x11, 0x10, 0x0, 0xaf, 0xff,
    0x0, 0x0, 0x0, 0x0, 0x0, 0x0, 0x0, 0x8f,
    0xff, 0x90, 0x0, 0x0, 0x0, 0x0, 0x10, 0x0,
    0x2f, 0xff, 0xfc, 0x40, 0x0, 0x2, 0x6d, 0x50,
    0x0, 0xa, 0xff, 0xff, 0xff, 0xed, 0xff, 0xff,
    0x50, 0x0, 0x1, 0xdf, 0xff, 0xff, 0xff, 0xff,
    0xff, 0x50, 0x0, 0x0, 0x1c, 0xff, 0xff, 0xff,
    0xff, 0xff, 0x40, 0x0, 0x0, 0x0, 0x6c, 0xff,
    0xff, 0xfd, 0x93, 0x0, 0x0, 0x0, 0x0, 0x0,
    0x1, 0x22, 0x0, 0x0, 0x0,

    /* U+F284 "" */
    0x0, 0x0, 0x0, 0x0, 0x12, 0x20, 0x0, 0x0,
    0x0, 0x0, 0x0, 0x0, 0x3a, 0xef, 0xef, 0xfb,
    0x50, 0x0, 0x0, 0x0, 0x1, 0xaf, 0x83, 0x0,
    0x2, 0x6d, 0xc2, 0x0, 0x0, 0x2, 0xda, 0x10,
    0x0, 0x0, 0x0, 0x9, 0xe3, 0x0, 0x0, 0xd9,
    0x0, 0x0, 0x1, 0x0, 0x0, 0x7, 0xe1, 0x0,
    0x9b, 0x0, 0x2, 0xaf, 0xff, 0xd6, 0x0, 0xa,
    0xb0, 0x2f, 0x20, 0x4, 0xff, 0xff, 0xff, 0xfa,
    0x5, 0xeb, 0x8, 0xa0, 0x1, 0xff, 0xff, 0xff,
    0xff, 0xfe, 0xd4, 0x0, 0xc5, 0x0, 0x9f, 0xff,
    0xff, 0xff, 0xff, 0x77, 0x70, 0xe, 0x20, 0xe,
    0xff, 0xff, 0xff, 0xf9, 0x10, 0xff, 0x60, 0xf1,
    0x0, 0xff, 0xff, 0xff, 0xf6, 0x0, 0xf, 0x81,
    0xe, 0x20, 0xf, 0xff, 0xff, 0xff, 0xfb, 0x30,
    0xf1, 0x0, 0xc5, 0x0, 0xbf, 0xff, 0xff, 0xff,
    0xff, 0xb6, 0x0, 0x8, 0xa0, 0x4, 0xff, 0xff,
    0xff, 0xff, 0xfd, 0xfa, 0x20, 0x2f, 0x20, 0x8,
    0xff, 0xff, 0xff, 0xfd, 0x1, 0x9f, 0x30, 0x9b,
    0x0, 0x7, 0xff, 0xff, 0xfc, 0x10, 0x9, 0xc0,
    0x0, 0xd9, 0x0, 0x1, 0x57, 0x63, 0x0, 0x6,
    0xe2, 0x0, 0x2, 0xda, 0x10, 0x0, 0x0, 0x0,
    0x8, 0xf4, 0x0, 0x0, 0x1, 0xaf, 0x83, 0x0,
    0x1, 0x6d, 0xd2, 0x0, 0x0, 0x0, 0x0, 0x3a,
    0xef, 0xef, 0xfb, 0x50, 0x0, 0x0, 0x0, 0x0,
    0x0, 0x0, 0x12, 0x10, 0x0, 0x0, 0x0, 0x0,

    /* U+F285 "" */
    0x0, 0x0, 0x0, 0x0, 0x0, 0x0, 0x0, 0x0,
    0x0, 0x0, 0xc6, 0x0, 0x0, 0x0, 0x0, 0x0,
    0x0, 0x0, 0x0, 0xdf, 0xc2, 0x0, 0x39, 0x99,
    0x99, 0x99, 0x80, 0x0, 0xdf, 0xff, 0x80, 0xcf,
    0xff, 0xff, 0xff, 0x80, 0x0, 0xdf, 0xff, 0xfd,
    0x8d, 0xff, 0xff, 0xfd, 0x0, 0x0, 0xdf, 0xff,
    0xff, 0xfa, 0x9f, 0xff, 0xf4, 0x0, 0x0, 0xdf,
    0xff, 0xff, 0xff, 0xe8, 0xcf, 0xa0, 0x0, 0x0,
    0xdf, 0xff, 0xff, 0xff, 0xff, 0xc8, 0x10, 0x0,
    0x0, 0xdf, 0xff, 0xff, 0xff, 0xb8, 0x52, 0x0,
    0x0, 0x0, 0x4e, 0xfe, 0xa7, 0x55, 0x9d, 0xf8,
    0xa1, 0x0, 0x0, 0x1, 0x56, 0xae, 0xff, 0xff,
    0x8f, 0xf5, 0x0, 0x0, 0x8, 0xff, 0xff, 0xff,
    0xfc, 0xbf, 0xf5, 0x0, 0x0, 0x2f, 0xff, 0xff,
    0xff, 0xf8, 0xff, 0xf5, 0x0, 0x0, 0xcf, 0xff,
    0xff, 0xff, 0xae, 0xff, 0xf5, 0x0, 0x6, 0xff,
    0xff, 0xff, 0xfe, 0x9f, 0xff, 0xf5, 0x0, 0x1e,
    0xff, 0xff, 0xff, 0xf5, 0x2c, 0xff, 0xf5, 0x0,
    0x49, 0x99, 0x99, 0x99, 0x70, 0x0, 0x6f, 0xf5,
    0x0, 0x0, 0x0, 0x0, 0x0, 0x0, 0x0, 0x1,
    0xb5, 0x0, 0x0, 0x0, 0x0, 0x0, 0x0, 0x0,
    0x0, 0x0, 0x0,

    /* U+F286 "" */
    0x0, 0x0, 0x0, 0x0, 0x3, 0x30, 0x0, 0x0,
    0x0, 0x0, 0x0, 0x0, 0x0, 0x0, 0x6, 0x83,
    0x21, 0x0, 0x0, 0x0, 0x0, 0x0, 0x0, 0x0,
    0x4, 0xff, 0xf7, 0x0, 0x0, 0x0, 0x0, 0x0,
    0x0, 0x0, 0x4, 0xff, 0xf7, 0x0, 0x0, 0x0,
    0x0, 0x0, 0x0, 0x0, 0x4, 0x97, 0x83, 0x0,
    0x0, 0x0, 0x0, 0x0, 0x0, 0x0, 0x4, 0x30,
    0x0, 0x0, 0x0, 0x0, 0x0, 0x6, 0xf0, 0x7d,
    0xa, 0xa0, 0xd7, 0xe, 0x60, 0x0, 0x0, 0x7,
    0xf8, 0xcf, 0x8d, 0xd8, 0xfc, 0x8f, 0x70, 0x0,
    0x0, 0x7, 0xff, 0xfe, 0xff, 0xff, 0xef, 0xff,
    0x70, 0x0, 0x0, 0x7, 0xff, 0x61, 0xff, 0xff,
    0x16, 0xff, 0x70, 0x0, 0x0, 0x7, 0xff, 0x61,
    0xff, 0xff, 0x16, 0xff, 0x70, 0x0, 0x15, 0x7,
    0xff, 0xa6, 0xff, 0xff, 0x6a, 0xff, 0x70, 0x51,
    0x4f, 0x27, 0xff, 0xff, 0xff, 0xff, 0xff, 0xff,
    0x72, 0xf4, 0x4f, 0xff, 0xff, 0xff, 0xff, 0xff,
    0xff, 0xff, 0xff, 0xf4, 0x4f, 0xff, 0xff, 0xff,
    0xf9, 0x9f, 0xff, 0xff, 0xff, 0xf4, 0x4f, 0xff,
    0xff, 0xff, 0x40, 0x4, 0xff, 0xff, 0xff, 0xf4,
    0x4f, 0xff, 0xff, 0xff, 0x0, 0x0, 0xff, 0xff,
    0xff, 0xf4, 0x4f, 0xff, 0xff, 0xfe, 0x0, 0x0,
    0xef, 0xff, 0xff, 0xf4, 0x4f, 0xff, 0xff, 0xfe,
    0x0, 0x0, 0xef, 0xff, 0xff, 0xf4, 0x4f, 0xff,
    0xff, 0xfe, 0x0, 0x0, 0xef, 0xff, 0xff, 0xf4,
    0x16, 0x66, 0x66, 0x65, 0x0, 0x0, 0x56, 0x66,
    0x66, 0x61,

    /* U+F287 "" */
    0x0, 0x0, 0x0, 0x0, 0x0, 0x0, 0x0, 0x10,
    0x0, 0x0, 0x0, 0x0, 0x0, 0x0, 0x0, 0x0,
    0x0, 0x0, 0x0, 0xc, 0xfe, 0x20, 0x0, 0x0,
    0x0, 0x0, 0x0, 0x0, 0x0, 0x0, 0x0, 0x7c,
    0xdf, 0xff, 0x90, 0x0, 0x0, 0x0, 0x0, 0x0,
    0x0, 0x0, 0x0, 0x9, 0xfb, 0xbf, 0xff, 0x90,
    0x0, 0x0, 0x0, 0x0, 0x0, 0x0, 0x0, 0x0,
    0x2f, 0x70, 0xa, 0xfc, 0x10, 0x0, 0x0, 0x0,
    0x0, 0x0, 0x32, 0x0, 0x0, 0x9e, 0x0, 0x0,
    0x0, 0x0, 0x0, 0x0, 0x0, 0x0, 0x2d, 0xff,
    0x90, 0x1, 0xf6, 0x0, 0x0, 0x0, 0x0, 0x0,
    0x1c, 0x30, 0x0, 0xcf, 0xff, 0xf6, 0x3c, 0xf3,
    0x33, 0x33, 0x33, 0x33, 0x33, 0x5f, 0xf9, 0x10,
    0xff, 0xff, 0xff, 0xff, 0xff, 0xff, 0xff, 0xff,
    0xff, 0xff, 0xff, 0xff, 0xd0, 0xcf, 0xff, 0xf6,
    0x33, 0x34, 0xed, 0x33, 0x33, 0x33, 0x33, 0x5f,
    0xfa, 0x10, 0x2d, 0xff, 0x90, 0x0, 0x0, 0x5f,
    0x30, 0x0, 0x0, 0x0, 0x1c, 0x30, 0x0, 0x0,
    0x32, 0x0, 0x0, 0x0, 0xd, 0xa0, 0x0, 0x0,
    0x0, 0x0, 0x0, 0x0, 0x0, 0x0, 0x0, 0x0,
    0x0, 0x6, 0xf3, 0xa, 0xff, 0xf7, 0x0, 0x0,
    0x0, 0x0, 0x0, 0x0, 0x0, 0x0, 0x0, 0xce,
    0xae, 0xff, 0xf8, 0x0, 0x0, 0x0, 0x0, 0x0,
    0x0, 0x0, 0x0, 0x0, 0x8, 0xbe, 0xff, 0xf8,
    0x0, 0x0, 0x0, 0x0, 0x0, 0x0, 0x0, 0x0,
    0x0, 0x0, 0xa, 0xff, 0xf7, 0x0, 0x0, 0x0,
    0x0, 0x0, 0x0, 0x0, 0x0, 0x0, 0x0, 0x1,
    0x22, 0x20, 0x0, 0x0, 0x0,

    /* U+F288 "" */
    0x0, 0x0, 0x0, 0x0, 0x0, 0x0, 0x0, 0x0,
    0x0, 0x0, 0x0, 0x0, 0x1, 0x7c, 0xff, 0xfd,
    0x94, 0x0, 0x0, 0x0, 0x0, 0x0, 0x8f, 0xff,
    0xff, 0xff, 0xff, 0xb1, 0x0, 0x0, 0x0, 0xb,
    0xff, 0xff, 0xff, 0xff, 0xff, 0xfe, 0x30, 0x0,
    0x0, 0xbf, 0xff, 0xff, 0xff, 0xff, 0xff, 0xff,
    0xe2, 0x0, 0x7, 0xff, 0xff, 0xec, 0xcc, 0xce,
    0xff, 0xff, 0xfd, 0x0, 0x1f, 0xff, 0xff, 0x60,
    0x0, 0x0, 0x3e, 0xff, 0xff, 0x50, 0x6f, 0xff,
    0xff, 0x60, 0x22, 0x20, 0x3, 0xff, 0xff, 0xc0,
    0xbf, 0xff, 0xff, 0x60, 0xef, 0xfe, 0x10, 0xdf,
    0xff, 0xf0, 0xdf, 0xff, 0xff, 0x60, 0xef, 0xff,
    0x30, 0xdf, 0xff, 0xf2, 0xef, 0xff, 0xff, 0x60,
    0xab, 0xb7, 0x2, 0xff, 0xff, 0xf3, 0xdf, 0xff,
    0xff, 0x60, 0x0, 0x0, 0x2d, 0xff, 0xff, 0xf2,
    0xbf, 0xff, 0xff, 0x60, 0x9b, 0xbc, 0xff, 0xff,
    0xff, 0xf0, 0x6f, 0xff, 0xff, 0x60, 0xef, 0xff,
    0xff, 0xff, 0xff, 0xb0, 0x1f, 0xff, 0xff, 0x60,
    0xef, 0xff, 0xff, 0xff, 0xff, 0x50, 0x7, 0xff,
    0xff, 0xec, 0xff, 0xff, 0xff, 0xff, 0xfc, 0x0,
    0x0, 0xbf, 0xff, 0xff, 0xff, 0xff, 0xff, 0xff,
    0xe2, 0x0, 0x0, 0xb, 0xff, 0xff, 0xff, 0xff,
    0xff, 0xfe, 0x30, 0x0, 0x0, 0x0, 0x8f, 0xff,
    0xff, 0xff, 0xff, 0xb2, 0x0, 0x0, 0x0, 0x0,
    0x1, 0x8c, 0xff, 0xfd, 0x94, 0x0, 0x0, 0x0,
    0x0, 0x0, 0x0, 0x0, 0x0, 0x0, 0x0, 0x0,
    0x0, 0x0,

    /* U+F289 "" */
    0x0, 0x0, 0x0, 0x5, 0xad, 0xda, 0x50, 0x0,
    0x0, 0x0, 0x0, 0x0, 0x0, 0x0, 0x0, 0x1c,
    0xff, 0xdd, 0xff, 0xd2, 0x0, 0x0, 0x0, 0x0,
    0x0, 0x0, 0x0, 0x1e, 0xf8, 0x10, 0x0, 0x7f,
    0xe2, 0x0, 0x0, 0x0, 0x0, 0x0, 0x0, 0xa,
    0xf6, 0x0, 0x0, 0x0, 0x4f, 0xb0, 0x0, 0x0,
    0x0, 0x0, 0x0, 0x5, 0xfc, 0x0, 0x0, 0x0,
    0x0, 0x9f, 0x30, 0x0, 0x0, 0x52, 0x0, 0x4e,
    0xff, 0xfe, 0x30, 0x0, 0x0, 0x3, 0xf7, 0x0,
    0x0, 0xe, 0xd0, 0x3f, 0xe6, 0x47, 0xfc, 0x0,
    0x0, 0x0, 0x1f, 0xe8, 0x4, 0xf4, 0x7f, 0x5b,
    0xf3, 0x0, 0x1, 0x10, 0x0, 0x0, 0x2, 0xff,
    0xfb, 0x1f, 0xc1, 0xfa, 0xec, 0x0, 0x0, 0x0,
    0x0, 0x0, 0x0, 0x4f, 0x59, 0xf4, 0xaf, 0x1c,
    0xde, 0xc0, 0x0, 0x0, 0x0, 0x0, 0x0, 0x0,
    0x40, 0x3f, 0x77, 0xf2, 0xbf, 0xaf, 0x30, 0x0,
    0x0, 0x0, 0x0, 0x0, 0x0, 0x6, 0xf6, 0x9f,
    0x1b, 0xe2, 0xff, 0x85, 0x44, 0x44, 0x44, 0x44,
    0x44, 0x47, 0xfe, 0x1d, 0xe0, 0xec, 0x4, 0xef,
    0xff, 0xff, 0xff, 0xff, 0xff, 0xff, 0xfe, 0x34,
    0xf7, 0x4f, 0x70, 0x0, 0x46, 0x66, 0x66, 0x66,
    0x66, 0x66, 0x64, 0x0, 0x6, 0xc, 0xf1, 0x0,
    0x0, 0x0, 0x0, 0x0, 0x0, 0x0, 0x0, 0x0,
    0x0, 0x0, 0xa6, 0x0,

    /* U+F28A "" */
    0x0, 0x0, 0x48, 0xab, 0xa8, 0x40, 0x0, 0x0,
    0x0, 0x2c, 0xff, 0xff, 0xff, 0xfd, 0x50, 0x0,
    0x2, 0xef, 0xa4, 0x0, 0x3, 0x9f, 0xfa, 0x10,
    0xb, 0xf6, 0x0, 0x0, 0x0, 0x3, 0xff, 0x10,
    0x1f, 0xe0, 0x0, 0x0, 0x0, 0xb, 0xf5, 0x0,
    0x3f, 0xf6, 0x74, 0x0, 0x0, 0x3, 0x80, 0x0,
    0x4f, 0xff, 0xff, 0x70, 0x0, 0x0, 0x0, 0x0,
    0x2f, 0xff, 0xff, 0xd0, 0x0, 0x0, 0x0, 0x0,
    0xd, 0xff, 0xff, 0xc0, 0x0, 0x47, 0x60, 0x0,
    0x3, 0xef, 0xff, 0x40, 0x9, 0xff, 0xfd, 0x10,
    0x0, 0x16, 0x62, 0x0, 0xf, 0xff, 0xff, 0x80,
    0x0, 0x0, 0x0, 0x0, 0x1f, 0xff, 0xff, 0xd0,
    0x0, 0x30, 0x0, 0x0, 0xa, 0xff, 0xff, 0xf0,
    0x6, 0xf7, 0x0, 0x0, 0x0, 0x67, 0x7f, 0xe0,
    0x4f, 0xe1, 0x0, 0x0, 0x0, 0x0, 0x3f, 0xc0,
    0xbf, 0xd3, 0x0, 0x0, 0x0, 0x0, 0xcf, 0x50,
    0x9, 0xff, 0xb5, 0x10, 0x1, 0x5d, 0xfa, 0x0,
    0x0, 0x4c, 0xff, 0xff, 0xff, 0xff, 0x80, 0x0,
    0x0, 0x0, 0x26, 0x9a, 0xb9, 0x61, 0x0, 0x0,

    /* U+F28B "" */
    0x0, 0x0, 0x0, 0x0, 0x0, 0x0, 0x0, 0x0,
    0x0, 0x0, 0x0, 0x0, 0x0, 0x7b, 0xef, 0xfe,
    0xb6, 0x0, 0x0, 0x0, 0x0, 0x0, 0x6e, 0xff,
    0xff, 0xff, 0xff, 0xe5, 0x0, 0x0, 0x0, 0xa,
    0xff, 0xff, 0xff, 0xff, 0xff, 0xff, 0x80, 0x0,
    0x0, 0xaf, 0xff, 0xff, 0xff, 0xff, 0xff, 0xff,
    0xf8, 0x0, 0x6, 0xff, 0xff, 0xff, 0xff, 0xff,
    0xff, 0xff, 0xff, 0x40, 0xe, 0xff, 0xff, 0xfe,
    0xef, 0xfe, 0xef, 0xff, 0xff, 0xd0, 0x5f, 0xff,
    0xff, 0x20, 0xf, 0x60, 0x4, 0xff, 0xff, 0xf3,
    0xaf, 0xff, 0xff, 0x10, 0xe, 0x50, 0x3, 0xff,
    0xff, 0xf8, 0xcf, 0xff, 0xff, 0x10, 0xe, 0x50,
    0x3, 0xff, 0xff, 0xfa, 0xdf, 0xff, 0xff, 0x10,
    0xe, 0x50, 0x3, 0xff, 0xff, 0xfb, 0xcf, 0xff,
    0xff, 0x10, 0xe, 0x50, 0x3, 0xff, 0xff, 0xfa,
    0xaf, 0xff, 0xff, 0x10, 0xe, 0x50, 0x3, 0xff,
    0xff, 0xf8, 0x5f, 0xff, 0xff, 0x20, 0xf, 0x60,
    0x4, 0xff, 0xff, 0xf3, 0xe, 0xff, 0xff, 0xfe,
    0xef, 0xfe, 0xef, 0xff, 0xff, 0xd0, 0x6, 0xff,
    0xff, 0xff, 0xff, 0xff, 0xff, 0xff, 0xff, 0x40,
    0x0, 0xaf, 0xff, 0xff, 0xff, 0xff, 0xff, 0xff,
    0xf8, 0x0, 0x0, 0xa, 0xff, 0xff, 0xff, 0xff,
    0xff, 0xff, 0x80, 0x0, 0x0, 0x0, 0x6e, 0xff,
    0xff, 0xff, 0xff, 0xe5, 0x0, 0x0, 0x0, 0x0,
    0x1, 0x7b, 0xef, 0xfe, 0xb6, 0x0, 0x0, 0x0,
    0x0, 0x0, 0x0, 0x0, 0x0, 0x0, 0x0, 0x0,
    0x0, 0x0,

    /* U+F28D "" */
    0x0, 0x0, 0x0, 0x0, 0x0, 0x0, 0x0, 0x0,
    0x0, 0x0, 0x0, 0x0, 0x0, 0x7b, 0xef, 0xfe,
    0xb6, 0x0, 0x0, 0x0, 0x0, 0x0, 0x6e, 0xff,
    0xff, 0xff, 0xff, 0xe5, 0x0, 0x0, 0x0, 0xa,
    0xff, 0xff, 0xff, 0xff, 0xff, 0xff, 0x80, 0x0,
    0x0, 0xaf, 0xff, 0xff, 0xff, 0xff, 0xff, 0xff,
    0xf8, 0x0, 0x6, 0xff, 0xff, 0xff, 0xff, 0xff,
    0xff, 0xff, 0xff, 0x40, 0xe, 0xff, 0xff, 0xfe,
    0xee, 0xee, 0xef, 0xff, 0xff, 0xd0, 0x5f, 0xff,
    0xff, 0x20, 0x0, 0x0, 0x4, 0xff, 0xff, 0xf3,
    0xaf, 0xff, 0xff, 0x10, 0x0, 0x0, 0x3, 0xff,
    0xff, 0xf8, 0xcf, 0xff, 0xff, 0x10, 0x0, 0x0,
    0x3, 0xff, 0xff, 0xfa, 0xdf, 0xff, 0xff, 0x10,
    0x0, 0x0, 0x3, 0xff, 0xff, 0xfb, 0xcf, 0xff,
    0xff, 0x10, 0x0, 0x0, 0x3, 0xff, 0xff, 0xfa,
    0xaf, 0xff, 0xff, 0x10, 0x0, 0x0, 0x3, 0xff,
    0xff, 0xf8, 0x5f, 0xff, 0xff, 0x20, 0x0, 0x0,
    0x4, 0xff, 0xff, 0xf3, 0xe, 0xff, 0xff, 0xfe,
    0xee, 0xee, 0xef, 0xff, 0xff, 0xd0, 0x6, 0xff,
    0xff, 0xff, 0xff, 0xff, 0xff, 0xff, 0xff, 0x40,
    0x0, 0xaf, 0xff, 0xff, 0xff, 0xff, 0xff, 0xff,
    0xf8, 0x0, 0x0, 0xa, 0xff, 0xff, 0xff, 0xff,
    0xff, 0xff, 0x80, 0x0, 0x0, 0x0, 0x6e, 0xff,
    0xff, 0xff, 0xff, 0xe5, 0x0, 0x0, 0x0, 0x0,
    0x1, 0x7b, 0xef, 0xfe, 0xb6, 0x0, 0x0, 0x0,
    0x0, 0x0, 0x0, 0x0, 0x0, 0x0, 0x0, 0x0,
    0x0, 0x0,

    /* U+F290 "" */
    0x0, 0x0, 0x0, 0x5, 0x76, 0x20, 0x0, 0x0,
    0x0, 0x0, 0x0, 0x5, 0xef, 0xff, 0xf8, 0x0,
    0x0, 0x0, 0x0, 0x0, 0x4f, 0xff, 0xff, 0xff,
    0x80, 0x0, 0x0, 0x0, 0x0, 0xdf, 0xf6, 0x2,
    0xbf, 0xf2, 0x0, 0x0, 0x0, 0x2, 0xff, 0x70,
    0x0, 0xf, 0xf6, 0x0, 0x0, 0x0, 0x3, 0xff,
    0x40, 0x0, 0xc, 0xf8, 0x0, 0x0, 0x66, 0x68,
    0xff, 0x86, 0x66, 0x6d, 0xfb, 0x66, 0x61, 0xff,
    0xff, 0xff, 0xff, 0xff, 0xff, 0xff, 0xff, 0xf4,
    0xff, 0xff, 0x66, 0xff, 0xff, 0xfd, 0x4f, 0xff,
    0xf4, 0xff, 0xff, 0x33, 0xff, 0xff, 0xfb, 0xe,
    0xff, 0xf4, 0xff, 0xff, 0xff, 0xff, 0xff, 0xff,
    0xff, 0xff, 0xf4, 0xff, 0xff, 0xff, 0xff, 0xff,
    0xff, 0xff, 0xff, 0xf4, 0xff, 0xff, 0xff, 0xff,
    0xff, 0xff, 0xff, 0xff, 0xf4, 0xff, 0xff, 0xff,
    0xff, 0xff, 0xff, 0xff, 0xff, 0xf4, 0xff, 0xff,
    0xff, 0xff, 0xff, 0xff, 0xff, 0xff, 0xf4, 0xff,
    0xff, 0xff, 0xff, 0xff, 0xff, 0xff, 0xff, 0xf4,
    0xff, 0xff, 0xff, 0xff, 0xff, 0xff, 0xff, 0xff,
    0xf4, 0xff, 0xff, 0xff, 0xff, 0xff, 0xff, 0xff,
    0xff, 0xf3, 0xaf, 0xff, 0xff, 0xff, 0xff, 0xff,
    0xff, 0xff, 0xe0, 0x1d, 0xff, 0xff, 0xff, 0xff,
    0xff, 0xff, 0xff, 0x40, 0x0, 0x35, 0x55, 0x55,
    0x55, 0x55, 0x55, 0x41, 0x0,

    /* U+F291 "" */
    0x0, 0x0, 0x0, 0x0, 0x31, 0x0, 0x2, 0x10,
    0x0, 0x0, 0x0, 0x0, 0x0, 0x0, 0x0, 0x6f,
    0xd0, 0x5, 0xfd, 0x10, 0x0, 0x0, 0x0, 0x0,
    0x0, 0x0, 0x3f, 0xfd, 0x0, 0x5f, 0xfa, 0x0,
    0x0, 0x0, 0x0, 0x0, 0x0, 0xd, 0xff, 0x30,
    0x0, 0xbf, 0xf6, 0x0, 0x0, 0x0, 0x0, 0x0,
    0xa, 0xff, 0x70, 0x0, 0x1, 0xef, 0xf2, 0x0,
    0x0, 0x0, 0x0, 0x5, 0xff, 0xb0, 0x0, 0x0,
    0x4, 0xff, 0xd0, 0x0, 0x0, 0x0, 0x2, 0xff,
    0xe1, 0x0, 0x0, 0x0, 0x8, 0xff, 0x90, 0x0,
    0xc, 0xff, 0xff, 0xff, 0xff, 0xff, 0xff, 0xff,
    0xff, 0xff, 0xff, 0xf4, 0xff, 0xff, 0xff, 0xff,
    0xff, 0xff, 0xff, 0xff, 0xff, 0xff, 0xff, 0x75,
    0xdf, 0xff, 0xfa, 0xcf, 0xfd, 0x9f, 0xff, 0x9e,
    0xff, 0xff, 0x91, 0x9, 0xff, 0xff, 0x3, 0xff,
    0x50, 0xdf, 0xb0, 0x7f, 0xff, 0xf1, 0x0, 0x7f,
    0xff, 0xf0, 0x3f, 0xf5, 0xd, 0xfb, 0x7, 0xff,
    0xff, 0x0, 0x5, 0xff, 0xff, 0x3, 0xff, 0x50,
    0xdf, 0xb0, 0x7f, 0xff, 0xc0, 0x0, 0x2f, 0xff,
    0xf0, 0x3f, 0xf5, 0xd, 0xfb, 0x7, 0xff, 0xfa,
    0x0, 0x0, 0xff, 0xff, 0x3, 0xff, 0x50, 0xdf,
    0xb0, 0x7f, 0xff, 0x80, 0x0, 0xe, 0xff, 0xf9,
    0xbf, 0xfc, 0x8f, 0xff, 0x8d, 0xff, 0xf5, 0x0,
    0x0, 0xbf, 0xff, 0xff, 0xff, 0xff, 0xff, 0xff,
    0xff, 0xff, 0x30, 0x0, 0x3, 0xef, 0xff, 0xff,
    0xff, 0xff, 0xff, 0xff, 0xff, 0x90, 0x0, 0x0,
    0x0, 0x0, 0x0, 0x0, 0x0, 0x0, 0x0, 0x0,
    0x0, 0x0, 0x0,

    /* U+F292 "" */
    0x0, 0x0, 0x0, 0x3, 0x30, 0x0, 0x2, 0x41,
    0x0, 0x0, 0x0, 0x0, 0x4, 0xff, 0x30, 0x0,
    0xef, 0xa0, 0x0, 0x0, 0x0, 0x0, 0x7f, 0xf1,
    0x0, 0x1f, 0xf7, 0x0, 0x0, 0x0, 0x0, 0xa,
    0xfe, 0x0, 0x4, 0xff, 0x40, 0x0, 0x0, 0x27,
    0x88, 0xef, 0xe8, 0x88, 0xbf, 0xf9, 0x88, 0x20,
    0x7, 0xff, 0xff, 0xff, 0xff, 0xff, 0xff, 0xff,
    0xf6, 0x0, 0x9f, 0xff, 0xff, 0xff, 0xff, 0xff,
    0xff, 0xff, 0x30, 0x0, 0x0, 0x5f, 0xf2, 0x0,
    0xf, 0xf9, 0x0, 0x0, 0x0, 0x0, 0x8, 0xff,
    0x0, 0x2, 0xff, 0x60, 0x0, 0x0, 0x0, 0x0,
    0xbf, 0xd0, 0x0, 0x5f, 0xf3, 0x0, 0x0, 0x0,
    0x0, 0xe, 0xfa, 0x0, 0x7, 0xff, 0x0, 0x0,
    0x0, 0x0, 0x1, 0xff, 0x70, 0x0, 0xaf, 0xd0,
    0x0, 0x0, 0xb, 0xff, 0xff, 0xff, 0xff, 0xff,
    0xff, 0xff, 0xf1, 0x0, 0xef, 0xff, 0xff, 0xff,
    0xff, 0xff, 0xff, 0xff, 0x0, 0x6, 0x88, 0xdf,
    0xf8, 0x88, 0xaf, 0xfa, 0x88, 0x60, 0x0, 0x0,
    0xc, 0xfc, 0x0, 0x6, 0xff, 0x20, 0x0, 0x0,
    0x0, 0x0, 0xff, 0x90, 0x0, 0x9f, 0xf0, 0x0,
    0x0, 0x0, 0x0, 0x2f, 0xf6, 0x0, 0xb, 0xfc,
    0x0, 0x0, 0x0, 0x0, 0x0, 0x33, 0x0, 0x0,
    0x24, 0x20, 0x0, 0x0, 0x0,

    /* U+F293 "" */
    0x0, 0x0, 0x0, 0x34, 0x31, 0x0, 0x0, 0x0,
    0x0, 0x3, 0xbf, 0xff, 0xff, 0xe7, 0x0, 0x0,
    0x0, 0x6f, 0xff, 0xfa, 0xff, 0xff, 0xb0, 0x0,
    0x4, 0xff, 0xff, 0xf1, 0x9f, 0xff, 0xf8, 0x0,
    0xd, 0xff, 0xff, 0xf1, 0xa, 0xff, 0xff, 0x10,
    0x3f, 0xff, 0xff, 0xf1, 0x0, 0xbf, 0xff, 0x60,
    0x7f, 0xfd, 0x8f, 0xf1, 0x66, 0xc, 0xff, 0xa0,
    0xaf, 0xf8, 0x7, 0xf1, 0x6f, 0x13, 0xff, 0xd0,
    0xcf, 0xff, 0x70, 0x61, 0x53, 0x1e, 0xff, 0xf0,
    0xdf, 0xff, 0xf7, 0x0, 0x1, 0xdf, 0xff, 0xf0,
    0xef, 0xff, 0xff, 0x60, 0xc, 0xff, 0xff, 0xf0,
    0xef, 0xff, 0xff, 0x30, 0x7, 0xff, 0xff, 0xf0,
    0xdf, 0xff, 0xf3, 0x0, 0x10, 0x8f, 0xff, 0xf0,
    0xcf, 0xff, 0x30, 0xb1, 0x67, 0x9, 0xff, 0xf0,
    0x9f, 0xf6, 0xb, 0xf2, 0x6e, 0x2, 0xff, 0xd0,
    0x6f, 0xff, 0xcf, 0xf2, 0x52, 0x2e, 0xff, 0xa0,
    0x1f, 0xff, 0xff, 0xf2, 0x2, 0xef, 0xff, 0x50,
    0x9, 0xff, 0xff, 0xf2, 0x2e, 0xff, 0xfe, 0x0,
    0x0, 0xdf, 0xff, 0xf4, 0xef, 0xff, 0xf5, 0x0,
    0x0, 0x1a, 0xff, 0xff, 0xff, 0xff, 0x60, 0x0,
    0x0, 0x0, 0x27, 0xab, 0xb9, 0x50, 0x0, 0x0,

    /* U+F294 "" */
    0x0, 0x0, 0x1, 0x0, 0x0, 0x0, 0x0, 0x0,
    0x9, 0x50, 0x0, 0x0, 0x0, 0x0, 0xa, 0xf4,
    0x0, 0x0, 0x0, 0x0, 0xa, 0xff, 0x30, 0x0,
    0x0, 0x0, 0xa, 0xff, 0xe2, 0x0, 0x4, 0x50,
    0xa, 0xf4, 0xee, 0x20, 0xe, 0xf5, 0xa, 0xf1,
    0x3f, 0xd0, 0x3, 0xef, 0x5a, 0xf2, 0xcf, 0x40,
    0x0, 0x3e, 0xfd, 0xfd, 0xf6, 0x0, 0x0, 0x3,
    0xef, 0xff, 0x70, 0x0, 0x0, 0x0, 0x4f, 0xfb,
    0x0, 0x0, 0x0, 0x0, 0xcf, 0xff, 0x40, 0x0,
    0x0, 0xc, 0xff, 0xff, 0xf3, 0x0, 0x0, 0xcf,
    0xaa, 0xf4, 0xef, 0x30, 0xc, 0xfa, 0x9, 0xf1,
    0x3f, 0xe1, 0x9, 0xa0, 0x9, 0xf2, 0xbf, 0x70,
    0x0, 0x0, 0x9, 0xfc, 0xf7, 0x0, 0x0, 0x0,
    0x8, 0xff, 0x70, 0x0, 0x0, 0x0, 0x8, 0xf7,
    0x0, 0x0, 0x0, 0x0, 0x8, 0x70, 0x0, 0x0,
    0x0, 0x0, 0x2, 0x0, 0x0, 0x0,

    /* U+F295 "" */
    0x0, 0x1, 0x67, 0x50, 0x0, 0x0, 0x0, 0x2,
    0x77, 0x10, 0x6, 0xff, 0xff, 0xe3, 0x0, 0x0,
    0x0, 0xdf, 0xf6, 0x4, 0xff, 0xff, 0xff, 0xe1,
    0x0, 0x0, 0xbf, 0xfd, 0x10, 0xcf, 0xf4, 0x7,
    0xff, 0x80, 0x0, 0x7f, 0xff, 0x20, 0xf, 0xf9,
    0x0, 0xd, 0xfb, 0x0, 0x4f, 0xff, 0x50, 0x0,
    0xef, 0xb0, 0x0, 0xef, 0xa0, 0x2e, 0xff, 0x90,
    0x0, 0xa, 0xff, 0x96, 0xcf, 0xf5, 0xd, 0xff,
    0xc0, 0x0, 0x0, 0x1e, 0xff, 0xff, 0xfb, 0xa,
    0xff, 0xe1, 0x0, 0x0, 0x0, 0x2b, 0xff, 0xf8,
    0x7, 0xff, 0xf3, 0x0, 0x0, 0x0, 0x0, 0x0,
    0x10, 0x4, 0xff, 0xf6, 0x0, 0x0, 0x0, 0x0,
    0x0, 0x0, 0x1, 0xef, 0xf9, 0x0, 0x0, 0x0,
    0x0, 0x0, 0x0, 0x0, 0xcf, 0xfc, 0x1, 0x45,
    0x10, 0x0, 0x0, 0x0, 0x0, 0xaf, 0xfe, 0x17,
    0xff, 0xff, 0x90, 0x0, 0x0, 0x0, 0x6f, 0xff,
    0x46, 0xff, 0xff, 0xff, 0xa0, 0x0, 0x0, 0x3f,
    0xff, 0x70, 0xef, 0xe4, 0x3c, 0xff, 0x30, 0x0,
    0x1e, 0xff, 0xa0, 0x3f, 0xf5, 0x0, 0x2f, 0xf7,
    0x0, 0xc, 0xff, 0xd0, 0x3, 0xff, 0x50, 0x1,
    0xff, 0x70, 0x9, 0xff, 0xe2, 0x0, 0xf, 0xfd,
    0x21, 0xaf, 0xf3, 0x6, 0xff, 0xf4, 0x0, 0x0,
    0x8f, 0xff, 0xff, 0xfb, 0x0, 0xef, 0xf7, 0x0,
    0x0, 0x0, 0x9f, 0xff, 0xfc, 0x10, 0x4, 0x86,
    0x0, 0x0, 0x0, 0x0, 0x27, 0x74, 0x0, 0x0,

    /* U+F296 "" */
    0x0, 0x0, 0xa2, 0x0, 0x0, 0x0, 0x0, 0x0,
    0x2a, 0x0, 0x0, 0x0, 0x0, 0xf7, 0x0, 0x0,
    0x0, 0x0, 0x0, 0x7f, 0x0, 0x0, 0x0, 0x5,
    0xfd, 0x0, 0x0, 0x0, 0x0, 0x0, 0xcf, 0x50,
    0x0, 0x0, 0xa, 0xff, 0x20, 0x0, 0x0, 0x0,
    0x2, 0xff, 0xa0, 0x0, 0x0, 0xf, 0xff, 0x70,
    0x0, 0x0, 0x0, 0x7, 0xff, 0xf0, 0x0, 0x0,
    0x4f, 0xff, 0xc0, 0x0, 0x0, 0x0, 0xc, 0xff,
    0xf4, 0x0, 0x0, 0x9f, 0xff, 0xf1, 0x0, 0x0,
    0x0, 0x1f, 0xff, 0xf9, 0x0, 0x0, 0x72, 0x22,
    0x28, 0xdd, 0xdd, 0xdd, 0x72, 0x22, 0x28, 0x0,
    0x4, 0xf3, 0x0, 0x3, 0xff, 0xff, 0xff, 0x30,
    0x0, 0x3f, 0x40, 0x9, 0xfe, 0x10, 0x0, 0xef,
    0xff, 0xfe, 0x0, 0x1, 0xef, 0x90, 0xe, 0xff,
    0xb0, 0x0, 0x9f, 0xff, 0xf9, 0x0, 0xb, 0xff,
    0xe0, 0x8, 0xff, 0xf8, 0x0, 0x4f, 0xff, 0xf4,
    0x0, 0x8f, 0xff, 0x80, 0x0, 0x5f, 0xff, 0x40,
    0xf, 0xff, 0xf0, 0x4, 0xff, 0xf5, 0x0, 0x0,
    0x2, 0xcf, 0xe1, 0xa, 0xff, 0xa0, 0x1e, 0xfc,
    0x20, 0x0, 0x0, 0x0, 0x9, 0xfc, 0x5, 0xff,
    0x50, 0xcf, 0x90, 0x0, 0x0, 0x0, 0x0, 0x0,
    0x4e, 0x90, 0xff, 0x9, 0xe4, 0x0, 0x0, 0x0,
    0x0, 0x0, 0x0, 0x1, 0xc5, 0xba, 0x5c, 0x10,
    0x0, 0x0, 0x0, 0x0, 0x0, 0x0, 0x0, 0x7,
    0x88, 0x70, 0x0, 0x0, 0x0, 0x0, 0x0, 0x0,
    0x0, 0x0, 0x0, 0x22, 0x0, 0x0, 0x0, 0x0,
    0x0,

    /* U+F297 "" */
    0x0, 0x0, 0x0, 0x0, 0x0, 0x0, 0x0, 0x0,
    0x0, 0x0, 0x0, 0x0, 0x1, 0x6b, 0xef, 0xfe,
    0xb7, 0x10, 0x0, 0x0, 0x0, 0x0, 0x7f, 0xff,
    0xff, 0xff, 0xff, 0xf7, 0x0, 0x0, 0x0, 0xb,
    0xff, 0xff, 0xff, 0xff, 0xff, 0xff, 0xb0, 0x0,
    0x0, 0x9f, 0xff, 0xff, 0xff, 0xff, 0xff, 0xff,
    0xf9, 0x0, 0x3, 0xff, 0xff, 0xff, 0xff, 0xff,
    0xff, 0xff, 0xff, 0x40, 0xa, 0xff, 0xfc, 0xfd,
    0xcc, 0xcc, 0xcc, 0xff, 0xff, 0xb0, 0xf, 0xff,
    0xd0, 0xc3, 0x0, 0x0, 0x1, 0xff, 0xff, 0xf0,
    0xf, 0xff, 0xd2, 0xc5, 0x22, 0x22, 0x23, 0xff,
    0xff, 0xf1, 0xf, 0xff, 0xff, 0xff, 0xff, 0xff,
    0xff, 0xff, 0xff, 0xf0, 0xc, 0xff, 0xff, 0x4d,
    0xff, 0xff, 0xff, 0xff, 0xff, 0xc0, 0x5, 0xff,
    0xff, 0xb2, 0x48, 0xaa, 0x7c, 0xff, 0xff, 0x60,
    0x5, 0xff, 0xff, 0xff, 0xb6, 0x45, 0x8e, 0xff,
    0xff, 0x50, 0xc, 0xff, 0xff, 0xff, 0xff, 0xff,
    0xff, 0xff, 0xff, 0xc0, 0xe, 0xff, 0xff, 0xff,
    0xff, 0xff, 0xff, 0xff, 0xff, 0xf0, 0xb, 0xff,
    0xff, 0xff, 0xff, 0xff, 0xff, 0xff, 0xff, 0xc0,
    0x3, 0xff, 0xff, 0xff, 0xf5, 0x7f, 0xff, 0xff,
    0xff, 0x40, 0x0, 0x3d, 0xff, 0xfc, 0x30, 0x4,
    0xdf, 0xff, 0xd4, 0x0, 0x0, 0x0, 0x23, 0x10,
    0x0, 0x0, 0x2, 0x31, 0x0, 0x0,

    /* U+F298 "" */
    0x3, 0x44, 0x44, 0x44, 0x44, 0x44, 0x44, 0x43,
    0x10, 0xaf, 0xff, 0xff, 0xff, 0xff, 0xff, 0xff,
    0xff, 0xf3, 0xf9, 0x7f, 0x83, 0x34, 0xec, 0x33,
    0x3b, 0xd4, 0xf7, 0xf7, 0x3, 0xda, 0x4e, 0x7a,
    0xc4, 0xda, 0x0, 0xf8, 0xf7, 0x0, 0x8, 0xe4,
    0x0, 0x7e, 0x50, 0x0, 0xf8, 0xf7, 0x0, 0x0,
    0x0, 0x0, 0x0, 0x0, 0x0, 0xf8, 0xf7, 0x3,
    0x33, 0x3, 0x33, 0x33, 0x33, 0x20, 0xf8, 0xf7,
    0xf, 0xfd, 0x2f, 0xff, 0xff, 0xff, 0xb0, 0xf8,
    0xf7, 0x3, 0x32, 0x3, 0x33, 0x33, 0x33, 0x20,
    0xf8, 0xf7, 0x5, 0x54, 0x5, 0x55, 0x55, 0x55,
    0x30, 0xf8, 0xf7, 0xf, 0xfd, 0x2f, 0xff, 0xff,
    0xff, 0xb0, 0xf8, 0xf7, 0x2, 0x21, 0x2, 0x22,
    0x22, 0x22, 0x10, 0xf8, 0xf7, 0x0, 0x0, 0x0,
    0x0, 0x16, 0x66, 0x40, 0xf8, 0xf7, 0x0, 0x0,
    0x0, 0x0, 0x2f, 0xff, 0xb0, 0xf8, 0xf7, 0x0,
    0x0, 0x0, 0x0, 0x0, 0x0, 0x0, 0xf8, 0xf7,
    0x0, 0x0, 0x0, 0x0, 0x0, 0x0, 0x0, 0xf8,
    0xf9, 0x33, 0x33, 0x33, 0x33, 0x33, 0x33, 0x33,
    0xf7, 0xaf, 0xff, 0xff, 0xff, 0xff, 0xff, 0xff,
    0xff, 0xf3, 0x3, 0x33, 0x33, 0x33, 0x33, 0x33,
    0x33, 0x33, 0x10,

    /* U+F299 "" */
    0x32, 0x21, 0x0, 0x0, 0x0, 0x0, 0x0, 0x0,
    0x0, 0xcf, 0xff, 0xec, 0x95, 0x0, 0x0, 0x0,
    0x0, 0x0, 0x8f, 0xcc, 0xff, 0xff, 0xf9, 0x10,
    0x0, 0x0, 0x0, 0x4f, 0xf9, 0x6f, 0xff, 0xff,
    0xf5, 0x0, 0x0, 0x0, 0xf, 0xff, 0x92, 0xef,
    0xff, 0xff, 0x60, 0x0, 0x0, 0xc, 0xff, 0xf4,
    0x3f, 0xff, 0xff, 0xf4, 0x0, 0x0, 0x8, 0xff,
    0xfd, 0x8, 0xff, 0xff, 0xfd, 0x0, 0x0, 0x4,
    0xff, 0xff, 0x60, 0xef, 0xff, 0xff, 0x30, 0x0,
    0x0, 0xff, 0xff, 0xe0, 0x5f, 0xff, 0xff, 0x80,
    0x0, 0x0, 0xbf, 0xff, 0xf8, 0xc, 0xff, 0xff,
    0xa0, 0x0, 0x0, 0x5f, 0xff, 0xff, 0x34, 0xff,
    0xff, 0xb0, 0x0, 0x0, 0xd, 0xff, 0xff, 0xd1,
    0x9f, 0xff, 0xb0, 0x0, 0x0, 0x3, 0xff, 0xff,
    0xfc, 0x1d, 0xff, 0xa0, 0x0, 0x0, 0x0, 0x4f,
    0xff, 0xff, 0xd5, 0xdf, 0x80, 0x0, 0x0, 0x0,
    0x2, 0xcf, 0xff, 0xff, 0xbe, 0x60, 0x0, 0x0,
    0x0, 0x0, 0x4, 0x9c, 0xdc, 0xa8, 0xb0, 0x0,
    0x0, 0x0, 0x0, 0x0, 0x0, 0x0, 0x0, 0x4b,
    0x0, 0x0, 0x0, 0x0, 0x0, 0x0, 0x0, 0x0,
    0x4, 0xb0, 0x0, 0x0, 0x0, 0x0, 0x0, 0x0,
    0x0, 0x0, 0x21,

    /* U+F29A "" */
    0x0, 0x0, 0x0, 0x0, 0x2, 0x20, 0x0, 0x0,
    0x0, 0x0, 0x0, 0x0, 0x1, 0x8d, 0xff, 0xff,
    0xc7, 0x10, 0x0, 0x0, 0x0, 0x0, 0x7f, 0xfc,
    0x86, 0x68, 0xdf, 0xe5, 0x0, 0x0, 0x0, 0xa,
    0xfb, 0x59, 0xdf, 0xfd, 0x85, 0xdf, 0x80, 0x0,
    0x0, 0x9f, 0x88, 0xff, 0xfd, 0xef, 0xff, 0x6a,
    0xf6, 0x0, 0x4, 0xf9, 0x9f, 0xff, 0xa0, 0xe,
    0xff, 0xf6, 0xcf, 0x20, 0xd, 0xe6, 0xff, 0xff,
    0x90, 0xd, 0xff, 0xff, 0x5f, 0xa0, 0x3f, 0x7e,
    0xf6, 0x8b, 0xd8, 0xad, 0xa7, 0x7f, 0xb9, 0xf0,
    0x7f, 0x5f, 0xf6, 0x30, 0x0, 0x0, 0x4, 0x9f,
    0xf5, 0xf4, 0x9f, 0x6f, 0xff, 0xff, 0x60, 0xa,
    0xff, 0xff, 0xf6, 0xf6, 0xae, 0x7f, 0xff, 0xff,
    0x60, 0xb, 0xff, 0xff, 0xf6, 0xf7, 0x9f, 0x6f,
    0xff, 0xff, 0x50, 0xa, 0xff, 0xff, 0xf6, 0xf6,
    0x7f, 0x5f, 0xff, 0xff, 0x41, 0x8, 0xff, 0xff,
    0xf5, 0xf4, 0x3f, 0x7e, 0xff, 0xff, 0x18, 0x36,
    0xff, 0xff, 0xba, 0xf0, 0xc, 0xe6, 0xff, 0xfc,
    0xc, 0x71, 0xff, 0xff, 0x5f, 0xa0, 0x4, 0xfa,
    0x9f, 0xf8, 0x2f, 0xd0, 0xdf, 0xf6, 0xcf, 0x20,
    0x0, 0x8f, 0x98, 0xff, 0xff, 0xfe, 0xff, 0x6b,
    0xf6, 0x0, 0x0, 0x9, 0xfc, 0x58, 0xce, 0xec,
    0x75, 0xdf, 0x70, 0x0, 0x0, 0x0, 0x7f, 0xfd,
    0x87, 0x79, 0xdf, 0xe5, 0x0, 0x0, 0x0, 0x0,
    0x1, 0x8d, 0xff, 0xff, 0xc7, 0x0, 0x0, 0x0,
    0x0, 0x0, 0x0, 0x0, 0x1, 0x10, 0x0, 0x0,
    0x0, 0x0,

    /* U+F29D "" */
    0x0, 0x16, 0x40, 0x0, 0x0, 0x0, 0x0, 0x0,
    0xc, 0xff, 0x30, 0x0, 0x0, 0x0, 0x0, 0x0,
    0xef, 0xf6, 0x0, 0x0, 0x0, 0x0, 0x0, 0x5,
    0xeb, 0x0, 0x0, 0x0, 0x0, 0x0, 0x0, 0x6b,
    0xb1, 0x0, 0x0, 0x0, 0x0, 0x0, 0x5f, 0xff,
    0xc0, 0x0, 0x0, 0x0, 0x0, 0x2f, 0xff, 0xef,
    0xa0, 0x0, 0x0, 0x0, 0xd, 0xfe, 0xfb, 0xef,
    0x60, 0x0, 0x0, 0x0, 0xfe, 0x8f, 0xf7, 0xff,
    0x30, 0x0, 0x0, 0xf, 0xe8, 0xff, 0x56, 0xfe,
    0x10, 0x0, 0x0, 0xfe, 0x8f, 0xf5, 0xa, 0xfc,
    0x0, 0x0, 0xf, 0xd8, 0xff, 0x50, 0xc, 0xd0,
    0x0, 0x0, 0x32, 0x8f, 0xf4, 0x0, 0x4, 0x60,
    0x0, 0x0, 0xa, 0xff, 0x90, 0x0, 0xa, 0x10,
    0x0, 0x1, 0xff, 0xbf, 0x40, 0x0, 0x29, 0x0,
    0x0, 0x6f, 0xfa, 0xfb, 0x0, 0x0, 0x83, 0x0,
    0xc, 0xfe, 0x9f, 0xf2, 0x0, 0x0, 0xb0, 0x2,
    0xff, 0x83, 0xff, 0x80, 0x0, 0x4, 0x60, 0x7f,
    0xf2, 0xc, 0xfe, 0x0, 0x0, 0xa, 0x19, 0xfc,
    0x0, 0x6f, 0xf1, 0x0, 0x0, 0x29, 0x17, 0x20,
    0x0, 0x64, 0x0, 0x0, 0x0, 0x40,

    /* U+F29E "" */
    0x5e, 0xff, 0xff, 0xff, 0xff, 0xff, 0xff, 0xff,
    0xff, 0xe5, 0xef, 0xff, 0xff, 0xff, 0xff, 0xff,
    0xff, 0xff, 0xff, 0xfe, 0xff, 0xff, 0xff, 0xff,
    0xff, 0xff, 0xff, 0xff, 0xff, 0xff, 0xff, 0xff,
    0xfc, 0xcf, 0xff, 0xdc, 0xcc, 0xff, 0xff, 0xff,
    0xff, 0xff, 0xe0, 0x8, 0xff, 0x30, 0x0, 0x9,
    0xff, 0xff, 0xff, 0xff, 0x90, 0x2, 0xff, 0x30,
    0x96, 0x0, 0xbf, 0xff, 0xff, 0xff, 0x40, 0x30,
    0xdf, 0x30, 0xef, 0x40, 0x5f, 0xff, 0xff, 0xfe,
    0x2, 0x90, 0x7f, 0x30, 0xef, 0x60, 0x3f, 0xff,
    0xff, 0xf9, 0x0, 0x0, 0x2f, 0x30, 0xee, 0x20,
    0x5f, 0xff, 0xff, 0xf3, 0x3, 0x41, 0xc, 0x30,
    0x20, 0x0, 0xbf, 0xff, 0xff, 0xe0, 0xf, 0xf7,
    0x7, 0x30, 0x0, 0x9, 0xff, 0xff, 0xff, 0xfc,
    0xdf, 0xfe, 0xce, 0xdc, 0xcc, 0xff, 0xff, 0xff,
    0xff, 0xff, 0xff, 0xff, 0xff, 0xff, 0xff, 0xff,
    0xff, 0xff, 0xef, 0xff, 0xff, 0xff, 0xff, 0xff,
    0xff, 0xff, 0xff, 0xfe, 0x5e, 0xff, 0xff, 0xff,
    0xff, 0xff, 0xff, 0xff, 0xff, 0xe5,

    /* U+F2A0 "" */
    0x0, 0x0, 0x0, 0x0, 0x0, 0x0, 0x4, 0x20,
    0x0, 0x0, 0x2, 0x0, 0x0, 0x0, 0xa, 0xd0,
    0x0, 0x0, 0xaf, 0x91, 0x0, 0x5, 0x61, 0xf5,
    0x0, 0x8, 0xff, 0xfe, 0x30, 0x6, 0xf1, 0x9b,
    0x0, 0x3f, 0xff, 0xff, 0x55, 0xb0, 0xe5, 0x5e,
    0x0, 0xbf, 0xff, 0xfe, 0x5, 0xf0, 0xc7, 0x4f,
    0x2, 0xff, 0xff, 0xf8, 0x4, 0xb0, 0xe5, 0x5e,
    0x7, 0xff, 0xbb, 0xc1, 0x0, 0x6, 0xf1, 0x9b,
    0xb, 0xff, 0x0, 0x0, 0x0, 0x5, 0x61, 0xf5,
    0xe, 0xfc, 0x0, 0x0, 0x0, 0x0, 0xa, 0xd0,
    0xf, 0xfb, 0x0, 0x0, 0x0, 0x0, 0x4, 0x20,
    0xf, 0xfb, 0x0, 0x0, 0x0, 0x0, 0x0, 0x0,
    0xf, 0xfc, 0x0, 0x0, 0x0, 0x0, 0x0, 0x0,
    0xc, 0xff, 0x0, 0x0, 0x0, 0x0, 0x0, 0x0,
    0x9, 0xff, 0x87, 0x80, 0x0, 0x0, 0x0, 0x0,
    0x4, 0xff, 0xff, 0xf6, 0x0, 0x0, 0x0, 0x0,
    0x0, 0xdf, 0xff, 0xfd, 0x0, 0x0, 0x0, 0x0,
    0x0, 0x5f, 0xff, 0xff, 0x30, 0x0, 0x0, 0x0,
    0x0, 0xb, 0xff, 0xff, 0x50, 0x0, 0x0, 0x0,
    0x0, 0x1, 0xdf, 0xd3, 0x0, 0x0, 0x0, 0x0,
    0x0, 0x0, 0x16, 0x0, 0x0, 0x0, 0x0, 0x0,

    /* U+F2A1 "" */
    0x0, 0x10, 0x0, 0x0, 0x10, 0x0, 0x0, 0x0,
    0x1, 0x0, 0x0, 0x0, 0x3, 0xef, 0xe3, 0x1,
    0xcf, 0xf5, 0x0, 0x0, 0x3e, 0xfe, 0x30, 0x0,
    0x0, 0xcf, 0xff, 0xc0, 0x9f, 0xff, 0xf1, 0x0,
    0xc, 0xff, 0xfc, 0x0, 0x2c, 0x8f, 0xff, 0xff,
    0xb, 0xff, 0xff, 0x20, 0x0, 0xff, 0xff, 0xf0,
    0x7, 0xff, 0xaf, 0xff, 0xa0, 0x7f, 0xff, 0xe0,
    0x0, 0xa, 0xff, 0xfa, 0x0, 0x8, 0x41, 0x9d,
    0x91, 0x0, 0x7c, 0xb2, 0x0, 0x0, 0x19, 0xd9,
    0x10, 0x0, 0x0, 0x0, 0x0, 0x0, 0x0, 0x0,
    0x0, 0x0, 0x0, 0x0, 0x0, 0x0, 0x0, 0x2,
    0xbf, 0xb2, 0x0, 0x0, 0x0, 0x0, 0x0, 0x0,
    0x0, 0x0, 0x0, 0x0, 0xcf, 0xff, 0xb0, 0x1,
    0xa6, 0x0, 0x0, 0x0, 0x3b, 0x30, 0x0, 0x1a,
    0x6f, 0xff, 0xff, 0x0, 0x7f, 0xe0, 0x0, 0x0,
    0xb, 0xfb, 0x0, 0x7, 0xff, 0xbf, 0xff, 0xb0,
    0x1, 0xa6, 0x0, 0x0, 0x0, 0x3b, 0x30, 0x0,
    0x1a, 0x62, 0xbf, 0xc2, 0x0, 0x0, 0x0, 0x0,
    0x0, 0x0, 0x0, 0x0, 0x0, 0x0, 0x0, 0x0,
    0x0, 0x0, 0x0, 0x0, 0x0, 0x0, 0x0, 0x0,
    0x0, 0x0, 0x0, 0x0, 0x0, 0x0, 0x0, 0x0,
    0x0, 0x0, 0x0, 0x0, 0x0, 0x0, 0x0, 0x1,
    0x71, 0x0, 0x0, 0x63, 0x0, 0x0, 0x0, 0x17,
    0x10, 0x0, 0x6, 0x30, 0xaf, 0xa0, 0x0, 0x6f,
    0xe0, 0x0, 0x0, 0xa, 0xfa, 0x0, 0x6, 0xfe,
    0x6, 0xf6, 0x0, 0x3, 0xe9, 0x0, 0x0, 0x0,
    0x6f, 0x60, 0x0, 0x3e, 0xa0,

    /* U+F2A2 "" */
    0x0, 0x0, 0x0, 0x0, 0x0, 0x1, 0x62, 0x0,
    0x0, 0x0, 0x0, 0x0, 0x0, 0x0, 0x0, 0x9,
    0xff, 0xa1, 0x0, 0x0, 0x0, 0x0, 0x0, 0x0,
    0x0, 0x2, 0xcf, 0xff, 0x40, 0x0, 0x0, 0x0,
    0x0, 0x0, 0x23, 0x10, 0x4, 0xdf, 0xf4, 0x0,
    0x0, 0x0, 0x1, 0x9e, 0xff, 0xfd, 0x70, 0x1c,
    0xfe, 0x10, 0x0, 0x0, 0x3e, 0xff, 0xff, 0xff,
    0xfc, 0x11, 0xef, 0xa0, 0x0, 0x2, 0xef, 0xe5,
    0x10, 0x17, 0xff, 0xc0, 0x4f, 0xf2, 0x0, 0xb,
    0xfd, 0x10, 0x24, 0x10, 0x3f, 0xf7, 0xc, 0xf8,
    0x0, 0x2f, 0xf3, 0xa, 0xff, 0xf6, 0x7, 0xfe,
    0x7, 0xfc, 0x0, 0x6f, 0xd0, 0x7f, 0xfe, 0xff,
    0x21, 0xff, 0x24, 0xfe, 0x0, 0x7f, 0xb0, 0xbf,
    0x80, 0xdf, 0x50, 0xff, 0x33, 0xff, 0x0, 0x2b,
    0x40, 0x5b, 0x10, 0x5b, 0x11, 0xff, 0x20, 0x97,
    0x0, 0x0, 0x0, 0x0, 0x0, 0x0, 0x8, 0xfe,
    0x0, 0x0, 0x0, 0x0, 0xa, 0xe3, 0x0, 0x0,
    0x6f, 0xf7, 0x0, 0x0, 0x0, 0x20, 0xe, 0xf6,
    0x0, 0x4, 0xff, 0xa0, 0x0, 0x0, 0x2, 0xec,
    0x3, 0x60, 0x0, 0xb, 0xfc, 0x0, 0x0, 0x0,
    0x0, 0xcf, 0xc0, 0x0, 0x0, 0xd, 0xf6, 0x0,
    0x0, 0x0, 0x0, 0xc, 0xfb, 0x0, 0x0, 0x4f,
    0xf3, 0x0, 0x0, 0x0, 0xae, 0x30, 0xb3, 0x0,
    0x5b, 0xff, 0xc0, 0x0, 0x0, 0x0, 0xef, 0x60,
    0x0, 0x0, 0xdf, 0xfc, 0x10, 0x0, 0x0, 0x0,
    0x36, 0x0, 0x0, 0x0, 0x37, 0x40, 0x0, 0x0,
    0x0, 0x0,

    /* U+F2A3 "" */
    0x0, 0x0, 0x0, 0x0, 0x0, 0x0, 0x0, 0x0,
    0x0, 0x0, 0x0, 0x0, 0x0, 0x0, 0x0, 0x0,
    0x0, 0x2e, 0xe0, 0x0, 0x0, 0x0, 0x0, 0x0,
    0x0, 0x0, 0x0, 0x0, 0x0, 0x0, 0x1e, 0xfc,
    0x0, 0x0, 0x0, 0x0, 0x0, 0x0, 0x0, 0x0,
    0x0, 0x0, 0x0, 0xb, 0xfd, 0x8d, 0xf4, 0x0,
    0x0, 0x0, 0x0, 0x0, 0x0, 0x0, 0x0, 0x0,
    0x2, 0xff, 0xff, 0xff, 0x40, 0x0, 0x0, 0x0,
    0x0, 0x0, 0x0, 0x0, 0x0, 0x0, 0x8f, 0xff,
    0xfc, 0x73, 0x0, 0x0, 0x0, 0x0, 0x2, 0x91,
    0x0, 0x0, 0x0, 0xb, 0xff, 0xff, 0xff, 0xf9,
    0x3, 0x89, 0x76, 0x5a, 0xff, 0x90, 0x0, 0x0,
    0x2, 0xff, 0xff, 0xfc, 0xaf, 0x97, 0xff, 0xff,
    0xff, 0xff, 0xff, 0x10, 0x0, 0x0, 0xbf, 0xff,
    0xff, 0xfd, 0x32, 0xff, 0xaa, 0xff, 0xff, 0xff,
    0xf9, 0x0, 0x0, 0x4f, 0xff, 0xff, 0xff, 0xfe,
    0x2d, 0x70, 0xc, 0xff, 0xff, 0xff, 0xe0, 0x1,
    0x9f, 0xff, 0xff, 0xe1, 0xd, 0xf4, 0xfc, 0x0,
    0xdf, 0xff, 0xff, 0xd4, 0x0, 0xef, 0xff, 0xff,
    0xfb, 0x0, 0x6c, 0x2f, 0xfd, 0xdf, 0xff, 0xff,
    0x80, 0x0, 0xa, 0xff, 0xff, 0xff, 0xf6, 0x6f,
    0xf3, 0x5f, 0xff, 0xff, 0xff, 0xd0, 0x0, 0x0,
    0x3f, 0xff, 0xff, 0xff, 0xff, 0xfa, 0x6b, 0x8c,
    0xff, 0xff, 0xf4, 0x0, 0x0, 0x0, 0xbf, 0xfe,
    0x9a, 0xbd, 0xc7, 0xb, 0xff, 0xff, 0xff, 0xfc,
    0x0, 0x0, 0x0, 0x3, 0xc6, 0x0, 0x0, 0x0,
    0x0, 0x17, 0xac, 0xff, 0xff, 0x80, 0x0, 0x0,
    0x0, 0x0, 0x0, 0x0, 0x0, 0x0, 0x0, 0x2c,
    0xff, 0xff, 0xf4, 0x0, 0x0, 0x0, 0x0, 0x0,
    0x0, 0x0, 0x0, 0x0, 0x5, 0xff, 0xcd, 0xfd,
    0x0, 0x0, 0x0, 0x0, 0x0, 0x0, 0x0, 0x0,
    0x0, 0x0, 0x3, 0x19, 0xff, 0x30, 0x0, 0x0,
    0x0, 0x0, 0x0, 0x0, 0x0, 0x0, 0x0, 0x0,
    0x0, 0xff, 0x50, 0x0, 0x0, 0x0, 0x0, 0x0,
    0x0, 0x0, 0x0, 0x0, 0x0, 0x0, 0x3, 0x30,
    0x0, 0x0, 0x0, 0x0,

    /* U+F2A4 "" */
    0x0, 0x0, 0x0, 0x0, 0x0, 0x0, 0x0, 0x0,
    0x0, 0x5, 0x0, 0x0, 0x0, 0x0, 0x0, 0x0,
    0x0, 0x0, 0x0, 0x0, 0xbf, 0x90, 0x0, 0x0,
    0x0, 0x0, 0x0, 0x0, 0x0, 0x0, 0xb, 0xff,
    0xb0, 0x0, 0x0, 0x0, 0x0, 0x2, 0x31, 0x0,
    0x0, 0xbf, 0xfb, 0x0, 0x0, 0x0, 0x0, 0x18,
    0xef, 0xff, 0xe8, 0x5, 0xff, 0xb0, 0x0, 0x0,
    0x0, 0x2, 0xdf, 0xff, 0xff, 0xff, 0xd2, 0x8b,
    0x0, 0x0, 0x0, 0x0, 0x1e, 0xfe, 0x61, 0x1,
    0x7f, 0xfd, 0x10, 0x0, 0x0, 0x0, 0x0, 0xaf,
    0xe1, 0x2, 0x41, 0x2, 0xef, 0x90, 0x0, 0x0,
    0x0, 0x1, 0xff, 0x40, 0xaf, 0xff, 0x60, 0x6f,
    0xf0, 0x0, 0x0, 0x0, 0x4, 0xfe, 0x7, 0xff,
    0xef, 0xf2, 0xf, 0xf3, 0x0, 0x0, 0x0, 0x6,
    0xfc, 0xb, 0xf8, 0xd, 0xf5, 0xe, 0xf4, 0x0,
    0x0, 0x0, 0x1, 0xa5, 0x5, 0xb2, 0x5, 0xb1,
    0xf, 0xf3, 0x0, 0x0, 0x0, 0x0, 0x0, 0x15,
    0x0, 0x0, 0x0, 0x7f, 0xf0, 0x0, 0x0, 0x0,
    0x0, 0x1, 0xdf, 0x70, 0x0, 0x7, 0xff, 0x80,
    0x0, 0x0, 0x0, 0x0, 0x1d, 0xff, 0x80, 0x0,
    0x5f, 0xfa, 0x0, 0x0, 0x0, 0x0, 0x1, 0xdf,
    0xf9, 0x0, 0x0, 0xbf, 0xb0, 0x0, 0x0, 0x0,
    0x0, 0x1d, 0xff, 0x90, 0x0, 0x0, 0xef, 0x60,
    0x0, 0x0, 0x0, 0x1, 0xdf, 0xf9, 0x0, 0x0,
    0x7, 0xff, 0x30, 0x0, 0x0, 0x0, 0xc, 0xff,
    0x90, 0x0, 0x8, 0xef, 0xfb, 0x0, 0x0, 0x0,
    0x0, 0x6, 0xf9, 0x0, 0x0, 0xc, 0xff, 0xa0,
    0x0, 0x0, 0x0, 0x0, 0x0, 0x30, 0x0, 0x0,
    0x1, 0x42, 0x0, 0x0, 0x0, 0x0, 0x0,

    /* U+F2A5 "" */
    0x5, 0x77, 0x77, 0x77, 0x77, 0x77, 0x77, 0x77,
    0x30, 0xbf, 0xff, 0xff, 0xff, 0xff, 0xff, 0xff,
    0xff, 0xf3, 0xff, 0xff, 0xff, 0xff, 0xff, 0xff,
    0xff, 0xff, 0xf7, 0xff, 0xff, 0xff, 0xf8, 0x21,
    0x4d, 0xff, 0xff, 0xf8, 0xff, 0xff, 0xff, 0x40,
    0x36, 0x4, 0xff, 0xff, 0xf8, 0xff, 0xff, 0xfb,
    0x1, 0xfd, 0x1, 0xff, 0xff, 0xf8, 0xff, 0xff,
    0xf4, 0x7, 0xfa, 0x3, 0xff, 0xff, 0xf8, 0xff,
    0xff, 0xf1, 0x9, 0xf7, 0x6, 0xff, 0xff, 0xf8,
    0xff, 0xff, 0xf2, 0x8, 0xf3, 0x6, 0x51, 0xbf,
    0xf8, 0xff, 0xff, 0xf6, 0x1, 0x80, 0x0, 0x35,
    0x5f, 0xf8, 0xff, 0xff, 0xff, 0x50, 0x0, 0xd,
    0xff, 0xff, 0xf8, 0xff, 0xff, 0xfc, 0x8d, 0x80,
    0x4f, 0xff, 0xff, 0xf8, 0xff, 0xff, 0xf1, 0x1d,
    0x60, 0x9f, 0xff, 0xff, 0xf8, 0xff, 0xff, 0xf0,
    0x7d, 0x1, 0xff, 0xff, 0xff, 0xf8, 0xff, 0xff,
    0xf3, 0x0, 0xc, 0xff, 0xff, 0xff, 0xf8, 0xff,
    0xff, 0xfe, 0x88, 0xef, 0xff, 0xff, 0xff, 0xf8,
    0xef, 0xff, 0xff, 0xff, 0xff, 0xff, 0xff, 0xff,
    0xf6, 0x6f, 0xff, 0xff, 0xff, 0xff, 0xff, 0xff,
    0xff, 0xc1, 0x0, 0x0, 0x0, 0x0, 0x0, 0x0,
    0x0, 0x0, 0x0,

    /* U+F2A6 "" */
    0x0, 0x0, 0x1, 0x44, 0x30, 0x0, 0x0, 0x0,
    0x0, 0x0, 0x1a, 0xff, 0xff, 0xe5, 0x0, 0x0,
    0x0, 0x0, 0x2e, 0xff, 0xfe, 0xff, 0xf1, 0x0,
    0x0, 0x0, 0xe, 0xff, 0xe3, 0xd, 0xff, 0x60,
    0x0, 0x0, 0x8, 0xff, 0xf3, 0x0, 0xcf, 0xf7,
    0x0, 0x0, 0x0, 0xef, 0xfb, 0x0, 0xf, 0xff,
    0x60, 0x0, 0x0, 0x3f, 0xff, 0x60, 0x2, 0xff,
    0xf4, 0x0, 0x0, 0x6, 0xff, 0xf4, 0x0, 0x6f,
    0xff, 0x10, 0x0, 0x0, 0x7f, 0xff, 0x30, 0x9,
    0xff, 0xe0, 0x4, 0x40, 0x5, 0xff, 0xf6, 0x0,
    0xcf, 0xfb, 0x8f, 0xff, 0x70, 0x1f, 0xff, 0xd2,
    0xf, 0xff, 0xff, 0xff, 0xff, 0x20, 0x9f, 0xff,
    0xff, 0xff, 0xff, 0x94, 0x22, 0x52, 0x0, 0xaf,
    0xff, 0xff, 0xff, 0x10, 0x0, 0x0, 0x0, 0x2,
    0x26, 0x8d, 0xff, 0xc0, 0x0, 0x0, 0x0, 0xd,
    0xfd, 0x40, 0xcf, 0xf8, 0x0, 0x0, 0x0, 0x7,
    0xff, 0xb0, 0x1f, 0xff, 0x30, 0x0, 0x0, 0x0,
    0xbf, 0xf0, 0x7, 0xff, 0xc0, 0x0, 0x0, 0x0,
    0xa, 0xfe, 0x3, 0xff, 0xf3, 0x0, 0x0, 0x0,
    0x0, 0x6f, 0xff, 0xff, 0xf6, 0x0, 0x0, 0x0,
    0x0, 0x0, 0x9f, 0xff, 0xe5, 0x0, 0x0, 0x0,
    0x0, 0x0, 0x0, 0x24, 0x30, 0x0, 0x0, 0x0,
    0x0, 0x0, 0x0,

    /* U+F2A7 "" */
    0x0, 0x0, 0x0, 0x0, 0x0, 0x79, 0x0, 0x0,
    0x0, 0x0, 0x0, 0x0, 0x0, 0x6f, 0x7f, 0xfa,
    0x0, 0x0, 0x0, 0x0, 0x0, 0x0, 0x7, 0xff,
    0xbf, 0xf6, 0x0, 0x0, 0x0, 0x0, 0x0, 0x6,
    0xad, 0xfe, 0xcf, 0xf3, 0x7, 0x90, 0x0, 0x0,
    0x0, 0xdf, 0xce, 0xfd, 0xdf, 0xe1, 0xff, 0x30,
    0x0, 0x0, 0x5, 0xff, 0xbf, 0xfc, 0xff, 0xbf,
    0xf4, 0x0, 0x0, 0x0, 0x29, 0xff, 0xcf, 0xff,
    0xff, 0xff, 0x40, 0x0, 0x0, 0x2f, 0xea, 0xae,
    0xef, 0xff, 0xff, 0xf5, 0x0, 0x0, 0x1, 0xfd,
    0xdf, 0xac, 0xff, 0xff, 0xff, 0x50, 0x0, 0x0,
    0x5, 0xeb, 0xff, 0xdb, 0xff, 0xff, 0xf6, 0x0,
    0x15, 0x55, 0x59, 0x8c, 0xff, 0xfa, 0xef, 0xff,
    0x50, 0xd, 0xff, 0xff, 0xff, 0xff, 0xff, 0xfb,
    0xdf, 0xb0, 0x0, 0x9e, 0xee, 0xee, 0xff, 0xff,
    0xff, 0xfa, 0x70, 0x0, 0xad, 0xee, 0xee, 0xef,
    0xff, 0xff, 0xff, 0x40, 0x0, 0xf, 0xff, 0xff,
    0xff, 0xff, 0xff, 0xff, 0xf3, 0x0, 0x0, 0x28,
    0xcc, 0xcc, 0xcf, 0xff, 0xff, 0xff, 0x30, 0x0,
    0x0, 0xef, 0xff, 0xff, 0xff, 0xff, 0xff, 0xf3,
    0x0, 0x0, 0x8, 0xdd, 0xdd, 0xdf, 0xff, 0xff,
    0xff, 0x30, 0x0, 0x0, 0x0, 0x3e, 0xff, 0xff,
    0xff, 0xff, 0xf1, 0x0, 0x0, 0x0, 0x6, 0xff,
    0xff, 0xff, 0xfc, 0x83, 0x0, 0x0, 0x0, 0x0,
    0x3, 0x44, 0x44, 0x30, 0x0, 0x0, 0x0, 0x0,

    /* U+F2A8 "" */
    0x0, 0x0, 0x2, 0x70, 0x0, 0x0, 0x0, 0x0,
    0x0, 0x0, 0x0, 0x0, 0x0, 0x0, 0xe, 0xfa,
    0x0, 0x0, 0x0, 0x0, 0x0, 0x0, 0x0, 0x0,
    0x0, 0x0, 0xb, 0xff, 0x60, 0x0, 0x0, 0x0,
    0x0, 0x0, 0x0, 0x0, 0x0, 0x0, 0x1, 0xef,
    0xf7, 0x9a, 0xba, 0x85, 0x10, 0x0, 0x0, 0x0,
    0x0, 0x0, 0x0, 0x7f, 0xff, 0xff, 0xff, 0xff,
    0xfb, 0x30, 0x0, 0x0, 0x0, 0x0, 0x1a, 0xff,
    0xff, 0xc3, 0x24, 0x9f, 0xff, 0xf9, 0x0, 0x0,
    0x0, 0x2, 0xef, 0xe5, 0xcf, 0xf8, 0x97, 0x2,
    0xef, 0xff, 0xd1, 0x0, 0x0, 0x2e, 0xff, 0xc0,
    0x2f, 0xff, 0xf2, 0x0, 0x2f, 0xff, 0xfd, 0x10,
    0x0, 0xcf, 0xdf, 0xf7, 0x6, 0xff, 0xb0, 0x0,
    0x9, 0xff, 0xff, 0xb0, 0x7, 0xfb, 0xd, 0xff,
    0x30, 0xbf, 0xf2, 0x5, 0x55, 0xff, 0xff, 0xf6,
    0xc, 0xfb, 0x3, 0xff, 0xd0, 0x1e, 0xff, 0xdf,
    0x74, 0xff, 0xff, 0xfa, 0x6, 0xff, 0x60, 0x7f,
    0xf9, 0x4, 0xff, 0xff, 0x55, 0xff, 0xff, 0xf5,
    0x0, 0xbf, 0xf2, 0xc, 0xff, 0x40, 0x9f, 0xfe,
    0xa, 0xff, 0xff, 0xa0, 0x0, 0x1d, 0xfc, 0x2,
    0xff, 0xe1, 0xd, 0xff, 0x6f, 0xff, 0xfc, 0x0,
    0x0, 0x1, 0xdf, 0x80, 0x6f, 0xfa, 0x3, 0xff,
    0xff, 0xff, 0xc1, 0x0, 0x0, 0x0, 0x8, 0xf3,
    0xa, 0xff, 0x60, 0x7f, 0xff, 0xf8, 0x0, 0x0,
    0x0, 0x0, 0x0, 0x27, 0x1, 0xef, 0xf2, 0xc,
    0xff, 0x60, 0x0, 0x0, 0x0, 0x0, 0x0, 0x0,
    0x0, 0x39, 0xa6, 0x2, 0xff, 0xe1, 0x0, 0x0,
    0x0, 0x0, 0x0, 0x0, 0x0, 0x0, 0x0, 0x0,
    0x5f, 0xfa, 0x0, 0x0, 0x0, 0x0, 0x0, 0x0,
    0x0, 0x0, 0x0, 0x0, 0xa, 0xfc, 0x0, 0x0,
    0x0, 0x0, 0x0, 0x0, 0x0, 0x0, 0x0, 0x0,
    0x0, 0x61, 0x0, 0x0,

    /* U+F2A9 "" */
    0x0, 0x0, 0x0, 0x0, 0x10, 0x0, 0x0, 0x0,
    0x0, 0x0, 0x0, 0x0, 0x0, 0x33, 0x0, 0x0,
    0x0, 0x80, 0x0, 0x0, 0x0, 0x0, 0x8, 0x0,
    0x0, 0x1b, 0xf3, 0x0, 0x0, 0x0, 0x0, 0x3,
    0x40, 0x3a, 0xff, 0xf6, 0x0, 0x0, 0x0, 0x0,
    0x0, 0x64, 0xff, 0xfe, 0xf7, 0x0, 0x0, 0x0,
    0x0, 0x0, 0x3b, 0xff, 0xfc, 0xf6, 0x0, 0x0,
    0x5a, 0xee, 0xd7, 0xc, 0xfd, 0xcf, 0xf2, 0x0,
    0xb, 0xff, 0xed, 0xe7, 0x7, 0x7c, 0xff, 0xb0,
    0x0, 0xcf, 0xb2, 0x0, 0x0, 0x7, 0x6e, 0xfb,
    0x10, 0x8, 0xf9, 0x0, 0x0, 0x0, 0x19, 0x0,
    0x0, 0x0, 0x2f, 0xd0, 0x0, 0x0, 0x0, 0x2a,
    0x5, 0x0, 0x0, 0x7f, 0x60, 0x0, 0x0, 0x0,
    0x4a, 0x9f, 0x30, 0x0, 0x9f, 0x20, 0x0, 0x0,
    0x0, 0x79, 0x6f, 0x60, 0x0, 0xaf, 0x10, 0x0,
    0x0, 0x0, 0xb5, 0x5f, 0x60, 0x0, 0x8f, 0x30,
    0x0, 0x0, 0x0, 0xe1, 0x7f, 0x50, 0x0, 0x5f,
    0x80, 0x0, 0x0, 0x6, 0x90, 0xbf, 0x10, 0x0,
    0xe, 0xf1, 0x0, 0x0, 0xc, 0x14, 0xfa, 0x0,
    0x0, 0x5, 0xfd, 0x10, 0x0, 0xa2, 0x3e, 0xf2,
    0x0, 0x0, 0x0, 0x7f, 0xf9, 0x6b, 0x69, 0xff,
    0x40, 0x0, 0x0, 0x0, 0x5, 0xdf, 0xff, 0xff,
    0xc3, 0x0, 0x0, 0x0, 0x0, 0x0, 0x3, 0x67,
    0x62, 0x0, 0x0, 0x0, 0x0,

    /* U+F2AA "" */
    0x0, 0x0, 0x0, 0x0, 0x0, 0x0, 0x0, 0x0,
    0x0, 0x0, 0x7f, 0xff, 0xff, 0xff, 0xff, 0xff,
    0xff, 0xff, 0xb0, 0xf, 0xff, 0xff, 0xff, 0xff,
    0xff, 0xff, 0xff, 0xff, 0x51, 0xff, 0xff, 0xff,
    0xff, 0xef, 0xff, 0xff, 0xff, 0xf6, 0x1f, 0xff,
    0xff, 0xff, 0xfc, 0xdf, 0xfb, 0x4f, 0xff, 0x61,
    0xff, 0xff, 0xff, 0xff, 0xfb, 0xb2, 0x0, 0xff,
    0xf6, 0x1f, 0xff, 0xff, 0xff, 0xff, 0xd2, 0x2,
    0x1f, 0xff, 0x61, 0xff, 0xff, 0xf8, 0x23, 0x2e,
    0x63, 0x8, 0xff, 0xf6, 0x1f, 0xff, 0xf5, 0x5e,
    0xff, 0xeb, 0xab, 0xff, 0xff, 0x61, 0xff, 0xfb,
    0x2f, 0xff, 0xfd, 0x97, 0xff, 0xff, 0xf6, 0x1f,
    0xff, 0x67, 0xff, 0xff, 0xaa, 0xf, 0xff, 0xff,
    0x61, 0xff, 0xf5, 0x8f, 0xff, 0xf7, 0xd0, 0xff,
    0xff, 0xf6, 0x1f, 0xff, 0x84, 0xff, 0xff, 0x7a,
    0x2f, 0xff, 0xff, 0x61, 0xff, 0xfe, 0x19, 0xff,
    0x9d, 0x1a, 0xff, 0xff, 0xf6, 0x1f, 0xff, 0xfc,
    0x13, 0x45, 0x17, 0xff, 0xff, 0xff, 0x61, 0xff,
    0xff, 0xff, 0x97, 0x8d, 0xff, 0xff, 0xff, 0xf6,
    0xf, 0xff, 0xff, 0xff, 0xff, 0xff, 0xff, 0xff,
    0xff, 0x50, 0x7f, 0xff, 0xff, 0xff, 0xff, 0xff,
    0xff, 0xff, 0xb0, 0x0, 0x0, 0x0, 0x0, 0x0,
    0x0, 0x0, 0x0, 0x0, 0x0,

    /* U+F2AB "" */
    0x0, 0x0, 0x0, 0x0, 0x12, 0x10, 0x0, 0x0,
    0x0, 0x0, 0x0, 0x0, 0x3, 0xae, 0xff, 0xff,
    0xb6, 0x0, 0x0, 0x0, 0x0, 0x1, 0xaf, 0xff,
    0xff, 0xff, 0xff, 0xd3, 0x0, 0x0, 0x0, 0x2d,
    0xff, 0xff, 0xff, 0xff, 0xff, 0xff, 0x50, 0x0,
    0x0, 0xdf, 0xff, 0xfd, 0x64, 0x5b, 0xff, 0xff,
    0xf4, 0x0, 0x9, 0xff, 0xff, 0xd0, 0x0, 0x0,
    0x8f, 0xff, 0xfe, 0x0, 0x2f, 0xff, 0xff, 0x40,
    0x0, 0x0, 0xd, 0xff, 0xff, 0x80, 0x8f, 0xff,
    0xff, 0x10, 0x0, 0x0, 0xb, 0xff, 0xff, 0xe0,
    0xcf, 0xff, 0xff, 0x10, 0x0, 0x0, 0xb, 0xff,
    0xff, 0xf2, 0xef, 0xff, 0xa5, 0x0, 0x0, 0x0,
    0x4, 0x5f, 0xff, 0xf4, 0xff, 0xff, 0xe6, 0x0,
    0x0, 0x0, 0x3, 0xbf, 0xff, 0xf5, 0xef, 0xff,
    0xfd, 0x0, 0x0, 0x0, 0x7, 0xff, 0xff, 0xf4,
    0xcf, 0xff, 0xf3, 0x0, 0x0, 0x0, 0x0, 0xcf,
    0xff, 0xf2, 0x8f, 0xf9, 0x20, 0x0, 0x0, 0x0,
    0x0, 0x6, 0xef, 0xe0, 0x2f, 0xfa, 0x40, 0x0,
    0x0, 0x0, 0x0, 0x27, 0xef, 0x80, 0x9, 0xff,
    0xf7, 0x72, 0x0, 0x0, 0x57, 0xcf, 0xfe, 0x0,
    0x0, 0xdf, 0xff, 0xff, 0x94, 0x6d, 0xff, 0xff,
    0xf4, 0x0, 0x0, 0x2d, 0xff, 0xff, 0xff, 0xff,
    0xff, 0xff, 0x50, 0x0, 0x0, 0x1, 0xaf, 0xff,
    0xff, 0xff, 0xff, 0xd3, 0x0, 0x0, 0x0, 0x0,
    0x3, 0xae, 0xff, 0xff, 0xc6, 0x0, 0x0, 0x0,
    0x0, 0x0, 0x0, 0x0, 0x12, 0x10, 0x0, 0x0,
    0x0, 0x0,

    /* U+F2AC "" */
    0x0, 0x0, 0x0, 0x4, 0xad, 0xec, 0x71, 0x0,
    0x0, 0x0, 0x0, 0x0, 0x0, 0xa, 0xff, 0xff,
    0xff, 0xe2, 0x0, 0x0, 0x0, 0x0, 0x0, 0x7,
    0xff, 0xff, 0xff, 0xff, 0xd0, 0x0, 0x0, 0x0,
    0x0, 0x0, 0xff, 0xff, 0xff, 0xff, 0xff, 0x60,
    0x0, 0x0, 0x0, 0x0, 0x2f, 0xff, 0xff, 0xff,
    0xff, 0xf9, 0x0, 0x0, 0x0, 0x0, 0x3, 0xff,
    0xff, 0xff, 0xff, 0xff, 0xa0, 0x0, 0x0, 0x0,
    0x0, 0x3f, 0xff, 0xff, 0xff, 0xff, 0xfa, 0x0,
    0x0, 0x0, 0x2, 0x54, 0xff, 0xff, 0xff, 0xff,
    0xff, 0xa4, 0x50, 0x0, 0x0, 0xaf, 0xff, 0xff,
    0xff, 0xff, 0xff, 0xff, 0xff, 0x10, 0x0, 0x0,
    0x6d, 0xff, 0xff, 0xff, 0xff, 0xff, 0xf9, 0x20,
    0x0, 0x0, 0x0, 0x5f, 0xff, 0xff, 0xff, 0xff,
    0xfd, 0x0, 0x0, 0x0, 0x0, 0xc, 0xff, 0xff,
    0xff, 0xff, 0xff, 0xf3, 0x0, 0x0, 0x0, 0x8,
    0xff, 0xff, 0xff, 0xff, 0xff, 0xff, 0xe1, 0x0,
    0x0, 0x19, 0xff, 0xff, 0xff, 0xff, 0xff, 0xff,
    0xff, 0xe4, 0x0, 0x9f, 0xff, 0xff, 0xff, 0xff,
    0xff, 0xff, 0xff, 0xff, 0xfd, 0x11, 0x9d, 0xff,
    0xff, 0xff, 0xff, 0xff, 0xff, 0xff, 0xeb, 0x50,
    0x0, 0xe, 0xff, 0xff, 0xff, 0xff, 0xff, 0xff,
    0xf6, 0x0, 0x0, 0x0, 0x11, 0x5, 0xdf, 0xff,
    0xff, 0x91, 0x2, 0x0, 0x0, 0x0, 0x0, 0x0,
    0x0, 0x7d, 0xda, 0x30, 0x0, 0x0, 0x0, 0x0,

    /* U+F2AD "" */
    0x5, 0x77, 0x77, 0x77, 0x77, 0x77, 0x77, 0x77,
    0x30, 0xbf, 0xff, 0xff, 0xff, 0xff, 0xff, 0xff,
    0xff, 0xf3, 0xff, 0xff, 0xff, 0xff, 0xff, 0xff,
    0xff, 0xff, 0xf7, 0xff, 0xff, 0xff, 0xb4, 0x12,
    0x7f, 0xff, 0xff, 0xf8, 0xff, 0xff, 0xfc, 0x0,
    0x0, 0x4, 0xff, 0xff, 0xf8, 0xff, 0xff, 0xf4,
    0x0, 0x0, 0x0, 0xbf, 0xff, 0xf8, 0xff, 0xff,
    0xf2, 0x0, 0x0, 0x0, 0xaf, 0xff, 0xf8, 0xff,
    0xff, 0xf2, 0x0, 0x0, 0x0, 0xaf, 0xff, 0xf8,
    0xff, 0xfa, 0x20, 0x0, 0x0, 0x0, 0x11, 0xff,
    0xf8, 0xff, 0xff, 0xa0, 0x0, 0x0, 0x0, 0x4d,
    0xff, 0xf8, 0xff, 0xff, 0xd0, 0x0, 0x0, 0x0,
    0x5f, 0xff, 0xf8, 0xff, 0xff, 0x30, 0x0, 0x0,
    0x0, 0x9, 0xff, 0xf8, 0xff, 0x81, 0x0, 0x0,
    0x0, 0x0, 0x0, 0x5d, 0xf8, 0xff, 0xb5, 0x0,
    0x0, 0x0, 0x0, 0x2, 0x7e, 0xf8, 0xff, 0xff,
    0x77, 0x20, 0x0, 0x5, 0x7b, 0xff, 0xf8, 0xff,
    0xff, 0xff, 0xf9, 0x46, 0xdf, 0xff, 0xff, 0xf8,
    0xff, 0xff, 0xff, 0xff, 0xff, 0xff, 0xff, 0xff,
    0xf7, 0x8f, 0xff, 0xff, 0xff, 0xff, 0xff, 0xff,
    0xff, 0xe2, 0x2, 0x44, 0x44, 0x44, 0x44, 0x44,
    0x44, 0x43, 0x0,

    /* U+F2AE "" */
    0x0, 0x4, 0x67, 0x77, 0x77, 0x77, 0x77, 0x77,
    0x63, 0x3, 0xdf, 0xff, 0xff, 0xff, 0xff, 0xff,
    0xca, 0xe8, 0x2e, 0xff, 0xff, 0xff, 0xff, 0xff,
    0xe6, 0xaf, 0xf8, 0x9f, 0xff, 0xff, 0xff, 0xff,
    0xfa, 0x2c, 0xff, 0xf8, 0xef, 0xff, 0xff, 0xff,
    0xff, 0x61, 0xdf, 0xff, 0xf8, 0xff, 0xff, 0xff,
    0xff, 0xf3, 0xc, 0xff, 0xff, 0xf8, 0xff, 0xff,
    0xff, 0xff, 0x30, 0x7f, 0xff, 0xff, 0xf8, 0xff,
    0xff, 0xff, 0xf4, 0x0, 0xef, 0xff, 0xff, 0xf8,
    0xff, 0xff, 0xff, 0x70, 0x4, 0xff, 0xff, 0xff,
    0xf8, 0xff, 0xff, 0xfa, 0x0, 0x9, 0xff, 0xff,
    0xff, 0xf8, 0xff, 0xff, 0xc0, 0x0, 0xe, 0xff,
    0xff, 0xff, 0xf8, 0xff, 0xff, 0x10, 0x0, 0x5f,
    0xff, 0xff, 0xff, 0xf8, 0xff, 0xf6, 0x0, 0x0,
    0xdf, 0xff, 0xff, 0xff, 0xf8, 0xff, 0xb0, 0x0,
    0x1c, 0xff, 0xff, 0xff, 0xff, 0xf7, 0xfe, 0x10,
    0x18, 0xff, 0xff, 0xff, 0xff, 0xff, 0xf5, 0xf5,
    0x19, 0xff, 0xff, 0xff, 0xff, 0xff, 0xff, 0xe0,
    0xc5, 0xff, 0xff, 0xff, 0xff, 0xff, 0xff, 0xff,
    0x40, 0xbf, 0xff, 0xff, 0xff, 0xff, 0xff, 0xff,
    0xb3, 0x0, 0x0, 0x0, 0x0, 0x0, 0x0, 0x0,
    0x0, 0x0, 0x0,

    /* U+F2B0 "" */
    0x0, 0x0, 0x0, 0x0, 0x73, 0x0, 0x0, 0x0,
    0x0, 0x0, 0x0, 0x0, 0x5b, 0x69, 0x91, 0x0,
    0x0, 0x0, 0x0, 0x0, 0x2b, 0x88, 0xfb, 0x6b,
    0x60, 0x0, 0x0, 0x0, 0x19, 0x96, 0xee, 0xdd,
    0xf9, 0x7b, 0x40, 0x0, 0x6, 0xb6, 0xbb, 0x93,
    0xd7, 0x8a, 0xd7, 0x8a, 0x10, 0xa6, 0x8f, 0x95,
    0xf9, 0xfa, 0xfa, 0x7d, 0xd6, 0xb2, 0xa9, 0xf8,
    0xde, 0xce, 0xfe, 0xfa, 0xf8, 0xff, 0x73, 0xa9,
    0xd9, 0x8e, 0xff, 0xff, 0xff, 0xb8, 0xbf, 0x73,
    0xa9, 0x9f, 0xff, 0xff, 0xff, 0xff, 0xff, 0xaf,
    0x73, 0xa9, 0x88, 0xcf, 0xff, 0xff, 0xff, 0xea,
    0x7e, 0x73, 0xa9, 0xaf, 0xff, 0xff, 0xff, 0xff,
    0xff, 0xed, 0x73, 0xa9, 0x77, 0xcf, 0xff, 0xff,
    0xff, 0xea, 0x5e, 0x73, 0xa9, 0xaf, 0xed, 0xff,
    0xff, 0xff, 0xcf, 0xbf, 0x73, 0xa9, 0xf5, 0x8f,
    0xef, 0xff, 0xfe, 0xd5, 0xbf, 0x73, 0xa7, 0xfb,
    0xcb, 0xcd, 0xfd, 0xf8, 0xf9, 0xfd, 0x73, 0x7a,
    0x6d, 0xb4, 0xf8, 0xf9, 0xfa, 0x7e, 0x87, 0xb1,
    0x2, 0xa8, 0x7d, 0x95, 0xa7, 0x8b, 0xb6, 0xb5,
    0x0, 0x0, 0x4, 0xb6, 0x9f, 0xff, 0xd6, 0xa8,
    0x0, 0x0, 0x0, 0x0, 0x7, 0xb6, 0xb8, 0x8b,
    0x20, 0x0, 0x0, 0x0, 0x0, 0x0, 0x19, 0xab,
    0x50, 0x0, 0x0, 0x0, 0x0, 0x0, 0x0, 0x0,
    0x20, 0x0, 0x0, 0x0, 0x0,

    /* U+F2B1 "" */
    0x0, 0x0, 0x0, 0x0, 0x0, 0x0, 0x4b, 0xb2,
    0x0, 0x0, 0x0, 0x0, 0x0, 0x0, 0x0, 0xbf,
    0xd0, 0x0, 0x1, 0x8b, 0xbb, 0xbb, 0xbb, 0xa1,
    0xff, 0x75, 0x0, 0x2c, 0x40, 0x0, 0x0, 0x0,
    0x7, 0xff, 0x15, 0xc1, 0xb2, 0x0, 0x0, 0x0,
    0x0, 0xd, 0xfb, 0x0, 0x58, 0xc0, 0x0, 0x7f,
    0xe0, 0x0, 0x3f, 0xf5, 0x0, 0xa, 0xc0, 0x0,
    0x1f, 0xf3, 0x0, 0x8f, 0xe0, 0x0, 0xb, 0xc0,
    0x0, 0xb, 0xf8, 0x0, 0xef, 0x90, 0x0, 0xb,
    0xc0, 0x0, 0x4, 0xfe, 0x4, 0xff, 0x30, 0x0,
    0xb, 0xc0, 0x0, 0x0, 0xef, 0x3a, 0xfd, 0x0,
    0x0, 0xb, 0xc0, 0x0, 0x0, 0x7f, 0x9f, 0xf7,
    0x0, 0x0, 0xb, 0xc0, 0x0, 0x0, 0x1f, 0xff,
    0xf1, 0x0, 0x0, 0xb, 0xc0, 0x0, 0x0, 0xb,
    0xff, 0xb0, 0x0, 0x0, 0xb, 0xb0, 0x0, 0x0,
    0x7, 0xff, 0x40, 0x0, 0x0, 0xb, 0xc0, 0x0,
    0x0, 0x9, 0xfe, 0x0, 0x0, 0x0, 0xb, 0x95,
    0x0, 0x0, 0x1e, 0xf6, 0x0, 0x0, 0x0, 0xb,
    0xb, 0x95, 0x6, 0xdf, 0xd1, 0x44, 0x44, 0x44,
    0x4b, 0x0, 0x47, 0x1f, 0xfd, 0x23, 0x77, 0x77,
    0x77, 0x75, 0x0, 0x0, 0x9, 0x60, 0x0, 0x0,
    0x0, 0x0, 0x0,

    /* U+F2B2 "" */
    0x0, 0x0, 0x0, 0x0, 0x0, 0x0, 0x37, 0x30,
    0x0, 0x0, 0x0, 0x0, 0x0, 0x0, 0x39, 0xcd,
    0xff, 0xd0, 0x0, 0x0, 0x0, 0x0, 0x0, 0x9,
    0xae, 0xff, 0xff, 0xf2, 0x0, 0x0, 0x0, 0x0,
    0x0, 0xc7, 0x98, 0xff, 0xca, 0xec, 0x0, 0x0,
    0x0, 0x0, 0x9, 0xf6, 0x88, 0xc2, 0x0, 0x8,
    0x60, 0x0, 0x0, 0x36, 0x4f, 0xff, 0x9e, 0x10,
    0x0, 0x0, 0xa0, 0x0, 0x7, 0xff, 0xff, 0xff,
    0xfa, 0x0, 0x0, 0x0, 0x56, 0x30, 0x1f, 0xfe,
    0xef, 0xff, 0xe5, 0x0, 0x0, 0x0, 0x2f, 0xf4,
    0x6f, 0xf8, 0xff, 0xff, 0xb6, 0x0, 0x0, 0x0,
    0x3f, 0xfc, 0xaf, 0xf4, 0xff, 0xff, 0xc6, 0x10,
    0x0, 0x0, 0x6f, 0xff, 0xdf, 0xf2, 0xcf, 0xff,
    0xf0, 0x54, 0x55, 0x60, 0xdf, 0xff, 0xff, 0xf1,
    0x7f, 0xff, 0xf8, 0x0, 0x0, 0x3a, 0xff, 0xfe,
    0xff, 0xf3, 0x1e, 0xff, 0xff, 0x92, 0x3, 0xbe,
    0xbf, 0xfb, 0xcf, 0xf6, 0x5, 0xff, 0xff, 0xff,
    0xff, 0xf3, 0xdf, 0xf7, 0x4f, 0xfb, 0x0, 0x5e,
    0xff, 0xff, 0xfc, 0x22, 0xff, 0xf2, 0x8, 0xff,
    0x20, 0x1, 0x69, 0xa8, 0x40, 0xa, 0xff, 0x60,
    0x0, 0xbf, 0xc0, 0x0, 0x0, 0x0, 0x0, 0x5f,
    0xd3, 0x0, 0x25, 0xaf, 0xfb, 0x77, 0x77, 0x78,
    0x68, 0xd6, 0x0, 0x0, 0x8, 0xff, 0xff, 0x5,
    0x5, 0x6, 0x5, 0x0, 0x0, 0x0, 0x4, 0xdf,
    0xd9, 0x16, 0x17, 0x18, 0x6, 0x0, 0x0, 0x0,
    0x0, 0x0, 0x0, 0x53, 0x53, 0x53, 0x52, 0x0,
    0x0, 0x0,

    /* U+F2B3 "" */
    0x0, 0x0, 0x0, 0x0, 0x1, 0x0, 0x0, 0x0,
    0x0, 0x0, 0x0, 0x0, 0x3, 0x9e, 0xff, 0xfe,
    0xa4, 0x0, 0x0, 0x0, 0x0, 0x1, 0xaf, 0xff,
    0xff, 0xff, 0xff, 0xc2, 0x0, 0x0, 0x0, 0x2d,
    0xff, 0xff, 0xff, 0xff, 0xff, 0xfe, 0x30, 0x0,
    0x0, 0xdf, 0xff, 0xff, 0xff, 0xff, 0xff, 0xff,
    0xe1, 0x0, 0x9, 0xff, 0xfe, 0xbc, 0xff, 0xff,
    0xff, 0xff, 0xfc, 0x0, 0x2f, 0xff, 0x50, 0x0,
    0x8, 0xff, 0xff, 0xff, 0xff, 0x40, 0x8f, 0xf3,
    0x1, 0x44, 0x5, 0xff, 0xff, 0xff, 0xff, 0xa0,
    0xcf, 0x80, 0x3e, 0xff, 0xdf, 0xff, 0xff, 0xcb,
    0xff, 0xf0, 0xef, 0x30, 0xcf, 0xff, 0xff, 0xff,
    0xff, 0x74, 0xff, 0xf1, 0xff, 0x10, 0xff, 0xe0,
    0x0, 0x8, 0xf1, 0x0, 0xe, 0xf2, 0xef, 0x30,
    0xef, 0xf5, 0x52, 0x9, 0xfd, 0x63, 0xdf, 0xf1,
    0xcf, 0x80, 0x6f, 0xff, 0xf4, 0xd, 0xff, 0x97,
    0xff, 0xf0, 0x8f, 0xf3, 0x5, 0xaa, 0x40, 0x5f,
    0xff, 0xff, 0xff, 0xa0, 0x2f, 0xff, 0x50, 0x0,
    0x6, 0xff, 0xff, 0xff, 0xff, 0x40, 0x9, 0xff,
    0xfe, 0xbc, 0xff, 0xff, 0xff, 0xff, 0xfc, 0x0,
    0x0, 0xdf, 0xff, 0xff, 0xff, 0xff, 0xff, 0xff,
    0xe1, 0x0, 0x0, 0x2d, 0xff, 0xff, 0xff, 0xff,
    0xff, 0xfe, 0x30, 0x0, 0x0, 0x1, 0xaf, 0xff,
    0xff, 0xff, 0xff, 0xc2, 0x0, 0x0, 0x0, 0x0,
    0x3, 0x9e, 0xff, 0xff, 0xa4, 0x0, 0x0, 0x0,
    0x0, 0x0, 0x0, 0x0, 0x1, 0x0, 0x0, 0x0,
    0x0, 0x0,

    /* U+F2B4 "" */
    0x0, 0x0, 0x0, 0x0, 0x0, 0x0, 0x0, 0x0,
    0x0, 0x5e, 0xff, 0xff, 0xff, 0xff, 0xff, 0xff,
    0xff, 0xd1, 0xef, 0xff, 0xff, 0xff, 0xff, 0xff,
    0xff, 0xff, 0xf9, 0xff, 0xff, 0xff, 0xff, 0xff,
    0xff, 0xff, 0xff, 0xfa, 0xff, 0xfe, 0x10, 0xcf,
    0xff, 0xff, 0xff, 0xff, 0xfa, 0xff, 0xfd, 0x0,
    0x9f, 0xff, 0xff, 0xff, 0xff, 0xfa, 0xff, 0xff,
    0x30, 0xb6, 0x46, 0xad, 0xa6, 0xff, 0xfa, 0xff,
    0xff, 0x30, 0x0, 0x0, 0x0, 0x1, 0xff, 0xfa,
    0xff, 0xff, 0x30, 0x0, 0x0, 0x0, 0x1, 0xff,
    0xfa, 0xff, 0xff, 0x30, 0x0, 0x0, 0x0, 0x1,
    0xff, 0xfa, 0xff, 0xff, 0x30, 0x0, 0x0, 0x0,
    0x1, 0xff, 0xfa, 0xff, 0xff, 0x30, 0x0, 0x20,
    0x0, 0x1, 0xff, 0xfa, 0xff, 0xff, 0x30, 0xaf,
    0xff, 0xb8, 0xae, 0xff, 0xfa, 0xff, 0xff, 0x30,
    0xff, 0xff, 0xff, 0xff, 0xff, 0xfa, 0xff, 0xff,
    0x52, 0xff, 0xff, 0xff, 0xff, 0xff, 0xfa, 0xff,
    0xff, 0xff, 0xff, 0xff, 0xff, 0xff, 0xff, 0xfa,
    0xef, 0xff, 0xff, 0xff, 0xff, 0xff, 0xff, 0xff,
    0xf9, 0x5e, 0xff, 0xff, 0xff, 0xff, 0xff, 0xff,
    0xff, 0xd1, 0x0, 0x0, 0x0, 0x0, 0x0, 0x0,
    0x0, 0x0, 0x0,

    /* U+F2B5 "" */
    0x0, 0x0, 0x0, 0x1d, 0xff, 0xb0, 0x6f, 0xff,
    0xfd, 0x20, 0x0, 0x0, 0x0, 0x0, 0x0, 0x1e,
    0xff, 0xa0, 0x8f, 0xff, 0xff, 0xfe, 0x20, 0x0,
    0x0, 0x88, 0x87, 0xe, 0xff, 0x80, 0x9f, 0xff,
    0xff, 0xff, 0xfd, 0x7, 0x88, 0x8f, 0xff, 0xe0,
    0xff, 0xa0, 0xaf, 0xff, 0xd3, 0xef, 0xff, 0xf0,
    0xef, 0xff, 0xff, 0xfe, 0xf, 0xf4, 0x6f, 0xff,
    0xc1, 0x5f, 0xff, 0xff, 0xe, 0xff, 0xff, 0xff,
    0xe0, 0xff, 0x46, 0xff, 0xb0, 0x9, 0xff, 0xff,
    0xf0, 0xef, 0xff, 0xff, 0xfe, 0xf, 0xfa, 0x6,
    0x60, 0x7a, 0x6, 0xff, 0xff, 0xe, 0xff, 0xff,
    0xff, 0xe0, 0xff, 0xfb, 0x44, 0xbf, 0xfd, 0x23,
    0xef, 0xf0, 0xef, 0xff, 0xff, 0xfe, 0xf, 0xff,
    0xff, 0xff, 0xff, 0xff, 0x41, 0xcf, 0xe, 0xff,
    0xff, 0xff, 0xe0, 0xff, 0xff, 0xff, 0xff, 0xff,
    0xff, 0x80, 0x90, 0xef, 0xff, 0xf6, 0x8e, 0xf,
    0xff, 0xff, 0xff, 0xff, 0xff, 0xff, 0xb0, 0xe,
    0x86, 0xff, 0xff, 0xc0, 0x1b, 0xff, 0xff, 0xff,
    0xff, 0xff, 0xff, 0x40, 0xcf, 0xff, 0x44, 0x40,
    0x0, 0xa, 0xff, 0xff, 0xff, 0xff, 0xff, 0xd0,
    0x0, 0x44, 0x40, 0x0, 0x0, 0x0, 0x9, 0xff,
    0xff, 0xff, 0xf3, 0x20, 0x0, 0x0, 0x0, 0x0,
    0x0, 0x0, 0x0, 0x5, 0xca, 0x27, 0xc4, 0x0,
    0x0, 0x0, 0x0, 0x0,

    /* U+F2B6 "" */
    0x0, 0x0, 0x0, 0x0, 0x2, 0x20, 0x0, 0x0,
    0x0, 0x0, 0x0, 0x0, 0x0, 0x1, 0xaf, 0xfa,
    0x10, 0x0, 0x0, 0x0, 0x0, 0x0, 0x0, 0x3e,
    0xff, 0xff, 0xe3, 0x0, 0x0, 0x0, 0x0, 0x0,
    0x7, 0xff, 0xff, 0xff, 0xff, 0x70, 0x0, 0x0,
    0x0, 0x1, 0xbf, 0xff, 0xff, 0xff, 0xff, 0xfb,
    0x10, 0x0, 0x0, 0x4e, 0xff, 0xff, 0xff, 0xff,
    0xff, 0xff, 0xe4, 0x0, 0x8, 0xff, 0xff, 0xff,
    0xff, 0xff, 0xff, 0xff, 0xff, 0x80, 0x9f, 0xff,
    0xff, 0xff, 0xff, 0xff, 0xff, 0xff, 0xff, 0xf9,
    0xff, 0xff, 0xff, 0xff, 0xff, 0xff, 0xff, 0xff,
    0xff, 0xff, 0xff, 0xff, 0xff, 0xff, 0xff, 0xff,
    0xff, 0xff, 0xff, 0xff, 0xff, 0xff, 0xff, 0xff,
    0xff, 0xff, 0xff, 0xff, 0xff, 0xff, 0xff, 0x66,
    0xff, 0xff, 0xff, 0xff, 0xff, 0xff, 0x76, 0xff,
    0xff, 0xb1, 0x3d, 0xff, 0xff, 0xff, 0xff, 0xd3,
    0x1b, 0xff, 0xff, 0xfe, 0x40, 0xaf, 0xff, 0xff,
    0xfa, 0x4, 0xef, 0xff, 0xff, 0xff, 0xf9, 0x5,
    0xff, 0xff, 0x60, 0x8f, 0xff, 0xff, 0xff, 0xff,
    0xff, 0xc2, 0x29, 0x92, 0x2c, 0xff, 0xff, 0xff,
    0xff, 0xff, 0xff, 0xff, 0x71, 0x17, 0xff, 0xff,
    0xff, 0xff, 0xff, 0xff, 0xff, 0xff, 0xff, 0xff,
    0xff, 0xff, 0xff, 0xff, 0xff, 0xff, 0xff, 0xff,
    0xff, 0xff, 0xff, 0xff, 0xff, 0xff, 0xdf, 0xff,
    0xff, 0xff, 0xff, 0xff, 0xff, 0xff, 0xff, 0xfd,
    0x2a, 0xbb, 0xbb, 0xbb, 0xbb, 0xbb, 0xbb, 0xbb,
    0xbb, 0xa2,

    /* U+F2B8 "" */
    0x0, 0x0, 0x36, 0x10, 0x0, 0x0, 0x0, 0x0,
    0x0, 0x4, 0x9e, 0xff, 0xf8, 0x10, 0x0, 0x0,
    0x0, 0x0, 0x4c, 0xff, 0xff, 0xff, 0xa2, 0x0,
    0x0, 0x0, 0x0, 0x21, 0x6e, 0xfd, 0x61, 0x3,
    0x0, 0x0, 0x0, 0x0, 0x3, 0x1, 0x50, 0x0,
    0x4, 0x0, 0x0, 0x0, 0x0, 0x3, 0x0, 0x30,
    0x0, 0x4, 0x0, 0x0, 0x0, 0x0, 0x3, 0x0,
    0x30, 0x0, 0x4, 0x0, 0x0, 0x0, 0x0, 0x2,
    0x20, 0x30, 0x0, 0x33, 0x0, 0x0, 0x10, 0x0,
    0x0, 0x47, 0x40, 0x3c, 0x70, 0x0, 0x2b, 0xfa,
    0x20, 0x0, 0xcf, 0xdb, 0xff, 0xe4, 0x0, 0xcf,
    0xff, 0xe2, 0x0, 0x47, 0xff, 0xf7, 0x7, 0xdc,
    0x44, 0xea, 0x41, 0x0, 0x40, 0x4a, 0x10, 0xa,
    0xff, 0xf6, 0x30, 0x40, 0x0, 0x30, 0x3, 0x0,
    0xa, 0xff, 0xc5, 0x31, 0x40, 0x0, 0x4, 0x3,
    0x0, 0x33, 0xb8, 0x4, 0x73, 0x0, 0x0, 0x9,
    0x94, 0x9, 0xf6, 0x30, 0x4, 0x0, 0x0, 0x0,
    0x6, 0xed, 0xdf, 0xa5, 0x40, 0x40, 0x0, 0x0,
    0x0, 0x4, 0x2e, 0xf5, 0x4, 0x64, 0x0, 0x0,
    0x0, 0x0, 0x3, 0x2, 0x30, 0x4, 0x0, 0x0,
    0x0, 0x0, 0x0, 0x0, 0x40, 0x30, 0x31, 0x0,
    0x0, 0x0, 0x0, 0x0, 0x0, 0x4, 0x44, 0x0,
    0x0, 0x0, 0x0, 0x0, 0x0, 0x0, 0x0, 0x40,
    0x0, 0x0, 0x0, 0x0, 0x0,

    /* U+F2B9 "" */
    0x5, 0x66, 0x66, 0x66, 0x66, 0x66, 0x66, 0x50,
    0x0, 0xaf, 0xff, 0xff, 0xff, 0xff, 0xff, 0xff,
    0xfb, 0x0, 0xff, 0xff, 0xff, 0xff, 0xff, 0xff,
    0xff, 0xff, 0x0, 0xff, 0xff, 0xff, 0xff, 0xff,
    0xff, 0xff, 0xff, 0x10, 0xff, 0xff, 0xff, 0xff,
    0xff, 0xff, 0xff, 0xff, 0xa4, 0xff, 0xff, 0xff,
    0xfb, 0xbf, 0xff, 0xff, 0xff, 0xf8, 0xff, 0xff,
    0xff, 0x40, 0x3, 0xff, 0xff, 0xff, 0xd5, 0xff,
    0xff, 0xfb, 0x0, 0x0, 0xaf, 0xff, 0xff, 0x10,
    0xff, 0xff, 0xfb, 0x0, 0x0, 0xaf, 0xff, 0xff,
    0x10, 0xff, 0xff, 0xff, 0x30, 0x2, 0xff, 0xff,
    0xff, 0xb4, 0xff, 0xff, 0xff, 0xf9, 0x9f, 0xff,
    0xff, 0xff, 0xf8, 0xff, 0xff, 0xfe, 0xcf, 0xfc,
    0xef, 0xff, 0xff, 0xc5, 0xff, 0xff, 0x80, 0x0,
    0x0, 0x7, 0xff, 0xff, 0x10, 0xff, 0xfd, 0x0,
    0x0, 0x0, 0x0, 0xdf, 0xff, 0x10, 0xff, 0xfc,
    0x0, 0x0, 0x0, 0x0, 0xaf, 0xff, 0xa3, 0xff,
    0xff, 0x54, 0x44, 0x44, 0x45, 0xef, 0xff, 0xf8,
    0xff, 0xff, 0xff, 0xff, 0xff, 0xff, 0xff, 0xff,
    0xf6, 0xff, 0xff, 0xff, 0xff, 0xff, 0xff, 0xff,
    0xff, 0x10, 0xff, 0xff, 0xff, 0xff, 0xff, 0xff,
    0xff, 0xff, 0x10, 0xdf, 0xff, 0xff, 0xff, 0xff,
    0xff, 0xff, 0xfe, 0x0, 0x2a, 0xbb, 0xbb, 0xbb,
    0xbb, 0xbb, 0xbb, 0xa3, 0x0,

    /* U+F2BB "" */
    0x0, 0x0, 0x0, 0x0, 0x0, 0x0, 0x0, 0x0,
    0x0, 0x0, 0x0, 0x6, 0xff, 0xff, 0xff, 0xff,
    0xff, 0xff, 0xff, 0xff, 0xff, 0xff, 0xc1, 0xff,
    0xff, 0xff, 0xff, 0xff, 0xff, 0xff, 0xff, 0xff,
    0xff, 0xff, 0x7f, 0xff, 0xff, 0xff, 0xff, 0xff,
    0xff, 0xff, 0xff, 0xff, 0xff, 0xf8, 0xff, 0xff,
    0xff, 0xcd, 0xff, 0xff, 0xff, 0xff, 0xff, 0xff,
    0xff, 0x8f, 0xff, 0xff, 0x30, 0x6, 0xff, 0xff,
    0xff, 0xff, 0xff, 0xff, 0xf8, 0xff, 0xff, 0x80,
    0x0, 0xc, 0xff, 0xfc, 0x0, 0x0, 0x0, 0xff,
    0x8f, 0xff, 0xf7, 0x0, 0x0, 0xaf, 0xff, 0xff,
    0xff, 0xff, 0xff, 0xf8, 0xff, 0xff, 0xd0, 0x0,
    0x2f, 0xff, 0xfd, 0x44, 0x44, 0x44, 0xff, 0x8f,
    0xff, 0xff, 0xd7, 0x8e, 0xff, 0xff, 0xe6, 0x66,
    0x66, 0x6f, 0xf8, 0xff, 0xff, 0xfe, 0xff, 0xef,
    0xff, 0xff, 0xdd, 0xdd, 0xde, 0xff, 0x8f, 0xff,
    0x50, 0x2, 0x10, 0x8, 0xff, 0xd3, 0x33, 0x33,
    0x3f, 0xf8, 0xff, 0x90, 0x0, 0x0, 0x0, 0xd,
    0xff, 0xff, 0xff, 0xff, 0xff, 0x8f, 0xf8, 0x0,
    0x0, 0x0, 0x0, 0xcf, 0xff, 0xff, 0xff, 0xff,
    0xf8, 0xff, 0xfb, 0xbb, 0xbb, 0xbb, 0xcf, 0xff,
    0xff, 0xff, 0xff, 0xff, 0x8f, 0xff, 0xff, 0xff,
    0xff, 0xff, 0xff, 0xff, 0xff, 0xff, 0xff, 0xf8,
    0xff, 0xff, 0xff, 0xff, 0xff, 0xff, 0xff, 0xff,
    0xff, 0xff, 0xff, 0x76, 0xff, 0xff, 0xff, 0xff,
    0xff, 0xff, 0xff, 0xff, 0xff, 0xff, 0xc1, 0x0,
    0x0, 0x0, 0x0, 0x0, 0x0, 0x0, 0x0, 0x0,
    0x0, 0x0, 0x0,

    /* U+F2BD "" */
    0x0, 0x0, 0x0, 0x0, 0x1, 0x10, 0x0, 0x0,
    0x0, 0x0, 0x0, 0x0, 0x3, 0x9e, 0xff, 0xff,
    0xb5, 0x0, 0x0, 0x0, 0x0, 0x0, 0xaf, 0xff,
    0xff, 0xff, 0xff, 0xd3, 0x0, 0x0, 0x0, 0x1d,
    0xff, 0xff, 0xff, 0xff, 0xff, 0xff, 0x50, 0x0,
    0x0, 0xcf, 0xff, 0xff, 0xda, 0xcf, 0xff, 0xff,
    0xf3, 0x0, 0x9, 0xff, 0xff, 0xf7, 0x0, 0x3,
    0xef, 0xff, 0xfe, 0x0, 0x2f, 0xff, 0xff, 0x90,
    0x0, 0x0, 0x3f, 0xff, 0xff, 0x70, 0x8f, 0xff,
    0xff, 0x40, 0x0, 0x0, 0xe, 0xff, 0xff, 0xd0,
    0xcf, 0xff, 0xff, 0x50, 0x0, 0x0, 0xf, 0xff,
    0xff, 0xf2, 0xef, 0xff, 0xff, 0xa0, 0x0, 0x0,
    0x4f, 0xff, 0xff, 0xf4, 0xff, 0xff, 0xff, 0xf9,
    0x0, 0x5, 0xef, 0xff, 0xff, 0xf5, 0xef, 0xff,
    0xff, 0xff, 0xfc, 0xef, 0xff, 0xff, 0xff, 0xf4,
    0xcf, 0xff, 0xff, 0xff, 0xff, 0xff, 0xff, 0xff,
    0xff, 0xf2, 0x8f, 0xff, 0xfb, 0x41, 0x12, 0x11,
    0x28, 0xff, 0xff, 0xe0, 0x2f, 0xff, 0x90, 0x0,
    0x0, 0x0, 0x0, 0x3f, 0xff, 0x80, 0x9, 0xff,
    0x40, 0x0, 0x0, 0x0, 0x0, 0x1d, 0xfe, 0x0,
    0x0, 0xdf, 0xf5, 0x0, 0x0, 0x0, 0x2, 0xcf,
    0xf4, 0x0, 0x0, 0x2d, 0xff, 0xb5, 0x10, 0x13,
    0x9f, 0xff, 0x50, 0x0, 0x0, 0x1, 0xaf, 0xff,
    0xff, 0xff, 0xff, 0xd3, 0x0, 0x0, 0x0, 0x0,
    0x3, 0xae, 0xff, 0xff, 0xc6, 0x0, 0x0, 0x0,
    0x0, 0x0, 0x0, 0x0, 0x12, 0x10, 0x0, 0x0,
    0x0, 0x0,

    /* U+F2C1 "" */
    0x3, 0x44, 0x44, 0x44, 0x44, 0x44, 0x43, 0x9,
    0xff, 0xff, 0xff, 0xff, 0xff, 0xff, 0xf9, 0xff,
    0xff, 0xf2, 0x0, 0x2, 0xff, 0xff, 0xff, 0xff,
    0xff, 0xff, 0xff, 0xff, 0xff, 0xff, 0xff, 0xff,
    0xff, 0xff, 0xff, 0xff, 0xff, 0xff, 0xff, 0xff,
    0xff, 0xff, 0xff, 0xff, 0xff, 0xff, 0xff, 0xff,
    0xfc, 0xff, 0xff, 0xff, 0xff, 0xff, 0xff, 0xc1,
    0x1, 0xcf, 0xff, 0xff, 0xff, 0xff, 0xf2, 0x0,
    0x2, 0xff, 0xff, 0xff, 0xff, 0xff, 0x0, 0x0,
    0xf, 0xff, 0xff, 0xff, 0xff, 0xf5, 0x0, 0x5,
    0xff, 0xff, 0xff, 0xff, 0xff, 0xf6, 0x36, 0xff,
    0xff, 0xff, 0xff, 0xff, 0xff, 0xff, 0xff, 0xff,
    0xff, 0xff, 0xff, 0xe5, 0x3, 0x63, 0x5, 0xef,
    0xff, 0xff, 0xf5, 0x0, 0x0, 0x0, 0x5, 0xff,
    0xff, 0xff, 0x20, 0x0, 0x0, 0x0, 0x2f, 0xff,
    0xff, 0xf5, 0x0, 0x0, 0x0, 0x5, 0xff, 0xff,
    0xff, 0xff, 0xff, 0xff, 0xff, 0xff, 0xff, 0xff,
    0xff, 0xff, 0xff, 0xff, 0xff, 0xff, 0xfd, 0xff,
    0xff, 0xff, 0xff, 0xff, 0xff, 0xfd, 0x2a, 0xbb,
    0xbb, 0xbb, 0xbb, 0xbb, 0xba, 0x20,

    /* U+F2C2 "" */
    0x5, 0x77, 0x77, 0x77, 0x77, 0x77, 0x77, 0x77,
    0x77, 0x77, 0x73, 0xb, 0xff, 0xff, 0xff, 0xff,
    0xff, 0xff, 0xff, 0xff, 0xff, 0xff, 0xf3, 0xff,
    0xff, 0xff, 0xff, 0xff, 0xff, 0xff, 0xff, 0xff,
    0xff, 0xff, 0x70, 0x0, 0x0, 0x0, 0x0, 0x0,
    0x0, 0x0, 0x0, 0x0, 0x0, 0x0, 0x88, 0x88,
    0x88, 0x88, 0x88, 0x88, 0x88, 0x88, 0x88, 0x88,
    0x88, 0x4f, 0xff, 0xff, 0xff, 0xff, 0xff, 0xff,
    0xff, 0xff, 0xff, 0xff, 0xf8, 0xff, 0xff, 0xff,
    0xff, 0xff, 0xff, 0xff, 0xff, 0xff, 0xff, 0xff,
    0x8f, 0xff, 0xff, 0x71, 0x2a, 0xff, 0xff, 0xc0,
    0x0, 0x0, 0xf, 0xf8, 0xff, 0xff, 0xa0, 0x0,
    0xd, 0xff, 0xff, 0xff, 0xff, 0xff, 0xff, 0x8f,
    0xff, 0xf6, 0x0, 0x0, 0xaf, 0xff, 0xd4, 0x44,
    0x44, 0x5f, 0xf8, 0xff, 0xff, 0xa0, 0x0, 0xd,
    0xff, 0xfd, 0x55, 0x55, 0x56, 0xff, 0x8f, 0xff,
    0xff, 0x71, 0x2a, 0xff, 0xff, 0xff, 0xff, 0xff,
    0xff, 0xf8, 0xff, 0xff, 0xff, 0xff, 0xff, 0xff,
    0xfc, 0x0, 0x0, 0x0, 0xff, 0x8f, 0xff, 0xc5,
    0x58, 0x74, 0x6d, 0xff, 0xff, 0xff, 0xff, 0xff,
    0xf8, 0xff, 0xd0, 0x0, 0x0, 0x0, 0x1f, 0xff,
    0xff, 0xff, 0xff, 0xff, 0x8f, 0xfe, 0x77, 0x77,
    0x77, 0x78, 0xff, 0xff, 0xff, 0xff, 0xff, 0xf8,
    0xef, 0xff, 0xff, 0xff, 0xff, 0xff, 0xff, 0xff,
    0xff, 0xff, 0xff, 0x66, 0xff, 0xff, 0xff, 0xff,
    0xff, 0xff, 0xff, 0xff, 0xff, 0xff, 0xc1, 0x0,
    0x0, 0x0, 0x0, 0x0, 0x0, 0x0, 0x0, 0x0,
    0x0, 0x0, 0x0,

    /* U+F2C4 "" */
    0x0, 0x0, 0x0, 0x1, 0x10, 0x0, 0x0, 0x0,
    0x0, 0x0, 0x0, 0x4b, 0xff, 0xff, 0xb4, 0x0,
    0x0, 0x0, 0x0, 0xa, 0xff, 0xa6, 0x69, 0xff,
    0xb1, 0x0, 0x0, 0x0, 0xcf, 0xf3, 0x0, 0x0,
    0x2e, 0xfc, 0x0, 0x0, 0x9, 0xff, 0x80, 0x0,
    0x0, 0x6, 0xff, 0xa0, 0x0, 0x2f, 0xff, 0x20,
    0x0, 0x0, 0x1, 0xff, 0xf2, 0x0, 0x7f, 0xff,
    0x0, 0x0, 0x0, 0x0, 0xdf, 0xf7, 0x0, 0xaf,
    0xfd, 0x0, 0x0, 0x0, 0x0, 0xcf, 0xfa, 0x0,
    0xbf, 0xfd, 0x0, 0x0, 0x0, 0x0, 0xbf, 0xfb,
    0x0, 0xaf, 0xfd, 0x0, 0x0, 0x0, 0x0, 0xcf,
    0xfa, 0x0, 0x7f, 0xff, 0x0, 0x69, 0xa6, 0x0,
    0xef, 0xf7, 0x0, 0x1f, 0xff, 0x27, 0xff, 0xff,
    0xd3, 0xff, 0xf2, 0x0, 0x8, 0xff, 0x80, 0x4,
    0xef, 0xfe, 0xff, 0x90, 0x0, 0x0, 0xcf, 0xf4,
    0x0, 0x3f, 0xff, 0xfc, 0x0, 0x0, 0x0, 0xa,
    0xff, 0xa7, 0x7e, 0xff, 0xf1, 0x0, 0x61, 0x0,
    0x0, 0x3a, 0xef, 0xfe, 0xff, 0xfc, 0x47, 0xf1,
    0x0, 0x0, 0x0, 0x0, 0x0, 0x7f, 0xff, 0xff,
    0xc0, 0x0, 0x0, 0x0, 0x0, 0x0, 0x7, 0xff,
    0xfd, 0x20, 0x0, 0x0, 0x0, 0x0, 0x0, 0x0,
    0x3, 0x20, 0x0,

    /* U+F2C5 "" */
    0x0, 0x9, 0x60, 0x0, 0x0, 0x0, 0x0, 0x0,
    0x1, 0xc2, 0x0, 0x0, 0xa, 0xd1, 0x0, 0x0,
    0x9b, 0x20, 0x0, 0x0, 0xa, 0xe1, 0x0, 0x5,
    0xf2, 0x0, 0x0, 0x1, 0xfc, 0x0, 0x0, 0x0,
    0xd, 0xb0, 0x0, 0xe7, 0x0, 0x0, 0x0, 0x2f,
    0xf2, 0x10, 0x0, 0x0, 0x3f, 0x30, 0x4f, 0x0,
    0x0, 0x0, 0x9, 0xff, 0x5b, 0x20, 0x0, 0x0,
    0xca, 0x8, 0xb0, 0x0, 0x0, 0x2, 0xff, 0xdd,
    0xeb, 0x0, 0x0, 0x7, 0xe0, 0xb8, 0x0, 0x0,
    0x0, 0xbf, 0xf4, 0xff, 0xf1, 0x0, 0x0, 0x4f,
    0x1b, 0x70, 0x0, 0x0, 0x2f, 0xfa, 0xf, 0xbf,
    0x30, 0x0, 0x2, 0xf2, 0xa8, 0x0, 0x0, 0x3,
    0xfc, 0x0, 0x43, 0xf1, 0x0, 0x0, 0x3f, 0x28,
    0xb0, 0x0, 0x0, 0xe, 0x70, 0x0, 0x5a, 0x0,
    0x0, 0x5, 0xf0, 0x4f, 0x0, 0x0, 0x0, 0x4b,
    0x0, 0x1a, 0x10, 0x0, 0x0, 0x9b, 0x0, 0xe6,
    0x0, 0x0, 0x0, 0x13, 0x0, 0x0, 0x0, 0x0,
    0x1e, 0x60, 0x6, 0xe1, 0x0, 0x34, 0x44, 0x44,
    0x44, 0x44, 0x30, 0x9, 0xd0, 0x0, 0xc, 0xc0,
    0xf, 0xff, 0xff, 0xff, 0xff, 0xff, 0x5, 0xf4,
    0x0, 0x0, 0x1c, 0x70, 0x0, 0x0, 0x0, 0x0,
    0x0, 0x1, 0xf5, 0x0, 0x0, 0x0, 0x0, 0x0,
    0x0, 0x0, 0x0, 0x0, 0x0, 0x0, 0x0, 0x0,

    /* U+F2C6 "" */
    0x0, 0x0, 0x0, 0x0, 0x12, 0x10, 0x0, 0x0,
    0x0, 0x0, 0x0, 0x0, 0x3, 0xae, 0xff, 0xff,
    0xb6, 0x0, 0x0, 0x0, 0x0, 0x1, 0xaf, 0xff,
    0xff, 0xff, 0xff, 0xd3, 0x0, 0x0, 0x0, 0x2d,
    0xff, 0xff, 0xff, 0xff, 0xff, 0xff, 0x50, 0x0,
    0x0, 0xdf, 0xff, 0xff, 0xff, 0xff, 0xff, 0xff,
    0xf4, 0x0, 0x9, 0xff, 0xff, 0xff, 0xff, 0xff,
    0xff, 0xff, 0xfe, 0x0, 0x2f, 0xff, 0xff, 0xff,
    0xff, 0xff, 0xfc, 0xef, 0xff, 0x80, 0x8f, 0xff,
    0xff, 0xff, 0xff, 0xe9, 0x20, 0x9f, 0xff, 0xe0,
    0xcf, 0xff, 0xff, 0xff, 0xb5, 0x3, 0x30, 0xcf,
    0xff, 0xf2, 0xef, 0xff, 0xfe, 0x81, 0x0, 0x95,
    0x0, 0xff, 0xff, 0xf4, 0xff, 0xff, 0x40, 0x0,
    0x5d, 0x40, 0x3, 0xff, 0xff, 0xf5, 0xef, 0xff,
    0xe9, 0x5b, 0xe3, 0x0, 0x6, 0xff, 0xff, 0xf4,
    0xcf, 0xff, 0xff, 0xff, 0x30, 0x0, 0x9, 0xff,
    0xff, 0xf2, 0x8f, 0xff, 0xff, 0xff, 0x3, 0x0,
    0xd, 0xff, 0xff, 0xe0, 0x2f, 0xff, 0xff, 0xfe,
    0x7f, 0xc1, 0xf, 0xff, 0xff, 0x80, 0x9, 0xff,
    0xff, 0xff, 0xff, 0xfe, 0xaf, 0xff, 0xfe, 0x0,
    0x0, 0xdf, 0xff, 0xff, 0xff, 0xff, 0xff, 0xff,
    0xf4, 0x0, 0x0, 0x2d, 0xff, 0xff, 0xff, 0xff,
    0xff, 0xff, 0x50, 0x0, 0x0, 0x1, 0xaf, 0xff,
    0xff, 0xff, 0xff, 0xd3, 0x0, 0x0, 0x0, 0x0,
    0x3, 0xae, 0xff, 0xff, 0xc6, 0x0, 0x0, 0x0,
    0x0, 0x0, 0x0, 0x0, 0x12, 0x10, 0x0, 0x0,
    0x0, 0x0,

    /* U+F2C7 "" */
    0x0, 0x6, 0xaa, 0x60, 0x0, 0x0, 0xbf, 0xff,
    0xfb, 0x0, 0x6, 0xfe, 0x65, 0xbf, 0x60, 0xa,
    0xf7, 0xdf, 0x5f, 0xa0, 0xb, 0xf6, 0xff, 0x6f,
    0xb0, 0xc, 0xf6, 0xff, 0x6f, 0xc0, 0xc, 0xf6,
    0xff, 0x6f, 0xc0, 0xc, 0xf6, 0xff, 0x6f, 0xc0,
    0xc, 0xf6, 0xff, 0x6f, 0xc0, 0xc, 0xf6, 0xff,
    0x6f, 0xc0, 0xc, 0xf6, 0xff, 0x6f, 0xc0, 0xc,
    0xf6, 0xff, 0x6f, 0xc0, 0x1e, 0xf5, 0xff, 0x6f,
    0xe1, 0x8f, 0xc5, 0xff, 0xa9, 0xf8, 0xdf, 0x3f,
    0xff, 0xf7, 0xfd, 0xfe, 0x4f, 0xff, 0xfa, 0xef,
    0xef, 0x3f, 0xff, 0xf8, 0xfe, 0xaf, 0x77, 0xff,
    0xc9, 0xfa, 0x2f, 0xf9, 0x46, 0x9f, 0xf2, 0x4,
    0xff, 0xff, 0xfe, 0x40, 0x0, 0x17, 0xaa, 0x71,
    0x0,

    /* U+F2C8 "" */
    0x0, 0x6, 0xaa, 0x60, 0x0, 0x0, 0xb, 0xff,
    0xff, 0xb0, 0x0, 0x6, 0xfd, 0x44, 0xdf, 0x60,
    0x0, 0xaf, 0x40, 0x3, 0xfb, 0x0, 0xb, 0xf2,
    0x0, 0x1f, 0xc0, 0x0, 0xcf, 0x27, 0x71, 0xfc,
    0x0, 0xc, 0xf5, 0xff, 0x5f, 0xc0, 0x0, 0xcf,
    0x6f, 0xf6, 0xfc, 0x0, 0xc, 0xf6, 0xff, 0x6f,
    0xc0, 0x0, 0xcf, 0x6f, 0xf6, 0xfc, 0x0, 0xc,
    0xf6, 0xff, 0x6f, 0xc0, 0x0, 0xcf, 0x6f, 0xf6,
    0xfc, 0x0, 0x1e, 0xf5, 0xff, 0x5f, 0xe1, 0x8,
    0xfb, 0x7f, 0xf8, 0xaf, 0x90, 0xdf, 0x5f, 0xff,
    0xf5, 0xfe, 0xf, 0xe7, 0xff, 0xff, 0x8d, 0xf0,
    0xef, 0x5f, 0xff, 0xf6, 0xff, 0x9, 0xf8, 0xaf,
    0xfa, 0x7f, 0xa0, 0x2f, 0xf9, 0x55, 0x9f, 0xf2,
    0x0, 0x4e, 0xff, 0xff, 0xf4, 0x0, 0x0, 0x17,
    0xaa, 0x71, 0x0, 0x0,

    /* U+F2C9 "" */
    0x0, 0x6, 0xaa, 0x60, 0x0, 0x0, 0xb, 0xff,
    0xff, 0xb0, 0x0, 0x6, 0xfd, 0x44, 0xdf, 0x60,
    0x0, 0xaf, 0x40, 0x3, 0xfb, 0x0, 0xb, 0xf2,
    0x0, 0x1f, 0xc0, 0x0, 0xcf, 0x20, 0x1, 0xfc,
    0x0, 0xc, 0xf2, 0x0, 0x1f, 0xc0, 0x0, 0xcf,
    0x20, 0x1, 0xfc, 0x0, 0xc, 0xf3, 0xde, 0x2f,
    0xc0, 0x0, 0xcf, 0x5f, 0xf5, 0xfc, 0x0, 0xc,
    0xf6, 0xff, 0x6f, 0xc0, 0x0, 0xcf, 0x6f, 0xf6,
    0xfc, 0x0, 0x1e, 0xf5, 0xff, 0x5f, 0xe1, 0x8,
    0xfb, 0x7f, 0xf8, 0xaf, 0x90, 0xdf, 0x5f, 0xff,
    0xf5, 0xfe, 0xf, 0xe7, 0xff, 0xff, 0x8d, 0xf0,
    0xef, 0x5f, 0xff, 0xf6, 0xff, 0x9, 0xf8, 0xaf,
    0xfa, 0x7f, 0xa0, 0x2f, 0xf9, 0x55, 0x9f, 0xf2,
    0x0, 0x4e, 0xff, 0xff, 0xf4, 0x0, 0x0, 0x17,
    0xaa, 0x71, 0x0, 0x0,

    /* U+F2CA "" */
    0x0, 0x6, 0xaa, 0x60, 0x0, 0x0, 0xb, 0xff,
    0xff, 0xb0, 0x0, 0x6, 0xfd, 0x44, 0xdf, 0x60,
    0x0, 0xaf, 0x40, 0x3, 0xfb, 0x0, 0xb, 0xf2,
    0x0, 0x1f, 0xc0, 0x0, 0xcf, 0x20, 0x1, 0xfc,
    0x0, 0xc, 0xf2, 0x0, 0x1f, 0xc0, 0x0, 0xcf,
    0x20, 0x1, 0xfc, 0x0, 0xc, 0xf2, 0x0, 0x1f,
    0xc0, 0x0, 0xcf, 0x20, 0x1, 0xfc, 0x0, 0xc,
    0xf2, 0x55, 0x1f, 0xc0, 0x0, 0xcf, 0x4f, 0xf4,
    0xfc, 0x0, 0x1e, 0xf5, 0xff, 0x5f, 0xe1, 0x8,
    0xfb, 0x7f, 0xf8, 0xaf, 0x90, 0xdf, 0x5f, 0xff,
    0xf5, 0xfe, 0xf, 0xe7, 0xff, 0xff, 0x8d, 0xf0,
    0xef, 0x5f, 0xff, 0xf6, 0xff, 0x9, 0xf8, 0xaf,
    0xfa, 0x7f, 0xa0, 0x2f, 0xf9, 0x55, 0x9f, 0xf2,
    0x0, 0x4e, 0xff, 0xff, 0xf4, 0x0, 0x0, 0x17,
    0xaa, 0x71, 0x0, 0x0,

    /* U+F2CB "" */
    0x0, 0x6, 0xaa, 0x60, 0x0, 0x0, 0xb, 0xff,
    0xff, 0xb0, 0x0, 0x6, 0xfd, 0x44, 0xdf, 0x60,
    0x0, 0xaf, 0x40, 0x3, 0xfb, 0x0, 0xb, 0xf2,
    0x0, 0x1f, 0xc0, 0x0, 0xcf, 0x20, 0x1, 0xfc,
    0x0, 0xc, 0xf2, 0x0, 0x1f, 0xc0, 0x0, 0xcf,
    0x20, 0x1, 0xfc, 0x0, 0xc, 0xf2, 0x0, 0x1f,
    0xc0, 0x0, 0xcf, 0x20, 0x1, 0xfc, 0x0, 0xc,
    0xf2, 0x0, 0x1f, 0xc0, 0x0, 0xcf, 0x20, 0x1,
    0xfc, 0x0, 0x1e, 0xf2, 0x0, 0x1f, 0xe1, 0x8,
    0xfb, 0x5d, 0xd6, 0xaf, 0x90, 0xdf, 0x4f, 0xff,
    0xf5, 0xfe, 0xf, 0xe7, 0xff, 0xff, 0x7d, 0xf0,
    0xef, 0x5f, 0xff, 0xf5, 0xff, 0x9, 0xf8, 0x9f,
    0xfa, 0x7f, 0xa0, 0x2f, 0xf9, 0x55, 0x9f, 0xf2,
    0x0, 0x4e, 0xff, 0xff, 0xf4, 0x0, 0x0, 0x17,
    0xaa, 0x71, 0x0, 0x0,

    /* U+F2CC "" */
    0x0, 0x0, 0x35, 0x30, 0x0, 0x0, 0x0, 0x0,
    0x0, 0x0, 0x0, 0x6e, 0xff, 0xfe, 0x60, 0x0,
    0x0, 0x0, 0x0, 0x0, 0x8, 0xff, 0xff, 0xff,
    0xfe, 0xfe, 0x82, 0x20, 0x0, 0x0, 0x4f, 0xfe,
    0x62, 0x5f, 0xff, 0xff, 0xff, 0xf3, 0x0, 0x0,
    0xbf, 0xf2, 0x0, 0x4f, 0xff, 0xff, 0xff, 0xf6,
    0x0, 0x0, 0xef, 0xa0, 0x0, 0x9f, 0xff, 0xff,
    0xff, 0x90, 0x0, 0x0, 0xff, 0x80, 0x0, 0xbf,
    0xff, 0xff, 0xf9, 0x0, 0x0, 0x0, 0xff, 0x80,
    0x0, 0x9f, 0xff, 0xff, 0x92, 0xd0, 0xa5, 0x2d,
    0xff, 0x80, 0x0, 0x2f, 0xff, 0xf9, 0x47, 0x29,
    0x35, 0x72, 0xff, 0x80, 0x0, 0xe, 0xff, 0x93,
    0x45, 0x47, 0x44, 0x50, 0xff, 0x80, 0x0, 0xc,
    0xf9, 0x8, 0x52, 0xb0, 0x84, 0x0, 0xff, 0x80,
    0x0, 0x0, 0x40, 0x0, 0x69, 0xd, 0x10, 0x0,
    0xff, 0x80, 0x0, 0x0, 0x0, 0xa, 0x52, 0xd0,
    0x0, 0x0, 0xff, 0x80, 0x0, 0x0, 0x0, 0x1,
    0x57, 0x20, 0x0, 0x0, 0xff, 0x80, 0x0, 0x0,
    0x0, 0x3, 0x45, 0x0, 0x0, 0x0, 0xff, 0x80,
    0x0, 0x0, 0x0, 0x8, 0x40, 0x0, 0x0, 0x0,
    0xff, 0x80, 0x0, 0x0, 0x0, 0x0, 0x0, 0x0,
    0x0, 0x0, 0xff, 0x80, 0x0, 0x0, 0x0, 0x0,
    0x0, 0x0, 0x0, 0x0, 0x55, 0x20, 0x0, 0x0,
    0x0, 0x0, 0x0, 0x0, 0x0, 0x0,

    /* U+F2CD "" */
    0x0, 0x0, 0x10, 0x0, 0x0, 0x0, 0x0, 0x0,
    0x0, 0x0, 0x0, 0x7f, 0xfe, 0x40, 0x0, 0x0,
    0x0, 0x0, 0x0, 0x0, 0x5, 0xff, 0xcf, 0xfe,
    0xb4, 0x0, 0x0, 0x0, 0x0, 0x0, 0xa, 0xf4,
    0xb, 0xff, 0xff, 0x80, 0x0, 0x0, 0x0, 0x0,
    0xc, 0xf2, 0xf, 0xff, 0xfd, 0x10, 0x0, 0x0,
    0x0, 0x0, 0xc, 0xf2, 0xd, 0xff, 0xd1, 0x0,
    0x0, 0x0, 0x0, 0x0, 0xc, 0xf2, 0x6, 0xfd,
    0x10, 0x0, 0x0, 0x0, 0x0, 0x0, 0xc, 0xf2,
    0x1, 0x91, 0x0, 0x0, 0x0, 0x0, 0x0, 0x0,
    0xc, 0xf2, 0x0, 0x0, 0x0, 0x0, 0x0, 0x0,
    0x0, 0x0, 0x5e, 0xf9, 0x88, 0x88, 0x88, 0x88,
    0x88, 0x88, 0x88, 0x84, 0xff, 0xff, 0xff, 0xff,
    0xff, 0xff, 0xff, 0xff, 0xff, 0xff, 0xcf, 0xff,
    0xff, 0xff, 0xff, 0xff, 0xff, 0xff, 0xff, 0xfc,
    0xc, 0xff, 0xff, 0xff, 0xff, 0xff, 0xff, 0xff,
    0xff, 0xc0, 0xb, 0xff, 0xff, 0xff, 0xff, 0xff,
    0xff, 0xff, 0xff, 0xb0, 0x8, 0xff, 0xff, 0xff,
    0xff, 0xff, 0xff, 0xff, 0xff, 0x80, 0x1, 0xef,
    0xff, 0xff, 0xff, 0xff, 0xff, 0xff, 0xfe, 0x10,
    0x0, 0x8f, 0xff, 0xff, 0xff, 0xff, 0xff, 0xff,
    0xf8, 0x0, 0x0, 0x6f, 0xe0, 0x0, 0x0, 0x0,
    0x0, 0xe, 0xf6, 0x0, 0x0, 0x3, 0x10, 0x0,
    0x0, 0x0, 0x0, 0x1, 0x30, 0x0,

    /* U+F2CE "" */
    0x0, 0x0, 0x1, 0x59, 0xaa, 0x84, 0x0, 0x0,
    0x0, 0x0, 0x0, 0x8f, 0xff, 0xff, 0xff, 0xd5,
    0x0, 0x0, 0x0, 0x2d, 0xff, 0x95, 0x33, 0x6c,
    0xff, 0x80, 0x0, 0x1, 0xdf, 0xb1, 0x49, 0xba,
    0x60, 0x4f, 0xf8, 0x0, 0xb, 0xfa, 0x1b, 0xff,
    0xff, 0xfe, 0x33, 0xff, 0x40, 0x3f, 0xd0, 0xbf,
    0xe6, 0x23, 0xaf, 0xf2, 0x5f, 0xd0, 0x9f, 0x55,
    0xfd, 0x10, 0x10, 0x8, 0xfb, 0xc, 0xf3, 0xdf,
    0x1b, 0xf5, 0x1c, 0xff, 0x50, 0xef, 0x17, 0xf7,
    0xfe, 0xd, 0xf1, 0x9f, 0xff, 0xf1, 0xaf, 0x34,
    0xf9, 0xfe, 0xd, 0xf0, 0xbf, 0xff, 0xf2, 0xbf,
    0x24, 0xf9, 0xdf, 0x1a, 0xf5, 0x7f, 0xff, 0xe1,
    0xff, 0x6, 0xf8, 0xaf, 0x63, 0xfe, 0x17, 0xcb,
    0x2a, 0xf9, 0xa, 0xf5, 0x4f, 0xd0, 0x89, 0x0,
    0x10, 0x3, 0xc0, 0x2f, 0xf0, 0xc, 0xf9, 0x0,
    0x5e, 0xff, 0xb0, 0x0, 0xcf, 0x80, 0x2, 0xff,
    0x90, 0xbf, 0xff, 0xf3, 0x1b, 0xfd, 0x0, 0x0,
    0x3e, 0xf1, 0xbf, 0xff, 0xf2, 0xaf, 0xe2, 0x0,
    0x0, 0x1, 0xa2, 0x9f, 0xff, 0xf0, 0xcb, 0x10,
    0x0, 0x0, 0x0, 0x0, 0x6f, 0xff, 0xe0, 0x20,
    0x0, 0x0, 0x0, 0x0, 0x0, 0x3f, 0xff, 0xb0,
    0x0, 0x0, 0x0, 0x0, 0x0, 0x0, 0xf, 0xff,
    0x70, 0x0, 0x0, 0x0, 0x0, 0x0, 0x0, 0x5,
    0xa8, 0x10, 0x0, 0x0, 0x0,

    /* U+F2D0 "" */
    0x5, 0x77, 0x77, 0x77, 0x77, 0x77, 0x77, 0x77,
    0x77, 0x50, 0xbf, 0xff, 0xff, 0xff, 0xff, 0xff,
    0xff, 0xff, 0xff, 0xfb, 0xff, 0xff, 0xff, 0xff,
    0xff, 0xff, 0xff, 0xff, 0xff, 0xff, 0xff, 0x90,
    0x0, 0x0, 0x0, 0x0, 0x0, 0x0, 0x9, 0xff,
    0xff, 0x80, 0x0, 0x0, 0x0, 0x0, 0x0, 0x0,
    0x8, 0xff, 0xff, 0x80, 0x0, 0x0, 0x0, 0x0,
    0x0, 0x0, 0x8, 0xff, 0xff, 0x80, 0x0, 0x0,
    0x0, 0x0, 0x0, 0x0, 0x8, 0xff, 0xff, 0xff,
    0xff, 0xff, 0xff, 0xff, 0xff, 0xff, 0xff, 0xff,
    0xff, 0xff, 0xff, 0xff, 0xff, 0xff, 0xff, 0xff,
    0xff, 0xff, 0xff, 0xff, 0xff, 0xff, 0xff, 0xff,
    0xff, 0xff, 0xff, 0xff, 0xff, 0xff, 0xff, 0xff,
    0xff, 0xff, 0xff, 0xff, 0xff, 0xff, 0xff, 0xff,
    0xff, 0xff, 0xff, 0xff, 0xff, 0xff, 0xff, 0xff,
    0xff, 0xff, 0xff, 0xff, 0xff, 0xff, 0xff, 0xff,
    0xff, 0xff, 0xff, 0xff, 0xff, 0xff, 0xff, 0xff,
    0xff, 0xff, 0xff, 0xff, 0xff, 0xff, 0xff, 0xff,
    0xff, 0xff, 0xff, 0xff, 0xff, 0xff, 0xff, 0xff,
    0xff, 0xff, 0xff, 0xff, 0xff, 0xff, 0xff, 0xff,
    0xff, 0xff, 0xff, 0xff, 0xff, 0xff, 0xff, 0xff,
    0xff, 0xff, 0x8f, 0xff, 0xff, 0xff, 0xff, 0xff,
    0xff, 0xff, 0xff, 0xf8, 0x2, 0x44, 0x44, 0x44,
    0x44, 0x44, 0x44, 0x44, 0x44, 0x20,

    /* U+F2D1 "" */
    0x4d, 0xff, 0xff, 0xff, 0xff, 0xff, 0xff, 0xff,
    0xff, 0xd4, 0xef, 0xff, 0xff, 0xff, 0xff, 0xff,
    0xff, 0xff, 0xff, 0xfe, 0xff, 0xff, 0xff, 0xff,
    0xff, 0xff, 0xff, 0xff, 0xff, 0xff, 0xef, 0xff,
    0xff, 0xff, 0xff, 0xff, 0xff, 0xff, 0xff, 0xfe,
    0x6f, 0xff, 0xff, 0xff, 0xff, 0xff, 0xff, 0xff,
    0xff, 0xf6, 0x0, 0x0, 0x0, 0x0, 0x0, 0x0,
    0x0, 0x0, 0x0, 0x0,

    /* U+F2D2 "" */
    0x0, 0x0, 0x2, 0x9b, 0xbb, 0xbb, 0xbb, 0xbb,
    0xbb, 0x92, 0x0, 0x0, 0xd, 0xff, 0xff, 0xff,
    0xff, 0xff, 0xff, 0xfc, 0x0, 0x0, 0xf, 0xff,
    0xff, 0xff, 0xff, 0xff, 0xff, 0xff, 0x0, 0x0,
    0xf, 0xff, 0xff, 0xff, 0xff, 0xff, 0xff, 0xff,
    0x0, 0x0, 0x0, 0x0, 0x0, 0x0, 0x1, 0x7f,
    0xff, 0xff, 0x6, 0x88, 0x88, 0x88, 0x88, 0x88,
    0x86, 0x5, 0xff, 0xff, 0xbf, 0xff, 0xff, 0xff,
    0xff, 0xff, 0xff, 0xb0, 0xef, 0xff, 0xff, 0xff,
    0xff, 0xff, 0xff, 0xff, 0xff, 0xf0, 0xcf, 0xff,
    0xff, 0x80, 0x0, 0x0, 0x0, 0x0, 0xbf, 0xf0,
    0xcf, 0xff, 0xff, 0x80, 0x0, 0x0, 0x0, 0x0,
    0xaf, 0xf0, 0xcf, 0xff, 0xff, 0xa4, 0x44, 0x44,
    0x44, 0x44, 0xcf, 0xf0, 0xcf, 0xff, 0xff, 0xff,
    0xff, 0xff, 0xff, 0xff, 0xff, 0xf0, 0xcf, 0xff,
    0xff, 0xff, 0xff, 0xff, 0xff, 0xff, 0xff, 0xf0,
    0xcf, 0xff, 0xff, 0xff, 0xff, 0xff, 0xff, 0xff,
    0xff, 0xf0, 0xcf, 0xff, 0xff, 0xff, 0xff, 0xff,
    0xff, 0xff, 0xff, 0xf0, 0xcf, 0xfd, 0xff, 0xff,
    0xff, 0xff, 0xff, 0xff, 0xff, 0xf0, 0x8b, 0xa2,
    0xff, 0xff, 0xff, 0xff, 0xff, 0xff, 0xff, 0xf0,
    0x0, 0x0, 0xff, 0xff, 0xff, 0xff, 0xff, 0xff,
    0xff, 0xf0, 0x0, 0x0, 0xff, 0xff, 0xff, 0xff,
    0xff, 0xff, 0xff, 0xf0, 0x0, 0x0, 0xdf, 0xff,
    0xff, 0xff, 0xff, 0xff, 0xff, 0xd0, 0x0, 0x0,
    0x2a, 0xbb, 0xbb, 0xbb, 0xbb, 0xbb, 0xba, 0x20,
    0x0, 0x0,

    /* U+F2D5 "" */
    0x0, 0x0, 0x0, 0x0, 0x0, 0x0, 0x0, 0x0,
    0x0, 0x0, 0x0, 0x0, 0x2, 0x8c, 0xff, 0xfd,
    0x94, 0x0, 0x0, 0x0, 0x0, 0x0, 0x8f, 0xff,
    0xff, 0xff, 0xff, 0xc2, 0x0, 0x0, 0x0, 0x1c,
    0xff, 0xff, 0xff, 0xff, 0xff, 0xff, 0x40, 0x0,
    0x0, 0xcf, 0xff, 0xff, 0xff, 0xff, 0xff, 0xff,
    0xf3, 0x0, 0x8, 0xff, 0xff, 0xff, 0xff, 0xff,
    0xff, 0xff, 0xfe, 0x0, 0x2f, 0xff, 0xff, 0xff,
    0xff, 0xff, 0xff, 0xff, 0xff, 0x70, 0x7f, 0xff,
    0xff, 0xfe, 0x99, 0x99, 0x99, 0xaf, 0xff, 0xd0,
    0xcf, 0xff, 0xff, 0xf4, 0x0, 0x0, 0x0, 0xaf,
    0xff, 0xf2, 0xef, 0xff, 0xff, 0xb0, 0x0, 0x0,
    0x3, 0xff, 0xff, 0xf4, 0xff, 0xff, 0xff, 0x20,
    0x0, 0x0, 0xc, 0xff, 0xff, 0xf5, 0xef, 0xff,
    0xf9, 0x0, 0x0, 0x0, 0x5f, 0xff, 0xff, 0xf4,
    0xcf, 0xff, 0xe1, 0x0, 0x0, 0x0, 0xef, 0xff,
    0xff, 0xf2, 0x7f, 0xff, 0xd9, 0x99, 0x99, 0x9b,
    0xff, 0xff, 0xff, 0xd0, 0x2f, 0xff, 0xff, 0xff,
    0xff, 0xff, 0xff, 0xff, 0xff, 0x70, 0x8, 0xff,
    0xff, 0xff, 0xff, 0xff, 0xff, 0xff, 0xfe, 0x0,
    0x0, 0xcf, 0xff, 0xff, 0xff, 0xff, 0xff, 0xff,
    0xf3, 0x0, 0x0, 0x1c, 0xff, 0xff, 0xff, 0xff,
    0xff, 0xff, 0x40, 0x0, 0x0, 0x0, 0x8f, 0xff,
    0xff, 0xff, 0xff, 0xc2, 0x0, 0x0, 0x0, 0x0,
    0x2, 0x8c, 0xff, 0xfd, 0x94, 0x0, 0x0, 0x0,
    0x0, 0x0, 0x0, 0x0, 0x0, 0x0, 0x0, 0x0,
    0x0, 0x0,

    /* U+F2D6 "" */
    0x0, 0x0, 0x0, 0x0, 0x2, 0x20, 0x0, 0x0,
    0x0, 0x0, 0x0, 0x0, 0x1, 0x8d, 0xff, 0xff,
    0xd8, 0x10, 0x0, 0x0, 0x0, 0x0, 0x7f, 0xff,
    0xfd, 0x7f, 0xff, 0xf7, 0x0, 0x0, 0x0, 0xa,
    0xff, 0xff, 0xf9, 0x4f, 0xfc, 0xff, 0xa0, 0x0,
    0x0, 0x9f, 0xff, 0xff, 0xfb, 0xa, 0x66, 0x1d,
    0xf9, 0x0, 0x4, 0xff, 0xff, 0xff, 0xff, 0x29,
    0xff, 0xa6, 0xff, 0x40, 0xd, 0xff, 0xff, 0xff,
    0xfb, 0x1b, 0xfc, 0xb7, 0xff, 0xd0, 0x3f, 0xff,
    0xff, 0xff, 0xa0, 0x35, 0xbe, 0x8e, 0xff, 0xf3,
    0x7f, 0xff, 0xff, 0xfd, 0x3, 0x77, 0x0, 0x6f,
    0xff, 0xf7, 0x9f, 0xff, 0xff, 0x80, 0x30, 0x89,
    0x0, 0x4f, 0xff, 0xf9, 0xaf, 0xff, 0xf6, 0x0,
    0x90, 0x0, 0x39, 0x6, 0xff, 0xfa, 0x9f, 0xff,
    0xe0, 0x1, 0xa0, 0x3, 0xef, 0x80, 0x6f, 0xf9,
    0x7f, 0xff, 0xb0, 0x8f, 0x20, 0x4f, 0xff, 0xfc,
    0x6f, 0xf7, 0x3f, 0xff, 0xa8, 0xf8, 0x0, 0xdf,
    0xff, 0xff, 0xff, 0xf3, 0xd, 0xff, 0xff, 0xf2,
    0x6, 0xff, 0xff, 0xff, 0xff, 0xd0, 0x4, 0xff,
    0xff, 0xc0, 0x2f, 0xff, 0xff, 0xff, 0xff, 0x40,
    0x0, 0x9f, 0xfd, 0x1, 0xdf, 0xff, 0xff, 0xff,
    0xf9, 0x0, 0x0, 0xa, 0xf8, 0x2d, 0xff, 0xff,
    0xff, 0xff, 0xa0, 0x0, 0x0, 0x0, 0x7f, 0xff,
    0xff, 0xff, 0xff, 0xf7, 0x0, 0x0, 0x0, 0x0,
    0x1, 0x8d, 0xff, 0xff, 0xd8, 0x10, 0x0, 0x0,
    0x0, 0x0, 0x0, 0x0, 0x2, 0x20, 0x0, 0x0,
    0x0, 0x0,

    /* U+F2D7 "" */
    0x11, 0x0, 0x0, 0x0, 0x0, 0x1, 0x13, 0xf,
    0xff, 0xff, 0xff, 0xff, 0xff, 0xff, 0xf2, 0x2,
    0xdf, 0xf3, 0x22, 0x22, 0x25, 0xff, 0x10, 0x9,
    0xff, 0x10, 0x0, 0x0, 0xa, 0xf0, 0x0, 0x9f,
    0xf1, 0x0, 0x0, 0x0, 0x4f, 0x0, 0x8, 0xff,
    0x10, 0x0, 0x0, 0x0, 0x60, 0x0, 0x8f, 0xf1,
    0x0, 0x0, 0xe1, 0x0, 0x0, 0x8, 0xff, 0x10,
    0x0, 0x3f, 0x0, 0x0, 0x0, 0x8f, 0xf5, 0x55,
    0x6c, 0xf0, 0x0, 0x0, 0x8, 0xff, 0xdd, 0xde,
    0xff, 0x0, 0x0, 0x0, 0x8f, 0xf0, 0x0, 0x8,
    0xf0, 0x0, 0x0, 0x8, 0xff, 0x0, 0x0, 0x2f,
    0x0, 0x0, 0x0, 0x8f, 0xf0, 0x0, 0x0, 0x50,
    0x0, 0x0, 0x9, 0xff, 0x0, 0x0, 0x0, 0x0,
    0x1d, 0x0, 0x9f, 0xf0, 0x0, 0x0, 0x0, 0x7,
    0xc0, 0x9, 0xff, 0x10, 0x0, 0x0, 0x0, 0xea,
    0x1, 0xcf, 0xf8, 0x0, 0x0, 0x2, 0xbf, 0x8d,
    0xff, 0xff, 0xff, 0xff, 0xff, 0xff, 0xf7, 0x33,
    0x22, 0x22, 0x21, 0x22, 0x22, 0x33, 0x10,

    /* U+F2D8 "" */
    0x2, 0x44, 0x44, 0x44, 0x44, 0x44, 0x44, 0x43,
    0x0, 0x8f, 0xff, 0xff, 0xff, 0xff, 0xff, 0xff,
    0xff, 0xe2, 0xff, 0xff, 0xff, 0xff, 0xff, 0xff,
    0xff, 0xff, 0xf7, 0xff, 0xff, 0xff, 0xff, 0xff,
    0xff, 0xff, 0xff, 0xf8, 0xff, 0xff, 0xff, 0xff,
    0xff, 0xff, 0xff, 0xff, 0xf8, 0xff, 0xff, 0xff,
    0xff, 0xff, 0xff, 0xff, 0xff, 0xf8, 0xff, 0xff,
    0xff, 0xff, 0xff, 0xff, 0xff, 0xff, 0xf8, 0xff,
    0x80, 0x60, 0x70, 0x70, 0x1b, 0xc, 0xff, 0xf8,
    0xff, 0x80, 0x60, 0x30, 0x70, 0x66, 0x4, 0x7f,
    0xf8, 0xff, 0x80, 0x61, 0x1, 0x70, 0x66, 0x5,
    0x1f, 0xf8, 0xff, 0x80, 0x63, 0x12, 0x70, 0x66,
    0x6, 0x1f, 0xf8, 0xff, 0x80, 0x66, 0x32, 0x70,
    0x1a, 0x2, 0x3f, 0xf8, 0xff, 0xff, 0xff, 0xff,
    0xff, 0xff, 0xff, 0xff, 0xf8, 0xff, 0xff, 0xff,
    0xff, 0xff, 0xff, 0xff, 0xff, 0xf8, 0xff, 0xff,
    0xff, 0xff, 0xff, 0xff, 0xff, 0xff, 0xf8, 0xff,
    0xff, 0xff, 0xff, 0xff, 0xff, 0xff, 0xff, 0xf8,
    0xff, 0xff, 0xff, 0xff, 0xff, 0xff, 0xff, 0xff,
    0xf7, 0x8f, 0xff, 0xff, 0xff, 0xff, 0xff, 0xff,
    0xff, 0xe2, 0x2, 0x44, 0x44, 0x44, 0x44, 0x44,
    0x44, 0x43, 0x0,

    /* U+F2D9 "" */
    0x0, 0x0, 0x0, 0x0, 0x0, 0x0, 0x0, 0x0,
    0x0, 0x0, 0x0, 0x0, 0x0, 0x0, 0x0, 0x0,
    0x0, 0x0, 0x0, 0x0, 0x0, 0x0, 0x0, 0x0,
    0x1, 0x7c, 0xff, 0xfe, 0xa4, 0x0, 0x0, 0x0,
    0x0, 0x0, 0x5, 0xff, 0xd9, 0x78, 0xbf, 0xfb,
    0x10, 0x0, 0x0, 0x0, 0x0, 0xec, 0x30, 0x0,
    0x0, 0x8, 0xfd, 0x10, 0x0, 0x0, 0x0, 0x4b,
    0x2, 0x57, 0x62, 0x0, 0x4, 0xfb, 0x0, 0x0,
    0x0, 0xc, 0x9c, 0xff, 0xbb, 0x70, 0x0, 0x4,
    0xf4, 0x0, 0x0, 0x6, 0xcf, 0xc4, 0x0, 0x0,
    0x0, 0x0, 0xa, 0xa0, 0x0, 0x0, 0xcf, 0x90,
    0x0, 0x0, 0x0, 0x0, 0x0, 0x3e, 0x0, 0x0,
    0x2f, 0xe4, 0x0, 0x0, 0x0, 0x0, 0x0, 0x0,
    0xe0, 0x0, 0x9, 0xa8, 0x60, 0x0, 0x0, 0x0,
    0x1, 0x0, 0xc, 0x2, 0x0, 0xd4, 0x5a, 0x0,
    0x0, 0x0, 0x5d, 0x70, 0x0, 0x90, 0x3, 0x5f,
    0x73, 0xf0, 0x1, 0x48, 0xde, 0x91, 0x0, 0x8,
    0x0, 0x0, 0xea, 0x8e, 0xdb, 0xba, 0x73, 0x0,
    0x0, 0x2, 0x30, 0x0, 0xc, 0x71, 0x6e, 0x0,
    0x0, 0x0, 0x0, 0x0, 0x60, 0x0, 0x0, 0x74,
    0x80, 0xca, 0x0, 0x0, 0x0, 0x0, 0x33, 0x0,
    0x0, 0x1, 0x83, 0x71, 0xea, 0x0, 0x0, 0x0,
    0x25, 0x0, 0x0, 0x0, 0x3, 0x12, 0x73, 0xde,
    0x60, 0x0, 0x64, 0x0, 0x0, 0x0, 0x0, 0x0,
    0x0, 0x68, 0xef, 0xfe, 0xa1, 0x0, 0x0, 0x0,
    0x0, 0x0, 0x0, 0x0, 0x0, 0x11, 0x0, 0x0,
    0x0, 0x0,

    /* U+F2DA "" */
    0x0, 0x0, 0x0, 0x0, 0x0, 0x0, 0x0, 0x0,
    0x0, 0x4, 0xdf, 0xff, 0xff, 0xff, 0xff, 0xff,
    0xf9, 0x10, 0x4f, 0xff, 0xff, 0xff, 0xff, 0xff,
    0xff, 0xff, 0xc0, 0xcf, 0xff, 0xff, 0xff, 0xff,
    0xff, 0xff, 0xff, 0xf4, 0xff, 0xff, 0xff, 0xf8,
    0x32, 0x62, 0x4f, 0xff, 0xf7, 0xff, 0xff, 0xff,
    0x30, 0x11, 0x0, 0x8f, 0xff, 0xf8, 0xff, 0xff,
    0xf7, 0x7, 0xff, 0xb7, 0xff, 0xff, 0xf8, 0xff,
    0xff, 0xf2, 0x1f, 0xc6, 0xef, 0xff, 0xff, 0xf8,
    0xff, 0xff, 0xf2, 0x1f, 0x80, 0x1d, 0xff, 0xff,
    0xf8, 0xff, 0xff, 0xf6, 0xa, 0xfa, 0x2, 0xff,
    0xff, 0xf8, 0xff, 0xff, 0xfe, 0x10, 0x5f, 0x70,
    0xcf, 0xff, 0xf8, 0xff, 0xff, 0xff, 0xd4, 0x1f,
    0xa0, 0xaf, 0xff, 0xf8, 0xff, 0xff, 0xff, 0xef,
    0xff, 0x40, 0xdf, 0xff, 0xf8, 0xff, 0xff, 0xf4,
    0x5, 0x84, 0x5, 0xff, 0xff, 0xf8, 0xff, 0xff,
    0xc0, 0x10, 0x0, 0x5f, 0xff, 0xff, 0xf7, 0xef,
    0xff, 0xf8, 0xfd, 0xbe, 0xff, 0xff, 0xff, 0xf6,
    0x8f, 0xff, 0xff, 0xff, 0xff, 0xff, 0xff, 0xff,
    0xf1, 0xa, 0xff, 0xff, 0xff, 0xff, 0xff, 0xff,
    0xff, 0x40, 0x0, 0x36, 0x77, 0x77, 0x77, 0x77,
    0x77, 0x51, 0x0,

    /* U+F2DB "" */
    0x0, 0x0, 0x3, 0x44, 0x44, 0x44, 0x44, 0x30,
    0x0, 0x0, 0x0, 0x0, 0xcf, 0xff, 0xff, 0xff,
    0xff, 0xfc, 0x0, 0x0, 0x0, 0x3, 0xff, 0xff,
    0xff, 0xff, 0xff, 0xff, 0x30, 0x0, 0x0, 0x4,
    0xff, 0xff, 0xff, 0xff, 0xff, 0xff, 0x40, 0x0,
    0x5d, 0xa4, 0xff, 0xff, 0xff, 0xff, 0xff, 0xff,
    0x4a, 0xd5, 0x8f, 0xd4, 0xff, 0xff, 0xff, 0xff,
    0xff, 0xff, 0x4d, 0xf8, 0x0, 0x4, 0xff, 0xff,
    0xff, 0xff, 0xff, 0xff, 0x40, 0x0, 0x1, 0x14,
    0xff, 0xff, 0xff, 0xff, 0xff, 0xff, 0x41, 0x10,
    0x9f, 0xd4, 0xff, 0xff, 0xff, 0xff, 0xff, 0xff,
    0x4d, 0xf9, 0x4c, 0xa4, 0xff, 0xff, 0xff, 0xff,
    0xff, 0xff, 0x4a, 0xc4, 0x0, 0x4, 0xff, 0xff,
    0xff, 0xff, 0xff, 0xff, 0x40, 0x0, 0x5, 0x44,
    0xff, 0xff, 0xff, 0xff, 0xff, 0xff, 0x44, 0x50,
    0xdf, 0xd4, 0xff, 0xff, 0xff, 0xff, 0xff, 0xff,
    0x4d, 0xfd, 0x18, 0x64, 0xff, 0xff, 0xff, 0xff,
    0xff, 0xff, 0x46, 0x81, 0x0, 0x4, 0xff, 0xff,
    0xff, 0xff, 0xff, 0xff, 0x40, 0x0, 0x19, 0x74,
    0xff, 0xff, 0xff, 0xff, 0xff, 0xff, 0x47, 0x91,
    0xcf, 0xd4, 0xff, 0xff, 0xff, 0xff, 0xff, 0xff,
    0x4d, 0xfc, 0x4, 0x34, 0xff, 0xff, 0xff, 0xff,
    0xff, 0xff, 0x43, 0x40, 0x0, 0x3, 0xff, 0xff,
    0xff, 0xff, 0xff, 0xff, 0x30, 0x0, 0x0, 0x1,
    0xff, 0xff, 0xff, 0xff, 0xff, 0xff, 0x10, 0x0,
    0x0, 0x0, 0x4a, 0xbb, 0xbb, 0xbb, 0xbb, 0xa4,
    0x0, 0x0,

    /* U+F2DC "" */
    0x0, 0x0, 0x0, 0x0, 0x4, 0x30, 0x0, 0x0,
    0x0, 0x0, 0x0, 0x0, 0x0, 0x7, 0xff, 0x0,
    0x0, 0x0, 0x0, 0x0, 0x0, 0x0, 0x7e, 0xaf,
    0xf8, 0xd1, 0x0, 0x0, 0x0, 0x0, 0x0, 0x8,
    0xff, 0xff, 0xfe, 0x10, 0x0, 0x0, 0x0, 0x4,
    0xf4, 0x9, 0xff, 0xfe, 0x20, 0xcb, 0x0, 0x0,
    0x5d, 0x8f, 0x90, 0xa, 0xff, 0x20, 0x1f, 0xd9,
    0xc0, 0xe, 0xff, 0xfd, 0x0, 0x8f, 0xf0, 0x5,
    0xff, 0xff, 0x60, 0x5e, 0xff, 0xf8, 0x8, 0xff,
    0x3, 0xdf, 0xff, 0xa1, 0x8, 0xff, 0xff, 0xfe,
    0xcf, 0xfa, 0xff, 0xff, 0xfd, 0x20, 0x9e, 0xa5,
    0xaf, 0xff, 0xff, 0xff, 0xe6, 0x7c, 0xf2, 0x0,
    0x0, 0x0, 0x3f, 0xff, 0xff, 0xa0, 0x0, 0x0,
    0x0, 0x47, 0x30, 0x3c, 0xff, 0xff, 0xff, 0x80,
    0x15, 0x80, 0xc, 0xff, 0xef, 0xff, 0xff, 0xff,
    0xff, 0xff, 0xff, 0x40, 0x2d, 0xff, 0xfe, 0x68,
    0xff, 0x2a, 0xff, 0xff, 0x70, 0xd, 0xff, 0xff,
    0x10, 0x8f, 0xf0, 0x8, 0xff, 0xff, 0x50, 0xaf,
    0xdf, 0xb0, 0x8, 0xff, 0x0, 0x3f, 0xee, 0xf2,
    0x0, 0x46, 0xf6, 0x3, 0xef, 0xf9, 0x0, 0xee,
    0x13, 0x0, 0x0, 0x6, 0x3, 0xef, 0xff, 0xfa,
    0x4, 0x30, 0x0, 0x0, 0x0, 0x0, 0xaf, 0xef,
    0xfe, 0xf2, 0x0, 0x0, 0x0, 0x0, 0x0, 0x1,
    0x58, 0xff, 0x14, 0x0, 0x0, 0x0, 0x0, 0x0,
    0x0, 0x0, 0x4b, 0x90, 0x0, 0x0, 0x0, 0x0,

    /* U+F2DD "" */
    0x0, 0x0, 0x0, 0x0, 0x0, 0x0, 0x0, 0x0,
    0x20, 0x0, 0x0, 0x0, 0x0, 0x13, 0x57, 0x9b,
    0xdf, 0x90, 0x0, 0x0, 0x5, 0xbe, 0xff, 0xff,
    0xff, 0xf9, 0x0, 0x0, 0x1, 0xcf, 0xff, 0xff,
    0xff, 0xff, 0x90, 0x0, 0x0, 0x1d, 0xfe, 0x61,
    0x0, 0x3b, 0xff, 0x40, 0x0, 0x0, 0xbf, 0xc1,
    0x0, 0x0, 0x0, 0x7f, 0xf1, 0x0, 0x3, 0xfe,
    0x10, 0x0, 0x0, 0x0, 0xa, 0xf9, 0x0, 0x9,
    0xf7, 0x0, 0x0, 0x0, 0x0, 0x2, 0xfe, 0x0,
    0xc, 0xf3, 0x0, 0x0, 0x0, 0x0, 0x0, 0xdf,
    0x20, 0xd, 0xf1, 0x0, 0x0, 0x0, 0x0, 0x0,
    0xcf, 0x20, 0xc, 0xf2, 0x0, 0x0, 0x0, 0x0,
    0x0, 0xdf, 0x10, 0x9, 0xf7, 0x0, 0x0, 0x0,
    0x0, 0x2, 0xfe, 0x0, 0x3, 0xfe, 0x10, 0x0,
    0x0, 0x0, 0x9, 0xf9, 0x0, 0x0, 0xbf, 0xc0,
    0x0, 0x0, 0x0, 0x7f, 0xf1, 0x0, 0x0, 0x1d,
    0xfe, 0x61, 0x0, 0x3b, 0xff, 0x40, 0x0, 0x0,
    0x4f, 0xff, 0xff, 0xff, 0xff, 0xe4, 0x0, 0x0,
    0x4, 0xff, 0xff, 0xff, 0xff, 0xc7, 0x10, 0x0,
    0x0, 0x4f, 0xec, 0xa8, 0x64, 0x20, 0x0, 0x0,
    0x0, 0x0, 0x20, 0x0, 0x0, 0x0, 0x0, 0x0,
    0x0, 0x0, 0x0,

    /* U+F2DE "" */
    0x0, 0x0, 0x0, 0x1, 0x45, 0x54, 0x10, 0x0,
    0x0, 0x0, 0x0, 0x0, 0x4, 0xcf, 0xfe, 0xef,
    0xfc, 0x40, 0x0, 0x0, 0x0, 0x1, 0xbf, 0x93,
    0x0, 0x0, 0x39, 0xfb, 0x10, 0x0, 0x0, 0x2e,
    0xc2, 0x0, 0x0, 0x0, 0x0, 0x2c, 0xd2, 0x0,
    0x1, 0xdb, 0x0, 0x0, 0x0, 0x0, 0x0, 0x0,
    0xbd, 0x0, 0x9, 0xd0, 0x0, 0x50, 0x0, 0x0,
    0x0, 0x0, 0xd, 0x90, 0x2f, 0x40, 0x2, 0xff,
    0x92, 0x0, 0x0, 0x0, 0x4, 0xf2, 0x8c, 0x0,
    0x9, 0xff, 0xf7, 0x40, 0x0, 0x0, 0x0, 0xc8,
    0xc7, 0x0, 0xf, 0xff, 0xf5, 0xfd, 0x50, 0x0,
    0x0, 0x8c, 0xe5, 0x0, 0x2, 0x9f, 0x9b, 0xff,
    0x79, 0x40, 0x0, 0x5e, 0xf4, 0x0, 0x0, 0x0,
    0x28, 0xdf, 0x5f, 0xf3, 0x0, 0x4f, 0xe5, 0x0,
    0x0, 0x0, 0x1c, 0xa4, 0x4d, 0xc0, 0x0, 0x5e,
    0xc7, 0x0, 0x0, 0x0, 0x18, 0xa1, 0x0, 0x10,
    0x0, 0x7c, 0x8c, 0x0, 0x0, 0x0, 0x71, 0x44,
    0x0, 0x0, 0x0, 0xc8, 0x2f, 0x40, 0x0, 0x0,
    0x80, 0x9, 0x0, 0x0, 0x4, 0xf2, 0x9, 0xd0,
    0x0, 0x4, 0x10, 0x4, 0x20, 0x0, 0xd, 0x90,
    0x1, 0xdb, 0x0, 0x0, 0x0, 0x0, 0x0, 0x0,
    0xbd, 0x10, 0x0, 0x2e, 0xc2, 0x0, 0x0, 0x0,
    0x0, 0x2c, 0xe2, 0x0, 0x0, 0x1, 0xcf, 0x93,
    0x0, 0x0, 0x39, 0xfb, 0x10, 0x0, 0x0, 0x0,
    0x5, 0xcf, 0xfe, 0xef, 0xfc, 0x50, 0x0, 0x0,
    0x0, 0x0, 0x0, 0x1, 0x45, 0x54, 0x10, 0x0,
    0x0, 0x0,

    /* U+F2E0 "" */
    0x0, 0x0, 0x0, 0x22, 0x0, 0x0, 0x0, 0x0,
    0x0, 0x0, 0x0, 0x0, 0x0, 0x0, 0x22, 0x0,
    0x2, 0xd3, 0x0, 0x0, 0x0, 0x0, 0x0, 0x0,
    0x0, 0x0, 0x0, 0x1, 0xb2, 0x0, 0x0, 0x0,
    0x0, 0x0, 0x0, 0x1, 0x3, 0xbf, 0xfc, 0x67,
    0x60, 0x0, 0x0, 0x0, 0x0, 0x0, 0x6a, 0x4f,
    0xff, 0xff, 0xff, 0xfe, 0x30, 0x0, 0x0, 0x0,
    0x0, 0x1, 0xef, 0xff, 0xff, 0xff, 0xff, 0xe1,
    0x10, 0x0, 0x0, 0x0, 0x7f, 0xff, 0xff, 0xfd,
    0xef, 0xff, 0xf5, 0xc7, 0x0, 0x0, 0x3, 0xff,
    0xfa, 0x2, 0x50, 0x13, 0x2e, 0xf8, 0x10, 0x0,
    0x0, 0x8, 0xff, 0xf1, 0x0, 0x0, 0x0, 0xa,
    0xff, 0x80, 0x14, 0x9, 0x67, 0xff, 0xb0, 0x2,
    0x70, 0x2a, 0xe, 0xff, 0xe0, 0x2, 0xb, 0x75,
    0xff, 0x60, 0x8, 0x70, 0xa3, 0x5f, 0xff, 0xc0,
    0x0, 0x0, 0xe, 0xff, 0x10, 0xe, 0x12, 0xb0,
    0xcf, 0xff, 0x64, 0x80, 0x0, 0x1f, 0xfc, 0x0,
    0x4b, 0xa, 0x51, 0xff, 0xff, 0xa0, 0x0, 0x0,
    0xf, 0xfb, 0x0, 0xbc, 0x7f, 0x41, 0xbf, 0xff,
    0xc0, 0x0, 0x0, 0x8, 0xff, 0xaa, 0xff, 0xff,
    0xd3, 0x1a, 0xff, 0x80, 0x0, 0x0, 0x0, 0x6d,
    0xff, 0xff, 0xff, 0xff, 0xff, 0xfe, 0x10, 0x0,
    0x0, 0x0, 0x66, 0xff, 0xff, 0xff, 0xff, 0xff,
    0xb2, 0x0, 0x0, 0x0, 0x0, 0x11, 0xef, 0xff,
    0xff, 0xff, 0xc1, 0x20, 0x0, 0x0, 0x0, 0x0,
    0x0, 0x2b, 0xff, 0x9c, 0xfc, 0x29, 0xf0, 0x0,
    0x0, 0x0, 0x0, 0x0, 0x0, 0x0, 0x62, 0x0,
    0x2, 0x70, 0x0, 0x0, 0x0, 0x0, 0x0, 0x0,
    0x0, 0x51, 0x0, 0x0, 0x0, 0x0, 0x0,

    /* U+F2E5 "" */
    0x0, 0x0, 0x0, 0x0, 0x0, 0x0, 0x3, 0x67,
    0x51, 0x0, 0x0, 0x0, 0x0, 0x0, 0x0, 0x0,
    0x6d, 0xff, 0xff, 0xf6, 0x0, 0x0, 0x0, 0x0,
    0x0, 0x0, 0xbf, 0xff, 0xff, 0xff, 0xf4, 0x0,
    0x0, 0x0, 0x0, 0x0, 0xbf, 0xff, 0xff, 0xff,
    0xff, 0xb0, 0x0, 0x0, 0x0, 0x0, 0x5f, 0xff,
    0xff, 0xff, 0xff, 0xff, 0x0, 0x0, 0x0, 0x0,
    0xb, 0xff, 0xff, 0xff, 0xff, 0xff, 0xf0, 0x0,
    0x0, 0x0, 0x0, 0xdf, 0xff, 0xff, 0xff, 0xff,
    0xfd, 0x0, 0x0, 0x0, 0x0, 0xc, 0xff, 0xff,
    0xff, 0xff, 0xff, 0x90, 0x0, 0x0, 0x0, 0x0,
    0x8f, 0xff, 0xff, 0xff, 0xff, 0xf2, 0x0, 0x0,
    0x0, 0x0, 0xa, 0xff, 0xff, 0xff, 0xff, 0xf9,
    0x0, 0x0, 0x0, 0x0, 0xb, 0xff, 0xff, 0xff,
    0xff, 0xfb, 0x0, 0x0, 0x0, 0x0, 0x1c, 0xff,
    0xff, 0xef, 0xff, 0xf8, 0x0, 0x0, 0x0, 0x0,
    0x2d, 0xff, 0xff, 0xb0, 0x35, 0x41, 0x0, 0x0,
    0x0, 0x0, 0x3e, 0xff, 0xff, 0xc0, 0x0, 0x0,
    0x0, 0x0, 0x0, 0x0, 0x4f, 0xff, 0xff, 0xd1,
    0x0, 0x0, 0x0, 0x0, 0x0, 0x0, 0x6f, 0xff,
    0xff, 0xe2, 0x0, 0x0, 0x0, 0x0, 0x0, 0x0,
    0x7f, 0xff, 0xff, 0xf3, 0x0, 0x0, 0x0, 0x0,
    0x0, 0x0, 0xf, 0xff, 0xff, 0xf4, 0x0, 0x0,
    0x0, 0x0, 0x0, 0x0, 0x0, 0x6f, 0xff, 0xf5,
    0x0, 0x0, 0x0, 0x0, 0x0, 0x0, 0x0, 0x0,
    0x6f, 0xf7, 0x0, 0x0, 0x0, 0x0, 0x0, 0x0,
    0x0, 0x0, 0x0, 0x45, 0x0, 0x0, 0x0, 0x0,
    0x0, 0x0, 0x0, 0x0, 0x0,

    /* U+F2E7 "" */
    0x3, 0x0, 0x30, 0x22, 0x0, 0x0, 0x0, 0x22,
    0x6, 0xf7, 0x9f, 0x2d, 0xf0, 0x0, 0x2, 0xbf,
    0xf1, 0x9f, 0x8a, 0xf4, 0xef, 0x20, 0x2, 0xef,
    0xff, 0x1b, 0xf8, 0xbf, 0x5e, 0xf5, 0x0, 0xdf,
    0xff, 0xf1, 0xdf, 0x8c, 0xf6, 0xef, 0x70, 0x6f,
    0xff, 0xff, 0x1f, 0xf8, 0xcf, 0x7e, 0xf8, 0xc,
    0xff, 0xff, 0xf1, 0xff, 0x8e, 0xf8, 0xef, 0x91,
    0xff, 0xff, 0xff, 0x1d, 0xff, 0xff, 0xff, 0xf7,
    0x2f, 0xff, 0xff, 0xf1, 0x7f, 0xff, 0xff, 0xff,
    0x10, 0xff, 0xff, 0xff, 0x10, 0xaf, 0xff, 0xff,
    0x50, 0xb, 0xff, 0xff, 0xf1, 0x0, 0x7f, 0xff,
    0x20, 0x0, 0x3f, 0xff, 0xff, 0x10, 0x5, 0xff,
    0xf0, 0x0, 0x0, 0x6f, 0xff, 0xf1, 0x0, 0x6f,
    0xff, 0x0, 0x0, 0x0, 0x7f, 0xff, 0x10, 0x7,
    0xff, 0xf1, 0x0, 0x0, 0x7, 0xff, 0xf1, 0x0,
    0x8f, 0xff, 0x20, 0x0, 0x0, 0x8f, 0xff, 0x10,
    0x9, 0xff, 0xf3, 0x0, 0x0, 0x9, 0xff, 0xf1,
    0x0, 0xaf, 0xff, 0x30, 0x0, 0x0, 0xbf, 0xff,
    0x10, 0xb, 0xff, 0xf4, 0x0, 0x0, 0xc, 0xff,
    0xf1, 0x0, 0xbf, 0xff, 0x50, 0x0, 0x0, 0xdf,
    0xff, 0x10, 0xc, 0xff, 0xf6, 0x0, 0x0, 0xe,
    0xff, 0xf1, 0x0, 0x6b, 0xbb, 0x20, 0x0, 0x0,
    0x7b, 0xb9, 0x0,

    /* U+F2EA "" */
    0x0, 0x0, 0x0, 0x0, 0x2, 0x21, 0x0, 0x0,
    0x0, 0x0, 0x1, 0x0, 0x1, 0x8d, 0xff, 0xff,
    0xd8, 0x10, 0x0, 0x0, 0x8f, 0x60, 0x6f, 0xff,
    0xff, 0xff, 0xff, 0xf7, 0x0, 0x0, 0x9f, 0xfb,
    0xff, 0xff, 0xff, 0xff, 0xff, 0xff, 0xa0, 0x0,
    0x9f, 0xff, 0xff, 0xe7, 0x20, 0x1, 0x6d, 0xff,
    0xf9, 0x0, 0x9f, 0xff, 0xfd, 0x10, 0x0, 0x0,
    0x0, 0xaf, 0xff, 0x50, 0x9f, 0xff, 0xff, 0x60,
    0x0, 0x0, 0x0, 0xb, 0xff, 0xd0, 0x9f, 0xff,
    0xff, 0xf4, 0x0, 0x0, 0x0, 0x1, 0xff, 0xf4,
    0x6e, 0xff, 0xff, 0xe4, 0x0, 0x0, 0x0, 0x0,
    0xaf, 0xf8, 0x0, 0x0, 0x0, 0x0, 0x0, 0x0,
    0x0, 0x0, 0x7f, 0xfb, 0x0, 0x0, 0x0, 0x0,
    0x0, 0x0, 0x0, 0x0, 0x6f, 0xfb, 0x0, 0x0,
    0x0, 0x0, 0x0, 0x0, 0x0, 0x0, 0x7f, 0xfa,
    0x0, 0x0, 0x0, 0x0, 0x0, 0x0, 0x0, 0x0,
    0xbf, 0xf8, 0x0, 0x0, 0x0, 0x0, 0x0, 0x0,
    0x0, 0x2, 0xff, 0xf4, 0x0, 0x0, 0x0, 0x0,
    0x0, 0x0, 0x0, 0xb, 0xff, 0xe0, 0x0, 0x0,
    0x19, 0x10, 0x0, 0x0, 0x0, 0xaf, 0xff, 0x50,
    0x0, 0x1, 0xdf, 0xe7, 0x20, 0x1, 0x6d, 0xff,
    0xfa, 0x0, 0x0, 0x6, 0xff, 0xff, 0xff, 0xff,
    0xff, 0xff, 0xb0, 0x0, 0x0, 0x0, 0x6f, 0xff,
    0xff, 0xff, 0xff, 0xf8, 0x0, 0x0, 0x0, 0x0,
    0x1, 0x7d, 0xff, 0xff, 0xd9, 0x20, 0x0, 0x0,
    0x0, 0x0, 0x0, 0x0, 0x2, 0x20, 0x0, 0x0,
    0x0, 0x0,

    /* U+F2ED "" */
    0x0, 0x0, 0x2, 0xab, 0xbb, 0xb7, 0x0, 0x0,
    0x0, 0x57, 0x77, 0x7c, 0xff, 0xff, 0xff, 0x77,
    0x77, 0x72, 0xff, 0xff, 0xff, 0xff, 0xff, 0xff,
    0xff, 0xff, 0xf7, 0xef, 0xff, 0xff, 0xff, 0xff,
    0xff, 0xff, 0xff, 0xf6, 0x0, 0x0, 0x0, 0x0,
    0x0, 0x0, 0x0, 0x0, 0x0, 0x6, 0x88, 0x88,
    0x88, 0x88, 0x88, 0x88, 0x88, 0x20, 0xc, 0xff,
    0xff, 0xff, 0xff, 0xff, 0xff, 0xff, 0x40, 0xc,
    0xff, 0xff, 0xff, 0xff, 0xff, 0xff, 0xff, 0x40,
    0xc, 0xff, 0x77, 0xff, 0x3b, 0xfe, 0x1e, 0xff,
    0x40, 0xc, 0xff, 0x66, 0xff, 0x2a, 0xfe, 0xe,
    0xff, 0x40, 0xc, 0xff, 0x66, 0xff, 0x2a, 0xfe,
    0xe, 0xff, 0x40, 0xc, 0xff, 0x66, 0xff, 0x2a,
    0xfe, 0xe, 0xff, 0x40, 0xc, 0xff, 0x66, 0xff,
    0x2a, 0xfe, 0xe, 0xff, 0x40, 0xc, 0xff, 0x66,
    0xff, 0x2a, 0xfe, 0xe, 0xff, 0x40, 0xc, 0xff,
    0x66, 0xff, 0x2a, 0xfe, 0xe, 0xff, 0x40, 0xc,
    0xff, 0x66, 0xff, 0x2a, 0xfe, 0xe, 0xff, 0x40,
    0xc, 0xff, 0x66, 0xff, 0x2a, 0xfe, 0xe, 0xff,
    0x40, 0xc, 0xff, 0x77, 0xff, 0x3b, 0xfe, 0x1e,
    0xff, 0x40, 0xb, 0xff, 0xff, 0xff, 0xff, 0xff,
    0xff, 0xff, 0x30, 0x7, 0xff, 0xff, 0xff, 0xff,
    0xff, 0xff, 0xfe, 0x0, 0x0, 0x57, 0x88, 0x88,
    0x88, 0x88, 0x88, 0x72, 0x0,

    /* U+F2F1 "" */
    0x0, 0x0, 0x0, 0x0, 0x2, 0x20, 0x0, 0x0,
    0x0, 0x0, 0x0, 0x0, 0x1, 0x8d, 0xff, 0xff,
    0xd8, 0x10, 0x0, 0x10, 0x0, 0x0, 0x6f, 0xff,
    0xff, 0xff, 0xff, 0xf7, 0x5, 0xf9, 0x0, 0x9,
    0xff, 0xff, 0xff, 0xff, 0xff, 0xff, 0xbf, 0xfb,
    0x0, 0x9f, 0xff, 0xe7, 0x20, 0x2, 0x7e, 0xff,
    0xff, 0xfb, 0x4, 0xff, 0xfb, 0x10, 0x0, 0x0,
    0x0, 0xcf, 0xff, 0xfb, 0xc, 0xff, 0xc0, 0x0,
    0x0, 0x0, 0x5, 0xff, 0xff, 0xfb, 0x3f, 0xff,
    0x20, 0x0, 0x0, 0x0, 0x3f, 0xff, 0xff, 0xfb,
    0x7f, 0xfc, 0x0, 0x0, 0x0, 0x0, 0x3e, 0xff,
    0xff, 0xe7, 0x14, 0x41, 0x0, 0x0, 0x0, 0x0,
    0x0, 0x0, 0x0, 0x0, 0x0, 0x0, 0x0, 0x0,
    0x0, 0x0, 0x0, 0x0, 0x0, 0x0, 0x0, 0x0,
    0x0, 0x0, 0x0, 0x0, 0x0, 0x0, 0x14, 0x41,
    0x7e, 0xff, 0xff, 0xe3, 0x0, 0x0, 0x0, 0x0,
    0xcf, 0xf7, 0xbf, 0xff, 0xff, 0xf3, 0x0, 0x0,
    0x0, 0x3, 0xff, 0xf3, 0xbf, 0xff, 0xff, 0x50,
    0x0, 0x0, 0x0, 0xc, 0xff, 0xc0, 0xbf, 0xff,
    0xfc, 0x10, 0x0, 0x0, 0x1, 0xcf, 0xff, 0x40,
    0xbf, 0xff, 0xff, 0xe7, 0x10, 0x2, 0x7e, 0xff,
    0xf9, 0x0, 0xbf, 0xfb, 0xff, 0xff, 0xff, 0xff,
    0xff, 0xff, 0x90, 0x0, 0x9f, 0x50, 0x6f, 0xff,
    0xff, 0xff, 0xff, 0xf6, 0x0, 0x0, 0x1, 0x0,
    0x1, 0x8d, 0xff, 0xff, 0xd8, 0x10, 0x0, 0x0,
    0x0, 0x0, 0x0, 0x0, 0x2, 0x20, 0x0, 0x0,
    0x0, 0x0,

    /* U+F2F2 "" */
    0x0, 0x0, 0x0, 0x58, 0x88, 0x85, 0x0, 0x0,
    0x0, 0x0, 0x0, 0x0, 0xdf, 0xff, 0xfc, 0x0,
    0x0, 0x0, 0x0, 0x0, 0x0, 0xcf, 0xff, 0xfb,
    0x0, 0x0, 0x0, 0x0, 0x0, 0x0, 0x4, 0xff,
    0x30, 0x0, 0x0, 0x0, 0x0, 0x0, 0x0, 0x5b,
    0xff, 0xa5, 0x0, 0x0, 0x0, 0x0, 0x0, 0x6e,
    0xff, 0xff, 0xff, 0xe5, 0x5f, 0x50, 0x0, 0x9,
    0xff, 0xff, 0xff, 0xff, 0xff, 0xff, 0xe0, 0x0,
    0x8f, 0xff, 0xfe, 0x66, 0xef, 0xff, 0xff, 0x30,
    0x3, 0xff, 0xff, 0xfb, 0x0, 0xcf, 0xff, 0xff,
    0x10, 0xa, 0xff, 0xff, 0xfb, 0x0, 0xcf, 0xff,
    0xff, 0x80, 0xe, 0xff, 0xff, 0xfb, 0x0, 0xcf,
    0xff, 0xff, 0xd0, 0x1f, 0xff, 0xff, 0xfb, 0x0,
    0xcf, 0xff, 0xff, 0xf0, 0x2f, 0xff, 0xff, 0xfb,
    0x0, 0xcf, 0xff, 0xff, 0xf0, 0xf, 0xff, 0xff,
    0xfc, 0x0, 0xdf, 0xff, 0xff, 0xf0, 0xd, 0xff,
    0xff, 0xff, 0xff, 0xff, 0xff, 0xff, 0xb0, 0x7,
    0xff, 0xff, 0xff, 0xff, 0xff, 0xff, 0xff, 0x60,
    0x0, 0xef, 0xff, 0xff, 0xff, 0xff, 0xff, 0xfd,
    0x0, 0x0, 0x3f, 0xff, 0xff, 0xff, 0xff, 0xff,
    0xe2, 0x0, 0x0, 0x3, 0xef, 0xff, 0xff, 0xff,
    0xfd, 0x20, 0x0, 0x0, 0x0, 0x18, 0xef, 0xff,
    0xfe, 0x70, 0x0, 0x0, 0x0, 0x0, 0x0, 0x2,
    0x44, 0x20, 0x0, 0x0, 0x0,

    /* U+F2F5 "" */
    0x0, 0x0, 0x0, 0x0, 0x0, 0x0, 0x10, 0x0,
    0x0, 0x0, 0x3, 0xcf, 0xff, 0xf7, 0x0, 0xa,
    0xf5, 0x0, 0x0, 0x0, 0x3f, 0xff, 0xff, 0xf8,
    0x0, 0xc, 0xff, 0x50, 0x0, 0x0, 0xcf, 0xf9,
    0x88, 0x83, 0x0, 0xc, 0xff, 0xf5, 0x0, 0x0,
    0xff, 0x90, 0x0, 0x0, 0x0, 0xc, 0xff, 0xff,
    0x50, 0x0, 0xff, 0x80, 0x5, 0x88, 0x88, 0x8e,
    0xff, 0xff, 0xf5, 0x0, 0xff, 0x80, 0xf, 0xff,
    0xff, 0xff, 0xff, 0xff, 0xff, 0x50, 0xff, 0x80,
    0xf, 0xff, 0xff, 0xff, 0xff, 0xff, 0xff, 0xf4,
    0xff, 0x80, 0xf, 0xff, 0xff, 0xff, 0xff, 0xff,
    0xff, 0xf9, 0xff, 0x80, 0xf, 0xff, 0xff, 0xff,
    0xff, 0xff, 0xff, 0xc1, 0xff, 0x80, 0xd, 0xff,
    0xff, 0xff, 0xff, 0xff, 0xfc, 0x10, 0xff, 0x80,
    0x0, 0x11, 0x11, 0x1c, 0xff, 0xff, 0xc1, 0x0,
    0xff, 0x90, 0x0, 0x0, 0x0, 0xc, 0xff, 0xfc,
    0x10, 0x0, 0xcf, 0xf9, 0x88, 0x83, 0x0, 0xc,
    0xff, 0xc1, 0x0, 0x0, 0x3f, 0xff, 0xff, 0xf8,
    0x0, 0xb, 0xfc, 0x10, 0x0, 0x0, 0x3, 0xcf,
    0xff, 0xf7, 0x0, 0x6, 0xa1, 0x0, 0x0, 0x0,

    /* U+F2F6 "" */
    0x0, 0x0, 0x0, 0x48, 0x0, 0x0, 0x7f, 0xff,
    0xfc, 0x30, 0x0, 0x0, 0x0, 0xbf, 0xb0, 0x0,
    0x8f, 0xff, 0xff, 0xf3, 0x0, 0x0, 0x0, 0xcf,
    0xfb, 0x0, 0x38, 0x88, 0x9f, 0xfc, 0x0, 0x0,
    0x0, 0xcf, 0xff, 0xb0, 0x0, 0x0, 0x9, 0xff,
    0x0, 0x0, 0x0, 0xcf, 0xff, 0xfb, 0x0, 0x0,
    0x8, 0xff, 0xcf, 0xff, 0xff, 0xff, 0xff, 0xff,
    0xb0, 0x0, 0x8, 0xff, 0xff, 0xff, 0xff, 0xff,
    0xff, 0xff, 0xfb, 0x0, 0x8, 0xff, 0xff, 0xff,
    0xff, 0xff, 0xff, 0xff, 0xff, 0x90, 0x8, 0xff,
    0xff, 0xff, 0xff, 0xff, 0xff, 0xff, 0xff, 0x50,
    0x8, 0xff, 0xff, 0xff, 0xff, 0xff, 0xff, 0xff,
    0xf6, 0x0, 0x8, 0xff, 0x6a, 0xaa, 0xaa, 0xef,
    0xff, 0xff, 0x60, 0x0, 0x8, 0xff, 0x0, 0x0,
    0x0, 0xcf, 0xff, 0xf6, 0x0, 0x0, 0x9, 0xff,
    0x0, 0x0, 0x0, 0xcf, 0xff, 0x60, 0x38, 0x88,
    0x9f, 0xfc, 0x0, 0x0, 0x0, 0xcf, 0xf6, 0x0,
    0x8f, 0xff, 0xff, 0xf3, 0x0, 0x0, 0x0, 0xbf,
    0x60, 0x0, 0x7f, 0xff, 0xfc, 0x30, 0x0, 0x0,
    0x0, 0x13, 0x0, 0x0, 0x0, 0x0, 0x0, 0x0,

    /* U+F2F9 "" */
    0x0, 0x0, 0x0, 0x0, 0x2, 0x20, 0x0, 0x0,
    0x0, 0x0, 0x0, 0x0, 0x1, 0x8d, 0xff, 0xff,
    0xd8, 0x10, 0x0, 0x10, 0x0, 0x0, 0x8f, 0xff,
    0xff, 0xff, 0xff, 0xf6, 0x6, 0xf7, 0x0, 0xb,
    0xff, 0xff, 0xff, 0xff, 0xff, 0xff, 0xbf, 0xf9,
    0x0, 0xaf, 0xff, 0xd6, 0x10, 0x2, 0x7e, 0xff,
    0xff, 0xf9, 0x5, 0xff, 0xfa, 0x0, 0x0, 0x0,
    0x1, 0xdf, 0xff, 0xf9, 0xe, 0xff, 0xb0, 0x0,
    0x0, 0x0, 0x6, 0xff, 0xff, 0xf9, 0x4f, 0xff,
    0x10, 0x0, 0x0, 0x0, 0x4f, 0xff, 0xff, 0xf9,
    0x8f, 0xfa, 0x0, 0x0, 0x0, 0x0, 0x4e, 0xff,
    0xff, 0xe6, 0xaf, 0xf7, 0x0, 0x0, 0x0, 0x0,
    0x0, 0x0, 0x0, 0x0, 0xbf, 0xf6, 0x0, 0x0,
    0x0, 0x0, 0x0, 0x0, 0x0, 0x0, 0xaf, 0xf7,
    0x0, 0x0, 0x0, 0x0, 0x0, 0x0, 0x0, 0x0,
    0x8f, 0xfb, 0x0, 0x0, 0x0, 0x0, 0x0, 0x0,
    0x0, 0x0, 0x4f, 0xff, 0x20, 0x0, 0x0, 0x0,
    0x0, 0x0, 0x0, 0x0, 0xe, 0xff, 0xb0, 0x0,
    0x0, 0x0, 0x0, 0x0, 0x0, 0x0, 0x5, 0xff,
    0xfa, 0x0, 0x0, 0x0, 0x1, 0x91, 0x0, 0x0,
    0x0, 0xaf, 0xff, 0xd6, 0x10, 0x2, 0x7e, 0xfd,
    0x10, 0x0, 0x0, 0xb, 0xff, 0xff, 0xff, 0xff,
    0xff, 0xff, 0x60, 0x0, 0x0, 0x0, 0x8f, 0xff,
    0xff, 0xff, 0xff, 0xf5, 0x0, 0x0, 0x0, 0x0,
    0x2, 0x9d, 0xff, 0xff, 0xd7, 0x10, 0x0, 0x0,
    0x0, 0x0, 0x0, 0x0, 0x2, 0x20, 0x0, 0x0,
    0x0, 0x0,

    /* U+F2FE "" */
    0x0, 0x0, 0x0, 0x0, 0x3, 0x72, 0x0, 0x0,
    0x0, 0x0, 0x0, 0x0, 0x0, 0x0, 0x2, 0xff,
    0x70, 0x0, 0x0, 0x0, 0x0, 0x0, 0x0, 0x0,
    0x0, 0xff, 0xf4, 0x0, 0x0, 0x0, 0x0, 0x0,
    0x0, 0x0, 0x3, 0xff, 0xfa, 0x0, 0x0, 0x0,
    0x0, 0x0, 0x0, 0x0, 0xb, 0xff, 0xfb, 0x0,
    0x0, 0x0, 0x0, 0x0, 0x2, 0x46, 0xcf, 0xff,
    0xfb, 0x20, 0x0, 0x0, 0x0, 0x0, 0x8f, 0xff,
    0xff, 0xff, 0xff, 0xf7, 0x0, 0x0, 0x0, 0x1,
    0xff, 0xff, 0xff, 0xff, 0xff, 0xff, 0x10, 0x0,
    0x0, 0x2, 0xff, 0xff, 0xff, 0xff, 0xff, 0xff,
    0x20, 0x0, 0x0, 0x0, 0xcf, 0xff, 0xff, 0xff,
    0xff, 0xfc, 0x0, 0x0, 0x0, 0x9f, 0xff, 0xfc,
    0xff, 0xff, 0xcf, 0xff, 0xf9, 0x0, 0x7, 0xff,
    0xff, 0x60, 0x6f, 0xf6, 0x6, 0xff, 0xff, 0x60,
    0xb, 0xff, 0xff, 0x90, 0x9f, 0xf9, 0x9, 0xff,
    0xff, 0xb0, 0x9, 0xff, 0xff, 0xff, 0xff, 0xff,
    0xff, 0xff, 0xff, 0x90, 0x1, 0xef, 0xff, 0xff,
    0xff, 0xff, 0xff, 0xff, 0xfe, 0x10, 0x1b, 0xff,
    0xff, 0xa8, 0x88, 0x88, 0x8a, 0xff, 0xff, 0xb1,
    0xbf, 0xff, 0xff, 0xa0, 0x0, 0x0, 0xa, 0xff,
    0xff, 0xfb, 0xff, 0xff, 0xff, 0xfc, 0x51, 0x15,
    0xcf, 0xff, 0xff, 0xff, 0xdf, 0xff, 0xff, 0xff,
    0xff, 0xff, 0xff, 0xff, 0xff, 0xfd, 0x4f, 0xff,
    0xff, 0xff, 0xff, 0xff, 0xff, 0xff, 0xff, 0xf4,
    0x2, 0x78, 0x88, 0x88, 0x88, 0x88, 0x88, 0x88,
    0x87, 0x20,

    /* U+F304 "" */
    0x0, 0x0, 0x0, 0x0, 0x0, 0x0, 0x0, 0x1,
    0x64, 0x0, 0x0, 0x0, 0x0, 0x0, 0x0, 0x0,
    0x0, 0x1, 0xdf, 0xf8, 0x0, 0x0, 0x0, 0x0,
    0x0, 0x0, 0x0, 0x1, 0xef, 0xff, 0xf8, 0x0,
    0x0, 0x0, 0x0, 0x0, 0x0, 0x0, 0x7f, 0xff,
    0xff, 0xf8, 0x0, 0x0, 0x0, 0x0, 0x0, 0x1,
    0x90, 0x8f, 0xff, 0xff, 0xf0, 0x0, 0x0, 0x0,
    0x0, 0x1, 0xef, 0xb0, 0x8f, 0xff, 0xfc, 0x0,
    0x0, 0x0, 0x0, 0x1, 0xef, 0xff, 0xb0, 0x8f,
    0xfe, 0x20, 0x0, 0x0, 0x0, 0x1, 0xef, 0xff,
    0xff, 0xb0, 0x8e, 0x10, 0x0, 0x0, 0x0, 0x1,
    0xef, 0xff, 0xff, 0xff, 0xb0, 0x10, 0x0, 0x0,
    0x0, 0x1, 0xef, 0xff, 0xff, 0xff, 0xfe, 0x10,
    0x0, 0x0, 0x0, 0x1, 0xef, 0xff, 0xff, 0xff,
    0xfe, 0x20, 0x0, 0x0, 0x0, 0x1, 0xef, 0xff,
    0xff, 0xff, 0xfe, 0x20, 0x0, 0x0, 0x0, 0x1,
    0xef, 0xff, 0xff, 0xff, 0xfe, 0x20, 0x0, 0x0,
    0x0, 0x1, 0xef, 0xff, 0xff, 0xff, 0xfe, 0x20,
    0x0, 0x0, 0x0, 0x1, 0xef, 0xff, 0xff, 0xff,
    0xfe, 0x20, 0x0, 0x0, 0x0, 0x0, 0x8f, 0xff,
    0xff, 0xff, 0xfe, 0x20, 0x0, 0x0, 0x0, 0x0,
    0xa, 0xff, 0xff, 0xff, 0xfe, 0x20, 0x0, 0x0,
    0x0, 0x0, 0x0, 0xcf, 0xff, 0xff, 0xfe, 0x20,
    0x0, 0x0, 0x0, 0x0, 0x0, 0xe, 0xff, 0xff,
    0xfe, 0x20, 0x0, 0x0, 0x0, 0x0, 0x0, 0x0,
    0xff, 0xff, 0xfe, 0x20, 0x0, 0x0, 0x0, 0x0,
    0x0, 0x0, 0x5, 0x75, 0x31, 0x0, 0x0, 0x0,
    0x0, 0x0, 0x0, 0x0, 0x0,

    /* U+F55A "" */
    0x0, 0x0, 0x0, 0x6e, 0xff, 0xff, 0xff, 0xff,
    0xff, 0xff, 0xff, 0xfb, 0x20, 0x0, 0x0, 0x8f,
    0xff, 0xff, 0xff, 0xff, 0xff, 0xff, 0xff, 0xff,
    0xfb, 0x0, 0x0, 0x8f, 0xff, 0xff, 0xff, 0xff,
    0xff, 0xff, 0xff, 0xff, 0xff, 0xf0, 0x0, 0x8f,
    0xff, 0xff, 0xff, 0x85, 0xff, 0xff, 0x58, 0xff,
    0xff, 0xff, 0x0, 0x8f, 0xff, 0xff, 0xff, 0xb0,
    0x4, 0xff, 0x40, 0xb, 0xff, 0xff, 0xf0, 0x8f,
    0xff, 0xff, 0xff, 0xff, 0x40, 0x4, 0x40, 0x4,
    0xff, 0xff, 0xff, 0x8f, 0xff, 0xff, 0xff, 0xff,
    0xff, 0x40, 0x0, 0x4, 0xff, 0xff, 0xff, 0xff,
    0xff, 0xff, 0xff, 0xff, 0xff, 0xfe, 0x10, 0x0,
    0xef, 0xff, 0xff, 0xff, 0x8f, 0xff, 0xff, 0xff,
    0xff, 0xff, 0x40, 0x0, 0x4, 0xff, 0xff, 0xff,
    0xf0, 0x8f, 0xff, 0xff, 0xff, 0xff, 0x40, 0x4,
    0x40, 0x4, 0xff, 0xff, 0xff, 0x0, 0x8f, 0xff,
    0xff, 0xff, 0xb0, 0x4, 0xff, 0x40, 0xb, 0xff,
    0xff, 0xf0, 0x0, 0x8f, 0xff, 0xff, 0xff, 0x85,
    0xff, 0xff, 0x58, 0xff, 0xff, 0xff, 0x0, 0x0,
    0x8f, 0xff, 0xff, 0xff, 0xff, 0xff, 0xff, 0xff,
    0xff, 0xff, 0xf0, 0x0, 0x0, 0x8f, 0xff, 0xff,
    0xff, 0xff, 0xff, 0xff, 0xff, 0xff, 0xfb, 0x0,
    0x0, 0x0, 0x6e, 0xff, 0xff, 0xff, 0xff, 0xff,
    0xff, 0xff, 0xfc, 0x20,

    /* U+F7C2 "" */
    0x0, 0x0, 0x28, 0x88, 0x88, 0x88, 0x73, 0x0,
    0x0, 0x2e, 0xff, 0xff, 0xff, 0xff, 0xf6, 0x0,
    0x1d, 0xff, 0xff, 0xff, 0xff, 0xff, 0xe0, 0x1d,
    0xf6, 0xe, 0x50, 0xd6, 0x8, 0xff, 0x1d, 0xff,
    0x60, 0xe5, 0xd, 0x60, 0x8f, 0xfc, 0xff, 0xf6,
    0xe, 0x50, 0xd6, 0x8, 0xff, 0xff, 0xff, 0x60,
    0xe5, 0xd, 0x60, 0x8f, 0xff, 0xff, 0xff, 0xff,
    0xff, 0xff, 0xff, 0xff, 0xff, 0xff, 0xff, 0xff,
    0xff, 0xff, 0xff, 0xff, 0xff, 0xff, 0xff, 0xff,
    0xff, 0xff, 0xff, 0xff, 0xff, 0xff, 0xff, 0xff,
    0xff, 0xff, 0xff, 0xff, 0xff, 0xff, 0xff, 0xff,
    0xff, 0xff, 0xff, 0xff, 0xff, 0xff, 0xff, 0xff,
    0xff, 0xff, 0xff, 0xff, 0xff, 0xff, 0xff, 0xff,
    0xff, 0xff, 0xff, 0xff, 0xff, 0xff, 0xff, 0xff,
    0xff, 0xff, 0xff, 0xff, 0xff, 0xff, 0xff, 0xff,
    0xff, 0xff, 0xff, 0xff, 0xff, 0xff, 0xff, 0xff,
    0xff, 0xff, 0xff, 0xff, 0xff, 0xff, 0xff, 0xff,
    0xff, 0xff, 0xff, 0xff, 0xff, 0xff, 0xe9, 0xff,
    0xff, 0xff, 0xff, 0xff, 0xff, 0xf8, 0x7, 0xab,
    0xbb, 0xbb, 0xbb, 0xbb, 0xa6, 0x0,

    /* U+F8A2 "" */
    0x0, 0x0, 0x0, 0x0, 0x0, 0x0, 0x0, 0x0,
    0x0, 0x7, 0x0, 0x0, 0x0, 0x0, 0x0, 0x0,
    0x0, 0x0, 0x0, 0xa, 0xf1, 0x0, 0x0, 0x1,
    0x0, 0x0, 0x0, 0x0, 0x0, 0xa, 0xff, 0x10,
    0x0, 0xa, 0xf3, 0x0, 0x0, 0x0, 0x0, 0x0,
    0xff, 0xf1, 0x0, 0xb, 0xff, 0x50, 0x0, 0x0,
    0x0, 0x0, 0xf, 0xff, 0x10, 0xc, 0xff, 0xf5,
    0x0, 0x0, 0x0, 0x0, 0x0, 0xff, 0xf1, 0x1c,
    0xff, 0xff, 0xcb, 0xbb, 0xbb, 0xbb, 0xbb, 0xbf,
    0xff, 0x1c, 0xff, 0xff, 0xff, 0xff, 0xff, 0xff,
    0xff, 0xff, 0xff, 0xf1, 0x9f, 0xff, 0xff, 0xff,
    0xff, 0xff, 0xff, 0xff, 0xff, 0xff, 0x0, 0x9f,
    0xff, 0xf9, 0x66, 0x66, 0x66, 0x66, 0x66, 0x66,
    0x40, 0x0, 0x8f, 0xff, 0x50, 0x0, 0x0, 0x0,
    0x0, 0x0, 0x0, 0x0, 0x0, 0x7f, 0xf5, 0x0,
    0x0, 0x0, 0x0, 0x0, 0x0, 0x0, 0x0, 0x0,
    0x5c, 0x10, 0x0, 0x0, 0x0, 0x0, 0x0, 0x0,
    0x0
};


/*---------------------
 *  GLYPH DESCRIPTION
 *--------------------*/

static const lv_font_fmt_txt_glyph_dsc_t glyph_dsc[] = {
    {.bitmap_index = 0, .adv_w = 0, .box_w = 0, .box_h = 0, .ofs_x = 0, .ofs_y = 0} /* id = 0 reserved */,
    {.bitmap_index = 0, .adv_w = 89, .box_w = 0, .box_h = 0, .ofs_x = 0, .ofs_y = 0},
    {.bitmap_index = 0, .adv_w = 89, .box_w = 3, .box_h = 15, .ofs_x = 1, .ofs_y = 0},
    {.bitmap_index = 23, .adv_w = 114, .box_w = 7, .box_h = 6, .ofs_x = 0, .ofs_y = 9},
    {.bitmap_index = 44, .adv_w = 178, .box_w = 11, .box_h = 15, .ofs_x = 0, .ofs_y = 0},
    {.bitmap_index = 127, .adv_w = 178, .box_w = 11, .box_h = 19, .ofs_x = 0, .ofs_y = -2},
    {.bitmap_index = 232, .adv_w = 285, .box_w = 16, .box_h = 15, .ofs_x = 1, .ofs_y = 0},
    {.bitmap_index = 352, .adv_w = 213, .box_w = 13, .box_h = 16, .ofs_x = 0, .ofs_y = -1},
    {.bitmap_index = 456, .adv_w = 61, .box_w = 3, .box_h = 6, .ofs_x = 0, .ofs_y = 9},
    {.bitmap_index = 465, .adv_w = 107, .box_w = 5, .box_h = 19, .ofs_x = 1, .ofs_y = -4},
    {.bitmap_index = 513, .adv_w = 107, .box_w = 5, .box_h = 19, .ofs_x = 1, .ofs_y = -4},
    {.bitmap_index = 561, .adv_w = 125, .box_w = 8, .box_h = 7, .ofs_x = 0, .ofs_y = 8},
    {.bitmap_index = 589, .adv_w = 187, .box_w = 10, .box_h = 10, .ofs_x = 1, .ofs_y = 2},
    {.bitmap_index = 639, .adv_w = 89, .box_w = 3, .box_h = 6, .ofs_x = 1, .ofs_y = -3},
    {.bitmap_index = 648, .adv_w = 107, .box_w = 7, .box_h = 2, .ofs_x = 0, .ofs_y = 4},
    {.bitmap_index = 655, .adv_w = 89, .box_w = 3, .box_h = 3, .ofs_x = 1, .ofs_y = 0},
    {.bitmap_index = 660, .adv_w = 89, .box_w = 6, .box_h = 15, .ofs_x = 0, .ofs_y = 0},
    {.bitmap_index = 705, .adv_w = 178, .box_w = 11, .box_h = 15, .ofs_x = 0, .ofs_y = 0},
    {.bitmap_index = 788, .adv_w = 178, .box_w = 6, .box_h = 15, .ofs_x = 2, .ofs_y = 0},
    {.bitmap_index = 833, .adv_w = 178, .box_w = 11, .box_h = 15, .ofs_x = 0, .ofs_y = 0},
    {.bitmap_index = 916, .adv_w = 178, .box_w = 11, .box_h = 15, .ofs_x = 0, .ofs_y = 0},
    {.bitmap_index = 999, .adv_w = 178, .box_w = 11, .box_h = 15, .ofs_x = 0, .ofs_y = 0},
    {.bitmap_index = 1082, .adv_w = 178, .box_w = 11, .box_h = 15, .ofs_x = 0, .ofs_y = 0},
    {.bitmap_index = 1165, .adv_w = 178, .box_w = 11, .box_h = 15, .ofs_x = 0, .ofs_y = 0},
    {.bitmap_index = 1248, .adv_w = 178, .box_w = 11, .box_h = 15, .ofs_x = 0, .ofs_y = 0},
    {.bitmap_index = 1331, .adv_w = 178, .box_w = 11, .box_h = 15, .ofs_x = 0, .ofs_y = 0},
    {.bitmap_index = 1414, .adv_w = 178, .box_w = 11, .box_h = 15, .ofs_x = 0, .ofs_y = 0},
    {.bitmap_index = 1497, .adv_w = 89, .box_w = 3, .box_h = 11, .ofs_x = 1, .ofs_y = 0},
    {.bitmap_index = 1514, .adv_w = 89, .box_w = 3, .box_h = 14, .ofs_x = 1, .ofs_y = -3},
    {.bitmap_index = 1535, .adv_w = 187, .box_w = 10, .box_h = 11, .ofs_x = 1, .ofs_y = 2},
    {.bitmap_index = 1590, .adv_w = 187, .box_w = 10, .box_h = 6, .ofs_x = 1, .ofs_y = 5},
    {.bitmap_index = 1620, .adv_w = 187, .box_w = 10, .box_h = 11, .ofs_x = 1, .ofs_y = 2},
    {.bitmap_index = 1675, .adv_w = 178, .box_w = 11, .box_h = 15, .ofs_x = 0, .ofs_y = 0},
    {.bitmap_index = 1758, .adv_w = 325, .box_w = 19, .box_h = 19, .ofs_x = 1, .ofs_y = -4},
    {.bitmap_index = 1939, .adv_w = 213, .box_w = 15, .box_h = 15, .ofs_x = -1, .ofs_y = 0},
    {.bitmap_index = 2052, .adv_w = 213, .box_w = 12, .box_h = 15, .ofs_x = 1, .ofs_y = 0},
    {.bitmap_index = 2142, .adv_w = 231, .box_w = 13, .box_h = 15, .ofs_x = 1, .ofs_y = 0},
    {.bitmap_index = 2240, .adv_w = 231, .box_w = 13, .box_h = 15, .ofs_x = 1, .ofs_y = 0},
    {.bitmap_index = 2338, .adv_w = 213, .box_w = 12, .box_h = 15, .ofs_x = 1, .ofs_y = 0},
    {.bitmap_index = 2428, .adv_w = 195, .box_w = 11, .box_h = 15, .ofs_x = 1, .ofs_y = 0},
    {.bitmap_index = 2511, .adv_w = 249, .box_w = 14, .box_h = 15, .ofs_x = 1, .ofs_y = 0},
    {.bitmap_index = 2616, .adv_w = 231, .box_w = 12, .box_h = 15, .ofs_x = 1, .ofs_y = 0},
    {.bitmap_index = 2706, .adv_w = 89, .box_w = 3, .box_h = 15, .ofs_x = 1, .ofs_y = 0},
    {.bitmap_index = 2729, .adv_w = 160, .box_w = 9, .box_h = 15, .ofs_x = 0, .ofs_y = 0},
    {.bitmap_index = 2797, .adv_w = 213, .box_w = 13, .box_h = 15, .ofs_x = 1, .ofs_y = 0},
    {.bitmap_index = 2895, .adv_w = 178, .box_w = 10, .box_h = 15, .ofs_x = 1, .ofs_y = 0},
    {.bitmap_index = 2970, .adv_w = 267, .box_w = 15, .box_h = 15, .ofs_x = 1, .ofs_y = 0},
    {.bitmap_index = 3083, .adv_w = 231, .box_w = 12, .box_h = 15, .ofs_x = 1, .ofs_y = 0},
    {.bitmap_index = 3173, .adv_w = 249, .box_w = 15, .box_h = 15, .ofs_x = 0, .ofs_y = 0},
    {.bitmap_index = 3286, .adv_w = 213, .box_w = 12, .box_h = 15, .ofs_x = 1, .ofs_y = 0},
    {.bitmap_index = 3376, .adv_w = 249, .box_w = 15, .box_h = 16, .ofs_x = 0, .ofs_y = -1},
    {.bitmap_index = 3496, .adv_w = 231, .box_w = 14, .box_h = 15, .ofs_x = 1, .ofs_y = 0},
    {.bitmap_index = 3601, .adv_w = 213, .box_w = 13, .box_h = 15, .ofs_x = 0, .ofs_y = 0},
    {.bitmap_index = 3699, .adv_w = 195, .box_w = 12, .box_h = 15, .ofs_x = 0, .ofs_y = 0},
    {.bitmap_index = 3789, .adv_w = 231, .box_w = 12, .box_h = 15, .ofs_x = 1, .ofs_y = 0},
    {.bitmap_index = 3879, .adv_w = 213, .box_w = 14, .box_h = 15, .ofs_x = 0, .ofs_y = 0},
    {.bitmap_index = 3984, .adv_w = 302, .box_w = 19, .box_h = 15, .ofs_x = 0, .ofs_y = 0},
    {.bitmap_index = 4127, .adv_w = 213, .box_w = 14, .box_h = 15, .ofs_x = 0, .ofs_y = 0},
    {.bitmap_index = 4232, .adv_w = 213, .box_w = 14, .box_h = 15, .ofs_x = 0, .ofs_y = 0},
    {.bitmap_index = 4337, .adv_w = 195, .box_w = 12, .box_h = 15, .ofs_x = 0, .ofs_y = 0},
    {.bitmap_index = 4427, .adv_w = 89, .box_w = 5, .box_h = 19, .ofs_x = 1, .ofs_y = -4},
    {.bitmap_index = 4475, .adv_w = 89, .box_w = 6, .box_h = 15, .ofs_x = 0, .ofs_y = 0},
    {.bitmap_index = 4520, .adv_w = 89, .box_w = 5, .box_h = 19, .ofs_x = 0, .ofs_y = -4},
    {.bitmap_index = 4568, .adv_w = 150, .box_w = 9, .box_h = 8, .ofs_x = 0, .ofs_y = 7},
    {.bitmap_index = 4604, .adv_w = 178, .box_w = 13, .box_h = 3, .ofs_x = -1, .ofs_y = -5},
    {.bitmap_index = 4624, .adv_w = 107, .box_w = 5, .box_h = 3, .ofs_x = 0, .ofs_y = 12},
    {.bitmap_index = 4632, .adv_w = 178, .box_w = 11, .box_h = 11, .ofs_x = 0, .ofs_y = 0},
    {.bitmap_index = 4693, .adv_w = 178, .box_w = 10, .box_h = 15, .ofs_x = 1, .ofs_y = 0},
    {.bitmap_index = 4768, .adv_w = 160, .box_w = 10, .box_h = 11, .ofs_x = 0, .ofs_y = 0},
    {.bitmap_index = 4823, .adv_w = 178, .box_w = 10, .box_h = 15, .ofs_x = 0, .ofs_y = 0},
    {.bitmap_index = 4898, .adv_w = 178, .box_w = 11, .box_h = 11, .ofs_x = 0, .ofs_y = 0},
    {.bitmap_index = 4959, .adv_w = 89, .box_w = 7, .box_h = 15, .ofs_x = 0, .ofs_y = 0},
    {.bitmap_index = 5012, .adv_w = 178, .box_w = 10, .box_h = 15, .ofs_x = 0, .ofs_y = -4},
    {.bitmap_index = 5087, .adv_w = 178, .box_w = 9, .box_h = 15, .ofs_x = 1, .ofs_y = 0},
    {.bitmap_index = 5155, .adv_w = 71, .box_w = 3, .box_h = 15, .ofs_x = 1, .ofs_y = 0},
    {.bitmap_index = 5178, .adv_w = 71, .box_w = 5, .box_h = 19, .ofs_x = -1, .ofs_y = -4},
    {.bitmap_index = 5226, .adv_w = 160, .box_w = 9, .box_h = 15, .ofs_x = 1, .ofs_y = 0},
    {.bitmap_index = 5294, .adv_w = 71, .box_w = 3, .box_h = 15, .ofs_x = 1, .ofs_y = 0},
    {.bitmap_index = 5317, .adv_w = 267, .box_w = 15, .box_h = 11, .ofs_x = 1, .ofs_y = 0},
    {.bitmap_index = 5400, .adv_w = 178, .box_w = 9, .box_h = 11, .ofs_x = 1, .ofs_y = 0},
    {.bitmap_index = 5450, .adv_w = 178, .box_w = 11, .box_h = 11, .ofs_x = 0, .ofs_y = 0},
    {.bitmap_index = 5511, .adv_w = 178, .box_w = 10, .box_h = 15, .ofs_x = 1, .ofs_y = -4},
    {.bitmap_index = 5586, .adv_w = 178, .box_w = 10, .box_h = 15, .ofs_x = 0, .ofs_y = -4},
    {.bitmap_index = 5661, .adv_w = 107, .box_w = 6, .box_h = 11, .ofs_x = 1, .ofs_y = 0},
    {.bitmap_index = 5694, .adv_w = 160, .box_w = 10, .box_h = 11, .ofs_x = 0, .ofs_y = 0},
    {.bitmap_index = 5749, .adv_w = 89, .box_w = 6, .box_h = 15, .ofs_x = 0, .ofs_y = 0},
    {.bitmap_index = 5794, .adv_w = 178, .box_w = 9, .box_h = 11, .ofs_x = 1, .ofs_y = 0},
    {.bitmap_index = 5844, .adv_w = 160, .box_w = 10, .box_h = 11, .ofs_x = 0, .ofs_y = 0},
    {.bitmap_index = 5899, .adv_w = 231, .box_w = 15, .box_h = 11, .ofs_x = 0, .ofs_y = 0},
    {.bitmap_index = 5982, .adv_w = 160, .box_w = 10, .box_h = 11, .ofs_x = 0, .ofs_y = 0},
    {.bitmap_index = 6037, .adv_w = 160, .box_w = 10, .box_h = 15, .ofs_x = 0, .ofs_y = -4},
    {.bitmap_index = 6112, .adv_w = 160, .box_w = 10, .box_h = 11, .ofs_x = 0, .ofs_y = 0},
    {.bitmap_index = 6167, .adv_w = 107, .box_w = 7, .box_h = 19, .ofs_x = 0, .ofs_y = -4},
    {.bitmap_index = 6234, .adv_w = 83, .box_w = 3, .box_h = 19, .ofs_x = 1, .ofs_y = -4},
    {.bitmap_index = 6263, .adv_w = 107, .box_w = 7, .box_h = 19, .ofs_x = 0, .ofs_y = -4},
    {.bitmap_index = 6330, .adv_w = 187, .box_w = 11, .box_h = 5, .ofs_x = 0, .ofs_y = 5},
    {.bitmap_index = 6358, .adv_w = 178, .box_w = 9, .box_h = 10, .ofs_x = 1, .ofs_y = 1},
    {.bitmap_index = 6403, .adv_w = 128, .box_w = 6, .box_h = 7, .ofs_x = 1, .ofs_y = 9},
    {.bitmap_index = 6424, .adv_w = 178, .box_w = 9, .box_h = 10, .ofs_x = 1, .ofs_y = 1},
    {.bitmap_index = 6469, .adv_w = 213, .box_w = 12, .box_h = 19, .ofs_x = 1, .ofs_y = 0},
    {.bitmap_index = 6583, .adv_w = 214, .box_w = 12, .box_h = 18, .ofs_x = 1, .ofs_y = 0},
    {.bitmap_index = 6691, .adv_w = 277, .box_w = 17, .box_h = 15, .ofs_x = 0, .ofs_y = 0},
    {.bitmap_index = 6819, .adv_w = 173, .box_w = 10, .box_h = 19, .ofs_x = 1, .ofs_y = 0},
    {.bitmap_index = 6914, .adv_w = 230, .box_w = 14, .box_h = 15, .ofs_x = 0, .ofs_y = 0},
    {.bitmap_index = 7019, .adv_w = 213, .box_w = 13, .box_h = 15, .ofs_x = 0, .ofs_y = 0},
    {.bitmap_index = 7117, .adv_w = 89, .box_w = 3, .box_h = 15, .ofs_x = 1, .ofs_y = 0},
    {.bitmap_index = 7140, .adv_w = 89, .box_w = 6, .box_h = 18, .ofs_x = 0, .ofs_y = 0},
    {.bitmap_index = 7194, .adv_w = 160, .box_w = 9, .box_h = 15, .ofs_x = 0, .ofs_y = 0},
    {.bitmap_index = 7262, .adv_w = 338, .box_w = 21, .box_h = 15, .ofs_x = 0, .ofs_y = 0},
    {.bitmap_index = 7420, .adv_w = 323, .box_w = 19, .box_h = 15, .ofs_x = 1, .ofs_y = 0},
    {.bitmap_index = 7563, .adv_w = 273, .box_w = 17, .box_h = 15, .ofs_x = 0, .ofs_y = 0},
    {.bitmap_index = 7691, .adv_w = 186, .box_w = 11, .box_h = 19, .ofs_x = 1, .ofs_y = 0},
    {.bitmap_index = 7796, .adv_w = 230, .box_w = 12, .box_h = 19, .ofs_x = 1, .ofs_y = 0},
    {.bitmap_index = 7910, .adv_w = 203, .box_w = 13, .box_h = 19, .ofs_x = 0, .ofs_y = 0},
    {.bitmap_index = 8034, .adv_w = 230, .box_w = 12, .box_h = 19, .ofs_x = 1, .ofs_y = -4},
    {.bitmap_index = 8148, .adv_w = 213, .box_w = 15, .box_h = 15, .ofs_x = -1, .ofs_y = 0},
    {.bitmap_index = 8261, .adv_w = 210, .box_w = 12, .box_h = 15, .ofs_x = 1, .ofs_y = 0},
    {.bitmap_index = 8351, .adv_w = 213, .box_w = 12, .box_h = 15, .ofs_x = 1, .ofs_y = 0},
    {.bitmap_index = 8441, .adv_w = 173, .box_w = 10, .box_h = 15, .ofs_x = 1, .ofs_y = 0},
    {.bitmap_index = 8516, .adv_w = 217, .box_w = 13, .box_h = 19, .ofs_x = 0, .ofs_y = -4},
    {.bitmap_index = 8640, .adv_w = 213, .box_w = 12, .box_h = 15, .ofs_x = 1, .ofs_y = 0},
    {.bitmap_index = 8730, .adv_w = 295, .box_w = 19, .box_h = 15, .ofs_x = 0, .ofs_y = 0},
    {.bitmap_index = 8873, .adv_w = 193, .box_w = 12, .box_h = 15, .ofs_x = 0, .ofs_y = 0},
    {.bitmap_index = 8963, .adv_w = 230, .box_w = 12, .box_h = 15, .ofs_x = 1, .ofs_y = 0},
    {.bitmap_index = 9053, .adv_w = 230, .box_w = 12, .box_h = 19, .ofs_x = 1, .ofs_y = 0},
    {.bitmap_index = 9167, .adv_w = 186, .box_w = 11, .box_h = 15, .ofs_x = 1, .ofs_y = 0},
    {.bitmap_index = 9250, .adv_w = 210, .box_w = 12, .box_h = 15, .ofs_x = 0, .ofs_y = 0},
    {.bitmap_index = 9340, .adv_w = 267, .box_w = 15, .box_h = 15, .ofs_x = 1, .ofs_y = 0},
    {.bitmap_index = 9453, .adv_w = 231, .box_w = 12, .box_h = 15, .ofs_x = 1, .ofs_y = 0},
    {.bitmap_index = 9543, .adv_w = 249, .box_w = 15, .box_h = 15, .ofs_x = 0, .ofs_y = 0},
    {.bitmap_index = 9656, .adv_w = 230, .box_w = 12, .box_h = 15, .ofs_x = 1, .ofs_y = 0},
    {.bitmap_index = 9746, .adv_w = 213, .box_w = 12, .box_h = 15, .ofs_x = 1, .ofs_y = 0},
    {.bitmap_index = 9836, .adv_w = 231, .box_w = 13, .box_h = 15, .ofs_x = 1, .ofs_y = 0},
    {.bitmap_index = 9934, .adv_w = 195, .box_w = 12, .box_h = 15, .ofs_x = 0, .ofs_y = 0},
    {.bitmap_index = 10024, .adv_w = 203, .box_w = 13, .box_h = 15, .ofs_x = 0, .ofs_y = 0},
    {.bitmap_index = 10122, .adv_w = 243, .box_w = 15, .box_h = 15, .ofs_x = 0, .ofs_y = 0},
    {.bitmap_index = 10235, .adv_w = 213, .box_w = 14, .box_h = 15, .ofs_x = 0, .ofs_y = 0},
    {.bitmap_index = 10340, .adv_w = 237, .box_w = 14, .box_h = 19, .ofs_x = 1, .ofs_y = -4},
    {.bitmap_index = 10473, .adv_w = 213, .box_w = 12, .box_h = 15, .ofs_x = 0, .ofs_y = 0},
    {.bitmap_index = 10563, .adv_w = 293, .box_w = 16, .box_h = 15, .ofs_x = 1, .ofs_y = 0},
    {.bitmap_index = 10683, .adv_w = 300, .box_w = 18, .box_h = 19, .ofs_x = 1, .ofs_y = -4},
    {.bitmap_index = 10854, .adv_w = 253, .box_w = 16, .box_h = 15, .ofs_x = 0, .ofs_y = 0},
    {.bitmap_index = 10974, .adv_w = 283, .box_w = 16, .box_h = 15, .ofs_x = 1, .ofs_y = 0},
    {.bitmap_index = 11094, .adv_w = 210, .box_w = 12, .box_h = 15, .ofs_x = 1, .ofs_y = 0},
    {.bitmap_index = 11184, .adv_w = 230, .box_w = 14, .box_h = 15, .ofs_x = 0, .ofs_y = 0},
    {.bitmap_index = 11289, .adv_w = 323, .box_w = 19, .box_h = 15, .ofs_x = 1, .ofs_y = 0},
    {.bitmap_index = 11432, .adv_w = 231, .box_w = 13, .box_h = 15, .ofs_x = 0, .ofs_y = 0},
    {.bitmap_index = 11530, .adv_w = 178, .box_w = 11, .box_h = 11, .ofs_x = 0, .ofs_y = 0},
    {.bitmap_index = 11591, .adv_w = 183, .box_w = 11, .box_h = 15, .ofs_x = 0, .ofs_y = 0},
    {.bitmap_index = 11674, .adv_w = 170, .box_w = 9, .box_h = 11, .ofs_x = 1, .ofs_y = 0},
    {.bitmap_index = 11724, .adv_w = 117, .box_w = 7, .box_h = 11, .ofs_x = 1, .ofs_y = 0},
    {.bitmap_index = 11763, .adv_w = 187, .box_w = 12, .box_h = 15, .ofs_x = 0, .ofs_y = -4},
    {.bitmap_index = 11853, .adv_w = 178, .box_w = 11, .box_h = 11, .ofs_x = 0, .ofs_y = 0},
    {.bitmap_index = 11914, .adv_w = 214, .box_w = 15, .box_h = 11, .ofs_x = -1, .ofs_y = 0},
    {.bitmap_index = 11997, .adv_w = 147, .box_w = 9, .box_h = 11, .ofs_x = 0, .ofs_y = 0},
    {.bitmap_index = 12047, .adv_w = 179, .box_w = 9, .box_h = 11, .ofs_x = 1, .ofs_y = 0},
    {.bitmap_index = 12097, .adv_w = 179, .box_w = 9, .box_h = 15, .ofs_x = 1, .ofs_y = 0},
    {.bitmap_index = 12165, .adv_w = 140, .box_w = 8, .box_h = 11, .ofs_x = 1, .ofs_y = 0},
    {.bitmap_index = 12209, .adv_w = 187, .box_w = 11, .box_h = 11, .ofs_x = 0, .ofs_y = 0},
    {.bitmap_index = 12270, .adv_w = 220, .box_w = 12, .box_h = 11, .ofs_x = 1, .ofs_y = 0},
    {.bitmap_index = 12336, .adv_w = 177, .box_w = 9, .box_h = 11, .ofs_x = 1, .ofs_y = 0},
    {.bitmap_index = 12386, .adv_w = 178, .box_w = 11, .box_h = 11, .ofs_x = 0, .ofs_y = 0},
    {.bitmap_index = 12447, .adv_w = 173, .box_w = 9, .box_h = 11, .ofs_x = 1, .ofs_y = 0},
    {.bitmap_index = 12497, .adv_w = 178, .box_w = 10, .box_h = 15, .ofs_x = 1, .ofs_y = -4},
    {.bitmap_index = 12572, .adv_w = 160, .box_w = 10, .box_h = 11, .ofs_x = 0, .ofs_y = 0},
    {.bitmap_index = 12627, .adv_w = 147, .box_w = 9, .box_h = 11, .ofs_x = 0, .ofs_y = 0},
    {.bitmap_index = 12677, .adv_w = 160, .box_w = 10, .box_h = 15, .ofs_x = 0, .ofs_y = -4},
    {.bitmap_index = 12752, .adv_w = 263, .box_w = 16, .box_h = 19, .ofs_x = 0, .ofs_y = -4},
    {.bitmap_index = 12904, .adv_w = 160, .box_w = 10, .box_h = 11, .ofs_x = 0, .ofs_y = 0},
    {.bitmap_index = 12959, .adv_w = 183, .box_w = 10, .box_h = 15, .ofs_x = 1, .ofs_y = -4},
    {.bitmap_index = 13034, .adv_w = 167, .box_w = 10, .box_h = 11, .ofs_x = 0, .ofs_y = 0},
    {.bitmap_index = 13089, .adv_w = 257, .box_w = 14, .box_h = 11, .ofs_x = 1, .ofs_y = 0},
    {.bitmap_index = 13166, .adv_w = 263, .box_w = 15, .box_h = 15, .ofs_x = 1, .ofs_y = -4},
    {.bitmap_index = 13279, .adv_w = 200, .box_w = 12, .box_h = 11, .ofs_x = 0, .ofs_y = 0},
    {.bitmap_index = 13345, .adv_w = 230, .box_w = 12, .box_h = 11, .ofs_x = 1, .ofs_y = 0},
    {.bitmap_index = 13411, .adv_w = 167, .box_w = 9, .box_h = 11, .ofs_x = 1, .ofs_y = 0},
    {.bitmap_index = 13461, .adv_w = 163, .box_w = 10, .box_h = 11, .ofs_x = 0, .ofs_y = 0},
    {.bitmap_index = 13516, .adv_w = 240, .box_w = 14, .box_h = 11, .ofs_x = 1, .ofs_y = 0},
    {.bitmap_index = 13593, .adv_w = 173, .box_w = 10, .box_h = 11, .ofs_x = 0, .ofs_y = 0},
    {.bitmap_index = 13648, .adv_w = 178, .box_w = 11, .box_h = 15, .ofs_x = 0, .ofs_y = 0},
    {.bitmap_index = 13731, .adv_w = 178, .box_w = 11, .box_h = 15, .ofs_x = 0, .ofs_y = 0},
    {.bitmap_index = 13814, .adv_w = 178, .box_w = 10, .box_h = 19, .ofs_x = 0, .ofs_y = -4},
    {.bitmap_index = 13909, .adv_w = 117, .box_w = 7, .box_h = 15, .ofs_x = 1, .ofs_y = 0},
    {.bitmap_index = 13962, .adv_w = 163, .box_w = 10, .box_h = 11, .ofs_x = 0, .ofs_y = 0},
    {.bitmap_index = 14017, .adv_w = 160, .box_w = 10, .box_h = 11, .ofs_x = 0, .ofs_y = 0},
    {.bitmap_index = 14072, .adv_w = 71, .box_w = 3, .box_h = 15, .ofs_x = 1, .ofs_y = 0},
    {.bitmap_index = 14095, .adv_w = 89, .box_w = 6, .box_h = 15, .ofs_x = 0, .ofs_y = 0},
    {.bitmap_index = 14140, .adv_w = 71, .box_w = 5, .box_h = 19, .ofs_x = -1, .ofs_y = -4},
    {.bitmap_index = 14188, .adv_w = 290, .box_w = 18, .box_h = 11, .ofs_x = 0, .ofs_y = 0},
    {.bitmap_index = 14287, .adv_w = 260, .box_w = 15, .box_h = 11, .ofs_x = 1, .ofs_y = 0},
    {.bitmap_index = 14370, .adv_w = 178, .box_w = 10, .box_h = 15, .ofs_x = 0, .ofs_y = 0},
    {.bitmap_index = 14445, .adv_w = 140, .box_w = 8, .box_h = 15, .ofs_x = 1, .ofs_y = 0},
    {.bitmap_index = 14505, .adv_w = 179, .box_w = 9, .box_h = 15, .ofs_x = 1, .ofs_y = 0},
    {.bitmap_index = 14573, .adv_w = 160, .box_w = 10, .box_h = 19, .ofs_x = 0, .ofs_y = -4},
    {.bitmap_index = 14668, .adv_w = 177, .box_w = 9, .box_h = 14, .ofs_x = 1, .ofs_y = -3},
    {.bitmap_index = 14731, .adv_w = 178, .box_w = 13, .box_h = 3, .ofs_x = -1, .ofs_y = 4},
    {.bitmap_index = 14751, .adv_w = 178, .box_w = 13, .box_h = 3, .ofs_x = -1, .ofs_y = 4},
    {.bitmap_index = 14771, .adv_w = 320, .box_w = 20, .box_h = 3, .ofs_x = 0, .ofs_y = 4},
    {.bitmap_index = 14801, .adv_w = 320, .box_w = 20, .box_h = 3, .ofs_x = 0, .ofs_y = 4},
    {.bitmap_index = 14831, .adv_w = 132, .box_w = 6, .box_h = 15, .ofs_x = 1, .ofs_y = 0},
    {.bitmap_index = 14876, .adv_w = 177, .box_w = 13, .box_h = 6, .ofs_x = -1, .ofs_y = -7},
    {.bitmap_index = 14915, .adv_w = 71, .box_w = 3, .box_h = 5, .ofs_x = 1, .ofs_y = 10},
    {.bitmap_index = 14923, .adv_w = 71, .box_w = 3, .box_h = 5, .ofs_x = 1, .ofs_y = 10},
    {.bitmap_index = 14931, .adv_w = 71, .box_w = 3, .box_h = 6, .ofs_x = 1, .ofs_y = -3},
    {.bitmap_index = 14940, .adv_w = 71, .box_w = 3, .box_h = 5, .ofs_x = 1, .ofs_y = 10},
    {.bitmap_index = 14948, .adv_w = 107, .box_w = 6, .box_h = 5, .ofs_x = 0, .ofs_y = 10},
    {.bitmap_index = 14963, .adv_w = 107, .box_w = 6, .box_h = 5, .ofs_x = 0, .ofs_y = 10},
    {.bitmap_index = 14978, .adv_w = 107, .box_w = 6, .box_h = 6, .ofs_x = 0, .ofs_y = -3},
    {.bitmap_index = 14996, .adv_w = 107, .box_w = 6, .box_h = 5, .ofs_x = 0, .ofs_y = 10},
    {.bitmap_index = 15011, .adv_w = 178, .box_w = 11, .box_h = 19, .ofs_x = 0, .ofs_y = -4},
    {.bitmap_index = 15116, .adv_w = 178, .box_w = 11, .box_h = 19, .ofs_x = 0, .ofs_y = -4},
    {.bitmap_index = 15221, .adv_w = 112, .box_w = 6, .box_h = 6, .ofs_x = 1, .ofs_y = 5},
    {.bitmap_index = 15239, .adv_w = 320, .box_w = 16, .box_h = 3, .ofs_x = 2, .ofs_y = 0},
    {.bitmap_index = 15263, .adv_w = 178, .box_w = 11, .box_h = 15, .ofs_x = 0, .ofs_y = 0},
    {.bitmap_index = 15346, .adv_w = 343, .box_w = 20, .box_h = 15, .ofs_x = 1, .ofs_y = 0},
    {.bitmap_index = 15496, .adv_w = 320, .box_w = 20, .box_h = 8, .ofs_x = 0, .ofs_y = 1},
    {.bitmap_index = 15576, .adv_w = 160, .box_w = 8, .box_h = 19, .ofs_x = 1, .ofs_y = -5},
    {.bitmap_index = 15652, .adv_w = 320, .box_w = 20, .box_h = 8, .ofs_x = 0, .ofs_y = 1},
    {.bitmap_index = 15732, .adv_w = 160, .box_w = 8, .box_h = 19, .ofs_x = 1, .ofs_y = -5},
    {.bitmap_index = 15808, .adv_w = 320, .box_w = 22, .box_h = 21, .ofs_x = -1, .ofs_y = -3},
    {.bitmap_index = 16039, .adv_w = 320, .box_w = 20, .box_h = 21, .ofs_x = 0, .ofs_y = -3},
    {.bitmap_index = 16249, .adv_w = 320, .box_w = 20, .box_h = 21, .ofs_x = 0, .ofs_y = -3},
    {.bitmap_index = 16459, .adv_w = 320, .box_w = 22, .box_h = 19, .ofs_x = -1, .ofs_y = -2},
    {.bitmap_index = 16668, .adv_w = 360, .box_w = 22, .box_h = 21, .ofs_x = 0, .ofs_y = -3},
    {.bitmap_index = 16899, .adv_w = 280, .box_w = 18, .box_h = 21, .ofs_x = 0, .ofs_y = -3},
    {.bitmap_index = 17088, .adv_w = 320, .box_w = 20, .box_h = 15, .ofs_x = 0, .ofs_y = 0},
    {.bitmap_index = 17238, .adv_w = 320, .box_w = 20, .box_h = 19, .ofs_x = 0, .ofs_y = -2},
    {.bitmap_index = 17428, .adv_w = 320, .box_w = 20, .box_h = 19, .ofs_x = 0, .ofs_y = -2},
    {.bitmap_index = 17618, .adv_w = 320, .box_w = 20, .box_h = 19, .ofs_x = 0, .ofs_y = -2},
    {.bitmap_index = 17808, .adv_w = 320, .box_w = 20, .box_h = 15, .ofs_x = 0, .ofs_y = 0},
    {.bitmap_index = 17958, .adv_w = 220, .box_w = 14, .box_h = 15, .ofs_x = 0, .ofs_y = 0},
    {.bitmap_index = 18063, .adv_w = 320, .box_w = 20, .box_h = 21, .ofs_x = 0, .ofs_y = -3},
    {.bitmap_index = 18273, .adv_w = 320, .box_w = 20, .box_h = 21, .ofs_x = 0, .ofs_y = -3},
    {.bitmap_index = 18483, .adv_w = 320, .box_w = 20, .box_h = 21, .ofs_x = 0, .ofs_y = -3},
    {.bitmap_index = 18693, .adv_w = 400, .box_w = 25, .box_h = 21, .ofs_x = 0, .ofs_y = -3},
    {.bitmap_index = 18956, .adv_w = 320, .box_w = 20, .box_h = 21, .ofs_x = 0, .ofs_y = -3},
    {.bitmap_index = 19166, .adv_w = 360, .box_w = 23, .box_h = 19, .ofs_x = 0, .ofs_y = -2},
    {.bitmap_index = 19385, .adv_w = 320, .box_w = 20, .box_h = 21, .ofs_x = 0, .ofs_y = -3},
    {.bitmap_index = 19595, .adv_w = 360, .box_w = 24, .box_h = 16, .ofs_x = -1, .ofs_y = 0},
    {.bitmap_index = 19787, .adv_w = 320, .box_w = 20, .box_h = 21, .ofs_x = 0, .ofs_y = -3},
    {.bitmap_index = 19997, .adv_w = 360, .box_w = 23, .box_h = 15, .ofs_x = 0, .ofs_y = 0},
    {.bitmap_index = 20170, .adv_w = 320, .box_w = 20, .box_h = 21, .ofs_x = 0, .ofs_y = -3},
    {.bitmap_index = 20380, .adv_w = 320, .box_w = 20, .box_h = 21, .ofs_x = 0, .ofs_y = -3},
    {.bitmap_index = 20590, .adv_w = 320, .box_w = 20, .box_h = 19, .ofs_x = 0, .ofs_y = -2},
    {.bitmap_index = 20780, .adv_w = 280, .box_w = 18, .box_h = 21, .ofs_x = 0, .ofs_y = -3},
    {.bitmap_index = 20969, .adv_w = 320, .box_w = 20, .box_h = 21, .ofs_x = 0, .ofs_y = -3},
    {.bitmap_index = 21179, .adv_w = 320, .box_w = 21, .box_h = 19, .ofs_x = 0, .ofs_y = -2},
    {.bitmap_index = 21379, .adv_w = 160, .box_w = 10, .box_h = 16, .ofs_x = 0, .ofs_y = 0},
    {.bitmap_index = 21459, .adv_w = 240, .box_w = 15, .box_h = 16, .ofs_x = 0, .ofs_y = -1},
    {.bitmap_index = 21579, .adv_w = 360, .box_w = 23, .box_h = 19, .ofs_x = 0, .ofs_y = -2},
    {.bitmap_index = 21798, .adv_w = 280, .box_w = 18, .box_h = 19, .ofs_x = 0, .ofs_y = -2},
    {.bitmap_index = 21969, .adv_w = 320, .box_w = 20, .box_h = 15, .ofs_x = 0, .ofs_y = 0},
    {.bitmap_index = 22119, .adv_w = 320, .box_w = 20, .box_h = 21, .ofs_x = 0, .ofs_y = -3},
    {.bitmap_index = 22329, .adv_w = 400, .box_w = 25, .box_h = 21, .ofs_x = 0, .ofs_y = -3},
    {.bitmap_index = 22592, .adv_w = 280, .box_w = 18, .box_h = 21, .ofs_x = 0, .ofs_y = -3},
    {.bitmap_index = 22781, .adv_w = 240, .box_w = 15, .box_h = 21, .ofs_x = 0, .ofs_y = -3},
    {.bitmap_index = 22939, .adv_w = 320, .box_w = 20, .box_h = 21, .ofs_x = 0, .ofs_y = -3},
    {.bitmap_index = 23149, .adv_w = 320, .box_w = 20, .box_h = 19, .ofs_x = 0, .ofs_y = -2},
    {.bitmap_index = 23339, .adv_w = 280, .box_w = 18, .box_h = 19, .ofs_x = 0, .ofs_y = -2},
    {.bitmap_index = 23510, .adv_w = 240, .box_w = 16, .box_h = 19, .ofs_x = 0, .ofs_y = -2},
    {.bitmap_index = 23662, .adv_w = 200, .box_w = 13, .box_h = 19, .ofs_x = 0, .ofs_y = -2},
    {.bitmap_index = 23786, .adv_w = 360, .box_w = 23, .box_h = 19, .ofs_x = 0, .ofs_y = -2},
    {.bitmap_index = 24005, .adv_w = 280, .box_w = 18, .box_h = 19, .ofs_x = 0, .ofs_y = -2},
    {.bitmap_index = 24176, .adv_w = 280, .box_w = 18, .box_h = 19, .ofs_x = 0, .ofs_y = -2},
    {.bitmap_index = 24347, .adv_w = 280, .box_w = 18, .box_h = 19, .ofs_x = 0, .ofs_y = -2},
    {.bitmap_index = 24518, .adv_w = 280, .box_w = 18, .box_h = 19, .ofs_x = 0, .ofs_y = -2},
    {.bitmap_index = 24689, .adv_w = 280, .box_w = 18, .box_h = 19, .ofs_x = 0, .ofs_y = -2},
    {.bitmap_index = 24860, .adv_w = 320, .box_w = 20, .box_h = 17, .ofs_x = 0, .ofs_y = -1},
    {.bitmap_index = 25030, .adv_w = 280, .box_w = 18, .box_h = 19, .ofs_x = 0, .ofs_y = -2},
    {.bitmap_index = 25201, .adv_w = 280, .box_w = 18, .box_h = 19, .ofs_x = 0, .ofs_y = -2},
    {.bitmap_index = 25372, .adv_w = 360, .box_w = 23, .box_h = 15, .ofs_x = 0, .ofs_y = 0},
    {.bitmap_index = 25545, .adv_w = 320, .box_w = 20, .box_h = 15, .ofs_x = 0, .ofs_y = 0},
    {.bitmap_index = 25695, .adv_w = 240, .box_w = 15, .box_h = 21, .ofs_x = 0, .ofs_y = -3},
    {.bitmap_index = 25853, .adv_w = 320, .box_w = 20, .box_h = 21, .ofs_x = 0, .ofs_y = -3},
    {.bitmap_index = 26063, .adv_w = 220, .box_w = 14, .box_h = 21, .ofs_x = 0, .ofs_y = -3},
    {.bitmap_index = 26210, .adv_w = 360, .box_w = 23, .box_h = 21, .ofs_x = 0, .ofs_y = -3},
    {.bitmap_index = 26452, .adv_w = 280, .box_w = 13, .box_h = 19, .ofs_x = 2, .ofs_y = -2},
    {.bitmap_index = 26576, .adv_w = 320, .box_w = 20, .box_h = 17, .ofs_x = 0, .ofs_y = -1},
    {.bitmap_index = 26746, .adv_w = 320, .box_w = 20, .box_h = 17, .ofs_x = 0, .ofs_y = -1},
    {.bitmap_index = 26916, .adv_w = 280, .box_w = 18, .box_h = 21, .ofs_x = 0, .ofs_y = -3},
    {.bitmap_index = 27105, .adv_w = 280, .box_w = 18, .box_h = 19, .ofs_x = 0, .ofs_y = -2},
    {.bitmap_index = 27276, .adv_w = 280, .box_w = 18, .box_h = 19, .ofs_x = 0, .ofs_y = -2},
    {.bitmap_index = 27447, .adv_w = 320, .box_w = 20, .box_h = 17, .ofs_x = 0, .ofs_y = -1},
    {.bitmap_index = 27617, .adv_w = 320, .box_w = 20, .box_h = 17, .ofs_x = 0, .ofs_y = -1},
    {.bitmap_index = 27787, .adv_w = 280, .box_w = 13, .box_h = 19, .ofs_x = 2, .ofs_y = -2},
    {.bitmap_index = 27911, .adv_w = 280, .box_w = 19, .box_h = 19, .ofs_x = -1, .ofs_y = -2},
    {.bitmap_index = 28092, .adv_w = 200, .box_w = 11, .box_h = 19, .ofs_x = 1, .ofs_y = -2},
    {.bitmap_index = 28197, .adv_w = 200, .box_w = 11, .box_h = 19, .ofs_x = 1, .ofs_y = -2},
    {.bitmap_index = 28302, .adv_w = 320, .box_w = 20, .box_h = 21, .ofs_x = 0, .ofs_y = -3},
    {.bitmap_index = 28512, .adv_w = 320, .box_w = 20, .box_h = 21, .ofs_x = 0, .ofs_y = -3},
    {.bitmap_index = 28722, .adv_w = 320, .box_w = 20, .box_h = 21, .ofs_x = 0, .ofs_y = -3},
    {.bitmap_index = 28932, .adv_w = 320, .box_w = 20, .box_h = 21, .ofs_x = 0, .ofs_y = -3},
    {.bitmap_index = 29142, .adv_w = 320, .box_w = 20, .box_h = 21, .ofs_x = 0, .ofs_y = -3},
    {.bitmap_index = 29352, .adv_w = 320, .box_w = 20, .box_h = 21, .ofs_x = 0, .ofs_y = -3},
    {.bitmap_index = 29562, .adv_w = 320, .box_w = 20, .box_h = 21, .ofs_x = 0, .ofs_y = -3},
    {.bitmap_index = 29772, .adv_w = 320, .box_w = 20, .box_h = 21, .ofs_x = 0, .ofs_y = -3},
    {.bitmap_index = 29982, .adv_w = 280, .box_w = 18, .box_h = 19, .ofs_x = 0, .ofs_y = -2},
    {.bitmap_index = 30153, .adv_w = 280, .box_w = 18, .box_h = 19, .ofs_x = 0, .ofs_y = -2},
    {.bitmap_index = 30324, .adv_w = 280, .box_w = 18, .box_h = 19, .ofs_x = 0, .ofs_y = -2},
    {.bitmap_index = 30495, .adv_w = 280, .box_w = 18, .box_h = 19, .ofs_x = 0, .ofs_y = -2},
    {.bitmap_index = 30666, .adv_w = 320, .box_w = 20, .box_h = 19, .ofs_x = 0, .ofs_y = -2},
    {.bitmap_index = 30856, .adv_w = 280, .box_w = 18, .box_h = 19, .ofs_x = 0, .ofs_y = -2},
    {.bitmap_index = 31027, .adv_w = 280, .box_w = 18, .box_h = 19, .ofs_x = 0, .ofs_y = -2},
    {.bitmap_index = 31198, .adv_w = 280, .box_w = 18, .box_h = 19, .ofs_x = 0, .ofs_y = -2},
    {.bitmap_index = 31369, .adv_w = 280, .box_w = 18, .box_h = 5, .ofs_x = 0, .ofs_y = 5},
    {.bitmap_index = 31414, .adv_w = 320, .box_w = 19, .box_h = 21, .ofs_x = 0, .ofs_y = -3},
    {.bitmap_index = 31614, .adv_w = 320, .box_w = 20, .box_h = 21, .ofs_x = 0, .ofs_y = -3},
    {.bitmap_index = 31824, .adv_w = 320, .box_w = 20, .box_h = 19, .ofs_x = 0, .ofs_y = -2},
    {.bitmap_index = 32014, .adv_w = 360, .box_w = 23, .box_h = 21, .ofs_x = 0, .ofs_y = -3},
    {.bitmap_index = 32256, .adv_w = 240, .box_w = 15, .box_h = 21, .ofs_x = 0, .ofs_y = -3},
    {.bitmap_index = 32414, .adv_w = 360, .box_w = 23, .box_h = 15, .ofs_x = 0, .ofs_y = 0},
    {.bitmap_index = 32587, .adv_w = 400, .box_w = 26, .box_h = 21, .ofs_x = -1, .ofs_y = -3},
    {.bitmap_index = 32860, .adv_w = 360, .box_w = 24, .box_h = 21, .ofs_x = -1, .ofs_y = -3},
    {.bitmap_index = 33112, .adv_w = 360, .box_w = 24, .box_h = 21, .ofs_x = -1, .ofs_y = -3},
    {.bitmap_index = 33364, .adv_w = 280, .box_w = 18, .box_h = 21, .ofs_x = 0, .ofs_y = -3},
    {.bitmap_index = 33553, .adv_w = 320, .box_w = 20, .box_h = 19, .ofs_x = 0, .ofs_y = -2},
    {.bitmap_index = 33743, .adv_w = 320, .box_w = 21, .box_h = 19, .ofs_x = -1, .ofs_y = -2},
    {.bitmap_index = 33943, .adv_w = 320, .box_w = 20, .box_h = 19, .ofs_x = 0, .ofs_y = -2},
    {.bitmap_index = 34133, .adv_w = 280, .box_w = 18, .box_h = 11, .ofs_x = 0, .ofs_y = 2},
    {.bitmap_index = 34232, .adv_w = 280, .box_w = 18, .box_h = 11, .ofs_x = 0, .ofs_y = 2},
    {.bitmap_index = 34331, .adv_w = 400, .box_w = 26, .box_h = 16, .ofs_x = 0, .ofs_y = -1},
    {.bitmap_index = 34539, .adv_w = 360, .box_w = 24, .box_h = 21, .ofs_x = -1, .ofs_y = -3},
    {.bitmap_index = 34791, .adv_w = 320, .box_w = 20, .box_h = 15, .ofs_x = 0, .ofs_y = 0},
    {.bitmap_index = 34941, .adv_w = 360, .box_w = 23, .box_h = 16, .ofs_x = 0, .ofs_y = 0},
    {.bitmap_index = 35125, .adv_w = 320, .box_w = 20, .box_h = 15, .ofs_x = 0, .ofs_y = 0},
    {.bitmap_index = 35275, .adv_w = 280, .box_w = 18, .box_h = 19, .ofs_x = 0, .ofs_y = -2},
    {.bitmap_index = 35446, .adv_w = 280, .box_w = 18, .box_h = 19, .ofs_x = 0, .ofs_y = -2},
    {.bitmap_index = 35617, .adv_w = 320, .box_w = 20, .box_h = 19, .ofs_x = 0, .ofs_y = -2},
    {.bitmap_index = 35807, .adv_w = 320, .box_w = 20, .box_h = 21, .ofs_x = 0, .ofs_y = -3},
    {.bitmap_index = 36017, .adv_w = 400, .box_w = 27, .box_h = 21, .ofs_x = -1, .ofs_y = -3},
    {.bitmap_index = 36301, .adv_w = 360, .box_w = 24, .box_h = 19, .ofs_x = -1, .ofs_y = -2},
    {.bitmap_index = 36529, .adv_w = 360, .box_w = 12, .box_h = 21, .ofs_x = 0, .ofs_y = -3},
    {.bitmap_index = 36655, .adv_w = 280, .box_w = 18, .box_h = 19, .ofs_x = 0, .ofs_y = -2},
    {.bitmap_index = 36826, .adv_w = 240, .box_w = 15, .box_h = 21, .ofs_x = 0, .ofs_y = -3},
    {.bitmap_index = 36984, .adv_w = 360, .box_w = 23, .box_h = 21, .ofs_x = 0, .ofs_y = -3},
    {.bitmap_index = 37226, .adv_w = 280, .box_w = 18, .box_h = 19, .ofs_x = 0, .ofs_y = -2},
    {.bitmap_index = 37397, .adv_w = 320, .box_w = 20, .box_h = 21, .ofs_x = 0, .ofs_y = -3},
    {.bitmap_index = 37607, .adv_w = 320, .box_w = 21, .box_h = 21, .ofs_x = -1, .ofs_y = -3},
    {.bitmap_index = 37828, .adv_w = 320, .box_w = 21, .box_h = 21, .ofs_x = -1, .ofs_y = -3},
    {.bitmap_index = 38049, .adv_w = 280, .box_w = 18, .box_h = 19, .ofs_x = 0, .ofs_y = -2},
    {.bitmap_index = 38220, .adv_w = 320, .box_w = 20, .box_h = 17, .ofs_x = 0, .ofs_y = -1},
    {.bitmap_index = 38390, .adv_w = 320, .box_w = 20, .box_h = 20, .ofs_x = 0, .ofs_y = -2},
    {.bitmap_index = 38590, .adv_w = 310, .box_w = 20, .box_h = 20, .ofs_x = 0, .ofs_y = -2},
    {.bitmap_index = 38790, .adv_w = 280, .box_w = 18, .box_h = 21, .ofs_x = 0, .ofs_y = -3},
    {.bitmap_index = 38979, .adv_w = 360, .box_w = 23, .box_h = 19, .ofs_x = 0, .ofs_y = -2},
    {.bitmap_index = 39198, .adv_w = 280, .box_w = 18, .box_h = 19, .ofs_x = 0, .ofs_y = -2},
    {.bitmap_index = 39369, .adv_w = 360, .box_w = 23, .box_h = 15, .ofs_x = 0, .ofs_y = 0},
    {.bitmap_index = 39542, .adv_w = 360, .box_w = 23, .box_h = 21, .ofs_x = 0, .ofs_y = -3},
    {.bitmap_index = 39784, .adv_w = 320, .box_w = 22, .box_h = 21, .ofs_x = -1, .ofs_y = -3},
    {.bitmap_index = 40015, .adv_w = 320, .box_w = 20, .box_h = 15, .ofs_x = 0, .ofs_y = 0},
    {.bitmap_index = 40165, .adv_w = 320, .box_w = 21, .box_h = 15, .ofs_x = -1, .ofs_y = 0},
    {.bitmap_index = 40323, .adv_w = 240, .box_w = 15, .box_h = 21, .ofs_x = 0, .ofs_y = -3},
    {.bitmap_index = 40481, .adv_w = 240, .box_w = 15, .box_h = 21, .ofs_x = 0, .ofs_y = -3},
    {.bitmap_index = 40639, .adv_w = 320, .box_w = 20, .box_h = 21, .ofs_x = 0, .ofs_y = -3},
    {.bitmap_index = 40849, .adv_w = 320, .box_w = 20, .box_h = 21, .ofs_x = 0, .ofs_y = -3},
    {.bitmap_index = 41059, .adv_w = 320, .box_w = 20, .box_h = 21, .ofs_x = 0, .ofs_y = -3},
    {.bitmap_index = 41269, .adv_w = 320, .box_w = 20, .box_h = 21, .ofs_x = 0, .ofs_y = -3},
    {.bitmap_index = 41479, .adv_w = 310, .box_w = 20, .box_h = 21, .ofs_x = 0, .ofs_y = -3},
    {.bitmap_index = 41689, .adv_w = 320, .box_w = 21, .box_h = 21, .ofs_x = 0, .ofs_y = -3},
    {.bitmap_index = 41910, .adv_w = 320, .box_w = 21, .box_h = 18, .ofs_x = -1, .ofs_y = -1},
    {.bitmap_index = 42099, .adv_w = 320, .box_w = 21, .box_h = 21, .ofs_x = -1, .ofs_y = -3},
    {.bitmap_index = 42320, .adv_w = 320, .box_w = 20, .box_h = 19, .ofs_x = 0, .ofs_y = -2},
    {.bitmap_index = 42510, .adv_w = 320, .box_w = 20, .box_h = 21, .ofs_x = 0, .ofs_y = -3},
    {.bitmap_index = 42720, .adv_w = 400, .box_w = 25, .box_h = 19, .ofs_x = 0, .ofs_y = -2},
    {.bitmap_index = 42958, .adv_w = 320, .box_w = 20, .box_h = 21, .ofs_x = 0, .ofs_y = -3},
    {.bitmap_index = 43168, .adv_w = 400, .box_w = 25, .box_h = 19, .ofs_x = 0, .ofs_y = -2},
    {.bitmap_index = 43406, .adv_w = 280, .box_w = 19, .box_h = 21, .ofs_x = -1, .ofs_y = -3},
    {.bitmap_index = 43606, .adv_w = 280, .box_w = 18, .box_h = 19, .ofs_x = 0, .ofs_y = -2},
    {.bitmap_index = 43777, .adv_w = 280, .box_w = 18, .box_h = 21, .ofs_x = 0, .ofs_y = -3},
    {.bitmap_index = 43966, .adv_w = 280, .box_w = 18, .box_h = 21, .ofs_x = 0, .ofs_y = -3},
    {.bitmap_index = 44155, .adv_w = 280, .box_w = 18, .box_h = 19, .ofs_x = 0, .ofs_y = -2},
    {.bitmap_index = 44326, .adv_w = 280, .box_w = 18, .box_h = 19, .ofs_x = 0, .ofs_y = -2},
    {.bitmap_index = 44497, .adv_w = 280, .box_w = 18, .box_h = 17, .ofs_x = 0, .ofs_y = -1},
    {.bitmap_index = 44650, .adv_w = 320, .box_w = 20, .box_h = 17, .ofs_x = 0, .ofs_y = -1},
    {.bitmap_index = 44820, .adv_w = 320, .box_w = 21, .box_h = 19, .ofs_x = -1, .ofs_y = -2},
    {.bitmap_index = 45020, .adv_w = 320, .box_w = 20, .box_h = 19, .ofs_x = 0, .ofs_y = -2},
    {.bitmap_index = 45210, .adv_w = 280, .box_w = 18, .box_h = 21, .ofs_x = 0, .ofs_y = -3},
    {.bitmap_index = 45399, .adv_w = 320, .box_w = 21, .box_h = 19, .ofs_x = 0, .ofs_y = -2},
    {.bitmap_index = 45599, .adv_w = 320, .box_w = 20, .box_h = 21, .ofs_x = 0, .ofs_y = -3},
    {.bitmap_index = 45809, .adv_w = 400, .box_w = 26, .box_h = 21, .ofs_x = 0, .ofs_y = -3},
    {.bitmap_index = 46082, .adv_w = 310, .box_w = 20, .box_h = 21, .ofs_x = 0, .ofs_y = -3},
    {.bitmap_index = 46292, .adv_w = 280, .box_w = 18, .box_h = 19, .ofs_x = 0, .ofs_y = -2},
    {.bitmap_index = 46463, .adv_w = 280, .box_w = 18, .box_h = 19, .ofs_x = 0, .ofs_y = -2},
    {.bitmap_index = 46634, .adv_w = 400, .box_w = 25, .box_h = 15, .ofs_x = 0, .ofs_y = 0},
    {.bitmap_index = 46822, .adv_w = 400, .box_w = 25, .box_h = 15, .ofs_x = 0, .ofs_y = 0},
    {.bitmap_index = 47010, .adv_w = 200, .box_w = 13, .box_h = 7, .ofs_x = 0, .ofs_y = 3},
    {.bitmap_index = 47056, .adv_w = 200, .box_w = 13, .box_h = 8, .ofs_x = 0, .ofs_y = 3},
    {.bitmap_index = 47108, .adv_w = 120, .box_w = 8, .box_h = 13, .ofs_x = 0, .ofs_y = 1},
    {.bitmap_index = 47160, .adv_w = 120, .box_w = 7, .box_h = 13, .ofs_x = 0, .ofs_y = 1},
    {.bitmap_index = 47206, .adv_w = 320, .box_w = 21, .box_h = 19, .ofs_x = 0, .ofs_y = -2},
    {.bitmap_index = 47406, .adv_w = 200, .box_w = 12, .box_h = 17, .ofs_x = 0, .ofs_y = -1},
    {.bitmap_index = 47508, .adv_w = 200, .box_w = 12, .box_h = 8, .ofs_x = 0, .ofs_y = -1},
    {.bitmap_index = 47556, .adv_w = 200, .box_w = 12, .box_h = 8, .ofs_x = 0, .ofs_y = 8},
    {.bitmap_index = 47604, .adv_w = 320, .box_w = 20, .box_h = 15, .ofs_x = 0, .ofs_y = 0},
    {.bitmap_index = 47754, .adv_w = 280, .box_w = 18, .box_h = 18, .ofs_x = 0, .ofs_y = 0},
    {.bitmap_index = 47916, .adv_w = 320, .box_w = 20, .box_h = 21, .ofs_x = 0, .ofs_y = -3},
    {.bitmap_index = 48126, .adv_w = 320, .box_w = 20, .box_h = 21, .ofs_x = 0, .ofs_y = -3},
    {.bitmap_index = 48336, .adv_w = 200, .box_w = 14, .box_h = 21, .ofs_x = -1, .ofs_y = -3},
    {.bitmap_index = 48483, .adv_w = 400, .box_w = 25, .box_h = 21, .ofs_x = 0, .ofs_y = -3},
    {.bitmap_index = 48746, .adv_w = 360, .box_w = 24, .box_h = 21, .ofs_x = -1, .ofs_y = -3},
    {.bitmap_index = 48998, .adv_w = 280, .box_w = 18, .box_h = 21, .ofs_x = 0, .ofs_y = -3},
    {.bitmap_index = 49187, .adv_w = 220, .box_w = 14, .box_h = 21, .ofs_x = 0, .ofs_y = -3},
    {.bitmap_index = 49334, .adv_w = 280, .box_w = 18, .box_h = 21, .ofs_x = 0, .ofs_y = -3},
    {.bitmap_index = 49523, .adv_w = 320, .box_w = 20, .box_h = 21, .ofs_x = 0, .ofs_y = -3},
    {.bitmap_index = 49733, .adv_w = 320, .box_w = 20, .box_h = 19, .ofs_x = 0, .ofs_y = -2},
    {.bitmap_index = 49923, .adv_w = 280, .box_w = 18, .box_h = 21, .ofs_x = 0, .ofs_y = -3},
    {.bitmap_index = 50112, .adv_w = 400, .box_w = 27, .box_h = 19, .ofs_x = -1, .ofs_y = -2},
    {.bitmap_index = 50369, .adv_w = 280, .box_w = 18, .box_h = 21, .ofs_x = 0, .ofs_y = -3},
    {.bitmap_index = 50558, .adv_w = 400, .box_w = 26, .box_h = 21, .ofs_x = 0, .ofs_y = -3},
    {.bitmap_index = 50831, .adv_w = 320, .box_w = 20, .box_h = 19, .ofs_x = 0, .ofs_y = -2},
    {.bitmap_index = 51021, .adv_w = 400, .box_w = 25, .box_h = 19, .ofs_x = 0, .ofs_y = -2},
    {.bitmap_index = 51259, .adv_w = 280, .box_w = 18, .box_h = 19, .ofs_x = 0, .ofs_y = -2},
    {.bitmap_index = 51430, .adv_w = 280, .box_w = 18, .box_h = 19, .ofs_x = 0, .ofs_y = -2},
    {.bitmap_index = 51601, .adv_w = 280, .box_w = 18, .box_h = 19, .ofs_x = 0, .ofs_y = -2},
    {.bitmap_index = 51772, .adv_w = 280, .box_w = 17, .box_h = 13, .ofs_x = 0, .ofs_y = 1},
    {.bitmap_index = 51883, .adv_w = 280, .box_w = 17, .box_h = 13, .ofs_x = 0, .ofs_y = 1},
    {.bitmap_index = 51994, .adv_w = 200, .box_w = 13, .box_h = 17, .ofs_x = 0, .ofs_y = -1},
    {.bitmap_index = 52105, .adv_w = 200, .box_w = 13, .box_h = 17, .ofs_x = 0, .ofs_y = -1},
    {.bitmap_index = 52216, .adv_w = 160, .box_w = 10, .box_h = 13, .ofs_x = 0, .ofs_y = 1},
    {.bitmap_index = 52281, .adv_w = 160, .box_w = 10, .box_h = 13, .ofs_x = 0, .ofs_y = 1},
    {.bitmap_index = 52346, .adv_w = 200, .box_w = 13, .box_h = 9, .ofs_x = 0, .ofs_y = 3},
    {.bitmap_index = 52405, .adv_w = 200, .box_w = 13, .box_h = 9, .ofs_x = 0, .ofs_y = 3},
    {.bitmap_index = 52464, .adv_w = 360, .box_w = 23, .box_h = 21, .ofs_x = 0, .ofs_y = -3},
    {.bitmap_index = 52706, .adv_w = 400, .box_w = 25, .box_h = 21, .ofs_x = 0, .ofs_y = -3},
    {.bitmap_index = 52969, .adv_w = 280, .box_w = 18, .box_h = 21, .ofs_x = 0, .ofs_y = -3},
    {.bitmap_index = 53158, .adv_w = 200, .box_w = 13, .box_h = 21, .ofs_x = 0, .ofs_y = -3},
    {.bitmap_index = 53295, .adv_w = 320, .box_w = 20, .box_h = 19, .ofs_x = 0, .ofs_y = -2},
    {.bitmap_index = 53485, .adv_w = 320, .box_w = 20, .box_h = 19, .ofs_x = 0, .ofs_y = -2},
    {.bitmap_index = 53675, .adv_w = 320, .box_w = 20, .box_h = 21, .ofs_x = 0, .ofs_y = -3},
    {.bitmap_index = 53885, .adv_w = 320, .box_w = 20, .box_h = 21, .ofs_x = 0, .ofs_y = -3},
    {.bitmap_index = 54095, .adv_w = 300, .box_w = 19, .box_h = 16, .ofs_x = 0, .ofs_y = 0},
    {.bitmap_index = 54247, .adv_w = 310, .box_w = 20, .box_h = 21, .ofs_x = 0, .ofs_y = -3},
    {.bitmap_index = 54457, .adv_w = 310, .box_w = 20, .box_h = 21, .ofs_x = 0, .ofs_y = -3},
    {.bitmap_index = 54667, .adv_w = 310, .box_w = 20, .box_h = 21, .ofs_x = 0, .ofs_y = -3},
    {.bitmap_index = 54877, .adv_w = 400, .box_w = 25, .box_h = 13, .ofs_x = 0, .ofs_y = 1},
    {.bitmap_index = 55040, .adv_w = 360, .box_w = 23, .box_h = 15, .ofs_x = 0, .ofs_y = 0},
    {.bitmap_index = 55213, .adv_w = 320, .box_w = 20, .box_h = 21, .ofs_x = 0, .ofs_y = -3},
    {.bitmap_index = 55423, .adv_w = 400, .box_w = 25, .box_h = 19, .ofs_x = 0, .ofs_y = -2},
    {.bitmap_index = 55661, .adv_w = 400, .box_w = 27, .box_h = 21, .ofs_x = -1, .ofs_y = -3},
    {.bitmap_index = 55945, .adv_w = 360, .box_w = 23, .box_h = 19, .ofs_x = 0, .ofs_y = -2},
    {.bitmap_index = 56164, .adv_w = 320, .box_w = 22, .box_h = 21, .ofs_x = -1, .ofs_y = -3},
    {.bitmap_index = 56395, .adv_w = 320, .box_w = 21, .box_h = 21, .ofs_x = -1, .ofs_y = -3},
    {.bitmap_index = 56616, .adv_w = 240, .box_w = 15, .box_h = 21, .ofs_x = 0, .ofs_y = -3},
    {.bitmap_index = 56774, .adv_w = 320, .box_w = 20, .box_h = 21, .ofs_x = 0, .ofs_y = -3},
    {.bitmap_index = 56984, .adv_w = 240, .box_w = 15, .box_h = 21, .ofs_x = 0, .ofs_y = -3},
    {.bitmap_index = 57142, .adv_w = 120, .box_w = 8, .box_h = 21, .ofs_x = 0, .ofs_y = -3},
    {.bitmap_index = 57226, .adv_w = 120, .box_w = 7, .box_h = 21, .ofs_x = 0, .ofs_y = -3},
    {.bitmap_index = 57300, .adv_w = 320, .box_w = 20, .box_h = 18, .ofs_x = 0, .ofs_y = 0},
    {.bitmap_index = 57480, .adv_w = 320, .box_w = 20, .box_h = 18, .ofs_x = 0, .ofs_y = -3},
    {.bitmap_index = 57660, .adv_w = 320, .box_w = 20, .box_h = 19, .ofs_x = 0, .ofs_y = -2},
    {.bitmap_index = 57850, .adv_w = 360, .box_w = 23, .box_h = 21, .ofs_x = 0, .ofs_y = -3},
    {.bitmap_index = 58092, .adv_w = 220, .box_w = 14, .box_h = 21, .ofs_x = 0, .ofs_y = -3},
    {.bitmap_index = 58239, .adv_w = 400, .box_w = 27, .box_h = 21, .ofs_x = -1, .ofs_y = -3},
    {.bitmap_index = 58523, .adv_w = 280, .box_w = 18, .box_h = 21, .ofs_x = 0, .ofs_y = -3},
    {.bitmap_index = 58712, .adv_w = 280, .box_w = 19, .box_h = 21, .ofs_x = -1, .ofs_y = -3},
    {.bitmap_index = 58912, .adv_w = 320, .box_w = 20, .box_h = 21, .ofs_x = 0, .ofs_y = -3},
    {.bitmap_index = 59122, .adv_w = 320, .box_w = 21, .box_h = 15, .ofs_x = 0, .ofs_y = 0},
    {.bitmap_index = 59280, .adv_w = 320, .box_w = 20, .box_h = 21, .ofs_x = 0, .ofs_y = -3},
    {.bitmap_index = 59490, .adv_w = 320, .box_w = 20, .box_h = 21, .ofs_x = 0, .ofs_y = -3},
    {.bitmap_index = 59700, .adv_w = 320, .box_w = 20, .box_h = 21, .ofs_x = 0, .ofs_y = -3},
    {.bitmap_index = 59910, .adv_w = 320, .box_w = 20, .box_h = 21, .ofs_x = 0, .ofs_y = -3},
    {.bitmap_index = 60120, .adv_w = 240, .box_w = 15, .box_h = 19, .ofs_x = 0, .ofs_y = -2},
    {.bitmap_index = 60263, .adv_w = 320, .box_w = 19, .box_h = 19, .ofs_x = 0, .ofs_y = -2},
    {.bitmap_index = 60444, .adv_w = 360, .box_w = 24, .box_h = 21, .ofs_x = -1, .ofs_y = -3},
    {.bitmap_index = 60696, .adv_w = 280, .box_w = 18, .box_h = 21, .ofs_x = 0, .ofs_y = -3},
    {.bitmap_index = 60885, .adv_w = 310, .box_w = 20, .box_h = 21, .ofs_x = 0, .ofs_y = -3},
    {.bitmap_index = 61095, .adv_w = 320, .box_w = 20, .box_h = 7, .ofs_x = 0, .ofs_y = 4},
    {.bitmap_index = 61165, .adv_w = 120, .box_w = 7, .box_h = 21, .ofs_x = 0, .ofs_y = -3},
    {.bitmap_index = 61239, .adv_w = 280, .box_w = 18, .box_h = 19, .ofs_x = 0, .ofs_y = -2},
    {.bitmap_index = 61410, .adv_w = 320, .box_w = 20, .box_h = 21, .ofs_x = 0, .ofs_y = -3},
    {.bitmap_index = 61620, .adv_w = 280, .box_w = 18, .box_h = 19, .ofs_x = 0, .ofs_y = -2},
    {.bitmap_index = 61791, .adv_w = 280, .box_w = 18, .box_h = 19, .ofs_x = 0, .ofs_y = -2},
    {.bitmap_index = 61962, .adv_w = 280, .box_w = 18, .box_h = 19, .ofs_x = 0, .ofs_y = -2},
    {.bitmap_index = 62133, .adv_w = 360, .box_w = 23, .box_h = 21, .ofs_x = 0, .ofs_y = -3},
    {.bitmap_index = 62375, .adv_w = 310, .box_w = 20, .box_h = 21, .ofs_x = 0, .ofs_y = -3},
    {.bitmap_index = 62585, .adv_w = 280, .box_w = 18, .box_h = 19, .ofs_x = 0, .ofs_y = -2},
    {.bitmap_index = 62756, .adv_w = 280, .box_w = 18, .box_h = 19, .ofs_x = 0, .ofs_y = -2},
    {.bitmap_index = 62927, .adv_w = 280, .box_w = 18, .box_h = 19, .ofs_x = 0, .ofs_y = -2},
    {.bitmap_index = 63098, .adv_w = 200, .box_w = 13, .box_h = 19, .ofs_x = 0, .ofs_y = -2},
    {.bitmap_index = 63222, .adv_w = 200, .box_w = 13, .box_h = 19, .ofs_x = 0, .ofs_y = -2},
    {.bitmap_index = 63346, .adv_w = 180, .box_w = 13, .box_h = 21, .ofs_x = -1, .ofs_y = -3},
    {.bitmap_index = 63483, .adv_w = 200, .box_w = 13, .box_h = 19, .ofs_x = 0, .ofs_y = -2},
    {.bitmap_index = 63607, .adv_w = 240, .box_w = 15, .box_h = 19, .ofs_x = 0, .ofs_y = -2},
    {.bitmap_index = 63750, .adv_w = 240, .box_w = 15, .box_h = 19, .ofs_x = 0, .ofs_y = -2},
    {.bitmap_index = 63893, .adv_w = 360, .box_w = 23, .box_h = 19, .ofs_x = 0, .ofs_y = -2},
    {.bitmap_index = 64112, .adv_w = 240, .box_w = 16, .box_h = 21, .ofs_x = 0, .ofs_y = -3},
    {.bitmap_index = 64280, .adv_w = 240, .box_w = 15, .box_h = 21, .ofs_x = 0, .ofs_y = -3},
    {.bitmap_index = 64438, .adv_w = 240, .box_w = 15, .box_h = 21, .ofs_x = 0, .ofs_y = -3},
    {.bitmap_index = 64596, .adv_w = 280, .box_w = 19, .box_h = 19, .ofs_x = -1, .ofs_y = -2},
    {.bitmap_index = 64777, .adv_w = 280, .box_w = 19, .box_h = 19, .ofs_x = -1, .ofs_y = -2},
    {.bitmap_index = 64958, .adv_w = 320, .box_w = 22, .box_h = 19, .ofs_x = -1, .ofs_y = -2},
    {.bitmap_index = 65167, .adv_w = 320, .box_w = 22, .box_h = 19, .ofs_x = -1, .ofs_y = -2},
    {.bitmap_index = 65376, .adv_w = 280, .box_w = 18, .box_h = 19, .ofs_x = -1, .ofs_y = -2},
    {.bitmap_index = 65547, .adv_w = 280, .box_w = 18, .box_h = 19, .ofs_x = -1, .ofs_y = -2},
    {.bitmap_index = 65718, .adv_w = 320, .box_w = 20, .box_h = 21, .ofs_x = 0, .ofs_y = -3},
    {.bitmap_index = 65928, .adv_w = 320, .box_w = 20, .box_h = 21, .ofs_x = 0, .ofs_y = -3},
    {.bitmap_index = 66138, .adv_w = 360, .box_w = 22, .box_h = 16, .ofs_x = 0, .ofs_y = 0},
    {.bitmap_index = 66314, .adv_w = 240, .box_w = 17, .box_h = 19, .ofs_x = -1, .ofs_y = -2},
    {.bitmap_index = 66476, .adv_w = 280, .box_w = 18, .box_h = 19, .ofs_x = 0, .ofs_y = -2},
    {.bitmap_index = 66647, .adv_w = 330, .box_w = 21, .box_h = 19, .ofs_x = 0, .ofs_y = -2},
    {.bitmap_index = 66847, .adv_w = 240, .box_w = 15, .box_h = 19, .ofs_x = 0, .ofs_y = -2},
    {.bitmap_index = 66990, .adv_w = 280, .box_w = 18, .box_h = 19, .ofs_x = 0, .ofs_y = -2},
    {.bitmap_index = 67161, .adv_w = 280, .box_w = 18, .box_h = 19, .ofs_x = 0, .ofs_y = -2},
    {.bitmap_index = 67332, .adv_w = 310, .box_w = 20, .box_h = 21, .ofs_x = 0, .ofs_y = -3},
    {.bitmap_index = 67542, .adv_w = 320, .box_w = 20, .box_h = 19, .ofs_x = 0, .ofs_y = -2},
    {.bitmap_index = 67732, .adv_w = 200, .box_w = 13, .box_h = 21, .ofs_x = 0, .ofs_y = -3},
    {.bitmap_index = 67869, .adv_w = 280, .box_w = 18, .box_h = 19, .ofs_x = 0, .ofs_y = -2},
    {.bitmap_index = 68040, .adv_w = 240, .box_w = 15, .box_h = 19, .ofs_x = 0, .ofs_y = -2},
    {.bitmap_index = 68183, .adv_w = 280, .box_w = 18, .box_h = 19, .ofs_x = 0, .ofs_y = -2},
    {.bitmap_index = 68354, .adv_w = 280, .box_w = 16, .box_h = 19, .ofs_x = 1, .ofs_y = -2},
    {.bitmap_index = 68506, .adv_w = 280, .box_w = 18, .box_h = 21, .ofs_x = 0, .ofs_y = -3},
    {.bitmap_index = 68695, .adv_w = 320, .box_w = 20, .box_h = 21, .ofs_x = 0, .ofs_y = -3},
    {.bitmap_index = 68905, .adv_w = 280, .box_w = 18, .box_h = 19, .ofs_x = 0, .ofs_y = -2},
    {.bitmap_index = 69076, .adv_w = 230, .box_w = 15, .box_h = 21, .ofs_x = 0, .ofs_y = -3},
    {.bitmap_index = 69234, .adv_w = 280, .box_w = 18, .box_h = 19, .ofs_x = 0, .ofs_y = -2},
    {.bitmap_index = 69405, .adv_w = 160, .box_w = 10, .box_h = 21, .ofs_x = 0, .ofs_y = -3},
    {.bitmap_index = 69510, .adv_w = 120, .box_w = 8, .box_h = 21, .ofs_x = 0, .ofs_y = -3},
    {.bitmap_index = 69594, .adv_w = 310, .box_w = 21, .box_h = 21, .ofs_x = -1, .ofs_y = -3},
    {.bitmap_index = 69815, .adv_w = 320, .box_w = 20, .box_h = 21, .ofs_x = 0, .ofs_y = -3},
    {.bitmap_index = 70025, .adv_w = 320, .box_w = 19, .box_h = 21, .ofs_x = 1, .ofs_y = -3},
    {.bitmap_index = 70225, .adv_w = 320, .box_w = 20, .box_h = 19, .ofs_x = 0, .ofs_y = -2},
    {.bitmap_index = 70415, .adv_w = 320, .box_w = 20, .box_h = 21, .ofs_x = 0, .ofs_y = -3},
    {.bitmap_index = 70625, .adv_w = 360, .box_w = 22, .box_h = 13, .ofs_x = 0, .ofs_y = 1},
    {.bitmap_index = 70768, .adv_w = 320, .box_w = 21, .box_h = 17, .ofs_x = 0, .ofs_y = 0},
    {.bitmap_index = 70947, .adv_w = 320, .box_w = 20, .box_h = 21, .ofs_x = 0, .ofs_y = -3},
    {.bitmap_index = 71157, .adv_w = 240, .box_w = 16, .box_h = 21, .ofs_x = -1, .ofs_y = -3},
    {.bitmap_index = 71325, .adv_w = 280, .box_w = 17, .box_h = 21, .ofs_x = 0, .ofs_y = -3},
    {.bitmap_index = 71504, .adv_w = 280, .box_w = 18, .box_h = 19, .ofs_x = 0, .ofs_y = -2},
    {.bitmap_index = 71675, .adv_w = 320, .box_w = 20, .box_h = 21, .ofs_x = 0, .ofs_y = -3},
    {.bitmap_index = 71885, .adv_w = 320, .box_w = 21, .box_h = 21, .ofs_x = 0, .ofs_y = -3},
    {.bitmap_index = 72106, .adv_w = 280, .box_w = 18, .box_h = 19, .ofs_x = 0, .ofs_y = -2},
    {.bitmap_index = 72277, .adv_w = 240, .box_w = 16, .box_h = 19, .ofs_x = 0, .ofs_y = -2},
    {.bitmap_index = 72429, .adv_w = 400, .box_w = 25, .box_h = 19, .ofs_x = 0, .ofs_y = -2},
    {.bitmap_index = 72667, .adv_w = 280, .box_w = 18, .box_h = 19, .ofs_x = 0, .ofs_y = -2},
    {.bitmap_index = 72838, .adv_w = 280, .box_w = 18, .box_h = 19, .ofs_x = 0, .ofs_y = -2},
    {.bitmap_index = 73009, .adv_w = 320, .box_w = 20, .box_h = 19, .ofs_x = 0, .ofs_y = -2},
    {.bitmap_index = 73199, .adv_w = 280, .box_w = 18, .box_h = 17, .ofs_x = 0, .ofs_y = -1},
    {.bitmap_index = 73352, .adv_w = 320, .box_w = 20, .box_h = 19, .ofs_x = 0, .ofs_y = -2},
    {.bitmap_index = 73542, .adv_w = 400, .box_w = 25, .box_h = 16, .ofs_x = 0, .ofs_y = 0},
    {.bitmap_index = 73742, .adv_w = 280, .box_w = 17, .box_h = 21, .ofs_x = 0, .ofs_y = -3},
    {.bitmap_index = 73921, .adv_w = 305, .box_w = 20, .box_h = 21, .ofs_x = 0, .ofs_y = -3},
    {.bitmap_index = 74131, .adv_w = 320, .box_w = 20, .box_h = 21, .ofs_x = 0, .ofs_y = -3},
    {.bitmap_index = 74341, .adv_w = 280, .box_w = 18, .box_h = 19, .ofs_x = 0, .ofs_y = -2},
    {.bitmap_index = 74512, .adv_w = 310, .box_w = 20, .box_h = 21, .ofs_x = 0, .ofs_y = -3},
    {.bitmap_index = 74722, .adv_w = 320, .box_w = 20, .box_h = 15, .ofs_x = 0, .ofs_y = 0},
    {.bitmap_index = 74872, .adv_w = 280, .box_w = 18, .box_h = 19, .ofs_x = 0, .ofs_y = -2},
    {.bitmap_index = 75043, .adv_w = 320, .box_w = 20, .box_h = 13, .ofs_x = 0, .ofs_y = 1},
    {.bitmap_index = 75173, .adv_w = 280, .box_w = 18, .box_h = 19, .ofs_x = 0, .ofs_y = -2},
    {.bitmap_index = 75344, .adv_w = 360, .box_w = 23, .box_h = 21, .ofs_x = 0, .ofs_y = -3},
    {.bitmap_index = 75586, .adv_w = 280, .box_w = 16, .box_h = 19, .ofs_x = 1, .ofs_y = -2},
    {.bitmap_index = 75738, .adv_w = 280, .box_w = 18, .box_h = 19, .ofs_x = 0, .ofs_y = -2},
    {.bitmap_index = 75909, .adv_w = 400, .box_w = 25, .box_h = 13, .ofs_x = 0, .ofs_y = 1},
    {.bitmap_index = 76072, .adv_w = 320, .box_w = 21, .box_h = 21, .ofs_x = 0, .ofs_y = -3},
    {.bitmap_index = 76293, .adv_w = 280, .box_w = 18, .box_h = 21, .ofs_x = 0, .ofs_y = -3},
    {.bitmap_index = 76482, .adv_w = 240, .box_w = 15, .box_h = 21, .ofs_x = 0, .ofs_y = -3},
    {.bitmap_index = 76640, .adv_w = 320, .box_w = 22, .box_h = 19, .ofs_x = -1, .ofs_y = -2},
    {.bitmap_index = 76849, .adv_w = 320, .box_w = 20, .box_h = 21, .ofs_x = 0, .ofs_y = -3},
    {.bitmap_index = 77059, .adv_w = 320, .box_w = 20, .box_h = 19, .ofs_x = 0, .ofs_y = -2},
    {.bitmap_index = 77249, .adv_w = 360, .box_w = 23, .box_h = 15, .ofs_x = 0, .ofs_y = 0},
    {.bitmap_index = 77422, .adv_w = 280, .box_w = 18, .box_h = 19, .ofs_x = 0, .ofs_y = -2},
    {.bitmap_index = 77593, .adv_w = 310, .box_w = 21, .box_h = 21, .ofs_x = -1, .ofs_y = -3},
    {.bitmap_index = 77814, .adv_w = 280, .box_w = 18, .box_h = 19, .ofs_x = 0, .ofs_y = -2},
    {.bitmap_index = 77985, .adv_w = 320, .box_w = 21, .box_h = 21, .ofs_x = -1, .ofs_y = -3},
    {.bitmap_index = 78206, .adv_w = 320, .box_w = 21, .box_h = 15, .ofs_x = 0, .ofs_y = 0},
    {.bitmap_index = 78364, .adv_w = 320, .box_w = 20, .box_h = 19, .ofs_x = 0, .ofs_y = -2},
    {.bitmap_index = 78554, .adv_w = 240, .box_w = 16, .box_h = 21, .ofs_x = -1, .ofs_y = -3},
    {.bitmap_index = 78722, .adv_w = 310, .box_w = 20, .box_h = 21, .ofs_x = 0, .ofs_y = -3},
    {.bitmap_index = 78932, .adv_w = 200, .box_w = 13, .box_h = 21, .ofs_x = 0, .ofs_y = -3},
    {.bitmap_index = 79069, .adv_w = 400, .box_w = 25, .box_h = 11, .ofs_x = 0, .ofs_y = 2},
    {.bitmap_index = 79207, .adv_w = 280, .box_w = 18, .box_h = 21, .ofs_x = 0, .ofs_y = -3},
    {.bitmap_index = 79396, .adv_w = 240, .box_w = 16, .box_h = 21, .ofs_x = 0, .ofs_y = -3},
    {.bitmap_index = 79564, .adv_w = 240, .box_w = 15, .box_h = 21, .ofs_x = 0, .ofs_y = -3},
    {.bitmap_index = 79722, .adv_w = 240, .box_w = 15, .box_h = 21, .ofs_x = 0, .ofs_y = -3},
    {.bitmap_index = 79880, .adv_w = 240, .box_w = 15, .box_h = 21, .ofs_x = 0, .ofs_y = -3},
    {.bitmap_index = 80038, .adv_w = 240, .box_w = 15, .box_h = 21, .ofs_x = 0, .ofs_y = -3},
    {.bitmap_index = 80196, .adv_w = 240, .box_w = 15, .box_h = 21, .ofs_x = 0, .ofs_y = -3},
    {.bitmap_index = 80354, .adv_w = 240, .box_w = 15, .box_h = 21, .ofs_x = 0, .ofs_y = -3},
    {.bitmap_index = 80512, .adv_w = 240, .box_w = 15, .box_h = 21, .ofs_x = 0, .ofs_y = -3},
    {.bitmap_index = 80670, .adv_w = 240, .box_w = 15, .box_h = 21, .ofs_x = 0, .ofs_y = -3},
    {.bitmap_index = 80828, .adv_w = 240, .box_w = 16, .box_h = 19, .ofs_x = 0, .ofs_y = -2},
    {.bitmap_index = 80980, .adv_w = 320, .box_w = 20, .box_h = 21, .ofs_x = 0, .ofs_y = -3},
    {.bitmap_index = 81190, .adv_w = 360, .box_w = 23, .box_h = 16, .ofs_x = 0, .ofs_y = 0},
    {.bitmap_index = 81374, .adv_w = 320, .box_w = 20, .box_h = 21, .ofs_x = 0, .ofs_y = -3},
    {.bitmap_index = 81584, .adv_w = 320, .box_w = 20, .box_h = 21, .ofs_x = 0, .ofs_y = -3},
    {.bitmap_index = 81794, .adv_w = 320, .box_w = 20, .box_h = 21, .ofs_x = 0, .ofs_y = -3},
    {.bitmap_index = 82004, .adv_w = 310, .box_w = 20, .box_h = 19, .ofs_x = 0, .ofs_y = -2},
    {.bitmap_index = 82194, .adv_w = 280, .box_w = 18, .box_h = 19, .ofs_x = 0, .ofs_y = -2},
    {.bitmap_index = 82365, .adv_w = 320, .box_w = 20, .box_h = 17, .ofs_x = 0, .ofs_y = -1},
    {.bitmap_index = 82535, .adv_w = 280, .box_w = 18, .box_h = 19, .ofs_x = 0, .ofs_y = -2},
    {.bitmap_index = 82706, .adv_w = 240, .box_w = 15, .box_h = 21, .ofs_x = 0, .ofs_y = -3},
    {.bitmap_index = 82864, .adv_w = 280, .box_w = 18, .box_h = 21, .ofs_x = 0, .ofs_y = -3},
    {.bitmap_index = 83053, .adv_w = 360, .box_w = 23, .box_h = 19, .ofs_x = 0, .ofs_y = -2},
    {.bitmap_index = 83272, .adv_w = 320, .box_w = 22, .box_h = 21, .ofs_x = -1, .ofs_y = -3},
    {.bitmap_index = 83503, .adv_w = 320, .box_w = 20, .box_h = 21, .ofs_x = 0, .ofs_y = -3},
    {.bitmap_index = 83713, .adv_w = 320, .box_w = 20, .box_h = 19, .ofs_x = 0, .ofs_y = -2},
    {.bitmap_index = 83903, .adv_w = 280, .box_w = 17, .box_h = 19, .ofs_x = 1, .ofs_y = -2},
    {.bitmap_index = 84065, .adv_w = 320, .box_w = 20, .box_h = 19, .ofs_x = 0, .ofs_y = -2},
    {.bitmap_index = 84255, .adv_w = 280, .box_w = 18, .box_h = 21, .ofs_x = 0, .ofs_y = -3},
    {.bitmap_index = 84444, .adv_w = 280, .box_w = 18, .box_h = 19, .ofs_x = 0, .ofs_y = -2},
    {.bitmap_index = 84615, .adv_w = 320, .box_w = 20, .box_h = 21, .ofs_x = 0, .ofs_y = -3},
    {.bitmap_index = 84825, .adv_w = 320, .box_w = 20, .box_h = 21, .ofs_x = 0, .ofs_y = -3},
    {.bitmap_index = 85035, .adv_w = 320, .box_w = 22, .box_h = 22, .ofs_x = -1, .ofs_y = -3},
    {.bitmap_index = 85277, .adv_w = 320, .box_w = 20, .box_h = 19, .ofs_x = 0, .ofs_y = -2},
    {.bitmap_index = 85467, .adv_w = 240, .box_w = 15, .box_h = 21, .ofs_x = 0, .ofs_y = -3},
    {.bitmap_index = 85625, .adv_w = 320, .box_w = 22, .box_h = 21, .ofs_x = -1, .ofs_y = -3},
    {.bitmap_index = 85856, .adv_w = 280, .box_w = 18, .box_h = 19, .ofs_x = 0, .ofs_y = -2},
    {.bitmap_index = 86027, .adv_w = 240, .box_w = 15, .box_h = 21, .ofs_x = 0, .ofs_y = -3},
    {.bitmap_index = 86185, .adv_w = 360, .box_w = 23, .box_h = 16, .ofs_x = 0, .ofs_y = 0},
    {.bitmap_index = 86369, .adv_w = 400, .box_w = 25, .box_h = 19, .ofs_x = 0, .ofs_y = -2},
    {.bitmap_index = 86607, .adv_w = 280, .box_w = 18, .box_h = 21, .ofs_x = 0, .ofs_y = -3},
    {.bitmap_index = 86796, .adv_w = 240, .box_w = 17, .box_h = 19, .ofs_x = -1, .ofs_y = -2},
    {.bitmap_index = 86958, .adv_w = 280, .box_w = 18, .box_h = 19, .ofs_x = 0, .ofs_y = -2},
    {.bitmap_index = 87129, .adv_w = 360, .box_w = 23, .box_h = 19, .ofs_x = 0, .ofs_y = -2},
    {.bitmap_index = 87348, .adv_w = 360, .box_w = 23, .box_h = 19, .ofs_x = 0, .ofs_y = -2},
    {.bitmap_index = 87567, .adv_w = 360, .box_w = 23, .box_h = 19, .ofs_x = 0, .ofs_y = -2},
    {.bitmap_index = 87786, .adv_w = 360, .box_w = 23, .box_h = 19, .ofs_x = 0, .ofs_y = -2},
    {.bitmap_index = 88005, .adv_w = 360, .box_w = 23, .box_h = 19, .ofs_x = 0, .ofs_y = -2},
    {.bitmap_index = 88224, .adv_w = 360, .box_w = 23, .box_h = 19, .ofs_x = 0, .ofs_y = -2},
    {.bitmap_index = 88443, .adv_w = 400, .box_w = 27, .box_h = 21, .ofs_x = -1, .ofs_y = -3},
    {.bitmap_index = 88727, .adv_w = 280, .box_w = 18, .box_h = 21, .ofs_x = 0, .ofs_y = -3},
    {.bitmap_index = 88916, .adv_w = 320, .box_w = 20, .box_h = 21, .ofs_x = 0, .ofs_y = -3},
    {.bitmap_index = 89126, .adv_w = 320, .box_w = 20, .box_h = 21, .ofs_x = 0, .ofs_y = -3},
    {.bitmap_index = 89336, .adv_w = 320, .box_w = 20, .box_h = 21, .ofs_x = 0, .ofs_y = -3},
    {.bitmap_index = 89546, .adv_w = 320, .box_w = 20, .box_h = 21, .ofs_x = 0, .ofs_y = -3},
    {.bitmap_index = 89756, .adv_w = 280, .box_w = 18, .box_h = 21, .ofs_x = 0, .ofs_y = -3},
    {.bitmap_index = 89945, .adv_w = 320, .box_w = 20, .box_h = 15, .ofs_x = 0, .ofs_y = 0},
    {.bitmap_index = 90095, .adv_w = 340, .box_w = 23, .box_h = 21, .ofs_x = -1, .ofs_y = -3},
    {.bitmap_index = 90337, .adv_w = 320, .box_w = 20, .box_h = 15, .ofs_x = 0, .ofs_y = 0},
    {.bitmap_index = 90487, .adv_w = 320, .box_w = 20, .box_h = 13, .ofs_x = 0, .ofs_y = 1},
    {.bitmap_index = 90617, .adv_w = 280, .box_w = 18, .box_h = 19, .ofs_x = 0, .ofs_y = -2},
    {.bitmap_index = 90788, .adv_w = 360, .box_w = 23, .box_h = 15, .ofs_x = 0, .ofs_y = 0},
    {.bitmap_index = 90961, .adv_w = 360, .box_w = 23, .box_h = 15, .ofs_x = 0, .ofs_y = 0},
    {.bitmap_index = 91134, .adv_w = 400, .box_w = 26, .box_h = 17, .ofs_x = 0, .ofs_y = -1},
    {.bitmap_index = 91355, .adv_w = 320, .box_w = 22, .box_h = 21, .ofs_x = -1, .ofs_y = -3},
    {.bitmap_index = 91586, .adv_w = 400, .box_w = 25, .box_h = 21, .ofs_x = 0, .ofs_y = -3},
    {.bitmap_index = 91849, .adv_w = 280, .box_w = 15, .box_h = 21, .ofs_x = 1, .ofs_y = -3},
    {.bitmap_index = 92007, .adv_w = 320, .box_w = 20, .box_h = 15, .ofs_x = 0, .ofs_y = 0},
    {.bitmap_index = 92157, .adv_w = 280, .box_w = 18, .box_h = 19, .ofs_x = 0, .ofs_y = -2},
    {.bitmap_index = 92328, .adv_w = 280, .box_w = 18, .box_h = 19, .ofs_x = 0, .ofs_y = -2},
    {.bitmap_index = 92499, .adv_w = 360, .box_w = 22, .box_h = 21, .ofs_x = 0, .ofs_y = -3},
    {.bitmap_index = 92730, .adv_w = 280, .box_w = 17, .box_h = 21, .ofs_x = 0, .ofs_y = -3},
    {.bitmap_index = 92909, .adv_w = 280, .box_w = 18, .box_h = 19, .ofs_x = 0, .ofs_y = -2},
    {.bitmap_index = 93080, .adv_w = 360, .box_w = 23, .box_h = 15, .ofs_x = 0, .ofs_y = 0},
    {.bitmap_index = 93253, .adv_w = 400, .box_w = 25, .box_h = 19, .ofs_x = 0, .ofs_y = -2},
    {.bitmap_index = 93491, .adv_w = 280, .box_w = 18, .box_h = 21, .ofs_x = 0, .ofs_y = -3},
    {.bitmap_index = 93680, .adv_w = 320, .box_w = 20, .box_h = 16, .ofs_x = 0, .ofs_y = 0},
    {.bitmap_index = 93840, .adv_w = 400, .box_w = 25, .box_h = 15, .ofs_x = 0, .ofs_y = 0},
    {.bitmap_index = 94028, .adv_w = 360, .box_w = 24, .box_h = 21, .ofs_x = -1, .ofs_y = -3},
    {.bitmap_index = 94280, .adv_w = 360, .box_w = 24, .box_h = 21, .ofs_x = -1, .ofs_y = -3},
    {.bitmap_index = 94532, .adv_w = 400, .box_w = 25, .box_h = 21, .ofs_x = 0, .ofs_y = -3},
    {.bitmap_index = 94795, .adv_w = 280, .box_w = 18, .box_h = 21, .ofs_x = 0, .ofs_y = -3},
    {.bitmap_index = 94984, .adv_w = 400, .box_w = 27, .box_h = 17, .ofs_x = -1, .ofs_y = -1},
    {.bitmap_index = 95214, .adv_w = 320, .box_w = 20, .box_h = 21, .ofs_x = 0, .ofs_y = -3},
    {.bitmap_index = 95424, .adv_w = 320, .box_w = 22, .box_h = 19, .ofs_x = -1, .ofs_y = -2},
    {.bitmap_index = 95633, .adv_w = 180, .box_w = 12, .box_h = 19, .ofs_x = 0, .ofs_y = -2},
    {.bitmap_index = 95747, .adv_w = 240, .box_w = 16, .box_h = 16, .ofs_x = 0, .ofs_y = 0},
    {.bitmap_index = 95875, .adv_w = 180, .box_w = 12, .box_h = 21, .ofs_x = 0, .ofs_y = -3},
    {.bitmap_index = 96001, .adv_w = 240, .box_w = 16, .box_h = 21, .ofs_x = 0, .ofs_y = -3},
    {.bitmap_index = 96169, .adv_w = 300, .box_w = 19, .box_h = 21, .ofs_x = 0, .ofs_y = -3},
    {.bitmap_index = 96369, .adv_w = 320, .box_w = 20, .box_h = 19, .ofs_x = 0, .ofs_y = -2},
    {.bitmap_index = 96559, .adv_w = 320, .box_w = 21, .box_h = 21, .ofs_x = 0, .ofs_y = -3},
    {.bitmap_index = 96780, .adv_w = 360, .box_w = 23, .box_h = 21, .ofs_x = 0, .ofs_y = -3},
    {.bitmap_index = 97022, .adv_w = 240, .box_w = 16, .box_h = 16, .ofs_x = 0, .ofs_y = 0},
    {.bitmap_index = 97150, .adv_w = 180, .box_w = 12, .box_h = 20, .ofs_x = 0, .ofs_y = -2},
    {.bitmap_index = 97270, .adv_w = 300, .box_w = 19, .box_h = 13, .ofs_x = 0, .ofs_y = 1},
    {.bitmap_index = 97394, .adv_w = 180, .box_w = 12, .box_h = 19, .ofs_x = 0, .ofs_y = -2},
    {.bitmap_index = 97508, .adv_w = 180, .box_w = 12, .box_h = 13, .ofs_x = 0, .ofs_y = 1},
    {.bitmap_index = 97586, .adv_w = 240, .box_w = 15, .box_h = 21, .ofs_x = 0, .ofs_y = -3},
    {.bitmap_index = 97744, .adv_w = 280, .box_w = 18, .box_h = 19, .ofs_x = 0, .ofs_y = -2},
    {.bitmap_index = 97915, .adv_w = 320, .box_w = 20, .box_h = 19, .ofs_x = 0, .ofs_y = -2},
    {.bitmap_index = 98105, .adv_w = 400, .box_w = 25, .box_h = 21, .ofs_x = 0, .ofs_y = -3},
    {.bitmap_index = 98368, .adv_w = 400, .box_w = 26, .box_h = 21, .ofs_x = 0, .ofs_y = -3},
    {.bitmap_index = 98641, .adv_w = 400, .box_w = 25, .box_h = 15, .ofs_x = 0, .ofs_y = 0},
    {.bitmap_index = 98829, .adv_w = 240, .box_w = 15, .box_h = 19, .ofs_x = 0, .ofs_y = -2},
    {.bitmap_index = 98972, .adv_w = 280, .box_w = 18, .box_h = 21, .ofs_x = 0, .ofs_y = -3},
    {.bitmap_index = 99161, .adv_w = 280, .box_w = 18, .box_h = 21, .ofs_x = 0, .ofs_y = -3},
    {.bitmap_index = 99350, .adv_w = 280, .box_w = 18, .box_h = 19, .ofs_x = 0, .ofs_y = -2},
    {.bitmap_index = 99521, .adv_w = 280, .box_w = 18, .box_h = 19, .ofs_x = 0, .ofs_y = -2},
    {.bitmap_index = 99692, .adv_w = 360, .box_w = 24, .box_h = 20, .ofs_x = -1, .ofs_y = -2},
    {.bitmap_index = 99932, .adv_w = 400, .box_w = 26, .box_h = 19, .ofs_x = 0, .ofs_y = -2},
    {.bitmap_index = 100179, .adv_w = 310, .box_w = 20, .box_h = 20, .ofs_x = 0, .ofs_y = -2},
    {.bitmap_index = 100379, .adv_w = 400, .box_w = 25, .box_h = 13, .ofs_x = 0, .ofs_y = 1},
    {.bitmap_index = 100542, .adv_w = 400, .box_w = 25, .box_h = 13, .ofs_x = 0, .ofs_y = 1},
    {.bitmap_index = 100705, .adv_w = 400, .box_w = 25, .box_h = 13, .ofs_x = 0, .ofs_y = 1},
    {.bitmap_index = 100868, .adv_w = 400, .box_w = 25, .box_h = 13, .ofs_x = 0, .ofs_y = 1},
    {.bitmap_index = 101031, .adv_w = 400, .box_w = 25, .box_h = 13, .ofs_x = 0, .ofs_y = 1},
    {.bitmap_index = 101194, .adv_w = 200, .box_w = 13, .box_h = 21, .ofs_x = 0, .ofs_y = -3},
    {.bitmap_index = 101331, .adv_w = 160, .box_w = 10, .box_h = 21, .ofs_x = 0, .ofs_y = -3},
    {.bitmap_index = 101436, .adv_w = 320, .box_w = 20, .box_h = 19, .ofs_x = 0, .ofs_y = -2},
    {.bitmap_index = 101626, .adv_w = 360, .box_w = 23, .box_h = 19, .ofs_x = 0, .ofs_y = -2},
    {.bitmap_index = 101845, .adv_w = 280, .box_w = 18, .box_h = 19, .ofs_x = 0, .ofs_y = -2},
    {.bitmap_index = 102016, .adv_w = 360, .box_w = 23, .box_h = 19, .ofs_x = 0, .ofs_y = -2},
    {.bitmap_index = 102235, .adv_w = 360, .box_w = 23, .box_h = 19, .ofs_x = 0, .ofs_y = -2},
    {.bitmap_index = 102454, .adv_w = 320, .box_w = 20, .box_h = 21, .ofs_x = 0, .ofs_y = -3},
    {.bitmap_index = 102664, .adv_w = 400, .box_w = 25, .box_h = 21, .ofs_x = 0, .ofs_y = -3},
    {.bitmap_index = 102927, .adv_w = 240, .box_w = 15, .box_h = 21, .ofs_x = 0, .ofs_y = -3},
    {.bitmap_index = 103085, .adv_w = 240, .box_w = 15, .box_h = 21, .ofs_x = 0, .ofs_y = -3},
    {.bitmap_index = 103243, .adv_w = 240, .box_w = 15, .box_h = 21, .ofs_x = 0, .ofs_y = -3},
    {.bitmap_index = 103401, .adv_w = 240, .box_w = 15, .box_h = 21, .ofs_x = 0, .ofs_y = -3},
    {.bitmap_index = 103559, .adv_w = 320, .box_w = 20, .box_h = 19, .ofs_x = 0, .ofs_y = -2},
    {.bitmap_index = 103749, .adv_w = 280, .box_w = 19, .box_h = 21, .ofs_x = -1, .ofs_y = -3},
    {.bitmap_index = 103949, .adv_w = 320, .box_w = 20, .box_h = 19, .ofs_x = 0, .ofs_y = -2},
    {.bitmap_index = 104139, .adv_w = 360, .box_w = 23, .box_h = 19, .ofs_x = 0, .ofs_y = -2},
    {.bitmap_index = 104358, .adv_w = 320, .box_w = 21, .box_h = 21, .ofs_x = 0, .ofs_y = -3},
    {.bitmap_index = 104579, .adv_w = 280, .box_w = 19, .box_h = 21, .ofs_x = -1, .ofs_y = -3},
    {.bitmap_index = 104779, .adv_w = 280, .box_w = 19, .box_h = 21, .ofs_x = -1, .ofs_y = -3},
    {.bitmap_index = 104979, .adv_w = 400, .box_w = 26, .box_h = 13, .ofs_x = 0, .ofs_y = 1},
    {.bitmap_index = 105148, .adv_w = 320, .box_w = 20, .box_h = 21, .ofs_x = 0, .ofs_y = -3},
    {.bitmap_index = 105358, .adv_w = 310, .box_w = 20, .box_h = 21, .ofs_x = 0, .ofs_y = -3},
    {.bitmap_index = 105568, .adv_w = 320, .box_w = 20, .box_h = 15, .ofs_x = 0, .ofs_y = 0},
    {.bitmap_index = 105718, .adv_w = 320, .box_w = 20, .box_h = 21, .ofs_x = 0, .ofs_y = -3},
    {.bitmap_index = 105928, .adv_w = 360, .box_w = 24, .box_h = 15, .ofs_x = -1, .ofs_y = 0},
    {.bitmap_index = 106108, .adv_w = 200, .box_w = 13, .box_h = 21, .ofs_x = 0, .ofs_y = -3},
    {.bitmap_index = 106245, .adv_w = 280, .box_w = 18, .box_h = 19, .ofs_x = 0, .ofs_y = -2},
    {.bitmap_index = 106416, .adv_w = 280, .box_w = 18, .box_h = 16, .ofs_x = 0, .ofs_y = -1},
    {.bitmap_index = 106560, .adv_w = 400, .box_w = 25, .box_h = 17, .ofs_x = 0, .ofs_y = -1},
    {.bitmap_index = 106773, .adv_w = 320, .box_w = 20, .box_h = 21, .ofs_x = 0, .ofs_y = -3},
    {.bitmap_index = 106983, .adv_w = 310, .box_w = 20, .box_h = 21, .ofs_x = 0, .ofs_y = -3},
    {.bitmap_index = 107193, .adv_w = 300, .box_w = 19, .box_h = 21, .ofs_x = 0, .ofs_y = -3},
    {.bitmap_index = 107393, .adv_w = 310, .box_w = 20, .box_h = 20, .ofs_x = 0, .ofs_y = -2},
    {.bitmap_index = 107593, .adv_w = 320, .box_w = 21, .box_h = 21, .ofs_x = 0, .ofs_y = -3},
    {.bitmap_index = 107814, .adv_w = 400, .box_w = 25, .box_h = 21, .ofs_x = 0, .ofs_y = -3},
    {.bitmap_index = 108077, .adv_w = 320, .box_w = 20, .box_h = 19, .ofs_x = 0, .ofs_y = -2},
    {.bitmap_index = 108267, .adv_w = 280, .box_w = 16, .box_h = 21, .ofs_x = 1, .ofs_y = -3},
    {.bitmap_index = 108435, .adv_w = 280, .box_w = 18, .box_h = 19, .ofs_x = 0, .ofs_y = -2},
    {.bitmap_index = 108606, .adv_w = 280, .box_w = 18, .box_h = 21, .ofs_x = 0, .ofs_y = -3},
    {.bitmap_index = 108795, .adv_w = 280, .box_w = 18, .box_h = 21, .ofs_x = 0, .ofs_y = -3},
    {.bitmap_index = 108984, .adv_w = 280, .box_w = 18, .box_h = 21, .ofs_x = 0, .ofs_y = -3},
    {.bitmap_index = 109173, .adv_w = 280, .box_w = 18, .box_h = 21, .ofs_x = 0, .ofs_y = -3},
    {.bitmap_index = 109362, .adv_w = 320, .box_w = 20, .box_h = 19, .ofs_x = 0, .ofs_y = -2},
    {.bitmap_index = 109552, .adv_w = 180, .box_w = 12, .box_h = 21, .ofs_x = 0, .ofs_y = -3},
    {.bitmap_index = 109678, .adv_w = 320, .box_w = 22, .box_h = 21, .ofs_x = -1, .ofs_y = -3},
    {.bitmap_index = 109909, .adv_w = 360, .box_w = 23, .box_h = 19, .ofs_x = 0, .ofs_y = -2},
    {.bitmap_index = 110128, .adv_w = 320, .box_w = 20, .box_h = 21, .ofs_x = 0, .ofs_y = -3},
    {.bitmap_index = 110338, .adv_w = 280, .box_w = 17, .box_h = 19, .ofs_x = 0, .ofs_y = -2},
    {.bitmap_index = 110500, .adv_w = 280, .box_w = 18, .box_h = 17, .ofs_x = 0, .ofs_y = -1},
    {.bitmap_index = 110653, .adv_w = 280, .box_w = 18, .box_h = 19, .ofs_x = 0, .ofs_y = -2},
    {.bitmap_index = 110824, .adv_w = 280, .box_w = 18, .box_h = 19, .ofs_x = 0, .ofs_y = -2},
    {.bitmap_index = 110995, .adv_w = 320, .box_w = 20, .box_h = 19, .ofs_x = 0, .ofs_y = -2},
    {.bitmap_index = 111185, .adv_w = 320, .box_w = 18, .box_h = 21, .ofs_x = 1, .ofs_y = -3},
    {.bitmap_index = 111374, .adv_w = 295, .box_w = 19, .box_h = 21, .ofs_x = 0, .ofs_y = -3},
    {.bitmap_index = 111574, .adv_w = 280, .box_w = 18, .box_h = 19, .ofs_x = 0, .ofs_y = -2},
    {.bitmap_index = 111745, .adv_w = 320, .box_w = 20, .box_h = 21, .ofs_x = 0, .ofs_y = -3},
    {.bitmap_index = 111955, .adv_w = 400, .box_w = 26, .box_h = 17, .ofs_x = 0, .ofs_y = -1},
    {.bitmap_index = 112176, .adv_w = 320, .box_w = 20, .box_h = 21, .ofs_x = 0, .ofs_y = -3},
    {.bitmap_index = 112386, .adv_w = 400, .box_w = 25, .box_h = 15, .ofs_x = 0, .ofs_y = 0},
    {.bitmap_index = 112574, .adv_w = 240, .box_w = 16, .box_h = 19, .ofs_x = 0, .ofs_y = -2},
    {.bitmap_index = 112726, .adv_w = 320, .box_w = 20, .box_h = 21, .ofs_x = 0, .ofs_y = -3},
    {.bitmap_index = 112936, .adv_w = 320, .box_w = 20, .box_h = 21, .ofs_x = 0, .ofs_y = -3},
    {.bitmap_index = 113146, .adv_w = 280, .box_w = 18, .box_h = 21, .ofs_x = 0, .ofs_y = -3},
    {.bitmap_index = 113335, .adv_w = 360, .box_w = 23, .box_h = 19, .ofs_x = 0, .ofs_y = -2},
    {.bitmap_index = 113554, .adv_w = 280, .box_w = 19, .box_h = 19, .ofs_x = -1, .ofs_y = -2},
    {.bitmap_index = 113735, .adv_w = 280, .box_w = 16, .box_h = 21, .ofs_x = 1, .ofs_y = -3},
    {.bitmap_index = 113903, .adv_w = 200, .box_w = 12, .box_h = 21, .ofs_x = 0, .ofs_y = -3},
    {.bitmap_index = 114029, .adv_w = 280, .box_w = 19, .box_h = 21, .ofs_x = -1, .ofs_y = -3},
    {.bitmap_index = 114229, .adv_w = 320, .box_w = 22, .box_h = 19, .ofs_x = -1, .ofs_y = -2},
    {.bitmap_index = 114438, .adv_w = 320, .box_w = 20, .box_h = 19, .ofs_x = 0, .ofs_y = -2},
    {.bitmap_index = 114628, .adv_w = 280, .box_w = 18, .box_h = 19, .ofs_x = 0, .ofs_y = -2},
    {.bitmap_index = 114799, .adv_w = 280, .box_w = 18, .box_h = 19, .ofs_x = 0, .ofs_y = -2},
    {.bitmap_index = 114970, .adv_w = 320, .box_w = 20, .box_h = 21, .ofs_x = 0, .ofs_y = -3},
    {.bitmap_index = 115180, .adv_w = 240, .box_w = 15, .box_h = 21, .ofs_x = 0, .ofs_y = -3},
    {.bitmap_index = 115338, .adv_w = 320, .box_w = 20, .box_h = 15, .ofs_x = 0, .ofs_y = 0},
    {.bitmap_index = 115488, .adv_w = 240, .box_w = 16, .box_h = 21, .ofs_x = -1, .ofs_y = -3},
    {.bitmap_index = 115656, .adv_w = 400, .box_w = 25, .box_h = 17, .ofs_x = 0, .ofs_y = 0},
    {.bitmap_index = 115869, .adv_w = 320, .box_w = 20, .box_h = 21, .ofs_x = 0, .ofs_y = -3},
    {.bitmap_index = 116079, .adv_w = 400, .box_w = 27, .box_h = 21, .ofs_x = -1, .ofs_y = -3},
    {.bitmap_index = 116363, .adv_w = 320, .box_w = 22, .box_h = 21, .ofs_x = -1, .ofs_y = -3},
    {.bitmap_index = 116594, .adv_w = 280, .box_w = 18, .box_h = 19, .ofs_x = 0, .ofs_y = -2},
    {.bitmap_index = 116765, .adv_w = 280, .box_w = 17, .box_h = 21, .ofs_x = 1, .ofs_y = -3},
    {.bitmap_index = 116944, .adv_w = 280, .box_w = 19, .box_h = 21, .ofs_x = -1, .ofs_y = -3},
    {.bitmap_index = 117144, .adv_w = 360, .box_w = 24, .box_h = 21, .ofs_x = -1, .ofs_y = -3},
    {.bitmap_index = 117396, .adv_w = 280, .box_w = 18, .box_h = 21, .ofs_x = 0, .ofs_y = -3},
    {.bitmap_index = 117585, .adv_w = 280, .box_w = 19, .box_h = 19, .ofs_x = -1, .ofs_y = -2},
    {.bitmap_index = 117766, .adv_w = 310, .box_w = 20, .box_h = 21, .ofs_x = 0, .ofs_y = -3},
    {.bitmap_index = 117976, .adv_w = 320, .box_w = 21, .box_h = 19, .ofs_x = 0, .ofs_y = -2},
    {.bitmap_index = 118176, .adv_w = 280, .box_w = 18, .box_h = 19, .ofs_x = 0, .ofs_y = -2},
    {.bitmap_index = 118347, .adv_w = 280, .box_w = 18, .box_h = 19, .ofs_x = 0, .ofs_y = -2},
    {.bitmap_index = 118518, .adv_w = 280, .box_w = 18, .box_h = 21, .ofs_x = 0, .ofs_y = -3},
    {.bitmap_index = 118707, .adv_w = 280, .box_w = 18, .box_h = 19, .ofs_x = 0, .ofs_y = -2},
    {.bitmap_index = 118878, .adv_w = 320, .box_w = 20, .box_h = 21, .ofs_x = 0, .ofs_y = -3},
    {.bitmap_index = 119088, .adv_w = 310, .box_w = 20, .box_h = 21, .ofs_x = 0, .ofs_y = -3},
    {.bitmap_index = 119298, .adv_w = 280, .box_w = 18, .box_h = 19, .ofs_x = 0, .ofs_y = -2},
    {.bitmap_index = 119469, .adv_w = 400, .box_w = 25, .box_h = 15, .ofs_x = 0, .ofs_y = 0},
    {.bitmap_index = 119657, .adv_w = 320, .box_w = 20, .box_h = 21, .ofs_x = 0, .ofs_y = -3},
    {.bitmap_index = 119867, .adv_w = 280, .box_w = 18, .box_h = 21, .ofs_x = 0, .ofs_y = -3},
    {.bitmap_index = 120056, .adv_w = 280, .box_w = 18, .box_h = 21, .ofs_x = 0, .ofs_y = -3},
    {.bitmap_index = 120245, .adv_w = 360, .box_w = 23, .box_h = 19, .ofs_x = 0, .ofs_y = -2},
    {.bitmap_index = 120464, .adv_w = 310, .box_w = 20, .box_h = 21, .ofs_x = 0, .ofs_y = -3},
    {.bitmap_index = 120674, .adv_w = 240, .box_w = 15, .box_h = 21, .ofs_x = 0, .ofs_y = -3},
    {.bitmap_index = 120832, .adv_w = 360, .box_w = 23, .box_h = 19, .ofs_x = 0, .ofs_y = -2},
    {.bitmap_index = 121051, .adv_w = 280, .box_w = 18, .box_h = 19, .ofs_x = 0, .ofs_y = -2},
    {.bitmap_index = 121222, .adv_w = 360, .box_w = 23, .box_h = 16, .ofs_x = 0, .ofs_y = -1},
    {.bitmap_index = 121406, .adv_w = 310, .box_w = 20, .box_h = 21, .ofs_x = 0, .ofs_y = -3},
    {.bitmap_index = 121616, .adv_w = 160, .box_w = 10, .box_h = 21, .ofs_x = 0, .ofs_y = -3},
    {.bitmap_index = 121721, .adv_w = 160, .box_w = 11, .box_h = 21, .ofs_x = 0, .ofs_y = -3},
    {.bitmap_index = 121837, .adv_w = 160, .box_w = 11, .box_h = 21, .ofs_x = 0, .ofs_y = -3},
    {.bitmap_index = 121953, .adv_w = 160, .box_w = 11, .box_h = 21, .ofs_x = 0, .ofs_y = -3},
    {.bitmap_index = 122069, .adv_w = 160, .box_w = 11, .box_h = 21, .ofs_x = 0, .ofs_y = -3},
    {.bitmap_index = 122185, .adv_w = 320, .box_w = 20, .box_h = 19, .ofs_x = 0, .ofs_y = -2},
    {.bitmap_index = 122375, .adv_w = 320, .box_w = 20, .box_h = 19, .ofs_x = 0, .ofs_y = -2},
    {.bitmap_index = 122565, .adv_w = 280, .box_w = 18, .box_h = 21, .ofs_x = 0, .ofs_y = -3},
    {.bitmap_index = 122754, .adv_w = 320, .box_w = 20, .box_h = 19, .ofs_x = 0, .ofs_y = -2},
    {.bitmap_index = 122944, .adv_w = 320, .box_w = 20, .box_h = 6, .ofs_x = 0, .ofs_y = -2},
    {.bitmap_index = 123004, .adv_w = 320, .box_w = 20, .box_h = 21, .ofs_x = 0, .ofs_y = -3},
    {.bitmap_index = 123214, .adv_w = 310, .box_w = 20, .box_h = 21, .ofs_x = 0, .ofs_y = -3},
    {.bitmap_index = 123424, .adv_w = 320, .box_w = 20, .box_h = 21, .ofs_x = 0, .ofs_y = -3},
    {.bitmap_index = 123634, .adv_w = 240, .box_w = 15, .box_h = 19, .ofs_x = 0, .ofs_y = -2},
    {.bitmap_index = 123777, .adv_w = 280, .box_w = 18, .box_h = 19, .ofs_x = 0, .ofs_y = -2},
    {.bitmap_index = 123948, .adv_w = 320, .box_w = 21, .box_h = 20, .ofs_x = 0, .ofs_y = -2},
    {.bitmap_index = 124158, .adv_w = 280, .box_w = 18, .box_h = 19, .ofs_x = 0, .ofs_y = -2},
    {.bitmap_index = 124329, .adv_w = 320, .box_w = 20, .box_h = 21, .ofs_x = 0, .ofs_y = -3},
    {.bitmap_index = 124539, .adv_w = 280, .box_w = 19, .box_h = 21, .ofs_x = -1, .ofs_y = -3},
    {.bitmap_index = 124739, .adv_w = 280, .box_w = 18, .box_h = 19, .ofs_x = 0, .ofs_y = -2},
    {.bitmap_index = 124910, .adv_w = 320, .box_w = 20, .box_h = 21, .ofs_x = 0, .ofs_y = -3},
    {.bitmap_index = 125120, .adv_w = 320, .box_w = 22, .box_h = 21, .ofs_x = -1, .ofs_y = -3},
    {.bitmap_index = 125351, .adv_w = 320, .box_w = 21, .box_h = 21, .ofs_x = 0, .ofs_y = -3},
    {.bitmap_index = 125572, .adv_w = 260, .box_w = 17, .box_h = 21, .ofs_x = 0, .ofs_y = -3},
    {.bitmap_index = 125751, .adv_w = 320, .box_w = 20, .box_h = 21, .ofs_x = 0, .ofs_y = -3},
    {.bitmap_index = 125961, .adv_w = 280, .box_w = 18, .box_h = 21, .ofs_x = 0, .ofs_y = -3},
    {.bitmap_index = 126150, .adv_w = 320, .box_w = 20, .box_h = 21, .ofs_x = 0, .ofs_y = -3},
    {.bitmap_index = 126360, .adv_w = 280, .box_w = 18, .box_h = 21, .ofs_x = 0, .ofs_y = -3},
    {.bitmap_index = 126549, .adv_w = 320, .box_w = 20, .box_h = 16, .ofs_x = 0, .ofs_y = 0},
    {.bitmap_index = 126709, .adv_w = 320, .box_w = 20, .box_h = 16, .ofs_x = 0, .ofs_y = -1},
    {.bitmap_index = 126869, .adv_w = 320, .box_w = 20, .box_h = 21, .ofs_x = 0, .ofs_y = -3},
    {.bitmap_index = 127079, .adv_w = 320, .box_w = 20, .box_h = 21, .ofs_x = 0, .ofs_y = -3},
    {.bitmap_index = 127289, .adv_w = 320, .box_w = 21, .box_h = 21, .ofs_x = -1, .ofs_y = -3},
    {.bitmap_index = 127510, .adv_w = 400, .box_w = 25, .box_h = 15, .ofs_x = 0, .ofs_y = 0},
    {.bitmap_index = 127698, .adv_w = 240, .box_w = 15, .box_h = 21, .ofs_x = 0, .ofs_y = -3},
    {.bitmap_index = 127856, .adv_w = 322, .box_w = 21, .box_h = 13, .ofs_x = 0, .ofs_y = 1}
};

/*---------------------
 *  CHARACTER MAPPING
 *--------------------*/

static const uint16_t unicode_list_1[] = {
    0x0, 0x5, 0x10
};

static const uint16_t unicode_list_4[] = {
    0x0, 0x97, 0xf0, 0x16a, 0x16b, 0x16c, 0x16d, 0xcfda,
    0xcfdb, 0xcfdc, 0xcfde, 0xcfdf, 0xcfe1, 0xcfe2, 0xcfe3, 0xcfe4,
    0xcfe5, 0xcfe6, 0xcfe7, 0xcfe8, 0xcfea, 0xcfeb, 0xcfec, 0xcfed,
    0xcfef, 0xcff1, 0xcff2, 0xcff3, 0xcff6, 0xcff8
};

static const uint8_t glyph_id_ofs_list_6[] = {
    0, 1, 2, 3, 0, 0, 0, 4,
    5, 6, 7, 8, 9, 10, 0, 11,
    12, 13, 14, 15, 16, 17, 18, 19,
    20, 21, 22, 0, 0, 23, 0, 24,
    25, 26, 27, 28, 29, 30, 31, 32,
    33, 34, 35, 36, 37, 38, 0, 39,
    40, 41, 42, 43, 44, 45, 46, 47,
    48, 49, 50, 51, 0, 0, 0, 52,
    53, 54, 55, 56, 57, 58, 0, 0,
    59, 0, 0, 60, 61, 0, 0, 0,
    62, 63, 64, 65, 66, 0, 0, 67,
    68, 69, 70, 71, 72, 73, 0, 74,
    75, 0, 76, 77, 78, 79, 80, 81,
    82, 83, 84, 85, 86, 87, 0, 88,
    89, 90
};

static const uint8_t glyph_id_ofs_list_9[] = {
    0, 1, 2, 3, 0, 0, 0, 4,
    5, 6, 7, 8, 0, 0, 0, 0,
    9, 10, 11, 12, 13, 0, 0, 0,
    14, 15, 16, 17, 18, 19, 20, 0,
    21, 22, 23, 24, 25, 26, 27, 28,
    29, 30, 31, 32, 0, 33, 34, 0,
    35, 36, 0, 37, 0, 0, 0, 0,
    38, 39, 40, 41, 42, 0, 43, 0,
    44, 45, 46, 0, 47, 48, 49, 50,
    51, 52, 53, 54, 55, 56, 57, 0,
    58, 59, 0, 60, 61, 62, 63, 64,
    65, 66, 67, 68, 69, 70, 71, 0,
    72, 73, 74, 75, 76, 0, 77, 0,
    0, 0, 78, 79, 0, 80, 81, 0,
    82, 83, 84, 85, 86, 87, 88, 89,
    90, 91, 92, 93, 94, 95, 96, 0,
    97, 98, 99, 100, 101, 102, 0, 103,
    104, 105, 0, 106, 107, 108, 109, 0,
    110, 111, 0, 112, 113, 0, 0, 0,
    0, 114, 115, 116, 117, 118, 119, 0,
    120, 121, 122, 123, 124, 125, 126, 127,
    128, 129, 130, 131, 132, 133, 0, 0,
    0, 134, 135, 136, 137, 138, 0, 139,
    140, 141, 142, 143, 144, 145, 146, 0,
    147, 148, 149, 150, 151, 152, 153, 154,
    155, 156, 157, 158, 159, 160, 161, 0,
    162, 0, 163, 164, 165, 166, 167, 168,
    169, 170, 171, 172, 173, 174, 175, 0,
    176, 177, 178, 179, 180, 181, 182, 183,
    184, 185, 186, 187, 188, 189, 190, 0,
    191, 192, 193, 194, 195, 196, 197, 198,
    199, 0, 200, 0, 201, 202, 203
};

static const uint8_t glyph_id_ofs_list_10[] = {
    0, 1, 2, 3, 4, 5, 6, 7,
    8, 9, 10, 11, 12, 13, 14, 0,
    15, 16, 17, 18, 19, 20, 21, 0,
    22, 23, 24, 25, 26, 27, 28, 0,
    29, 30, 31, 32, 33, 34, 35, 36,
    37, 38, 39, 40, 0, 41, 42, 0,
    43, 44, 45, 46, 47, 48, 49, 50,
    51, 0, 52, 53, 54, 55, 56, 0,
    0, 57, 58, 59, 60, 61, 62, 63,
    64, 65, 66, 67, 68, 69, 0, 0,
    0, 70, 71, 72, 73, 74, 75, 76,
    77, 78, 79, 80, 81, 82, 83, 0,
    84, 85, 86, 87, 88, 89, 90, 91,
    92, 93, 0, 94, 95, 96, 97, 0,
    0, 98, 99, 100, 101, 102, 103, 104,
    105, 106, 107, 108, 109, 110, 111, 0,
    112, 113, 114, 115, 116, 117, 118, 119,
    120, 121, 122, 123, 124, 125, 126, 0,
    127, 128, 129, 130, 131, 132, 133, 134,
    0, 135, 136, 0, 137, 138, 139, 0,
    140, 141, 142, 0, 143, 144, 145, 146,
    147, 148, 149, 150, 0, 151, 0, 0,
    152, 153, 154, 155, 156, 157, 158, 159,
    160, 161, 162, 0, 0, 163, 164, 0,
    165, 166, 167, 168, 169, 170, 171, 172,
    173, 174, 175, 176, 177, 178, 179, 0,
    180, 181, 182, 183, 184, 185, 186, 0,
    187, 188, 0, 189, 0, 190, 0, 0,
    0, 191, 192, 0, 193, 194, 195, 196,
    197, 198, 199, 200, 201, 202, 203, 0,
    204, 205, 206, 0, 0, 207, 208, 209,
    210, 211, 212, 213, 214, 215, 216
};

static const uint16_t unicode_list_11[] = {
    0x0, 0x5, 0x7, 0xa, 0xd, 0x11, 0x12, 0x15,
    0x16, 0x19, 0x1e, 0x24, 0x27a, 0x4e2, 0x5c2
};

/*Collect the unicode lists and glyph_id offsets*/
static const lv_font_fmt_txt_cmap_t cmaps[] =
{
    {
        .range_start = 32, .range_length = 95, .glyph_id_start = 1,
        .unicode_list = NULL, .glyph_id_ofs_list = NULL, .list_length = 0, .type = LV_FONT_FMT_TXT_CMAP_FORMAT0_TINY
    },
    {
        .range_start = 171, .range_length = 17, .glyph_id_start = 96,
        .unicode_list = unicode_list_1, .glyph_id_ofs_list = NULL, .list_length = 3, .type = LV_FONT_FMT_TXT_CMAP_SPARSE_TINY
    },
    {
        .range_start = 1024, .range_length = 96, .glyph_id_start = 99,
        .unicode_list = NULL, .glyph_id_ofs_list = NULL, .list_length = 0, .type = LV_FONT_FMT_TXT_CMAP_FORMAT0_TINY
    },
    {
        .range_start = 8210, .range_length = 17, .glyph_id_start = 195,
        .unicode_list = NULL, .glyph_id_ofs_list = NULL, .list_length = 0, .type = LV_FONT_FMT_TXT_CMAP_FORMAT0_TINY
    },
    {
        .range_start = 8230, .range_length = 53241, .glyph_id_start = 212,
        .unicode_list = unicode_list_4, .glyph_id_ofs_list = NULL, .list_length = 30, .type = LV_FONT_FMT_TXT_CMAP_SPARSE_TINY
    },
    {
        .range_start = 61473, .range_length = 30, .glyph_id_start = 242,
        .unicode_list = NULL, .glyph_id_ofs_list = NULL, .list_length = 0, .type = LV_FONT_FMT_TXT_CMAP_FORMAT0_TINY
    },
    {
        .range_start = 61505, .range_length = 114, .glyph_id_start = 272,
        .unicode_list = NULL, .glyph_id_ofs_list = glyph_id_ofs_list_6, .list_length = 114, .type = LV_FONT_FMT_TXT_CMAP_FORMAT0_FULL
    },
    {
        .range_start = 61632, .range_length = 15, .glyph_id_start = 363,
        .unicode_list = NULL, .glyph_id_ofs_list = NULL, .list_length = 0, .type = LV_FONT_FMT_TXT_CMAP_FORMAT0_TINY
    },
    {
        .range_start = 61648, .range_length = 15, .glyph_id_start = 378,
        .unicode_list = NULL, .glyph_id_ofs_list = NULL, .list_length = 0, .type = LV_FONT_FMT_TXT_CMAP_FORMAT0_TINY
    },
    {
        .range_start = 61664, .range_length = 255, .glyph_id_start = 393,
        .unicode_list = NULL, .glyph_id_ofs_list = glyph_id_ofs_list_9, .list_length = 255, .type = LV_FONT_FMT_TXT_CMAP_FORMAT0_FULL
    },
    {
        .range_start = 61920, .range_length = 255, .glyph_id_start = 597,
        .unicode_list = NULL, .glyph_id_ofs_list = glyph_id_ofs_list_10, .list_length = 255, .type = LV_FONT_FMT_TXT_CMAP_FORMAT0_FULL
    },
    {
        .range_start = 62176, .range_length = 1475, .glyph_id_start = 814,
        .unicode_list = unicode_list_11, .glyph_id_ofs_list = NULL, .list_length = 15, .type = LV_FONT_FMT_TXT_CMAP_SPARSE_TINY
    }
};



/*--------------------
 *  ALL CUSTOM DATA
 *--------------------*/

#if LVGL_VERSION_MAJOR == 8
/*Store all the custom data of the font*/
static  lv_font_fmt_txt_glyph_cache_t cache;
#endif

#if LVGL_VERSION_MAJOR >= 8
static const lv_font_fmt_txt_dsc_t font_dsc = {
#else
static lv_font_fmt_txt_dsc_t font_dsc = {
#endif
    .glyph_bitmap = glyph_bitmap,
    .glyph_dsc = glyph_dsc,
    .cmaps = cmaps,
    .kern_dsc = NULL,
    .kern_scale = 0,
    .cmap_num = 12,
    .bpp = 4,
    .kern_classes = 0,
    .bitmap_format = 0,
#if LVGL_VERSION_MAJOR == 8
    .cache = &cache
#endif
};



/*-----------------
 *  PUBLIC FONT
 *----------------*/

/*Initialize a public general font descriptor*/
#if LVGL_VERSION_MAJOR >= 8
const lv_font_t ui_font_ru_20 = {
#else
lv_font_t ui_font_ru_20 = {
#endif
    .get_glyph_dsc = lv_font_get_glyph_dsc_fmt_txt,    /*Function pointer to get glyph's data*/
    .get_glyph_bitmap = lv_font_get_bitmap_fmt_txt,    /*Function pointer to get glyph's bitmap*/
    .line_height = 26,          /*The maximum line height required by the font*/
    .base_line = 7,             /*Baseline measured from the bottom of the line*/
#if !(LVGL_VERSION_MAJOR == 6 && LVGL_VERSION_MINOR == 0)
    .subpx = LV_FONT_SUBPX_NONE,
#endif
#if LV_VERSION_CHECK(7, 4, 0) || LVGL_VERSION_MAJOR >= 8
    .underline_position = -2,
    .underline_thickness = 1,
#endif
    .dsc = &font_dsc,          /*The custom font data. Will be accessed by `get_glyph_bitmap/dsc` */
#if LV_VERSION_CHECK(8, 2, 0) || LVGL_VERSION_MAJOR >= 9
    .fallback = NULL,
#endif
    .user_data = NULL,
};



#endif /*#if UI_FONT_RU_20*/

